[ {
  "date" : "20151020",
  "summary" : [ {
    "activity" : "walking",
    "group" : "walking",
    "duration" : 1327.0,
    "distance" : 1572.0,
    "steps" : 1327
  }, {
    "activity" : "transport",
    "group" : "transport",
    "duration" : 1251.0,
    "distance" : 6556.0
  } ],
  "segments" : [ {
    "type" : "place",
    "startTime" : "20151020T154446-0400",
    "endTime" : "20151020T172207-0400",
    "place" : {
      "id" : 276372414,
      "type" : "unknown",
      "location" : {
        "lat" : 40.7408375251,
        "lon" : -74.0021916154
      }
    },
    "lastUpdate" : "20151020T230501Z"
  }, {
    "type" : "move",
    "startTime" : "20151020T172207-0400",
    "endTime" : "20151020T174829-0400",
    "activities" : [ {
      "activity" : "transport",
      "group" : "transport",
      "manual" : false,
      "startTime" : "20151020T172207-0400",
      "endTime" : "20151020T174258-0400",
      "duration" : 1251.0,
      "distance" : 6556.0,
      "trackPoints" : [ {
        "lat" : 40.7408375251,
        "lon" : -74.0021916154,
        "time" : "20151020T172207-0400"
      }, {
        "lat" : 40.7644760116,
        "lon" : -73.9852877985,
        "time" : "20151020T173340-0400"
      }, {
        "lat" : 40.7858122958,
        "lon" : -73.9697000401,
        "time" : "20151020T174257-0400"
      } ]
    }, {
      "activity" : "walking",
      "group" : "walking",
      "manual" : false,
      "startTime" : "20151020T174257-0400",
      "endTime" : "20151020T174828-0400",
      "duration" : 331.0,
      "distance" : 398.0,
      "steps" : 331,
      "trackPoints" : [ {
        "lat" : 40.7858122958,
        "lon" : -73.9697000401,
        "time" : "20151020T174257-0400"
      }, {
        "lat" : 40.7862418236,
        "lon" : -73.969717322,
        "time" : "20151020T174319-0400"
      }, {
        "lat" : 40.7867856052,
        "lon" : -73.9702895641,
        "time" : "20151020T174419-0400"
      }, {
        "lat" : 40.7867871758,
        "lon" : -73.97060206,
        "time" : "20151020T174443-0400"
      }, {
        "lat" : 40.786777364,
        "lon" : -73.9708088159,
        "time" : "20151020T174459-0400"
      }, {
        "lat" : 40.7867528802,
        "lon" : -73.9710860837,
        "time" : "20151020T174519-0400"
      }, {
        "lat" : 40.7868319471,
        "lon" : -73.9715021649,
        "time" : "20151020T174540-0400"
      }, {
        "lat" : 40.7869403427,
        "lon" : -73.9718376232,
        "time" : "20151020T174604-0400"
      }, {
        "lat" : 40.786754013,
        "lon" : -73.9719852393,
        "time" : "20151020T174620-0400"
      }, {
        "lat" : 40.7865853256,
        "lon" : -73.9721782274,
        "time" : "20151020T174638-0400"
      }, {
        "lat" : 40.7865224837,
        "lon" : -73.9724220134,
        "time" : "20151020T174658-0400"
      }, {
        "lat" : 40.7865680429,
        "lon" : -73.9727951652,
        "time" : "20151020T174720-0400"
      }, {
        "lat" : 40.7871933026,
        "lon" : -73.9740695657,
        "time" : "20151020T174829-0400"
      } ]
    } ],
    "lastUpdate" : "20151020T230501Z"
  }, {
    "type" : "place",
    "startTime" : "20151020T174829-0400",
    "endTime" : "20151020T180954-0400",
    "place" : {
      "id" : 276386330,
      "type" : "unknown",
      "location" : {
        "lat" : 40.7871933026,
        "lon" : -73.9740695657
      }
    },
    "lastUpdate" : "20151020T230501Z"
  }, {
    "type" : "move",
    "startTime" : "20151020T180954-0400",
    "endTime" : "20151020T181834-0400",
    "activities" : [ {
      "activity" : "walking",
      "group" : "walking",
      "manual" : false,
      "startTime" : "20151020T180954-0400",
      "endTime" : "20151020T181834-0400",
      "duration" : 520.0,
      "distance" : 603.0,
      "steps" : 520,
      "trackPoints" : [ {
        "lat" : 40.7871933026,
        "lon" : -73.9740695657,
        "time" : "20151020T180954-0400"
      }, {
        "lat" : 40.7872150253,
        "lon" : -73.9740952841,
        "time" : "20151020T181146-0400"
      }, {
        "lat" : 40.7873734257,
        "lon" : -73.9744165096,
        "time" : "20151020T181231-0400"
      }, {
        "lat" : 40.787251794,
        "lon" : -73.9745234212,
        "time" : "20151020T181248-0400"
      }, {
        "lat" : 40.7874055106,
        "lon" : -73.9746462821,
        "time" : "20151020T181309-0400"
      }, {
        "lat" : 40.7878607608,
        "lon" : -73.974916903,
        "time" : "20151020T181337-0400"
      }, {
        "lat" : 40.7879126874,
        "lon" : -73.9752698175,
        "time" : "20151020T181405-0400"
      }, {
        "lat" : 40.7879308718,
        "lon" : -73.9756333287,
        "time" : "20151020T181433-0400"
      }, {
        "lat" : 40.7879336312,
        "lon" : -73.976298288,
        "time" : "20151020T181512-0400"
      }, {
        "lat" : 40.7879318577,
        "lon" : -73.9767590257,
        "time" : "20151020T181539-0400"
      }, {
        "lat" : 40.7877640253,
        "lon" : -73.9774877138,
        "time" : "20151020T181639-0400"
      }, {
        "lat" : 40.7875627753,
        "lon" : -73.977662912,
        "time" : "20151020T181659-0400"
      }, {
        "lat" : 40.7865782143,
        "lon" : -73.9770126461,
        "time" : "20151020T181740-0400"
      }, {
        "lat" : 40.7865976084,
        "lon" : -73.9770753186,
        "time" : "20151020T181811-0400"
      }, {
        "lat" : 40.7870041294,
        "lon" : -73.9772761963,
        "time" : "20151020T181834-0400"
      } ]
    } ],
    "lastUpdate" : "20151020T230501Z"
  }, {
    "type" : "place",
    "startTime" : "20151020T181834-0400",
    "endTime" : "20151020T183547-0400",
    "place" : {
      "id" : 276386331,
      "type" : "unknown",
      "location" : {
        "lat" : 40.7870041294,
        "lon" : -73.9772761963
      }
    },
    "lastUpdate" : "20151021T082513Z"
  }, {
    "type" : "move",
    "startTime" : "20151020T183547-0400",
    "endTime" : "20151020T184343-0400",
    "activities" : [ {
      "activity" : "walking",
      "group" : "walking",
      "manual" : false,
      "startTime" : "20151020T183547-0400",
      "endTime" : "20151020T184343-0400",
      "duration" : 476.0,
      "distance" : 571.0,
      "steps" : 476,
      "trackPoints" : [ {
        "lat" : 40.7870041294,
        "lon" : -73.9772761963,
        "time" : "20151020T183547-0400"
      }, {
        "lat" : 40.7871788928,
        "lon" : -73.9771914627,
        "time" : "20151020T183604-0400"
      }, {
        "lat" : 40.7870254622,
        "lon" : -73.9771973587,
        "time" : "20151020T183621-0400"
      }, {
        "lat" : 40.7869082042,
        "lon" : -73.9771642524,
        "time" : "20151020T183641-0400"
      }, {
        "lat" : 40.7868185055,
        "lon" : -73.9768446353,
        "time" : "20151020T183707-0400"
      }, {
        "lat" : 40.786755135,
        "lon" : -73.9765939906,
        "time" : "20151020T183723-0400"
      }, {
        "lat" : 40.786670003,
        "lon" : -73.9762516407,
        "time" : "20151020T183742-0400"
      }, {
        "lat" : 40.7870090638,
        "lon" : -73.9755608171,
        "time" : "20151020T183842-0400"
      }, {
        "lat" : 40.7868650144,
        "lon" : -73.9749621608,
        "time" : "20151020T183915-0400"
      }, {
        "lat" : 40.7867352662,
        "lon" : -73.9744178707,
        "time" : "20151020T183942-0400"
      }, {
        "lat" : 40.7863237865,
        "lon" : -73.9737500933,
        "time" : "20151020T184043-0400"
      }, {
        "lat" : 40.7859344308,
        "lon" : -73.9728266953,
        "time" : "20151020T184142-0400"
      }, {
        "lat" : 40.7858433576,
        "lon" : -73.9727509806,
        "time" : "20151020T184204-0400"
      }, {
        "lat" : 40.7857091816,
        "lon" : -73.972642536,
        "time" : "20151020T184225-0400"
      }, {
        "lat" : 40.7855225052,
        "lon" : -73.9724906641,
        "time" : "20151020T184241-0400"
      }, {
        "lat" : 40.7855447721,
        "lon" : -73.9724426649,
        "time" : "20151020T184306-0400"
      }, {
        "lat" : 40.7856083693,
        "lon" : -73.9725035257,
        "time" : "20151020T184343-0400"
      } ]
    } ],
    "lastUpdate" : "20151021T082513Z"
  }, {
    "type" : "place",
    "startTime" : "20151020T184343-0400",
    "endTime" : "20151020T185747-0400",
    "place" : {
      "id" : 276386332,
      "type" : "unknown",
      "location" : {
        "lat" : 40.7856083693,
        "lon" : -73.9725035257
      }
    },
    "lastUpdate" : "20151021T082513Z"
  }, {
    "type" : "place",
    "startTime" : "20151020T185747-0400",
    "endTime" : "20151020T191921-0400",
    "place" : {
      "id" : 276386333,
      "type" : "unknown",
      "location" : {
        "lat" : 40.7859288124,
        "lon" : -73.9746233804
      }
    },
    "lastUpdate" : "20151021T082513Z"
  }, {
    "type" : "place",
    "startTime" : "20151020T191922-0400",
    "endTime" : "20151020T201943-0400",
    "place" : {
      "id" : 276458640,
      "type" : "unknown",
      "location" : {
        "lat" : 40.7856121081,
        "lon" : -73.9720724825
      }
    },
    "lastUpdate" : "20151021T130338Z"
  } ],
  "lastUpdate" : "20151021T130338Z"
} ]