[ {
  "date" : "20151103",
  "summary" : [ {
    "activity" : "walking",
    "group" : "walking",
    "duration" : 1686.0,
    "distance" : 2118.0,
    "steps" : 2421
  } ],
  "segments" : [ {
    "type" : "place",
    "startTime" : "20151102T095919-0500",
    "endTime" : "20151103T145225-0500",
    "place" : {
      "id" : 280275256,
      "type" : "unknown",
      "location" : {
        "lat" : 40.7417968236,
        "lon" : -74.0021784707
      }
    },
    "activities" : [ {
      "activity" : "walking",
      "group" : "walking",
      "manual" : false,
      "startTime" : "20151103T121516-0500",
      "endTime" : "20151103T121546-0500",
      "duration" : 30.0,
      "distance" : 20.0,
      "steps" : 40,
      "trackPoints" : [ ]
    } ],
    "lastUpdate" : "20151103T212825Z"
  }, {
    "type" : "place",
    "startTime" : "20151103T145226-0500",
    "endTime" : "20151103T181517-0500",
    "place" : {
      "id" : 276372414,
      "type" : "unknown",
      "location" : {
        "lat" : 40.7408375251,
        "lon" : -74.0021916154
      }
    },
    "activities" : [ {
      "activity" : "walking",
      "group" : "walking",
      "manual" : false,
      "startTime" : "20151103T163512-0500",
      "endTime" : "20151103T163611-0500",
      "duration" : 59.0,
      "distance" : 44.0,
      "steps" : 89,
      "trackPoints" : [ ]
    }, {
      "activity" : "walking",
      "group" : "walking",
      "manual" : false,
      "startTime" : "20151103T175604-0500",
      "endTime" : "20151103T175637-0500",
      "duration" : 33.0,
      "distance" : 30.0,
      "steps" : 61,
      "trackPoints" : [ ]
    } ],
    "lastUpdate" : "20151103T234558Z"
  }, {
    "type" : "move",
    "startTime" : "20151103T181517-0500",
    "endTime" : "20151103T182110-0500",
    "activities" : [ {
      "activity" : "walking",
      "group" : "walking",
      "manual" : false,
      "startTime" : "20151103T181517-0500",
      "endTime" : "20151103T182110-0500",
      "duration" : 353.0,
      "distance" : 526.0,
      "steps" : 438,
      "trackPoints" : [ {
        "lat" : 40.7408375251,
        "lon" : -74.0021916154,
        "time" : "20151103T181517-0500"
      }, {
        "lat" : 40.7860166336,
        "lon" : -73.969023977,
        "time" : "20151103T181655-0500"
      }, {
        "lat" : 40.7858461503,
        "lon" : -73.9691464102,
        "time" : "20151103T181711-0500"
      }, {
        "lat" : 40.7853397684,
        "lon" : -73.9695725674,
        "time" : "20151103T181755-0500"
      }, {
        "lat" : 40.785268347,
        "lon" : -73.9696699276,
        "time" : "20151103T181824-0500"
      }, {
        "lat" : 40.7852278942,
        "lon" : -73.9698247762,
        "time" : "20151103T181850-0500"
      }, {
        "lat" : 40.7851226927,
        "lon" : -73.9703057418,
        "time" : "20151103T181925-0500"
      }, {
        "lat" : 40.7850269953,
        "lon" : -73.970747734,
        "time" : "20151103T181955-0500"
      }, {
        "lat" : 40.7851640228,
        "lon" : -73.9710933182,
        "time" : "20151103T182020-0500"
      }, {
        "lat" : 40.7853684544,
        "lon" : -73.9716667934,
        "time" : "20151103T182055-0500"
      }, {
        "lat" : 40.7853204858,
        "lon" : -73.9715671839,
        "time" : "20151103T182110-0500"
      } ]
    } ],
    "lastUpdate" : "20151103T234558Z"
  }, {
    "type" : "move",
    "startTime" : "20151103T182110-0500",
    "endTime" : "20151103T182350-0500",
    "activities" : [ {
      "activity" : "walking",
      "group" : "walking",
      "manual" : false,
      "startTime" : "20151103T182110-0500",
      "endTime" : "20151103T182351-0500",
      "duration" : 161.0,
      "distance" : 80.0,
      "steps" : 124,
      "trackPoints" : [ {
        "lat" : 40.785451758,
        "lon" : -73.9717615049,
        "time" : "20151103T182110-0500"
      }, {
        "lat" : 40.7855102113,
        "lon" : -73.9718335782,
        "time" : "20151103T182136-0500"
      }, {
        "lat" : 40.785523827,
        "lon" : -73.9718040513,
        "time" : "20151103T182228-0500"
      }, {
        "lat" : 40.7855213196,
        "lon" : -73.971776449,
        "time" : "20151103T182251-0500"
      }, {
        "lat" : 40.7853204858,
        "lon" : -73.9715671839,
        "time" : "20151103T182350-0500"
      } ]
    } ],
    "lastUpdate" : "20151104T011802Z"
  }, {
    "type" : "place",
    "startTime" : "20151103T182351-0500",
    "endTime" : "20151103T203822-0500",
    "place" : {
      "id" : 276386332,
      "type" : "unknown",
      "location" : {
        "lat" : 40.7856083693,
        "lon" : -73.9725035257
      }
    },
    "activities" : [ {
      "activity" : "walking",
      "group" : "walking",
      "manual" : false,
      "startTime" : "20151103T182909-0500",
      "endTime" : "20151103T183009-0500",
      "duration" : 60.0,
      "distance" : 42.0,
      "steps" : 84,
      "trackPoints" : [ ]
    }, {
      "activity" : "walking",
      "group" : "walking",
      "manual" : false,
      "startTime" : "20151103T203050-0500",
      "endTime" : "20151103T203420-0500",
      "duration" : 210.0,
      "distance" : 250.0,
      "steps" : 334,
      "trackPoints" : [ ]
    } ],
    "lastUpdate" : "20151104T025040Z"
  }, {
    "type" : "move",
    "startTime" : "20151103T203822-0500",
    "endTime" : "20151103T205027-0500",
    "activities" : [ {
      "activity" : "walking",
      "group" : "walking",
      "manual" : false,
      "startTime" : "20151103T203822-0500",
      "endTime" : "20151103T205027-0500",
      "duration" : 725.0,
      "distance" : 1075.0,
      "steps" : 1150,
      "trackPoints" : [ {
        "lat" : 40.7856083693,
        "lon" : -73.9725035257,
        "time" : "20151103T203822-0500"
      }, {
        "lat" : 40.7874899952,
        "lon" : -73.9739187957,
        "time" : "20151103T203941-0500"
      }, {
        "lat" : 40.7874878158,
        "lon" : -73.9741865954,
        "time" : "20151103T204011-0500"
      }, {
        "lat" : 40.7874763179,
        "lon" : -73.9744264859,
        "time" : "20151103T204035-0500"
      }, {
        "lat" : 40.7874584463,
        "lon" : -73.9747174542,
        "time" : "20151103T204102-0500"
      }, {
        "lat" : 40.7875174437,
        "lon" : -73.9749711488,
        "time" : "20151103T204122-0500"
      }, {
        "lat" : 40.7874545201,
        "lon" : -73.9752113227,
        "time" : "20151103T204142-0500"
      }, {
        "lat" : 40.787339264,
        "lon" : -73.9755063752,
        "time" : "20151103T204204-0500"
      }, {
        "lat" : 40.7870627532,
        "lon" : -73.9755967048,
        "time" : "20151103T204241-0500"
      }, {
        "lat" : 40.7867678766,
        "lon" : -73.975617417,
        "time" : "20151103T204305-0500"
      }, {
        "lat" : 40.7864661626,
        "lon" : -73.9758843009,
        "time" : "20151103T204330-0500"
      }, {
        "lat" : 40.7860249531,
        "lon" : -73.9762470228,
        "time" : "20151103T204406-0500"
      }, {
        "lat" : 40.7858436388,
        "lon" : -73.9761219731,
        "time" : "20151103T204440-0500"
      }, {
        "lat" : 40.7857570739,
        "lon" : -73.9760105892,
        "time" : "20151103T204500-0500"
      }, {
        "lat" : 40.7852903842,
        "lon" : -73.9749371568,
        "time" : "20151103T204607-0500"
      }, {
        "lat" : 40.7850093368,
        "lon" : -73.9745953402,
        "time" : "20151103T204706-0500"
      }, {
        "lat" : 40.7847918046,
        "lon" : -73.9737655226,
        "time" : "20151103T204806-0500"
      }, {
        "lat" : 40.7851140182,
        "lon" : -73.9734577095,
        "time" : "20151103T204839-0500"
      }, {
        "lat" : 40.7854062792,
        "lon" : -73.973235046,
        "time" : "20151103T204903-0500"
      }, {
        "lat" : 40.7855156497,
        "lon" : -73.9730630655,
        "time" : "20151103T204925-0500"
      }, {
        "lat" : 40.7857580335,
        "lon" : -73.9726750649,
        "time" : "20151103T205006-0500"
      }, {
        "lat" : 40.7856083693,
        "lon" : -73.9725035257,
        "time" : "20151103T205027-0500"
      } ]
    } ],
    "lastUpdate" : "20151104T025040Z"
  }, {
    "type" : "place",
    "startTime" : "20151103T205027-0500",
    "endTime" : "20151103T215842-0500",
    "place" : {
      "id" : 276386332,
      "type" : "unknown",
      "location" : {
        "lat" : 40.7856083693,
        "lon" : -73.9725035257
      }
    },
    "activities" : [ {
      "activity" : "walking",
      "group" : "walking",
      "manual" : false,
      "startTime" : "20151103T205027-0500",
      "endTime" : "20151103T205122-0500",
      "duration" : 55.0,
      "distance" : 51.0,
      "steps" : 101,
      "trackPoints" : [ ]
    } ],
    "lastUpdate" : "20151104T083443Z"
  }, {
    "type" : "place",
    "startTime" : "20151103T225607-0500",
    "endTime" : "20151104T091312-0500",
    "place" : {
      "id" : 280691161,
      "type" : "unknown",
      "location" : {
        "lat" : 40.7862701254,
        "lon" : -73.9727265166
      }
    },
    "lastUpdate" : "20151104T143722Z"
  } ],
  "lastUpdate" : "20151104T143722Z"
} ]