[ {
  "date" : "20151025",
  "summary" : [ {
    "activity" : "walking",
    "group" : "walking",
    "duration" : 4042.0,
    "distance" : 4608.0,
    "steps" : 5850
  }, {
    "activity" : "transport",
    "group" : "transport",
    "duration" : 2342.0,
    "distance" : 14014.0
  } ],
  "segments" : [ {
    "type" : "place",
    "startTime" : "20151024T214436-0400",
    "endTime" : "20151025T083635-0400",
    "place" : {
      "id" : 276458640,
      "type" : "unknown",
      "location" : {
        "lat" : 40.7856121081,
        "lon" : -73.9720724825
      }
    },
    "activities" : [ {
      "activity" : "walking",
      "group" : "walking",
      "manual" : false,
      "startTime" : "20151025T083552-0400",
      "endTime" : "20151025T084230-0400",
      "duration" : 398.0,
      "distance" : 483.0,
      "steps" : 645,
      "trackPoints" : [ ]
    } ],
    "lastUpdate" : "20151025T131029Z"
  }, {
    "type" : "move",
    "startTime" : "20151025T083635-0400",
    "endTime" : "20151025T084152-0400",
    "activities" : [ {
      "activity" : "walking",
      "group" : "walking",
      "manual" : false,
      "startTime" : "20151025T083635-0400",
      "endTime" : "20151025T084152-0400",
      "duration" : 317.0,
      "distance" : 272.0,
      "steps" : 437,
      "trackPoints" : [ {
        "lat" : 40.7856121081,
        "lon" : -73.9720724825,
        "time" : "20151025T083635-0400"
      }, {
        "lat" : 40.7857598315,
        "lon" : -73.9722030962,
        "time" : "20151025T083653-0400"
      }, {
        "lat" : 40.7856913212,
        "lon" : -73.9723229266,
        "time" : "20151025T083709-0400"
      }, {
        "lat" : 40.7859749174,
        "lon" : -73.9725229807,
        "time" : "20151025T083741-0400"
      }, {
        "lat" : 40.7861260804,
        "lon" : -73.9725468163,
        "time" : "20151025T083759-0400"
      }, {
        "lat" : 40.7863467331,
        "lon" : -73.9724677482,
        "time" : "20151025T083818-0400"
      }, {
        "lat" : 40.7866030791,
        "lon" : -73.9726197182,
        "time" : "20151025T083845-0400"
      }, {
        "lat" : 40.7868464768,
        "lon" : -73.9730380706,
        "time" : "20151025T083919-0400"
      }, {
        "lat" : 40.7870016832,
        "lon" : -73.9733499546,
        "time" : "20151025T083942-0400"
      }, {
        "lat" : 40.7870594892,
        "lon" : -73.9734139099,
        "time" : "20151025T084000-0400"
      }, {
        "lat" : 40.7871131256,
        "lon" : -73.9734053618,
        "time" : "20151025T084033-0400"
      }, {
        "lat" : 40.787111448,
        "lon" : -73.9733988551,
        "time" : "20151025T084054-0400"
      }, {
        "lat" : 40.7869139082,
        "lon" : -73.9733281397,
        "time" : "20151025T084152-0400"
      } ]
    } ],
    "lastUpdate" : "20151025T131029Z"
  }, {
    "type" : "place",
    "startTime" : "20151025T084152-0400",
    "endTime" : "20151025T090759-0400",
    "place" : {
      "id" : 276517856,
      "type" : "unknown",
      "location" : {
        "lat" : 40.7869139082,
        "lon" : -73.9733281397
      }
    },
    "activities" : [ {
      "activity" : "walking",
      "group" : "walking",
      "manual" : false,
      "startTime" : "20151025T084152-0400",
      "endTime" : "20151025T084154-0400",
      "duration" : 2.0,
      "distance" : 1.0,
      "steps" : 3,
      "trackPoints" : [ ]
    }, {
      "activity" : "walking",
      "group" : "walking",
      "manual" : false,
      "startTime" : "20151025T090626-0400",
      "endTime" : "20151025T090753-0400",
      "duration" : 87.0,
      "distance" : 63.0,
      "steps" : 127,
      "trackPoints" : [ ]
    } ],
    "lastUpdate" : "20151025T144251Z"
  }, {
    "type" : "move",
    "startTime" : "20151025T090759-0400",
    "endTime" : "20151025T091037-0400",
    "activities" : [ {
      "activity" : "walking",
      "group" : "walking",
      "manual" : false,
      "startTime" : "20151025T090759-0400",
      "endTime" : "20151025T091036-0400",
      "duration" : 157.0,
      "distance" : 228.0,
      "steps" : 190,
      "trackPoints" : [ {
        "lat" : 40.7869139082,
        "lon" : -73.9733281397,
        "time" : "20151025T090759-0400"
      }, {
        "lat" : 40.7868380603,
        "lon" : -73.973229873,
        "time" : "20151025T090836-0400"
      }, {
        "lat" : 40.786669315,
        "lon" : -73.9730460499,
        "time" : "20151025T090852-0400"
      }, {
        "lat" : 40.7865959542,
        "lon" : -73.9725450334,
        "time" : "20151025T090916-0400"
      }, {
        "lat" : 40.7865795101,
        "lon" : -73.9722789379,
        "time" : "20151025T090935-0400"
      }, {
        "lat" : 40.7866135958,
        "lon" : -73.9721560358,
        "time" : "20151025T091000-0400"
      }, {
        "lat" : 40.786640759,
        "lon" : -73.9721306205,
        "time" : "20151025T091018-0400"
      }, {
        "lat" : 40.7856121081,
        "lon" : -73.9720724825,
        "time" : "20151025T091037-0400"
      } ]
    } ],
    "lastUpdate" : "20151025T144251Z"
  }, {
    "type" : "place",
    "startTime" : "20151025T091037-0400",
    "endTime" : "20151025T173610-0400",
    "place" : {
      "id" : 276458640,
      "type" : "unknown",
      "location" : {
        "lat" : 40.7856121081,
        "lon" : -73.9720724825
      }
    },
    "activities" : [ {
      "activity" : "walking",
      "group" : "walking",
      "manual" : false,
      "startTime" : "20151025T091217-0400",
      "endTime" : "20151025T091950-0400",
      "duration" : 453.0,
      "distance" : 527.0,
      "steps" : 703,
      "trackPoints" : [ ]
    }, {
      "activity" : "walking",
      "group" : "walking",
      "manual" : false,
      "startTime" : "20151025T102050-0400",
      "endTime" : "20151025T102118-0400",
      "duration" : 28.0,
      "distance" : 19.0,
      "steps" : 37,
      "trackPoints" : [ ]
    }, {
      "activity" : "walking",
      "group" : "walking",
      "manual" : false,
      "startTime" : "20151025T172430-0400",
      "endTime" : "20151025T172500-0400",
      "duration" : 30.0,
      "distance" : 20.0,
      "steps" : 40,
      "trackPoints" : [ ]
    } ],
    "lastUpdate" : "20151025T222911Z"
  }, {
    "type" : "move",
    "startTime" : "20151025T173610-0400",
    "endTime" : "20151025T174126-0400",
    "activities" : [ {
      "activity" : "walking",
      "group" : "walking",
      "manual" : false,
      "startTime" : "20151025T173610-0400",
      "endTime" : "20151025T174126-0400",
      "duration" : 316.0,
      "distance" : 275.0,
      "steps" : 432,
      "trackPoints" : [ {
        "lat" : 40.7856121081,
        "lon" : -73.9720724825,
        "time" : "20151025T173610-0400"
      }, {
        "lat" : 40.7856054305,
        "lon" : -73.9721296246,
        "time" : "20151025T173635-0400"
      }, {
        "lat" : 40.7856007259,
        "lon" : -73.9721241955,
        "time" : "20151025T173656-0400"
      }, {
        "lat" : 40.7856287603,
        "lon" : -73.9721865357,
        "time" : "20151025T173748-0400"
      }, {
        "lat" : 40.7856196294,
        "lon" : -73.9723785993,
        "time" : "20151025T173804-0400"
      }, {
        "lat" : 40.7857793498,
        "lon" : -73.9724721796,
        "time" : "20151025T173820-0400"
      }, {
        "lat" : 40.7864268985,
        "lon" : -73.9722417335,
        "time" : "20151025T173853-0400"
      }, {
        "lat" : 40.7866396294,
        "lon" : -73.9725827178,
        "time" : "20151025T173931-0400"
      }, {
        "lat" : 40.7867219099,
        "lon" : -73.9727476539,
        "time" : "20151025T173946-0400"
      }, {
        "lat" : 40.7868111829,
        "lon" : -73.9729370744,
        "time" : "20151025T174004-0400"
      }, {
        "lat" : 40.7869776296,
        "lon" : -73.9732824167,
        "time" : "20151025T174041-0400"
      }, {
        "lat" : 40.787036177,
        "lon" : -73.9733652295,
        "time" : "20151025T174103-0400"
      }, {
        "lat" : 40.7869139082,
        "lon" : -73.9733281397,
        "time" : "20151025T174126-0400"
      } ]
    } ],
    "lastUpdate" : "20151025T222911Z"
  }, {
    "type" : "place",
    "startTime" : "20151025T174126-0400",
    "endTime" : "20151025T180916-0400",
    "place" : {
      "id" : 276517856,
      "type" : "unknown",
      "location" : {
        "lat" : 40.7869139082,
        "lon" : -73.9733281397
      }
    },
    "activities" : [ {
      "activity" : "walking",
      "group" : "walking",
      "manual" : false,
      "startTime" : "20151025T174126-0400",
      "endTime" : "20151025T174154-0400",
      "duration" : 28.0,
      "distance" : 19.0,
      "steps" : 38,
      "trackPoints" : [ ]
    } ],
    "lastUpdate" : "20151025T222911Z"
  }, {
    "type" : "move",
    "startTime" : "20151025T180916-0400",
    "endTime" : "20151025T181356-0400",
    "activities" : [ {
      "activity" : "walking",
      "group" : "walking",
      "manual" : false,
      "startTime" : "20151025T180916-0400",
      "endTime" : "20151025T181356-0400",
      "duration" : 280.0,
      "distance" : 242.0,
      "steps" : 366,
      "trackPoints" : [ {
        "lat" : 40.7869139082,
        "lon" : -73.9733281397,
        "time" : "20151025T180916-0400"
      }, {
        "lat" : 40.7870275573,
        "lon" : -73.9733017454,
        "time" : "20151025T180941-0400"
      }, {
        "lat" : 40.7870212845,
        "lon" : -73.9733088351,
        "time" : "20151025T181000-0400"
      }, {
        "lat" : 40.7870063086,
        "lon" : -73.9733036733,
        "time" : "20151025T181022-0400"
      }, {
        "lat" : 40.7869911945,
        "lon" : -73.9732915586,
        "time" : "20151025T181047-0400"
      }, {
        "lat" : 40.7869401003,
        "lon" : -73.9732095969,
        "time" : "20151025T181102-0400"
      }, {
        "lat" : 40.7869845305,
        "lon" : -73.9730872868,
        "time" : "20151025T181117-0400"
      }, {
        "lat" : 40.786796643,
        "lon" : -73.9729163781,
        "time" : "20151025T181138-0400"
      }, {
        "lat" : 40.7865933348,
        "lon" : -73.9725868756,
        "time" : "20151025T181204-0400"
      }, {
        "lat" : 40.7862624052,
        "lon" : -73.9724120875,
        "time" : "20151025T181236-0400"
      }, {
        "lat" : 40.7860217236,
        "lon" : -73.9723981412,
        "time" : "20151025T181258-0400"
      }, {
        "lat" : 40.7858389596,
        "lon" : -73.972478721,
        "time" : "20151025T181317-0400"
      }, {
        "lat" : 40.7856121081,
        "lon" : -73.9720724825,
        "time" : "20151025T181356-0400"
      } ]
    } ],
    "lastUpdate" : "20151025T222911Z"
  }, {
    "type" : "place",
    "startTime" : "20151025T181356-0400",
    "endTime" : "20151025T191936-0400",
    "place" : {
      "id" : 276458640,
      "type" : "unknown",
      "location" : {
        "lat" : 40.7856121081,
        "lon" : -73.9720724825
      }
    },
    "activities" : [ {
      "activity" : "walking",
      "group" : "walking",
      "manual" : false,
      "startTime" : "20151025T181356-0400",
      "endTime" : "20151025T181537-0400",
      "duration" : 101.0,
      "distance" : 67.0,
      "steps" : 135,
      "trackPoints" : [ ]
    }, {
      "activity" : "walking",
      "group" : "walking",
      "manual" : false,
      "startTime" : "20151025T190157-0400",
      "endTime" : "20151025T190922-0400",
      "duration" : 445.0,
      "distance" : 454.0,
      "steps" : 605,
      "trackPoints" : [ ]
    } ],
    "lastUpdate" : "20151026T013319Z"
  }, {
    "type" : "move",
    "startTime" : "20151025T191936-0400",
    "endTime" : "20151025T192736-0400",
    "activities" : [ {
      "activity" : "transport",
      "group" : "transport",
      "manual" : false,
      "startTime" : "20151025T191936-0400",
      "endTime" : "20151025T192737-0400",
      "duration" : 481.0,
      "distance" : 1603.0,
      "trackPoints" : [ {
        "lat" : 40.7856121081,
        "lon" : -73.9720724825,
        "time" : "20151025T191936-0400"
      }, {
        "lat" : 40.7866563028,
        "lon" : -73.9744401825,
        "time" : "20151025T192007-0400"
      }, {
        "lat" : 40.7870638316,
        "lon" : -73.9751690618,
        "time" : "20151025T192022-0400"
      }, {
        "lat" : 40.7871697705,
        "lon" : -73.9756234432,
        "time" : "20151025T192059-0400"
      }, {
        "lat" : 40.7873498203,
        "lon" : -73.9763497398,
        "time" : "20151025T192129-0400"
      }, {
        "lat" : 40.7876161268,
        "lon" : -73.9774365897,
        "time" : "20151025T192209-0400"
      }, {
        "lat" : 40.7883869969,
        "lon" : -73.9791582142,
        "time" : "20151025T192246-0400"
      }, {
        "lat" : 40.7890367561,
        "lon" : -73.9806246416,
        "time" : "20151025T192308-0400"
      }, {
        "lat" : 40.7898313411,
        "lon" : -73.9802834923,
        "time" : "20151025T192408-0400"
      }, {
        "lat" : 40.7899332207,
        "lon" : -73.9802399635,
        "time" : "20151025T192430-0400"
      }, {
        "lat" : 40.7899273701,
        "lon" : -73.9802053417,
        "time" : "20151025T192542-0400"
      }, {
        "lat" : 40.7899705101,
        "lon" : -73.9801538893,
        "time" : "20151025T192559-0400"
      }, {
        "lat" : 40.7932640788,
        "lon" : -73.9766380183,
        "time" : "20151025T192736-0400"
      } ]
    } ],
    "lastUpdate" : "20151026T013319Z"
  }, {
    "type" : "place",
    "startTime" : "20151025T192736-0400",
    "endTime" : "20151025T194611-0400",
    "place" : {
      "id" : 277973818,
      "type" : "unknown",
      "location" : {
        "lat" : 40.7932640788,
        "lon" : -73.9766380183
      }
    },
    "lastUpdate" : "20151026T013319Z"
  }, {
    "type" : "move",
    "startTime" : "20151025T194611-0400",
    "endTime" : "20151025T195222-0400",
    "activities" : [ {
      "activity" : "transport",
      "group" : "transport",
      "manual" : false,
      "startTime" : "20151025T194611-0400",
      "endTime" : "20151025T195222-0400",
      "duration" : 371.0,
      "distance" : 1887.0,
      "trackPoints" : [ {
        "lat" : 40.7932640788,
        "lon" : -73.9766380183,
        "time" : "20151025T194611-0400"
      }, {
        "lat" : 40.7915565546,
        "lon" : -73.9724904313,
        "time" : "20151025T194811-0400"
      }, {
        "lat" : 40.7914449655,
        "lon" : -73.9721105612,
        "time" : "20151025T194834-0400"
      }, {
        "lat" : 40.7902554656,
        "lon" : -73.9687068875,
        "time" : "20151025T194914-0400"
      }, {
        "lat" : 40.7961260047,
        "lon" : -73.9614610877,
        "time" : "20151025T195222-0400"
      } ]
    } ],
    "lastUpdate" : "20151026T013319Z"
  }, {
    "type" : "place",
    "startTime" : "20151025T195222-0400",
    "endTime" : "20151025T210505-0400",
    "place" : {
      "id" : 277973819,
      "type" : "unknown",
      "location" : {
        "lat" : 40.7961260047,
        "lon" : -73.9614610877
      }
    },
    "activities" : [ {
      "activity" : "walking",
      "group" : "walking",
      "manual" : false,
      "startTime" : "20151025T195222-0400",
      "endTime" : "20151025T195444-0400",
      "duration" : 142.0,
      "distance" : 153.0,
      "steps" : 203,
      "trackPoints" : [ ]
    }, {
      "activity" : "walking",
      "group" : "walking",
      "manual" : false,
      "startTime" : "20151025T203826-0400",
      "endTime" : "20151025T204108-0400",
      "duration" : 162.0,
      "distance" : 199.0,
      "steps" : 265,
      "trackPoints" : [ ]
    }, {
      "activity" : "walking",
      "group" : "walking",
      "manual" : false,
      "startTime" : "20151025T210028-0400",
      "endTime" : "20151025T210042-0400",
      "duration" : 14.0,
      "distance" : 10.0,
      "steps" : 19,
      "trackPoints" : [ ]
    } ],
    "lastUpdate" : "20151026T103853Z"
  }, {
    "type" : "move",
    "startTime" : "20151025T210505-0400",
    "endTime" : "20151025T212719-0400",
    "activities" : [ {
      "activity" : "transport",
      "group" : "transport",
      "manual" : false,
      "startTime" : "20151025T210505-0400",
      "endTime" : "20151025T211706-0400",
      "duration" : 721.0,
      "distance" : 1107.0,
      "trackPoints" : [ {
        "lat" : 40.7961260047,
        "lon" : -73.9614610877,
        "time" : "20151025T210505-0400"
      }, {
        "lat" : 40.8043671631,
        "lon" : -73.957976341,
        "time" : "20151025T211706-0400"
      } ]
    }, {
      "activity" : "walking",
      "group" : "walking",
      "manual" : false,
      "startTime" : "20151025T211706-0400",
      "endTime" : "20151025T212720-0400",
      "duration" : 614.0,
      "distance" : 1048.0,
      "steps" : 873,
      "trackPoints" : [ {
        "lat" : 40.8043671631,
        "lon" : -73.957976341,
        "time" : "20151025T211706-0400"
      }, {
        "lat" : 40.8045407298,
        "lon" : -73.9578992083,
        "time" : "20151025T211914-0400"
      }, {
        "lat" : 40.8527626419,
        "lon" : -73.9365484758,
        "time" : "20151025T212049-0400"
      }, {
        "lat" : 40.8527519416,
        "lon" : -73.9365677774,
        "time" : "20151025T212134-0400"
      }, {
        "lat" : 40.8530610832,
        "lon" : -73.9365754139,
        "time" : "20151025T212159-0400"
      }, {
        "lat" : 40.8534658509,
        "lon" : -73.9364626296,
        "time" : "20151025T212223-0400"
      }, {
        "lat" : 40.8538042672,
        "lon" : -73.936507816,
        "time" : "20151025T212253-0400"
      }, {
        "lat" : 40.8541282445,
        "lon" : -73.9363941777,
        "time" : "20151025T212322-0400"
      }, {
        "lat" : 40.854313273,
        "lon" : -73.9363488141,
        "time" : "20151025T212341-0400"
      }, {
        "lat" : 40.854747168,
        "lon" : -73.9361410313,
        "time" : "20151025T212402-0400"
      }, {
        "lat" : 40.8548679939,
        "lon" : -73.9359918438,
        "time" : "20151025T212423-0400"
      }, {
        "lat" : 40.8548459498,
        "lon" : -73.9360778314,
        "time" : "20151025T212438-0400"
      }, {
        "lat" : 40.8548733794,
        "lon" : -73.9362084147,
        "time" : "20151025T212453-0400"
      }, {
        "lat" : 40.8549328172,
        "lon" : -73.93647743,
        "time" : "20151025T212524-0400"
      }, {
        "lat" : 40.8548695215,
        "lon" : -73.9368198723,
        "time" : "20151025T212624-0400"
      }, {
        "lat" : 40.8548690093,
        "lon" : -73.9367390322,
        "time" : "20151025T212719-0400"
      } ]
    } ],
    "lastUpdate" : "20151026T103853Z"
  }, {
    "type" : "place",
    "startTime" : "20151025T212719-0400",
    "endTime" : "20151025T220247-0400",
    "place" : {
      "id" : 277973820,
      "type" : "unknown",
      "location" : {
        "lat" : 40.8548690093,
        "lon" : -73.9367390322
      }
    },
    "activities" : [ {
      "activity" : "walking",
      "group" : "walking",
      "manual" : false,
      "startTime" : "20151025T212800-0400",
      "endTime" : "20151025T213444-0400",
      "duration" : 404.0,
      "distance" : 485.0,
      "steps" : 647,
      "trackPoints" : [ ]
    }, {
      "activity" : "walking",
      "group" : "walking",
      "manual" : false,
      "startTime" : "20151025T220239-0400",
      "endTime" : "20151025T220343-0400",
      "duration" : 64.0,
      "distance" : 43.0,
      "steps" : 85,
      "trackPoints" : [ ]
    } ],
    "lastUpdate" : "20151026T121321Z"
  }, {
    "type" : "move",
    "startTime" : "20151025T220247-0400",
    "endTime" : "20151025T221535-0400",
    "activities" : [ {
      "activity" : "transport",
      "group" : "transport",
      "manual" : false,
      "startTime" : "20151025T220247-0400",
      "endTime" : "20151025T221536-0400",
      "duration" : 769.0,
      "distance" : 9417.0,
      "trackPoints" : [ {
        "lat" : 40.8548690093,
        "lon" : -73.9367390322,
        "time" : "20151025T220247-0400"
      }, {
        "lat" : 40.8531403723,
        "lon" : -73.9369033733,
        "time" : "20151025T220431-0400"
      }, {
        "lat" : 40.8471549354,
        "lon" : -73.9433199218,
        "time" : "20151025T220722-0400"
      }, {
        "lat" : 40.8252147137,
        "lon" : -73.9554788626,
        "time" : "20151025T220931-0400"
      }, {
        "lat" : 40.8242736421,
        "lon" : -73.956396915,
        "time" : "20151025T220952-0400"
      }, {
        "lat" : 40.8238786557,
        "lon" : -73.956799031,
        "time" : "20151025T221008-0400"
      }, {
        "lat" : 40.8139097088,
        "lon" : -73.9660076977,
        "time" : "20151025T221033-0400"
      }, {
        "lat" : 40.8007421744,
        "lon" : -73.9745972081,
        "time" : "20151025T221143-0400"
      }, {
        "lat" : 40.7953054197,
        "lon" : -73.9769765344,
        "time" : "20151025T221234-0400"
      }, {
        "lat" : 40.7939213148,
        "lon" : -73.9744160208,
        "time" : "20151025T221334-0400"
      }, {
        "lat" : 40.7946853642,
        "lon" : -73.9737709204,
        "time" : "20151025T221435-0400"
      }, {
        "lat" : 40.7944873825,
        "lon" : -73.973656913,
        "time" : "20151025T221513-0400"
      }, {
        "lat" : 40.7918258958,
        "lon" : -73.9734626347,
        "time" : "20151025T221535-0400"
      } ]
    } ],
    "lastUpdate" : "20151026T121321Z"
  } ],
  "lastUpdate" : "20151026T121321Z"
} ]