[ {
  "date" : "20151026",
  "summary" : [ {
    "activity" : "walking",
    "group" : "walking",
    "duration" : 4813.0,
    "distance" : 5439.0,
    "steps" : 6246
  }, {
    "activity" : "transport",
    "group" : "transport",
    "duration" : 2252.0,
    "distance" : 14303.0
  } ],
  "segments" : [ {
    "type" : "place",
    "startTime" : "20151026T063936-0400",
    "endTime" : "20151026T080903-0400",
    "place" : {
      "id" : 276458640,
      "type" : "unknown",
      "location" : {
        "lat" : 40.7856121081,
        "lon" : -73.9720724825
      }
    },
    "lastUpdate" : "20151026T134810Z"
  }, {
    "type" : "move",
    "startTime" : "20151026T080903-0400",
    "endTime" : "20151026T081503-0400",
    "activities" : [ {
      "activity" : "walking",
      "group" : "walking",
      "manual" : false,
      "startTime" : "20151026T080903-0400",
      "endTime" : "20151026T081504-0400",
      "duration" : 361.0,
      "distance" : 203.0,
      "steps" : 405,
      "trackPoints" : [ {
        "lat" : 40.7856121081,
        "lon" : -73.9720724825,
        "time" : "20151026T080903-0400"
      }, {
        "lat" : 40.7857081019,
        "lon" : -73.97217676,
        "time" : "20151026T081007-0400"
      }, {
        "lat" : 40.7860329248,
        "lon" : -73.9723277449,
        "time" : "20151026T081037-0400"
      }, {
        "lat" : 40.7863977626,
        "lon" : -73.9724972935,
        "time" : "20151026T081106-0400"
      }, {
        "lat" : 40.7865588812,
        "lon" : -73.9725323589,
        "time" : "20151026T081133-0400"
      }, {
        "lat" : 40.78661421,
        "lon" : -73.9725568261,
        "time" : "20151026T081202-0400"
      }, {
        "lat" : 40.7866579745,
        "lon" : -73.972600032,
        "time" : "20151026T081302-0400"
      }, {
        "lat" : 40.786676171,
        "lon" : -73.9726320952,
        "time" : "20151026T081345-0400"
      }, {
        "lat" : 40.78669768,
        "lon" : -73.972689572,
        "time" : "20151026T081403-0400"
      }, {
        "lat" : 40.7866998268,
        "lon" : -73.9725818776,
        "time" : "20151026T081503-0400"
      } ]
    } ],
    "lastUpdate" : "20151026T134810Z"
  }, {
    "type" : "place",
    "startTime" : "20151026T081503-0400",
    "endTime" : "20151026T090004-0400",
    "place" : {
      "id" : 276964258,
      "type" : "unknown",
      "location" : {
        "lat" : 40.7866998268,
        "lon" : -73.9725818776
      }
    },
    "lastUpdate" : "20151026T134810Z"
  }, {
    "type" : "move",
    "startTime" : "20151026T090004-0400",
    "endTime" : "20151026T090618-0400",
    "activities" : [ {
      "activity" : "walking",
      "group" : "walking",
      "manual" : false,
      "startTime" : "20151026T090004-0400",
      "endTime" : "20151026T090619-0400",
      "duration" : 375.0,
      "distance" : 432.0,
      "steps" : 449,
      "trackPoints" : [ {
        "lat" : 40.7866998268,
        "lon" : -73.9725818776,
        "time" : "20151026T090004-0400"
      }, {
        "lat" : 40.7867561218,
        "lon" : -73.9728537712,
        "time" : "20151026T090107-0400"
      }, {
        "lat" : 40.7867143064,
        "lon" : -73.9727328701,
        "time" : "20151026T090134-0400"
      }, {
        "lat" : 40.7867737955,
        "lon" : -73.9729048722,
        "time" : "20151026T090207-0400"
      }, {
        "lat" : 40.7876437674,
        "lon" : -73.9754357321,
        "time" : "20151026T090442-0400"
      }, {
        "lat" : 40.7877425328,
        "lon" : -73.9756614185,
        "time" : "20151026T090507-0400"
      }, {
        "lat" : 40.7881109874,
        "lon" : -73.9763585264,
        "time" : "20151026T090618-0400"
      } ]
    } ],
    "lastUpdate" : "20151026T134810Z"
  }, {
    "type" : "place",
    "startTime" : "20151026T090619-0400",
    "endTime" : "20151026T092008-0400",
    "place" : {
      "id" : 278090371,
      "type" : "unknown",
      "location" : {
        "lat" : 40.7881109874,
        "lon" : -73.9763585264
      }
    },
    "activities" : [ {
      "activity" : "walking",
      "group" : "walking",
      "manual" : false,
      "startTime" : "20151026T090619-0400",
      "endTime" : "20151026T090821-0400",
      "duration" : 122.0,
      "distance" : 125.0,
      "steps" : 167,
      "trackPoints" : [ ]
    } ],
    "lastUpdate" : "20151026T134810Z"
  }, {
    "type" : "move",
    "startTime" : "20151026T092008-0400",
    "endTime" : "20151026T093009-0400",
    "activities" : [ {
      "activity" : "transport",
      "group" : "transport",
      "manual" : false,
      "startTime" : "20151026T092008-0400",
      "endTime" : "20151026T092319-0400",
      "duration" : 191.0,
      "distance" : 6364.0,
      "trackPoints" : [ {
        "lat" : 40.7881109874,
        "lon" : -73.9763585264,
        "time" : "20151026T092008-0400"
      }, {
        "lat" : 40.741889336,
        "lon" : -74.0007260964,
        "time" : "20151026T092319-0400"
      } ]
    }, {
      "activity" : "walking",
      "group" : "walking",
      "manual" : false,
      "startTime" : "20151026T092319-0400",
      "endTime" : "20151026T093009-0400",
      "duration" : 410.0,
      "distance" : 618.0,
      "steps" : 515,
      "trackPoints" : [ {
        "lat" : 40.741889336,
        "lon" : -74.0007260964,
        "time" : "20151026T092319-0400"
      }, {
        "lat" : 40.738532658,
        "lon" : -74.0025390886,
        "time" : "20151026T092511-0400"
      }, {
        "lat" : 40.7386282475,
        "lon" : -74.0025535019,
        "time" : "20151026T092528-0400"
      }, {
        "lat" : 40.7393057935,
        "lon" : -74.0031052824,
        "time" : "20151026T092613-0400"
      }, {
        "lat" : 40.7395429457,
        "lon" : -74.0029559315,
        "time" : "20151026T092637-0400"
      }, {
        "lat" : 40.7398162905,
        "lon" : -74.0028148895,
        "time" : "20151026T092657-0400"
      }, {
        "lat" : 40.7400183231,
        "lon" : -74.0026492953,
        "time" : "20151026T092713-0400"
      }, {
        "lat" : 40.7407524119,
        "lon" : -74.0024185444,
        "time" : "20151026T092813-0400"
      }, {
        "lat" : 40.7407627375,
        "lon" : -74.0023738219,
        "time" : "20151026T092841-0400"
      }, {
        "lat" : 40.7407805095,
        "lon" : -74.0023498483,
        "time" : "20151026T092909-0400"
      }, {
        "lat" : 40.7408375251,
        "lon" : -74.0021916154,
        "time" : "20151026T093009-0400"
      } ]
    } ],
    "lastUpdate" : "20151026T134810Z"
  }, {
    "type" : "place",
    "startTime" : "20151026T093009-0400",
    "endTime" : "20151026T130126-0400",
    "place" : {
      "id" : 276372414,
      "type" : "unknown",
      "location" : {
        "lat" : 40.7408375251,
        "lon" : -74.0021916154
      }
    },
    "activities" : [ {
      "activity" : "walking",
      "group" : "walking",
      "manual" : false,
      "startTime" : "20151026T093210-0400",
      "endTime" : "20151026T093303-0400",
      "duration" : 53.0,
      "distance" : 36.0,
      "steps" : 71,
      "trackPoints" : [ ]
    }, {
      "activity" : "walking",
      "group" : "walking",
      "manual" : false,
      "startTime" : "20151026T114720-0400",
      "endTime" : "20151026T114805-0400",
      "duration" : 45.0,
      "distance" : 36.0,
      "steps" : 71,
      "trackPoints" : [ ]
    }, {
      "activity" : "walking",
      "group" : "walking",
      "manual" : false,
      "startTime" : "20151026T120407-0400",
      "endTime" : "20151026T120551-0400",
      "duration" : 104.0,
      "distance" : 70.0,
      "steps" : 139,
      "trackPoints" : [ ]
    } ],
    "lastUpdate" : "20151026T183035Z"
  }, {
    "type" : "move",
    "startTime" : "20151026T130126-0400",
    "endTime" : "20151026T130731-0400",
    "activities" : [ {
      "activity" : "walking",
      "group" : "walking",
      "manual" : false,
      "startTime" : "20151026T130126-0400",
      "endTime" : "20151026T130732-0400",
      "duration" : 366.0,
      "distance" : 474.0,
      "steps" : 461,
      "trackPoints" : [ {
        "lat" : 40.7408375251,
        "lon" : -74.0021916154,
        "time" : "20151026T130126-0400"
      }, {
        "lat" : 40.7400106277,
        "lon" : -74.0027635406,
        "time" : "20151026T130349-0400"
      }, {
        "lat" : 40.7401044415,
        "lon" : -74.0031294973,
        "time" : "20151026T130407-0400"
      }, {
        "lat" : 40.7402897037,
        "lon" : -74.0031834534,
        "time" : "20151026T130429-0400"
      }, {
        "lat" : 40.7413231321,
        "lon" : -74.0049967261,
        "time" : "20151026T130632-0400"
      }, {
        "lat" : 40.7412425421,
        "lon" : -74.0049955396,
        "time" : "20151026T130649-0400"
      }, {
        "lat" : 40.7406977641,
        "lon" : -74.005174092,
        "time" : "20151026T130731-0400"
      } ]
    } ],
    "lastUpdate" : "20151026T183035Z"
  }, {
    "type" : "place",
    "startTime" : "20151026T130731-0400",
    "endTime" : "20151026T131648-0400",
    "place" : {
      "id" : 278162738,
      "type" : "unknown",
      "location" : {
        "lat" : 40.7406977641,
        "lon" : -74.005174092
      }
    },
    "lastUpdate" : "20151026T183035Z"
  }, {
    "type" : "move",
    "startTime" : "20151026T131648-0400",
    "endTime" : "20151026T132330-0400",
    "activities" : [ {
      "activity" : "walking",
      "group" : "walking",
      "manual" : false,
      "startTime" : "20151026T131648-0400",
      "endTime" : "20151026T132330-0400",
      "duration" : 402.0,
      "distance" : 378.0,
      "steps" : 499,
      "trackPoints" : [ {
        "lat" : 40.7406977641,
        "lon" : -74.005174092,
        "time" : "20151026T131648-0400"
      }, {
        "lat" : 40.7406896263,
        "lon" : -74.0051628528,
        "time" : "20151026T131705-0400"
      }, {
        "lat" : 40.7410453635,
        "lon" : -74.0050620785,
        "time" : "20151026T131831-0400"
      }, {
        "lat" : 40.7408904591,
        "lon" : -74.004676851,
        "time" : "20151026T131902-0400"
      }, {
        "lat" : 40.740736747,
        "lon" : -74.0042458747,
        "time" : "20151026T131933-0400"
      }, {
        "lat" : 40.7401937118,
        "lon" : -74.0031673929,
        "time" : "20151026T132034-0400"
      }, {
        "lat" : 40.7401805813,
        "lon" : -74.0028256702,
        "time" : "20151026T132102-0400"
      }, {
        "lat" : 40.7401057417,
        "lon" : -74.0025492655,
        "time" : "20151026T132134-0400"
      }, {
        "lat" : 40.7404731117,
        "lon" : -74.0022639148,
        "time" : "20151026T132209-0400"
      }, {
        "lat" : 40.7404916902,
        "lon" : -74.0022351522,
        "time" : "20151026T132225-0400"
      }, {
        "lat" : 40.7404924933,
        "lon" : -74.0022304829,
        "time" : "20151026T132245-0400"
      }, {
        "lat" : 40.7404922642,
        "lon" : -74.0022259605,
        "time" : "20151026T132330-0400"
      } ]
    } ],
    "lastUpdate" : "20151026T183035Z"
  }, {
    "type" : "place",
    "startTime" : "20151026T132330-0400",
    "endTime" : "20151026T162153-0400",
    "place" : {
      "id" : 277153613,
      "type" : "unknown",
      "location" : {
        "lat" : 40.7413242041,
        "lon" : -74.0021969426
      }
    },
    "activities" : [ {
      "activity" : "walking",
      "group" : "walking",
      "manual" : false,
      "startTime" : "20151026T132540-0400",
      "endTime" : "20151026T132800-0400",
      "duration" : 140.0,
      "distance" : 164.0,
      "steps" : 219,
      "trackPoints" : [ ]
    }, {
      "activity" : "walking",
      "group" : "walking",
      "manual" : false,
      "startTime" : "20151026T141614-0400",
      "endTime" : "20151026T141915-0400",
      "duration" : 181.0,
      "distance" : 203.0,
      "steps" : 271,
      "trackPoints" : [ ]
    } ],
    "lastUpdate" : "20151026T233036Z"
  }, {
    "type" : "place",
    "startTime" : "20151026T175957-0400",
    "endTime" : "20151026T183357-0400",
    "place" : {
      "id" : 277153613,
      "type" : "unknown",
      "location" : {
        "lat" : 40.7413242041,
        "lon" : -74.0021969426
      }
    },
    "activities" : [ {
      "activity" : "walking",
      "group" : "walking",
      "manual" : false,
      "startTime" : "20151026T181204-0400",
      "endTime" : "20151026T181505-0400",
      "duration" : 181.0,
      "distance" : 198.0,
      "steps" : 264,
      "trackPoints" : [ ]
    } ],
    "lastUpdate" : "20151026T233036Z"
  }, {
    "type" : "move",
    "startTime" : "20151026T183357-0400",
    "endTime" : "20151026T190847-0400",
    "activities" : [ {
      "activity" : "transport",
      "group" : "transport",
      "manual" : false,
      "startTime" : "20151026T183357-0400",
      "endTime" : "20151026T184847-0400",
      "duration" : 890.0,
      "distance" : 4607.0,
      "trackPoints" : [ {
        "lat" : 40.7413242041,
        "lon" : -74.0021969426,
        "time" : "20151026T183357-0400"
      }, {
        "lat" : 40.7412574775,
        "lon" : -74.0014809542,
        "time" : "20151026T183442-0400"
      }, {
        "lat" : 40.7453139078,
        "lon" : -73.998551786,
        "time" : "20151026T183516-0400"
      }, {
        "lat" : 40.7456838261,
        "lon" : -73.9982182491,
        "time" : "20151026T183549-0400"
      }, {
        "lat" : 40.7456829923,
        "lon" : -73.9982204983,
        "time" : "20151026T183604-0400"
      }, {
        "lat" : 40.7571874007,
        "lon" : -73.9898704762,
        "time" : "20151026T183905-0400"
      }, {
        "lat" : 40.7573929877,
        "lon" : -73.9897296838,
        "time" : "20151026T183929-0400"
      }, {
        "lat" : 40.758419696,
        "lon" : -73.9889566703,
        "time" : "20151026T183949-0400"
      }, {
        "lat" : 40.7585334554,
        "lon" : -73.9889285727,
        "time" : "20151026T184018-0400"
      }, {
        "lat" : 40.7585316401,
        "lon" : -73.9889251439,
        "time" : "20151026T184038-0400"
      }, {
        "lat" : 40.7586339061,
        "lon" : -73.9888400188,
        "time" : "20151026T184155-0400"
      }, {
        "lat" : 40.7587315557,
        "lon" : -73.9887651584,
        "time" : "20151026T184211-0400"
      }, {
        "lat" : 40.7592552781,
        "lon" : -73.9883623296,
        "time" : "20151026T184237-0400"
      }, {
        "lat" : 40.7593883581,
        "lon" : -73.9882649541,
        "time" : "20151026T184259-0400"
      }, {
        "lat" : 40.7594888086,
        "lon" : -73.9881962901,
        "time" : "20151026T184333-0400"
      }, {
        "lat" : 40.7594955483,
        "lon" : -73.9881919115,
        "time" : "20151026T184349-0400"
      }, {
        "lat" : 40.7594968144,
        "lon" : -73.9881905602,
        "time" : "20151026T184443-0400"
      }, {
        "lat" : 40.7577790899,
        "lon" : -73.9694039164,
        "time" : "20151026T184816-0400"
      }, {
        "lat" : 40.7578072937,
        "lon" : -73.9697351324,
        "time" : "20151026T184832-0400"
      }, {
        "lat" : 40.7578320491,
        "lon" : -73.9697974284,
        "time" : "20151026T184847-0400"
      } ]
    }, {
      "activity" : "walking",
      "group" : "walking",
      "manual" : false,
      "startTime" : "20151026T184847-0400",
      "endTime" : "20151026T185247-0400",
      "duration" : 240.0,
      "distance" : 140.0,
      "steps" : 255,
      "trackPoints" : [ {
        "lat" : 40.7578320491,
        "lon" : -73.9697974284,
        "time" : "20151026T184847-0400"
      }, {
        "lat" : 40.7578270694,
        "lon" : -73.9697856492,
        "time" : "20151026T184910-0400"
      }, {
        "lat" : 40.75781982,
        "lon" : -73.9697669064,
        "time" : "20151026T184931-0400"
      }, {
        "lat" : 40.7578151535,
        "lon" : -73.969748196,
        "time" : "20151026T184952-0400"
      }, {
        "lat" : 40.7578168067,
        "lon" : -73.9697444681,
        "time" : "20151026T185016-0400"
      }, {
        "lat" : 40.7578309528,
        "lon" : -73.9697807271,
        "time" : "20151026T185033-0400"
      }, {
        "lat" : 40.757967235,
        "lon" : -73.970143629,
        "time" : "20151026T185107-0400"
      }, {
        "lat" : 40.7580795426,
        "lon" : -73.9704492093,
        "time" : "20151026T185126-0400"
      }, {
        "lat" : 40.7581730675,
        "lon" : -73.9707242493,
        "time" : "20151026T185142-0400"
      }, {
        "lat" : 40.7582096095,
        "lon" : -73.9709301538,
        "time" : "20151026T185201-0400"
      }, {
        "lat" : 40.7581394809,
        "lon" : -73.9710241703,
        "time" : "20151026T185219-0400"
      }, {
        "lat" : 40.7580755707,
        "lon" : -73.9711043007,
        "time" : "20151026T185248-0400"
      } ]
    }, {
      "activity" : "transport",
      "group" : "transport",
      "manual" : false,
      "startTime" : "20151026T185248-0400",
      "endTime" : "20151026T185818-0400",
      "duration" : 330.0,
      "distance" : 1390.0,
      "trackPoints" : [ {
        "lat" : 40.7580755707,
        "lon" : -73.9711043007,
        "time" : "20151026T185248-0400"
      }, {
        "lat" : 40.7579281287,
        "lon" : -73.9712553396,
        "time" : "20151026T185306-0400"
      }, {
        "lat" : 40.7578525243,
        "lon" : -73.9713359199,
        "time" : "20151026T185321-0400"
      }, {
        "lat" : 40.7578525243,
        "lon" : -73.9713359199,
        "time" : "20151026T185344-0400"
      }, {
        "lat" : 40.7578461705,
        "lon" : -73.9713404136,
        "time" : "20151026T185412-0400"
      }, {
        "lat" : 40.7671049544,
        "lon" : -73.9645880597,
        "time" : "20151026T185818-0400"
      } ]
    }, {
      "activity" : "walking",
      "group" : "walking",
      "manual" : false,
      "startTime" : "20151026T185818-0400",
      "endTime" : "20151026T190848-0400",
      "duration" : 630.0,
      "distance" : 612.0,
      "steps" : 724,
      "trackPoints" : [ {
        "lat" : 40.7671049544,
        "lon" : -73.9645880597,
        "time" : "20151026T185818-0400"
      }, {
        "lat" : 40.7676157982,
        "lon" : -73.9642327251,
        "time" : "20151026T185959-0400"
      }, {
        "lat" : 40.7676158485,
        "lon" : -73.9642326901,
        "time" : "20151026T190000-0400"
      }, {
        "lat" : 40.7680267746,
        "lon" : -73.9639468566,
        "time" : "20151026T190121-0400"
      }, {
        "lat" : 40.7681461565,
        "lon" : -73.9638711849,
        "time" : "20151026T190139-0400"
      }, {
        "lat" : 40.7683051171,
        "lon" : -73.9637722542,
        "time" : "20151026T190157-0400"
      }, {
        "lat" : 40.768307994,
        "lon" : -73.9634616738,
        "time" : "20151026T190229-0400"
      }, {
        "lat" : 40.7682450429,
        "lon" : -73.9632106184,
        "time" : "20151026T190249-0400"
      }, {
        "lat" : 40.7682299102,
        "lon" : -73.9630332222,
        "time" : "20151026T190307-0400"
      }, {
        "lat" : 40.7682655262,
        "lon" : -73.9626555631,
        "time" : "20151026T190347-0400"
      }, {
        "lat" : 40.7684480716,
        "lon" : -73.9613080572,
        "time" : "20151026T190504-0400"
      }, {
        "lat" : 40.7680612314,
        "lon" : -73.961130894,
        "time" : "20151026T190525-0400"
      }, {
        "lat" : 40.768245071,
        "lon" : -73.9604251638,
        "time" : "20151026T190552-0400"
      }, {
        "lat" : 40.7682369596,
        "lon" : -73.9602802235,
        "time" : "20151026T190647-0400"
      }, {
        "lat" : 40.768317893,
        "lon" : -73.9599447368,
        "time" : "20151026T190748-0400"
      }, {
        "lat" : 40.7684531149,
        "lon" : -73.9594487279,
        "time" : "20151026T190847-0400"
      } ]
    } ],
    "lastUpdate" : "20151026T233036Z"
  }, {
    "type" : "place",
    "startTime" : "20151026T190848-0400",
    "endTime" : "20151026T212454-0400",
    "place" : {
      "id" : 278240044,
      "type" : "unknown",
      "location" : {
        "lat" : 40.7684168974,
        "lon" : -73.958938307
      }
    },
    "activities" : [ {
      "activity" : "walking",
      "group" : "walking",
      "manual" : false,
      "startTime" : "20151026T211114-0400",
      "endTime" : "20151026T211320-0400",
      "duration" : 126.0,
      "distance" : 126.0,
      "steps" : 168,
      "trackPoints" : [ ]
    } ],
    "lastUpdate" : "20151027T023523Z"
  }, {
    "type" : "move",
    "startTime" : "20151026T212454-0400",
    "endTime" : "20151026T215633-0400",
    "activities" : [ {
      "activity" : "walking",
      "group" : "walking",
      "manual" : false,
      "startTime" : "20151026T212454-0400",
      "endTime" : "20151026T213658-0400",
      "duration" : 724.0,
      "distance" : 1177.0,
      "steps" : 1058,
      "trackPoints" : [ {
        "lat" : 40.7684168974,
        "lon" : -73.958938307,
        "time" : "20151026T212454-0400"
      }, {
        "lat" : 40.7676542172,
        "lon" : -73.9605223444,
        "time" : "20151026T212521-0400"
      }, {
        "lat" : 40.7679653907,
        "lon" : -73.960542345,
        "time" : "20151026T212537-0400"
      }, {
        "lat" : 40.7681285459,
        "lon" : -73.9607432219,
        "time" : "20151026T212554-0400"
      }, {
        "lat" : 40.7683766431,
        "lon" : -73.9610357172,
        "time" : "20151026T212622-0400"
      }, {
        "lat" : 40.7685478045,
        "lon" : -73.9610953214,
        "time" : "20151026T212642-0400"
      }, {
        "lat" : 40.7687324163,
        "lon" : -73.9611340681,
        "time" : "20151026T212658-0400"
      }, {
        "lat" : 40.7691152786,
        "lon" : -73.9612144785,
        "time" : "20151026T212723-0400"
      }, {
        "lat" : 40.7694041986,
        "lon" : -73.9610161196,
        "time" : "20151026T212754-0400"
      }, {
        "lat" : 40.7697105343,
        "lon" : -73.9608552844,
        "time" : "20151026T212822-0400"
      }, {
        "lat" : 40.7699798763,
        "lon" : -73.9606891766,
        "time" : "20151026T212850-0400"
      }, {
        "lat" : 40.7703149239,
        "lon" : -73.9605027554,
        "time" : "20151026T212923-0400"
      }, {
        "lat" : 40.7710701425,
        "lon" : -73.9600148914,
        "time" : "20151026T213024-0400"
      }, {
        "lat" : 40.7719044267,
        "lon" : -73.9595276016,
        "time" : "20151026T213123-0400"
      }, {
        "lat" : 40.7720103453,
        "lon" : -73.9594956263,
        "time" : "20151026T213144-0400"
      }, {
        "lat" : 40.7723780659,
        "lon" : -73.9592545242,
        "time" : "20151026T213223-0400"
      }, {
        "lat" : 40.7725441104,
        "lon" : -73.9586941982,
        "time" : "20151026T213256-0400"
      }, {
        "lat" : 40.7727107788,
        "lon" : -73.9581282517,
        "time" : "20151026T213324-0400"
      }, {
        "lat" : 40.7727613799,
        "lon" : -73.9580750951,
        "time" : "20151026T213347-0400"
      }, {
        "lat" : 40.7729486556,
        "lon" : -73.9579276108,
        "time" : "20151026T213419-0400"
      }, {
        "lat" : 40.7737146354,
        "lon" : -73.9573558965,
        "time" : "20151026T213523-0400"
      }, {
        "lat" : 40.7746259914,
        "lon" : -73.9576873415,
        "time" : "20151026T213625-0400"
      }, {
        "lat" : 40.7746478517,
        "lon" : -73.9578298928,
        "time" : "20151026T213658-0400"
      } ]
    }, {
      "activity" : "transport",
      "group" : "transport",
      "manual" : false,
      "startTime" : "20151026T213658-0400",
      "endTime" : "20151026T215059-0400",
      "duration" : 841.0,
      "distance" : 1942.0,
      "trackPoints" : [ {
        "lat" : 40.7746478517,
        "lon" : -73.9578298928,
        "time" : "20151026T213658-0400"
      }, {
        "lat" : 40.7747741945,
        "lon" : -73.9581798654,
        "time" : "20151026T213720-0400"
      }, {
        "lat" : 40.7754623466,
        "lon" : -73.959359738,
        "time" : "20151026T213830-0400"
      }, {
        "lat" : 40.7755550166,
        "lon" : -73.9595320211,
        "time" : "20151026T213854-0400"
      }, {
        "lat" : 40.7756258163,
        "lon" : -73.9596606916,
        "time" : "20151026T213915-0400"
      }, {
        "lat" : 40.7757819021,
        "lon" : -73.959952565,
        "time" : "20151026T213940-0400"
      }, {
        "lat" : 40.7759613612,
        "lon" : -73.9603071165,
        "time" : "20151026T214007-0400"
      }, {
        "lat" : 40.7819834761,
        "lon" : -73.9714413998,
        "time" : "20151026T214725-0400"
      }, {
        "lat" : 40.7820362614,
        "lon" : -73.9715461253,
        "time" : "20151026T214741-0400"
      }, {
        "lat" : 40.7820416467,
        "lon" : -73.9715651077,
        "time" : "20151026T214807-0400"
      }, {
        "lat" : 40.7820622365,
        "lon" : -73.9716172642,
        "time" : "20151026T214823-0400"
      }, {
        "lat" : 40.7832180117,
        "lon" : -73.9744452285,
        "time" : "20151026T215059-0400"
      } ]
    }, {
      "activity" : "walking",
      "group" : "walking",
      "manual" : false,
      "startTime" : "20151026T215059-0400",
      "endTime" : "20151026T215633-0400",
      "duration" : 334.0,
      "distance" : 434.0,
      "steps" : 484,
      "trackPoints" : [ {
        "lat" : 40.7832180117,
        "lon" : -73.9744452285,
        "time" : "20151026T215059-0400"
      }, {
        "lat" : 40.7832165832,
        "lon" : -73.9744777321,
        "time" : "20151026T215146-0400"
      }, {
        "lat" : 40.783203857,
        "lon" : -73.9744238311,
        "time" : "20151026T215202-0400"
      }, {
        "lat" : 40.7833252665,
        "lon" : -73.9743155658,
        "time" : "20151026T215223-0400"
      }, {
        "lat" : 40.7836309878,
        "lon" : -73.9743022131,
        "time" : "20151026T215244-0400"
      }, {
        "lat" : 40.784486672,
        "lon" : -73.97383112,
        "time" : "20151026T215326-0400"
      }, {
        "lat" : 40.784902996,
        "lon" : -73.9732695722,
        "time" : "20151026T215426-0400"
      }, {
        "lat" : 40.7851768336,
        "lon" : -73.9731279973,
        "time" : "20151026T215446-0400"
      }, {
        "lat" : 40.7856984035,
        "lon" : -73.9728642386,
        "time" : "20151026T215526-0400"
      }, {
        "lat" : 40.7856121081,
        "lon" : -73.9720724825,
        "time" : "20151026T215633-0400"
      } ]
    } ],
    "lastUpdate" : "20151027T023523Z"
  }, {
    "type" : "place",
    "startTime" : "20151026T215633-0400",
    "endTime" : "20151027T085001-0400",
    "place" : {
      "id" : 276458640,
      "type" : "unknown",
      "location" : {
        "lat" : 40.7856121081,
        "lon" : -73.9720724825
      }
    },
    "activities" : [ {
      "activity" : "walking",
      "group" : "walking",
      "manual" : false,
      "startTime" : "20151026T215633-0400",
      "endTime" : "20151026T215652-0400",
      "duration" : 19.0,
      "distance" : 13.0,
      "steps" : 26,
      "trackPoints" : [ ]
    } ],
    "lastUpdate" : "20151027T162344Z"
  } ],
  "lastUpdate" : "20151027T162344Z"
} ]