[ {
  "date" : "20151021",
  "summary" : [ {
    "activity" : "walking",
    "group" : "walking",
    "duration" : 3901.0,
    "distance" : 3769.0,
    "steps" : 4902
  }, {
    "activity" : "transport",
    "group" : "transport",
    "duration" : 1650.0,
    "distance" : 15414.0
  }, {
    "activity" : "cycling",
    "group" : "cycling",
    "duration" : 537.0,
    "distance" : 2392.0
  } ],
  "segments" : [ {
    "type" : "place",
    "startTime" : "20151021T042707-0400",
    "endTime" : "20151021T071339-0400",
    "place" : {
      "id" : 276458640,
      "type" : "unknown",
      "location" : {
        "lat" : 40.7856121081,
        "lon" : -73.9720724825
      }
    },
    "lastUpdate" : "20151021T130338Z"
  }, {
    "type" : "move",
    "startTime" : "20151021T071339-0400",
    "endTime" : "20151021T071844-0400",
    "activities" : [ {
      "activity" : "walking",
      "group" : "walking",
      "manual" : false,
      "startTime" : "20151021T071339-0400",
      "endTime" : "20151021T071845-0400",
      "duration" : 306.0,
      "distance" : 240.0,
      "steps" : 306,
      "trackPoints" : [ {
        "lat" : 40.7856121081,
        "lon" : -73.9720724825,
        "time" : "20151021T071339-0400"
      }, {
        "lat" : 40.7863109507,
        "lon" : -73.9722678165,
        "time" : "20151021T071439-0400"
      }, {
        "lat" : 40.7868936011,
        "lon" : -73.9727155905,
        "time" : "20151021T071617-0400"
      }, {
        "lat" : 40.78700288,
        "lon" : -73.9729919275,
        "time" : "20151021T071633-0400"
      }, {
        "lat" : 40.7870027973,
        "lon" : -73.9731465167,
        "time" : "20151021T071706-0400"
      }, {
        "lat" : 40.7869928123,
        "lon" : -73.9732177682,
        "time" : "20151021T071733-0400"
      }, {
        "lat" : 40.7869139082,
        "lon" : -73.9733281397,
        "time" : "20151021T071844-0400"
      } ]
    } ],
    "lastUpdate" : "20151021T130338Z"
  }, {
    "type" : "place",
    "startTime" : "20151021T071845-0400",
    "endTime" : "20151021T080615-0400",
    "place" : {
      "id" : 276517856,
      "type" : "unknown",
      "location" : {
        "lat" : 40.7869139082,
        "lon" : -73.9733281397
      }
    },
    "lastUpdate" : "20151021T130338Z"
  }, {
    "type" : "move",
    "startTime" : "20151021T080615-0400",
    "endTime" : "20151021T081327-0400",
    "activities" : [ {
      "activity" : "transport",
      "group" : "transport",
      "manual" : false,
      "startTime" : "20151021T080615-0400",
      "endTime" : "20151021T081327-0400",
      "duration" : 432.0,
      "distance" : 6807.0,
      "trackPoints" : [ {
        "lat" : 40.7869139082,
        "lon" : -73.9733281397,
        "time" : "20151021T080615-0400"
      }, {
        "lat" : 40.7407872953,
        "lon" : -73.9999309227,
        "time" : "20151021T081222-0400"
      }, {
        "lat" : 40.7405633774,
        "lon" : -73.9995707535,
        "time" : "20151021T081244-0400"
      }, {
        "lat" : 40.7409049012,
        "lon" : -74.0028995683,
        "time" : "20151021T081327-0400"
      } ]
    } ],
    "lastUpdate" : "20151021T130338Z"
  }, {
    "type" : "place",
    "startTime" : "20151021T081327-0400",
    "endTime" : "20151021T125642-0400",
    "place" : {
      "id" : 276372414,
      "type" : "unknown",
      "location" : {
        "lat" : 40.7408375251,
        "lon" : -74.0021916154
      }
    },
    "lastUpdate" : "20151021T174741Z"
  }, {
    "type" : "move",
    "startTime" : "20151021T125642-0400",
    "endTime" : "20151021T130539-0400",
    "activities" : [ {
      "activity" : "cycling",
      "group" : "cycling",
      "manual" : false,
      "startTime" : "20151021T125642-0400",
      "endTime" : "20151021T130539-0400",
      "duration" : 537.0,
      "distance" : 2392.0,
      "trackPoints" : [ {
        "lat" : 40.7408375251,
        "lon" : -74.0021916154,
        "time" : "20151021T125642-0400"
      }, {
        "lat" : 40.7428229954,
        "lon" : -74.0003853428,
        "time" : "20151021T125741-0400"
      }, {
        "lat" : 40.7453399331,
        "lon" : -73.9987366983,
        "time" : "20151021T125841-0400"
      }, {
        "lat" : 40.7461232664,
        "lon" : -73.9981770301,
        "time" : "20151021T125905-0400"
      }, {
        "lat" : 40.7471929368,
        "lon" : -73.99701792,
        "time" : "20151021T125942-0400"
      }, {
        "lat" : 40.7478905253,
        "lon" : -73.9965105314,
        "time" : "20151021T125959-0400"
      }, {
        "lat" : 40.7478909306,
        "lon" : -73.9965102366,
        "time" : "20151021T130000-0400"
      }, {
        "lat" : 40.7496248365,
        "lon" : -73.9952490863,
        "time" : "20151021T130042-0400"
      }, {
        "lat" : 40.7498119648,
        "lon" : -73.9951476677,
        "time" : "20151021T130107-0400"
      }, {
        "lat" : 40.7499357896,
        "lon" : -73.9950457928,
        "time" : "20151021T130123-0400"
      }, {
        "lat" : 40.7502459948,
        "lon" : -73.9948097833,
        "time" : "20151021T130143-0400"
      }, {
        "lat" : 40.7506866847,
        "lon" : -73.9944654727,
        "time" : "20151021T130158-0400"
      }, {
        "lat" : 40.7513212461,
        "lon" : -73.9938859998,
        "time" : "20151021T130219-0400"
      }, {
        "lat" : 40.7520856548,
        "lon" : -73.9931309085,
        "time" : "20151021T130242-0400"
      }, {
        "lat" : 40.753601086,
        "lon" : -73.9918368579,
        "time" : "20151021T130343-0400"
      }, {
        "lat" : 40.7537634969,
        "lon" : -73.9914842793,
        "time" : "20151021T130406-0400"
      }, {
        "lat" : 40.7537060696,
        "lon" : -73.9909282196,
        "time" : "20151021T130439-0400"
      }, {
        "lat" : 40.7533342728,
        "lon" : -73.989642035,
        "time" : "20151021T130508-0400"
      }, {
        "lat" : 40.7521916402,
        "lon" : -73.9876325424,
        "time" : "20151021T130539-0400"
      } ]
    } ],
    "lastUpdate" : "20151021T174741Z"
  }, {
    "type" : "place",
    "startTime" : "20151021T130539-0400",
    "endTime" : "20151021T135730-0400",
    "place" : {
      "id" : 276618824,
      "type" : "unknown",
      "location" : {
        "lat" : 40.751915205,
        "lon" : -73.9877943628
      }
    },
    "activities" : [ {
      "activity" : "walking",
      "group" : "walking",
      "manual" : false,
      "startTime" : "20151021T131108-0400",
      "endTime" : "20151021T131926-0400",
      "duration" : 498.0,
      "distance" : 435.0,
      "steps" : 580,
      "trackPoints" : [ ]
    } ],
    "lastUpdate" : "20151021T194613Z"
  }, {
    "type" : "move",
    "startTime" : "20151021T135730-0400",
    "endTime" : "20151021T141813-0400",
    "activities" : [ {
      "activity" : "transport",
      "group" : "transport",
      "manual" : false,
      "startTime" : "20151021T135730-0400",
      "endTime" : "20151021T141410-0400",
      "duration" : 1000.0,
      "distance" : 2131.0,
      "trackPoints" : [ {
        "lat" : 40.751915205,
        "lon" : -73.9877943628,
        "time" : "20151021T135730-0400"
      }, {
        "lat" : 40.7501151641,
        "lon" : -73.9900808275,
        "time" : "20151021T135959-0400"
      }, {
        "lat" : 40.750115044,
        "lon" : -73.99008098,
        "time" : "20151021T140000-0400"
      }, {
        "lat" : 40.7399054956,
        "lon" : -74.0030494474,
        "time" : "20151021T141410-0400"
      } ]
    }, {
      "activity" : "walking",
      "group" : "walking",
      "manual" : false,
      "startTime" : "20151021T141410-0400",
      "endTime" : "20151021T141814-0400",
      "duration" : 244.0,
      "distance" : 293.0,
      "steps" : 244,
      "trackPoints" : [ {
        "lat" : 40.7399054956,
        "lon" : -74.0030494474,
        "time" : "20151021T141410-0400"
      }, {
        "lat" : 40.7400646588,
        "lon" : -74.0032122149,
        "time" : "20151021T141426-0400"
      }, {
        "lat" : 40.7401998211,
        "lon" : -74.0034189267,
        "time" : "20151021T141442-0400"
      }, {
        "lat" : 40.7405109417,
        "lon" : -74.0039128764,
        "time" : "20151021T141514-0400"
      }, {
        "lat" : 40.7408387114,
        "lon" : -74.0048383679,
        "time" : "20151021T141615-0400"
      }, {
        "lat" : 40.7409828282,
        "lon" : -74.0051008925,
        "time" : "20151021T141642-0400"
      }, {
        "lat" : 40.7411834382,
        "lon" : -74.0053862137,
        "time" : "20151021T141715-0400"
      }, {
        "lat" : 40.7412700524,
        "lon" : -74.0054270566,
        "time" : "20151021T141736-0400"
      }, {
        "lat" : 40.741155108,
        "lon" : -74.0049633069,
        "time" : "20151021T141813-0400"
      } ]
    } ],
    "lastUpdate" : "20151021T194613Z"
  }, {
    "type" : "place",
    "startTime" : "20151021T141813-0400",
    "endTime" : "20151021T150029-0400",
    "place" : {
      "id" : 276618825,
      "type" : "unknown",
      "location" : {
        "lat" : 40.741155108,
        "lon" : -74.0049633069
      }
    },
    "activities" : [ {
      "activity" : "walking",
      "group" : "walking",
      "manual" : false,
      "startTime" : "20151021T145835-0400",
      "endTime" : "20151021T145924-0400",
      "duration" : 49.0,
      "distance" : 33.0,
      "steps" : 66,
      "trackPoints" : [ ]
    }, {
      "activity" : "walking",
      "group" : "walking",
      "manual" : false,
      "startTime" : "20151021T150000-0400",
      "endTime" : "20151021T150036-0400",
      "duration" : 36.0,
      "distance" : 25.0,
      "steps" : 50,
      "trackPoints" : [ ]
    } ],
    "lastUpdate" : "20151021T194614Z"
  }, {
    "type" : "move",
    "startTime" : "20151021T150029-0400",
    "endTime" : "20151021T150822-0400",
    "activities" : [ {
      "activity" : "walking",
      "group" : "walking",
      "manual" : false,
      "startTime" : "20151021T150029-0400",
      "endTime" : "20151021T150821-0400",
      "duration" : 472.0,
      "distance" : 427.0,
      "steps" : 549,
      "trackPoints" : [ {
        "lat" : 40.741155108,
        "lon" : -74.0049633069,
        "time" : "20151021T150029-0400"
      }, {
        "lat" : 40.7408982141,
        "lon" : -74.0049905107,
        "time" : "20151021T150046-0400"
      }, {
        "lat" : 40.7407182252,
        "lon" : -74.0046287745,
        "time" : "20151021T150106-0400"
      }, {
        "lat" : 40.7404906179,
        "lon" : -74.0040286131,
        "time" : "20151021T150129-0400"
      }, {
        "lat" : 40.7403448755,
        "lon" : -74.0037595383,
        "time" : "20151021T150152-0400"
      }, {
        "lat" : 40.7401046009,
        "lon" : -74.0033361009,
        "time" : "20151021T150230-0400"
      }, {
        "lat" : 40.7400374368,
        "lon" : -74.0031107683,
        "time" : "20151021T150246-0400"
      }, {
        "lat" : 40.7399869179,
        "lon" : -74.0026893731,
        "time" : "20151021T150311-0400"
      }, {
        "lat" : 40.7400610931,
        "lon" : -74.0022198807,
        "time" : "20151021T150331-0400"
      }, {
        "lat" : 40.7401672763,
        "lon" : -74.0021923451,
        "time" : "20151021T150346-0400"
      }, {
        "lat" : 40.7403310951,
        "lon" : -74.0021133179,
        "time" : "20151021T150411-0400"
      }, {
        "lat" : 40.740466616,
        "lon" : -74.001995959,
        "time" : "20151021T150430-0400"
      }, {
        "lat" : 40.7405796687,
        "lon" : -74.0019501377,
        "time" : "20151021T150449-0400"
      }, {
        "lat" : 40.7406662446,
        "lon" : -74.0018833941,
        "time" : "20151021T150512-0400"
      }, {
        "lat" : 40.7406762002,
        "lon" : -74.0018632606,
        "time" : "20151021T150532-0400"
      }, {
        "lat" : 40.7408015009,
        "lon" : -74.0018735446,
        "time" : "20151021T150601-0400"
      }, {
        "lat" : 40.7408435639,
        "lon" : -74.0018555741,
        "time" : "20151021T150618-0400"
      }, {
        "lat" : 40.7409629152,
        "lon" : -74.0018565425,
        "time" : "20151021T150657-0400"
      }, {
        "lat" : 40.7410947279,
        "lon" : -74.0018714069,
        "time" : "20151021T150721-0400"
      }, {
        "lat" : 40.7411268971,
        "lon" : -74.001893874,
        "time" : "20151021T150822-0400"
      } ]
    } ],
    "lastUpdate" : "20151021T194614Z"
  }, {
    "type" : "place",
    "startTime" : "20151021T150822-0400",
    "endTime" : "20151021T185548-0400",
    "place" : {
      "id" : 276618826,
      "type" : "unknown",
      "location" : {
        "lat" : 40.7411268971,
        "lon" : -74.001893874
      }
    },
    "activities" : [ {
      "activity" : "walking",
      "group" : "walking",
      "manual" : false,
      "startTime" : "20151021T150822-0400",
      "endTime" : "20151021T151139-0400",
      "duration" : 197.0,
      "distance" : 213.0,
      "steps" : 285,
      "trackPoints" : [ ]
    }, {
      "activity" : "walking",
      "group" : "walking",
      "manual" : false,
      "startTime" : "20151021T163425-0400",
      "endTime" : "20151021T163601-0400",
      "duration" : 96.0,
      "distance" : 64.0,
      "steps" : 128,
      "trackPoints" : [ ]
    }, {
      "activity" : "walking",
      "group" : "walking",
      "manual" : false,
      "startTime" : "20151021T170311-0400",
      "endTime" : "20151021T170519-0400",
      "duration" : 128.0,
      "distance" : 131.0,
      "steps" : 174,
      "trackPoints" : [ ]
    }, {
      "activity" : "walking",
      "group" : "walking",
      "manual" : false,
      "startTime" : "20151021T180112-0400",
      "endTime" : "20151021T180551-0400",
      "duration" : 279.0,
      "distance" : 299.0,
      "steps" : 398,
      "trackPoints" : [ ]
    } ],
    "lastUpdate" : "20151022T001909Z"
  }, {
    "type" : "move",
    "startTime" : "20151021T185548-0400",
    "endTime" : "20151021T185926-0400",
    "activities" : [ {
      "activity" : "transport",
      "group" : "transport",
      "manual" : false,
      "startTime" : "20151021T185548-0400",
      "endTime" : "20151021T185926-0400",
      "duration" : 218.0,
      "distance" : 6476.0,
      "trackPoints" : [ {
        "lat" : 40.7411268971,
        "lon" : -74.001893874,
        "time" : "20151021T185548-0400"
      }, {
        "lat" : 40.7869139082,
        "lon" : -73.9733281397,
        "time" : "20151021T185926-0400"
      } ]
    } ],
    "lastUpdate" : "20151022T001909Z"
  }, {
    "type" : "place",
    "startTime" : "20151021T185926-0400",
    "endTime" : "20151021T220211-0400",
    "place" : {
      "id" : 276517856,
      "type" : "unknown",
      "location" : {
        "lat" : 40.7869139082,
        "lon" : -73.9733281397
      }
    },
    "activities" : [ {
      "activity" : "walking",
      "group" : "walking",
      "manual" : false,
      "startTime" : "20151021T190025-0400",
      "endTime" : "20151021T190252-0400",
      "duration" : 147.0,
      "distance" : 152.0,
      "steps" : 202,
      "trackPoints" : [ ]
    }, {
      "activity" : "walking",
      "group" : "walking",
      "manual" : false,
      "startTime" : "20151021T200933-0400",
      "endTime" : "20151021T201025-0400",
      "duration" : 52.0,
      "distance" : 35.0,
      "steps" : 69,
      "trackPoints" : [ ]
    }, {
      "activity" : "walking",
      "group" : "walking",
      "manual" : false,
      "startTime" : "20151021T215724-0400",
      "endTime" : "20151021T215949-0400",
      "duration" : 145.0,
      "distance" : 172.0,
      "steps" : 230,
      "trackPoints" : [ ]
    }, {
      "activity" : "walking",
      "group" : "walking",
      "manual" : false,
      "startTime" : "20151021T220000-0400",
      "endTime" : "20151021T220022-0400",
      "duration" : 22.0,
      "distance" : 15.0,
      "steps" : 29,
      "trackPoints" : [ ]
    } ],
    "lastUpdate" : "20151022T032542Z"
  }, {
    "type" : "move",
    "startTime" : "20151021T220211-0400",
    "endTime" : "20151021T220647-0400",
    "activities" : [ {
      "activity" : "walking",
      "group" : "walking",
      "manual" : false,
      "startTime" : "20151021T220211-0400",
      "endTime" : "20151021T220647-0400",
      "duration" : 276.0,
      "distance" : 263.0,
      "steps" : 388,
      "trackPoints" : [ {
        "lat" : 40.7869139082,
        "lon" : -73.9733281397,
        "time" : "20151021T220211-0400"
      }, {
        "lat" : 40.7869281619,
        "lon" : -73.973249015,
        "time" : "20151021T220238-0400"
      }, {
        "lat" : 40.7869858179,
        "lon" : -73.9733645181,
        "time" : "20151021T220256-0400"
      }, {
        "lat" : 40.7869869893,
        "lon" : -73.9733771681,
        "time" : "20151021T220312-0400"
      }, {
        "lat" : 40.7868887801,
        "lon" : -73.9731212849,
        "time" : "20151021T220346-0400"
      }, {
        "lat" : 40.7867733799,
        "lon" : -73.9728478795,
        "time" : "20151021T220411-0400"
      }, {
        "lat" : 40.7866350907,
        "lon" : -73.9726033765,
        "time" : "20151021T220435-0400"
      }, {
        "lat" : 40.7862676164,
        "lon" : -73.9724404139,
        "time" : "20151021T220511-0400"
      }, {
        "lat" : 40.7860103145,
        "lon" : -73.9726613084,
        "time" : "20151021T220555-0400"
      }, {
        "lat" : 40.786039756,
        "lon" : -73.9728020843,
        "time" : "20151021T220617-0400"
      }, {
        "lat" : 40.7856083693,
        "lon" : -73.9725035257,
        "time" : "20151021T220647-0400"
      } ]
    } ],
    "lastUpdate" : "20151022T032542Z"
  }, {
    "type" : "place",
    "startTime" : "20151021T220647-0400",
    "endTime" : "20151021T223835-0400",
    "place" : {
      "id" : 276386332,
      "type" : "unknown",
      "location" : {
        "lat" : 40.7856083693,
        "lon" : -73.9725035257
      }
    },
    "activities" : [ {
      "activity" : "walking",
      "group" : "walking",
      "manual" : false,
      "startTime" : "20151021T220647-0400",
      "endTime" : "20151021T220749-0400",
      "duration" : 62.0,
      "distance" : 42.0,
      "steps" : 85,
      "trackPoints" : [ ]
    } ],
    "lastUpdate" : "20151022T032542Z"
  }, {
    "type" : "move",
    "startTime" : "20151021T223835-0400",
    "endTime" : "20151021T224608-0400",
    "activities" : [ {
      "activity" : "walking",
      "group" : "walking",
      "manual" : false,
      "startTime" : "20151021T223835-0400",
      "endTime" : "20151021T224609-0400",
      "duration" : 454.0,
      "distance" : 523.0,
      "steps" : 567,
      "trackPoints" : [ {
        "lat" : 40.7856083693,
        "lon" : -73.9725035257,
        "time" : "20151021T223835-0400"
      }, {
        "lat" : 40.7855713435,
        "lon" : -73.9725363764,
        "time" : "20151021T223904-0400"
      }, {
        "lat" : 40.785329282,
        "lon" : -73.9722543083,
        "time" : "20151021T223933-0400"
      }, {
        "lat" : 40.7854347247,
        "lon" : -73.9721866132,
        "time" : "20151021T223954-0400"
      }, {
        "lat" : 40.785749142,
        "lon" : -73.9721102893,
        "time" : "20151021T224025-0400"
      }, {
        "lat" : 40.7873286881,
        "lon" : -73.9717382576,
        "time" : "20151021T224249-0400"
      }, {
        "lat" : 40.7875170371,
        "lon" : -73.9714498237,
        "time" : "20151021T224306-0400"
      }, {
        "lat" : 40.787655972,
        "lon" : -73.9713150481,
        "time" : "20151021T224326-0400"
      }, {
        "lat" : 40.7878366549,
        "lon" : -73.9710951106,
        "time" : "20151021T224355-0400"
      }, {
        "lat" : 40.7879532558,
        "lon" : -73.9709454192,
        "time" : "20151021T224412-0400"
      }, {
        "lat" : 40.7883128807,
        "lon" : -73.9710813661,
        "time" : "20151021T224451-0400"
      }, {
        "lat" : 40.7885325898,
        "lon" : -73.9711833567,
        "time" : "20151021T224513-0400"
      }, {
        "lat" : 40.7883880887,
        "lon" : -73.9711576616,
        "time" : "20151021T224551-0400"
      }, {
        "lat" : 40.7881242103,
        "lon" : -73.9711057044,
        "time" : "20151021T224608-0400"
      } ]
    } ],
    "lastUpdate" : "20151022T032542Z"
  }, {
    "type" : "place",
    "startTime" : "20151021T224608-0400",
    "endTime" : "20151021T225022-0400",
    "place" : {
      "id" : 276685780,
      "type" : "unknown",
      "location" : {
        "lat" : 40.7881242103,
        "lon" : -73.9711057044
      }
    },
    "activities" : [ {
      "activity" : "walking",
      "group" : "walking",
      "manual" : false,
      "startTime" : "20151021T224944-0400",
      "endTime" : "20151021T224954-0400",
      "duration" : 10.0,
      "distance" : 7.0,
      "steps" : 13,
      "trackPoints" : [ ]
    } ],
    "lastUpdate" : "20151022T032542Z"
  }, {
    "type" : "move",
    "startTime" : "20151021T225022-0400",
    "endTime" : "20151021T225713-0400",
    "activities" : [ {
      "activity" : "walking",
      "group" : "walking",
      "manual" : false,
      "startTime" : "20151021T225022-0400",
      "endTime" : "20151021T225713-0400",
      "duration" : 411.0,
      "distance" : 389.0,
      "steps" : 516,
      "trackPoints" : [ {
        "lat" : 40.7881242103,
        "lon" : -73.9711057044,
        "time" : "20151021T225022-0400"
      }, {
        "lat" : 40.7876871045,
        "lon" : -73.9710866655,
        "time" : "20151021T225225-0400"
      }, {
        "lat" : 40.7876499839,
        "lon" : -73.9712660595,
        "time" : "20151021T225241-0400"
      }, {
        "lat" : 40.787320602,
        "lon" : -73.9713629332,
        "time" : "20151021T225316-0400"
      }, {
        "lat" : 40.7872465985,
        "lon" : -73.9715368669,
        "time" : "20151021T225333-0400"
      }, {
        "lat" : 40.7869373363,
        "lon" : -73.9718960728,
        "time" : "20151021T225416-0400"
      }, {
        "lat" : 40.7867205633,
        "lon" : -73.971988125,
        "time" : "20151021T225439-0400"
      }, {
        "lat" : 40.7862025802,
        "lon" : -73.9721639966,
        "time" : "20151021T225518-0400"
      }, {
        "lat" : 40.7858918011,
        "lon" : -73.9722124618,
        "time" : "20151021T225543-0400"
      }, {
        "lat" : 40.7853539387,
        "lon" : -73.9722673364,
        "time" : "20151021T225618-0400"
      }, {
        "lat" : 40.7853068674,
        "lon" : -73.9722768171,
        "time" : "20151021T225637-0400"
      }, {
        "lat" : 40.7853027146,
        "lon" : -73.9722919496,
        "time" : "20151021T225713-0400"
      } ]
    } ],
    "lastUpdate" : "20151022T032542Z"
  }, {
    "type" : "place",
    "startTime" : "20151021T225713-0400",
    "endTime" : "20151022T064417-0400",
    "place" : {
      "id" : 276458640,
      "type" : "unknown",
      "location" : {
        "lat" : 40.7856121081,
        "lon" : -73.9720724825
      }
    },
    "activities" : [ {
      "activity" : "walking",
      "group" : "walking",
      "manual" : false,
      "startTime" : "20151021T225713-0400",
      "endTime" : "20151021T225730-0400",
      "duration" : 17.0,
      "distance" : 11.0,
      "steps" : 23,
      "trackPoints" : [ ]
    } ],
    "lastUpdate" : "20151022T155216Z"
  } ],
  "lastUpdate" : "20151022T155216Z"
} ]