[ {
  "date" : "20151101",
  "summary" : [ {
    "activity" : "walking",
    "group" : "walking",
    "duration" : 6925.0,
    "distance" : 7453.0,
    "steps" : 9738
  }, {
    "activity" : "transport",
    "group" : "transport",
    "duration" : 3178.0,
    "distance" : 40889.0
  } ],
  "segments" : [ {
    "type" : "place",
    "startTime" : "20151101T010617-0400",
    "endTime" : "20151101T083420-0500",
    "place" : {
      "id" : 276458640,
      "type" : "unknown",
      "location" : {
        "lat" : 40.7856121081,
        "lon" : -73.9720724825
      }
    },
    "activities" : [ {
      "activity" : "walking",
      "group" : "walking",
      "manual" : false,
      "startTime" : "20151101T083216-0500",
      "endTime" : "20151101T083222-0500",
      "duration" : 6.0,
      "distance" : 4.0,
      "steps" : 8,
      "trackPoints" : [ ]
    } ],
    "lastUpdate" : "20151101T210356Z"
  }, {
    "type" : "move",
    "startTime" : "20151101T083420-0500",
    "endTime" : "20151101T084046-0500",
    "activities" : [ {
      "activity" : "walking",
      "group" : "walking",
      "manual" : false,
      "startTime" : "20151101T083420-0500",
      "endTime" : "20151101T084046-0500",
      "duration" : 386.0,
      "distance" : 270.0,
      "steps" : 494,
      "trackPoints" : [ {
        "lat" : 40.7856121081,
        "lon" : -73.9720724825,
        "time" : "20151101T083420-0500"
      }, {
        "lat" : 40.7856236862,
        "lon" : -73.9724224001,
        "time" : "20151101T083551-0500"
      }, {
        "lat" : 40.7857956325,
        "lon" : -73.9725407203,
        "time" : "20151101T083607-0500"
      }, {
        "lat" : 40.7861290679,
        "lon" : -73.9724158925,
        "time" : "20151101T083637-0500"
      }, {
        "lat" : 40.7866701522,
        "lon" : -73.9722996772,
        "time" : "20151101T083718-0500"
      }, {
        "lat" : 40.7867027696,
        "lon" : -73.9726237309,
        "time" : "20151101T083845-0500"
      }, {
        "lat" : 40.7867239155,
        "lon" : -73.9728335476,
        "time" : "20151101T083947-0500"
      }, {
        "lat" : 40.7869139082,
        "lon" : -73.9733281397,
        "time" : "20151101T084046-0500"
      } ]
    } ],
    "lastUpdate" : "20151101T210356Z"
  }, {
    "type" : "place",
    "startTime" : "20151101T084047-0500",
    "endTime" : "20151101T103046-0500",
    "place" : {
      "id" : 276517856,
      "type" : "unknown",
      "location" : {
        "lat" : 40.7869139082,
        "lon" : -73.9733281397
      }
    },
    "activities" : [ {
      "activity" : "walking",
      "group" : "walking",
      "manual" : false,
      "startTime" : "20151101T084047-0500",
      "endTime" : "20151101T084113-0500",
      "duration" : 26.0,
      "distance" : 17.0,
      "steps" : 35,
      "trackPoints" : [ ]
    }, {
      "activity" : "walking",
      "group" : "walking",
      "manual" : false,
      "startTime" : "20151101T090904-0500",
      "endTime" : "20151101T091406-0500",
      "duration" : 302.0,
      "distance" : 337.0,
      "steps" : 449,
      "trackPoints" : [ ]
    } ],
    "lastUpdate" : "20151101T210356Z"
  }, {
    "type" : "place",
    "startTime" : "20151101T103047-0500",
    "endTime" : "20151101T124259-0500",
    "place" : {
      "id" : 279991740,
      "type" : "unknown",
      "location" : {
        "lat" : 40.7846327385,
        "lon" : -73.9700231031
      }
    },
    "activities" : [ {
      "activity" : "walking",
      "group" : "walking",
      "manual" : false,
      "startTime" : "20151101T103309-0500",
      "endTime" : "20151101T103355-0500",
      "duration" : 46.0,
      "distance" : 31.0,
      "steps" : 61,
      "trackPoints" : [ ]
    }, {
      "activity" : "walking",
      "group" : "walking",
      "manual" : false,
      "startTime" : "20151101T122627-0500",
      "endTime" : "20151101T123656-0500",
      "duration" : 629.0,
      "distance" : 698.0,
      "steps" : 931,
      "trackPoints" : [ ]
    } ],
    "lastUpdate" : "20151101T210356Z"
  }, {
    "type" : "move",
    "startTime" : "20151101T124259-0500",
    "endTime" : "20151101T125612-0500",
    "activities" : [ {
      "activity" : "walking",
      "group" : "walking",
      "manual" : false,
      "startTime" : "20151101T124259-0500",
      "endTime" : "20151101T125612-0500",
      "duration" : 793.0,
      "distance" : 1113.0,
      "steps" : 1305,
      "trackPoints" : [ {
        "lat" : 40.7846327385,
        "lon" : -73.9700231031,
        "time" : "20151101T124259-0500"
      }, {
        "lat" : 40.784810901,
        "lon" : -73.9694175165,
        "time" : "20151101T124325-0500"
      }, {
        "lat" : 40.7850038922,
        "lon" : -73.9692596546,
        "time" : "20151101T124403-0500"
      }, {
        "lat" : 40.7849832523,
        "lon" : -73.9691162698,
        "time" : "20151101T124421-0500"
      }, {
        "lat" : 40.7851117805,
        "lon" : -73.9684934508,
        "time" : "20151101T124504-0500"
      }, {
        "lat" : 40.7849513421,
        "lon" : -73.9681634653,
        "time" : "20151101T124533-0500"
      }, {
        "lat" : 40.7846993827,
        "lon" : -73.9677417872,
        "time" : "20151101T124605-0500"
      }, {
        "lat" : 40.784647837,
        "lon" : -73.9675443713,
        "time" : "20151101T124624-0500"
      }, {
        "lat" : 40.7845206811,
        "lon" : -73.9670936738,
        "time" : "20151101T124650-0500"
      }, {
        "lat" : 40.7844211328,
        "lon" : -73.9667426876,
        "time" : "20151101T124707-0500"
      }, {
        "lat" : 40.7843767206,
        "lon" : -73.9664088199,
        "time" : "20151101T124725-0500"
      }, {
        "lat" : 40.7841715908,
        "lon" : -73.9656960177,
        "time" : "20151101T124807-0500"
      }, {
        "lat" : 40.7839997401,
        "lon" : -73.9653780256,
        "time" : "20151101T124828-0500"
      }, {
        "lat" : 40.7836471189,
        "lon" : -73.9650823692,
        "time" : "20151101T124852-0500"
      }, {
        "lat" : 40.783408551,
        "lon" : -73.9648911904,
        "time" : "20151101T124908-0500"
      }, {
        "lat" : 40.7834173586,
        "lon" : -73.9646049354,
        "time" : "20151101T124928-0500"
      }, {
        "lat" : 40.7834728653,
        "lon" : -73.9642572917,
        "time" : "20151101T124948-0500"
      }, {
        "lat" : 40.7835453063,
        "lon" : -73.9639040815,
        "time" : "20151101T125007-0500"
      }, {
        "lat" : 40.7831784195,
        "lon" : -73.9633943101,
        "time" : "20151101T125050-0500"
      }, {
        "lat" : 40.7828422634,
        "lon" : -73.9630623413,
        "time" : "20151101T125116-0500"
      }, {
        "lat" : 40.7826336198,
        "lon" : -73.9630188564,
        "time" : "20151101T125136-0500"
      }, {
        "lat" : 40.7822767868,
        "lon" : -73.963069786,
        "time" : "20151101T125205-0500"
      }, {
        "lat" : 40.7817784094,
        "lon" : -73.9630907759,
        "time" : "20151101T125235-0500"
      }, {
        "lat" : 40.7813670883,
        "lon" : -73.9627267542,
        "time" : "20151101T125311-0500"
      }, {
        "lat" : 40.7812378845,
        "lon" : -73.9625476596,
        "time" : "20151101T125329-0500"
      }, {
        "lat" : 40.7811086692,
        "lon" : -73.9623748682,
        "time" : "20151101T125349-0500"
      }, {
        "lat" : 40.7809521552,
        "lon" : -73.9622541867,
        "time" : "20151101T125412-0500"
      }, {
        "lat" : 40.7809207481,
        "lon" : -73.9623527905,
        "time" : "20151101T125430-0500"
      }, {
        "lat" : 40.7810993097,
        "lon" : -73.9630174199,
        "time" : "20151101T125511-0500"
      }, {
        "lat" : 40.780814669,
        "lon" : -73.9628881018,
        "time" : "20151101T125612-0500"
      } ]
    } ],
    "lastUpdate" : "20151101T210356Z"
  }, {
    "type" : "place",
    "startTime" : "20151101T125612-0500",
    "endTime" : "20151101T130206-0500",
    "place" : {
      "id" : 279991741,
      "type" : "unknown",
      "location" : {
        "lat" : 40.780814669,
        "lon" : -73.9628881018
      }
    },
    "activities" : [ {
      "activity" : "walking",
      "group" : "walking",
      "manual" : false,
      "startTime" : "20151101T130021-0500",
      "endTime" : "20151101T130112-0500",
      "duration" : 51.0,
      "distance" : 36.0,
      "steps" : 71,
      "trackPoints" : [ ]
    } ],
    "lastUpdate" : "20151101T210356Z"
  }, {
    "type" : "move",
    "startTime" : "20151101T130206-0500",
    "endTime" : "20151101T130812-0500",
    "activities" : [ {
      "activity" : "walking",
      "group" : "walking",
      "manual" : false,
      "startTime" : "20151101T130206-0500",
      "endTime" : "20151101T130813-0500",
      "duration" : 367.0,
      "distance" : 349.0,
      "steps" : 443,
      "trackPoints" : [ {
        "lat" : 40.780814669,
        "lon" : -73.9628881018,
        "time" : "20151101T130206-0500"
      }, {
        "lat" : 40.7808087438,
        "lon" : -73.9628061696,
        "time" : "20151101T130238-0500"
      }, {
        "lat" : 40.7808604965,
        "lon" : -73.9623672633,
        "time" : "20151101T130311-0500"
      }, {
        "lat" : 40.7808184047,
        "lon" : -73.9622192655,
        "time" : "20151101T130328-0500"
      }, {
        "lat" : 40.7807843976,
        "lon" : -73.9621066263,
        "time" : "20151101T130343-0500"
      }, {
        "lat" : 40.7807325295,
        "lon" : -73.9617292186,
        "time" : "20151101T130412-0500"
      }, {
        "lat" : 40.7806841173,
        "lon" : -73.9618412274,
        "time" : "20151101T130429-0500"
      }, {
        "lat" : 40.780678535,
        "lon" : -73.96185117,
        "time" : "20151101T130447-0500"
      }, {
        "lat" : 40.780661517,
        "lon" : -73.9618617332,
        "time" : "20151101T130509-0500"
      }, {
        "lat" : 40.7805958184,
        "lon" : -73.9618449727,
        "time" : "20151101T130526-0500"
      }, {
        "lat" : 40.7801088312,
        "lon" : -73.961726173,
        "time" : "20151101T130615-0500"
      }, {
        "lat" : 40.7795314997,
        "lon" : -73.962078115,
        "time" : "20151101T130712-0500"
      }, {
        "lat" : 40.7793947444,
        "lon" : -73.9622435632,
        "time" : "20151101T130729-0500"
      }, {
        "lat" : 40.7793761676,
        "lon" : -73.9628203952,
        "time" : "20151101T130812-0500"
      } ]
    } ],
    "lastUpdate" : "20151101T210356Z"
  }, {
    "type" : "place",
    "startTime" : "20151101T130812-0500",
    "endTime" : "20151101T132359-0500",
    "place" : {
      "id" : 279991742,
      "type" : "unknown",
      "location" : {
        "lat" : 40.7793761676,
        "lon" : -73.9628203952
      }
    },
    "activities" : [ {
      "activity" : "walking",
      "group" : "walking",
      "manual" : false,
      "startTime" : "20151101T130812-0500",
      "endTime" : "20151101T131606-0500",
      "duration" : 474.0,
      "distance" : 486.0,
      "steps" : 648,
      "trackPoints" : [ ]
    } ],
    "lastUpdate" : "20151101T210356Z"
  }, {
    "type" : "place",
    "startTime" : "20151101T132359-0500",
    "endTime" : "20151101T134604-0500",
    "place" : {
      "id" : 279991743,
      "type" : "unknown",
      "location" : {
        "lat" : 40.7804526668,
        "lon" : -73.9623457491
      }
    },
    "activities" : [ {
      "activity" : "walking",
      "group" : "walking",
      "manual" : false,
      "startTime" : "20151101T132359-0500",
      "endTime" : "20151101T132943-0500",
      "duration" : 344.0,
      "distance" : 351.0,
      "steps" : 468,
      "trackPoints" : [ ]
    } ],
    "lastUpdate" : "20151101T210356Z"
  }, {
    "type" : "place",
    "startTime" : "20151101T134720-0500",
    "endTime" : "20151101T135517-0500",
    "place" : {
      "id" : 279991744,
      "type" : "unknown",
      "location" : {
        "lat" : 40.7789860829,
        "lon" : -73.963924247
      }
    },
    "activities" : [ {
      "activity" : "walking",
      "group" : "walking",
      "manual" : false,
      "startTime" : "20151101T134720-0500",
      "endTime" : "20151101T135309-0500",
      "duration" : 349.0,
      "distance" : 353.0,
      "steps" : 470,
      "trackPoints" : [ ]
    } ],
    "lastUpdate" : "20151101T210356Z"
  }, {
    "type" : "move",
    "startTime" : "20151101T135517-0500",
    "endTime" : "20151101T140626-0500",
    "activities" : [ {
      "activity" : "walking",
      "group" : "walking",
      "manual" : false,
      "startTime" : "20151101T135517-0500",
      "endTime" : "20151101T140627-0500",
      "duration" : 670.0,
      "distance" : 688.0,
      "steps" : 947,
      "trackPoints" : [ {
        "lat" : 40.7789860829,
        "lon" : -73.963924247,
        "time" : "20151101T135517-0500"
      }, {
        "lat" : 40.7789863067,
        "lon" : -73.9639216565,
        "time" : "20151101T135618-0500"
      }, {
        "lat" : 40.7790167589,
        "lon" : -73.963919664,
        "time" : "20151101T135700-0500"
      }, {
        "lat" : 40.7791125597,
        "lon" : -73.9639545265,
        "time" : "20151101T135719-0500"
      }, {
        "lat" : 40.779306404,
        "lon" : -73.9641900665,
        "time" : "20151101T135747-0500"
      }, {
        "lat" : 40.7791941801,
        "lon" : -73.9641884318,
        "time" : "20151101T135807-0500"
      }, {
        "lat" : 40.7791874744,
        "lon" : -73.9640407179,
        "time" : "20151101T135846-0500"
      }, {
        "lat" : 40.7791862548,
        "lon" : -73.9639669194,
        "time" : "20151101T135919-0500"
      }, {
        "lat" : 40.7791879616,
        "lon" : -73.9639101899,
        "time" : "20151101T135934-0500"
      }, {
        "lat" : 40.7791977281,
        "lon" : -73.9637185136,
        "time" : "20151101T135959-0500"
      }, {
        "lat" : 40.779197732,
        "lon" : -73.9637184371,
        "time" : "20151101T140000-0500"
      }, {
        "lat" : 40.7792055353,
        "lon" : -73.9635652912,
        "time" : "20151101T140020-0500"
      }, {
        "lat" : 40.7792866783,
        "lon" : -73.9623714354,
        "time" : "20151101T140119-0500"
      }, {
        "lat" : 40.779510761,
        "lon" : -73.9623914808,
        "time" : "20151101T140138-0500"
      }, {
        "lat" : 40.7797398939,
        "lon" : -73.9621177025,
        "time" : "20151101T140205-0500"
      }, {
        "lat" : 40.7799323137,
        "lon" : -73.961750282,
        "time" : "20151101T140225-0500"
      }, {
        "lat" : 40.7803474638,
        "lon" : -73.9617630726,
        "time" : "20151101T140326-0500"
      }, {
        "lat" : 40.78050409,
        "lon" : -73.9619553858,
        "time" : "20151101T140348-0500"
      }, {
        "lat" : 40.7807668117,
        "lon" : -73.9623815864,
        "time" : "20151101T140428-0500"
      }, {
        "lat" : 40.7808559905,
        "lon" : -73.9626325653,
        "time" : "20151101T140449-0500"
      }, {
        "lat" : 40.7810182245,
        "lon" : -73.9630761737,
        "time" : "20151101T140526-0500"
      }, {
        "lat" : 40.7812430253,
        "lon" : -73.9632807447,
        "time" : "20151101T140606-0500"
      }, {
        "lat" : 40.7813790753,
        "lon" : -73.9635029079,
        "time" : "20151101T140626-0500"
      } ]
    } ],
    "lastUpdate" : "20151101T210356Z"
  }, {
    "type" : "place",
    "startTime" : "20151101T140626-0500",
    "endTime" : "20151101T143319-0500",
    "place" : {
      "id" : 279991745,
      "type" : "unknown",
      "location" : {
        "lat" : 40.7813790753,
        "lon" : -73.9635029079
      }
    },
    "activities" : [ {
      "activity" : "walking",
      "group" : "walking",
      "manual" : false,
      "startTime" : "20151101T143141-0500",
      "endTime" : "20151101T143205-0500",
      "duration" : 24.0,
      "distance" : 15.0,
      "steps" : 31,
      "trackPoints" : [ ]
    } ],
    "lastUpdate" : "20151101T210356Z"
  }, {
    "type" : "move",
    "startTime" : "20151101T143319-0500",
    "endTime" : "20151101T145234-0500",
    "activities" : [ {
      "activity" : "walking",
      "group" : "walking",
      "manual" : false,
      "startTime" : "20151101T143319-0500",
      "endTime" : "20151101T145234-0500",
      "duration" : 1155.0,
      "distance" : 1320.0,
      "steps" : 1654,
      "trackPoints" : [ {
        "lat" : 40.7813790753,
        "lon" : -73.9635029079,
        "time" : "20151101T143319-0500"
      }, {
        "lat" : 40.7812479827,
        "lon" : -73.9630232749,
        "time" : "20151101T143345-0500"
      }, {
        "lat" : 40.7810839936,
        "lon" : -73.9625112076,
        "time" : "20151101T143547-0500"
      }, {
        "lat" : 40.7811513066,
        "lon" : -73.9625570403,
        "time" : "20151101T143604-0500"
      }, {
        "lat" : 40.7813160503,
        "lon" : -73.9626825761,
        "time" : "20151101T143620-0500"
      }, {
        "lat" : 40.7814917775,
        "lon" : -73.9629653942,
        "time" : "20151101T143649-0500"
      }, {
        "lat" : 40.7817455901,
        "lon" : -73.9631739732,
        "time" : "20151101T143714-0500"
      }, {
        "lat" : 40.7820220475,
        "lon" : -73.9633044625,
        "time" : "20151101T143734-0500"
      }, {
        "lat" : 40.782316485,
        "lon" : -73.9634272078,
        "time" : "20151101T143800-0500"
      }, {
        "lat" : 40.7827703625,
        "lon" : -73.9636193765,
        "time" : "20151101T143834-0500"
      }, {
        "lat" : 40.7829758411,
        "lon" : -73.9638973148,
        "time" : "20151101T143902-0500"
      }, {
        "lat" : 40.7831793485,
        "lon" : -73.9642837307,
        "time" : "20151101T143934-0500"
      }, {
        "lat" : 40.7835045066,
        "lon" : -73.9648382412,
        "time" : "20151101T144014-0500"
      }, {
        "lat" : 40.7836211411,
        "lon" : -73.9651252028,
        "time" : "20151101T144035-0500"
      }, {
        "lat" : 40.7837284285,
        "lon" : -73.9653513722,
        "time" : "20151101T144100-0500"
      }, {
        "lat" : 40.7837946991,
        "lon" : -73.9654890132,
        "time" : "20151101T144115-0500"
      }, {
        "lat" : 40.783899142,
        "lon" : -73.96573203,
        "time" : "20151101T144136-0500"
      }, {
        "lat" : 40.7843434284,
        "lon" : -73.9668162034,
        "time" : "20151101T144238-0500"
      }, {
        "lat" : 40.7844521338,
        "lon" : -73.9669898737,
        "time" : "20151101T144253-0500"
      }, {
        "lat" : 40.7846161475,
        "lon" : -73.9672074952,
        "time" : "20151101T144313-0500"
      }, {
        "lat" : 40.7847919637,
        "lon" : -73.9674558572,
        "time" : "20151101T144335-0500"
      }, {
        "lat" : 40.7848304324,
        "lon" : -73.9677335942,
        "time" : "20151101T144359-0500"
      }, {
        "lat" : 40.7847772919,
        "lon" : -73.967959341,
        "time" : "20151101T144414-0500"
      }, {
        "lat" : 40.7846440751,
        "lon" : -73.9683493918,
        "time" : "20151101T144436-0500"
      }, {
        "lat" : 40.7848029649,
        "lon" : -73.9687491803,
        "time" : "20151101T144501-0500"
      }, {
        "lat" : 40.7850037244,
        "lon" : -73.9691443634,
        "time" : "20151101T144521-0500"
      }, {
        "lat" : 40.785205218,
        "lon" : -73.9694885569,
        "time" : "20151101T144537-0500"
      }, {
        "lat" : 40.7852517276,
        "lon" : -73.9697520291,
        "time" : "20151101T144607-0500"
      }, {
        "lat" : 40.7853123458,
        "lon" : -73.9700538612,
        "time" : "20151101T144636-0500"
      }, {
        "lat" : 40.7852145839,
        "lon" : -73.9701461651,
        "time" : "20151101T144653-0500"
      }, {
        "lat" : 40.7846412118,
        "lon" : -73.9701160325,
        "time" : "20151101T144738-0500"
      }, {
        "lat" : 40.784668195,
        "lon" : -73.9701813236,
        "time" : "20151101T144755-0500"
      }, {
        "lat" : 40.7848213967,
        "lon" : -73.9703461992,
        "time" : "20151101T144815-0500"
      }, {
        "lat" : 40.7850461495,
        "lon" : -73.9705750951,
        "time" : "20151101T144838-0500"
      }, {
        "lat" : 40.7851475899,
        "lon" : -73.9708293873,
        "time" : "20151101T144856-0500"
      }, {
        "lat" : 40.7852627378,
        "lon" : -73.9711159304,
        "time" : "20151101T144911-0500"
      }, {
        "lat" : 40.7854875784,
        "lon" : -73.971669948,
        "time" : "20151101T144938-0500"
      }, {
        "lat" : 40.7855756229,
        "lon" : -73.9718430565,
        "time" : "20151101T144957-0500"
      }, {
        "lat" : 40.7856331493,
        "lon" : -73.9719334332,
        "time" : "20151101T145019-0500"
      }, {
        "lat" : 40.785607788,
        "lon" : -73.9718225265,
        "time" : "20151101T145134-0500"
      }, {
        "lat" : 40.7855861515,
        "lon" : -73.9713862068,
        "time" : "20151101T145234-0500"
      } ]
    } ],
    "lastUpdate" : "20151101T210356Z"
  }, {
    "type" : "place",
    "startTime" : "20151101T145234-0500",
    "endTime" : "20151101T151341-0500",
    "place" : {
      "id" : 278456134,
      "type" : "unknown",
      "location" : {
        "lat" : 40.7855861515,
        "lon" : -73.9713862068
      }
    },
    "activities" : [ {
      "activity" : "walking",
      "group" : "walking",
      "manual" : false,
      "startTime" : "20151101T145419-0500",
      "endTime" : "20151101T145432-0500",
      "duration" : 13.0,
      "distance" : 9.0,
      "steps" : 17,
      "trackPoints" : [ ]
    } ],
    "lastUpdate" : "20151101T210356Z"
  }, {
    "type" : "move",
    "startTime" : "20151101T151341-0500",
    "endTime" : "20151101T151936-0500",
    "activities" : [ {
      "activity" : "walking",
      "group" : "walking",
      "manual" : false,
      "startTime" : "20151101T151341-0500",
      "endTime" : "20151101T151936-0500",
      "duration" : 355.0,
      "distance" : 254.0,
      "steps" : 479,
      "trackPoints" : [ {
        "lat" : 40.7855861515,
        "lon" : -73.9713862068,
        "time" : "20151101T151341-0500"
      }, {
        "lat" : 40.7851121661,
        "lon" : -73.9706892839,
        "time" : "20151101T151558-0500"
      }, {
        "lat" : 40.7849124189,
        "lon" : -73.9706536051,
        "time" : "20151101T151619-0500"
      }, {
        "lat" : 40.7848504709,
        "lon" : -73.9704171368,
        "time" : "20151101T151640-0500"
      }, {
        "lat" : 40.7847188677,
        "lon" : -73.9700439443,
        "time" : "20151101T151712-0500"
      }, {
        "lat" : 40.7845928274,
        "lon" : -73.969708961,
        "time" : "20151101T151740-0500"
      }, {
        "lat" : 40.7846654719,
        "lon" : -73.9696752923,
        "time" : "20151101T151757-0500"
      }, {
        "lat" : 40.7847468412,
        "lon" : -73.9696456618,
        "time" : "20151101T151823-0500"
      }, {
        "lat" : 40.7848428504,
        "lon" : -73.969602588,
        "time" : "20151101T151902-0500"
      }, {
        "lat" : 40.7849633936,
        "lon" : -73.9695481718,
        "time" : "20151101T151936-0500"
      } ]
    } ],
    "lastUpdate" : "20151101T210356Z"
  }, {
    "type" : "place",
    "startTime" : "20151101T151936-0500",
    "endTime" : "20151101T154938-0500",
    "place" : {
      "id" : 280010801,
      "type" : "unknown",
      "location" : {
        "lat" : 40.7849633936,
        "lon" : -73.9695481718
      }
    },
    "activities" : [ {
      "activity" : "walking",
      "group" : "walking",
      "manual" : false,
      "startTime" : "20151101T151936-0500",
      "endTime" : "20151101T151958-0500",
      "duration" : 22.0,
      "distance" : 14.0,
      "steps" : 29,
      "trackPoints" : [ ]
    } ],
    "lastUpdate" : "20151101T223805Z"
  }, {
    "type" : "move",
    "startTime" : "20151101T154938-0500",
    "endTime" : "20151101T163847-0500",
    "activities" : [ {
      "activity" : "transport",
      "group" : "transport",
      "manual" : false,
      "startTime" : "20151101T154938-0500",
      "endTime" : "20151101T155227-0500",
      "duration" : 169.0,
      "distance" : 7416.0,
      "trackPoints" : [ {
        "lat" : 40.7849633936,
        "lon" : -73.9695481718,
        "time" : "20151101T154938-0500"
      }, {
        "lat" : 40.8395624845,
        "lon" : -73.9437053895,
        "time" : "20151101T155228-0500"
      } ]
    }, {
      "activity" : "walking",
      "group" : "walking",
      "manual" : false,
      "startTime" : "20151101T155228-0500",
      "endTime" : "20151101T155658-0500",
      "duration" : 270.0,
      "distance" : 485.0,
      "steps" : 404,
      "trackPoints" : [ {
        "lat" : 40.8395624845,
        "lon" : -73.9437053895,
        "time" : "20151101T155228-0500"
      }, {
        "lat" : 40.8480947555,
        "lon" : -73.9396676327,
        "time" : "20151101T155444-0500"
      }, {
        "lat" : 40.8483112048,
        "lon" : -73.9395213832,
        "time" : "20151101T155540-0500"
      }, {
        "lat" : 40.8492715716,
        "lon" : -73.9388155632,
        "time" : "20151101T155658-0500"
      } ]
    }, {
      "activity" : "transport",
      "group" : "transport",
      "manual" : false,
      "startTime" : "20151101T155658-0500",
      "endTime" : "20151101T163612-0500",
      "duration" : 2354.0,
      "distance" : 21005.0,
      "trackPoints" : [ {
        "lat" : 40.8492715716,
        "lon" : -73.9388155632,
        "time" : "20151101T155658-0500"
      }, {
        "lat" : 40.8491713919,
        "lon" : -73.9386585872,
        "time" : "20151101T155746-0500"
      }, {
        "lat" : 40.8492153872,
        "lon" : -73.9388437273,
        "time" : "20151101T155855-0500"
      }, {
        "lat" : 40.8492898052,
        "lon" : -73.9396827712,
        "time" : "20151101T155949-0500"
      }, {
        "lat" : 40.8493185706,
        "lon" : -73.9399159909,
        "time" : "20151101T155959-0500"
      }, {
        "lat" : 40.8493185988,
        "lon" : -73.9399162198,
        "time" : "20151101T160000-0500"
      }, {
        "lat" : 40.8494822895,
        "lon" : -73.9412433666,
        "time" : "20151101T160057-0500"
      }, {
        "lat" : 40.8497847402,
        "lon" : -73.9425871743,
        "time" : "20151101T160113-0500"
      }, {
        "lat" : 40.8502783951,
        "lon" : -73.9453031919,
        "time" : "20151101T160147-0500"
      }, {
        "lat" : 40.8505986049,
        "lon" : -73.9468427562,
        "time" : "20151101T160206-0500"
      }, {
        "lat" : 40.8508200916,
        "lon" : -73.9481006506,
        "time" : "20151101T160221-0500"
      }, {
        "lat" : 40.853605469,
        "lon" : -73.9620986074,
        "time" : "20151101T160402-0500"
      }, {
        "lat" : 40.8543450161,
        "lon" : -73.9650903231,
        "time" : "20151101T160422-0500"
      }, {
        "lat" : 40.8573959464,
        "lon" : -73.9735381979,
        "time" : "20151101T160807-0500"
      }, {
        "lat" : 40.8591064243,
        "lon" : -73.9749601993,
        "time" : "20151101T160823-0500"
      }, {
        "lat" : 40.8632035002,
        "lon" : -73.9737712008,
        "time" : "20151101T160850-0500"
      }, {
        "lat" : 40.8652191358,
        "lon" : -73.9736842801,
        "time" : "20151101T160911-0500"
      }, {
        "lat" : 40.8735087877,
        "lon" : -73.9728784432,
        "time" : "20151101T160952-0500"
      }, {
        "lat" : 40.8746349304,
        "lon" : -73.9731318698,
        "time" : "20151101T161051-0500"
      }, {
        "lat" : 40.8747111282,
        "lon" : -73.9732055332,
        "time" : "20151101T161122-0500"
      }, {
        "lat" : 40.8747209609,
        "lon" : -73.973221956,
        "time" : "20151101T161147-0500"
      }, {
        "lat" : 40.8747254422,
        "lon" : -73.9732238274,
        "time" : "20151101T161211-0500"
      }, {
        "lat" : 40.8747558568,
        "lon" : -73.9732843125,
        "time" : "20151101T161247-0500"
      }, {
        "lat" : 40.8795697532,
        "lon" : -73.9820490369,
        "time" : "20151101T161310-0500"
      }, {
        "lat" : 40.8816709171,
        "lon" : -73.9857935838,
        "time" : "20151101T161325-0500"
      }, {
        "lat" : 40.8853975282,
        "lon" : -73.9913191487,
        "time" : "20151101T161351-0500"
      }, {
        "lat" : 40.8865369661,
        "lon" : -73.9931159365,
        "time" : "20151101T161422-0500"
      }, {
        "lat" : 40.8923555921,
        "lon" : -74.0093634139,
        "time" : "20151101T161507-0500"
      }, {
        "lat" : 40.8935412393,
        "lon" : -74.0120588999,
        "time" : "20151101T161527-0500"
      }, {
        "lat" : 40.8956524293,
        "lon" : -74.0167200072,
        "time" : "20151101T161553-0500"
      }, {
        "lat" : 40.9013734707,
        "lon" : -74.0158784685,
        "time" : "20151101T161653-0500"
      }, {
        "lat" : 40.9018523345,
        "lon" : -74.0153556366,
        "time" : "20151101T161719-0500"
      }, {
        "lat" : 40.9041308188,
        "lon" : -74.0135730874,
        "time" : "20151101T161753-0500"
      }, {
        "lat" : 40.9069455589,
        "lon" : -74.0131965007,
        "time" : "20151101T161903-0500"
      }, {
        "lat" : 40.9069455589,
        "lon" : -74.0131965007,
        "time" : "20151101T161954-0500"
      }, {
        "lat" : 40.9069455589,
        "lon" : -74.0131965007,
        "time" : "20151101T162015-0500"
      }, {
        "lat" : 40.907179333,
        "lon" : -74.013135614,
        "time" : "20151101T162054-0500"
      }, {
        "lat" : 40.9072070084,
        "lon" : -74.0130975503,
        "time" : "20151101T162111-0500"
      }, {
        "lat" : 40.907287327,
        "lon" : -74.0130132987,
        "time" : "20151101T162238-0500"
      }, {
        "lat" : 40.9069039487,
        "lon" : -74.0121219425,
        "time" : "20151101T162415-0500"
      }, {
        "lat" : 40.9058954866,
        "lon" : -74.0127239518,
        "time" : "20151101T162430-0500"
      }, {
        "lat" : 40.904849074,
        "lon" : -74.0134301773,
        "time" : "20151101T162502-0500"
      }, {
        "lat" : 40.9006954599,
        "lon" : -74.016513368,
        "time" : "20151101T162555-0500"
      }, {
        "lat" : 40.8941075647,
        "lon" : -74.0194687018,
        "time" : "20151101T162656-0500"
      }, {
        "lat" : 40.8950649929,
        "lon" : -74.0167208552,
        "time" : "20151101T162755-0500"
      }, {
        "lat" : 40.8949903818,
        "lon" : -74.0165426217,
        "time" : "20151101T162813-0500"
      }, {
        "lat" : 40.8947401539,
        "lon" : -74.015559617,
        "time" : "20151101T162836-0500"
      }, {
        "lat" : 40.8913811763,
        "lon" : -74.0060445059,
        "time" : "20151101T162858-0500"
      }, {
        "lat" : 40.8904938553,
        "lon" : -74.0032224955,
        "time" : "20151101T162930-0500"
      }, {
        "lat" : 40.8861753403,
        "lon" : -73.9922386427,
        "time" : "20151101T162958-0500"
      }, {
        "lat" : 40.8784107586,
        "lon" : -73.9801647059,
        "time" : "20151101T163058-0500"
      }, {
        "lat" : 40.8725973891,
        "lon" : -73.9730966389,
        "time" : "20151101T163159-0500"
      }, {
        "lat" : 40.8729125146,
        "lon" : -73.9729940914,
        "time" : "20151101T163220-0500"
      }, {
        "lat" : 40.8786960491,
        "lon" : -73.97054348,
        "time" : "20151101T163300-0500"
      }, {
        "lat" : 40.8815706435,
        "lon" : -73.971211343,
        "time" : "20151101T163359-0500"
      }, {
        "lat" : 40.8818763283,
        "lon" : -73.9712693264,
        "time" : "20151101T163454-0500"
      }, {
        "lat" : 40.883198954,
        "lon" : -73.9730311668,
        "time" : "20151101T163612-0500"
      } ]
    }, {
      "activity" : "walking",
      "group" : "walking",
      "manual" : false,
      "startTime" : "20151101T163612-0500",
      "endTime" : "20151101T163848-0500",
      "duration" : 156.0,
      "distance" : 78.0,
      "steps" : 119,
      "trackPoints" : [ {
        "lat" : 40.883198954,
        "lon" : -73.9730311668,
        "time" : "20151101T163612-0500"
      }, {
        "lat" : 40.8831497044,
        "lon" : -73.9731117199,
        "time" : "20151101T163719-0500"
      }, {
        "lat" : 40.8831299509,
        "lon" : -73.9731423774,
        "time" : "20151101T163748-0500"
      }, {
        "lat" : 40.8830396782,
        "lon" : -73.9733923791,
        "time" : "20151101T163847-0500"
      } ]
    } ],
    "lastUpdate" : "20151101T223805Z"
  }, {
    "type" : "place",
    "startTime" : "20151101T163848-0500",
    "endTime" : "20151101T170501-0500",
    "place" : {
      "id" : 280028892,
      "type" : "unknown",
      "location" : {
        "lat" : 40.8830396782,
        "lon" : -73.9733923791
      }
    },
    "activities" : [ {
      "activity" : "walking",
      "group" : "walking",
      "manual" : false,
      "startTime" : "20151101T163848-0500",
      "endTime" : "20151101T163852-0500",
      "duration" : 4.0,
      "distance" : 3.0,
      "steps" : 6,
      "trackPoints" : [ ]
    }, {
      "activity" : "walking",
      "group" : "walking",
      "manual" : false,
      "startTime" : "20151101T170346-0500",
      "endTime" : "20151101T170417-0500",
      "duration" : 31.0,
      "distance" : 21.0,
      "steps" : 41,
      "trackPoints" : [ ]
    } ],
    "lastUpdate" : "20151101T223805Z"
  }, {
    "type" : "move",
    "startTime" : "20151101T170501-0500",
    "endTime" : "20151101T170715-0500",
    "activities" : [ {
      "activity" : "transport",
      "group" : "transport",
      "manual" : false,
      "startTime" : "20151101T170501-0500",
      "endTime" : "20151101T170716-0500",
      "duration" : 135.0,
      "distance" : 405.0,
      "trackPoints" : [ {
        "lat" : 40.8830396782,
        "lon" : -73.9733923791,
        "time" : "20151101T170501-0500"
      }, {
        "lat" : 40.8828483596,
        "lon" : -73.9742090789,
        "time" : "20151101T170609-0500"
      }, {
        "lat" : 40.882791201,
        "lon" : -73.9742791467,
        "time" : "20151101T170625-0500"
      }, {
        "lat" : 40.8819969383,
        "lon" : -73.9768792659,
        "time" : "20151101T170659-0500"
      }, {
        "lat" : 40.881995164,
        "lon" : -73.9773726024,
        "time" : "20151101T170715-0500"
      } ]
    } ],
    "lastUpdate" : "20151101T223805Z"
  }, {
    "type" : "place",
    "startTime" : "20151101T170715-0500",
    "endTime" : "20151101T184708-0500",
    "place" : {
      "id" : 278773861,
      "type" : "unknown",
      "location" : {
        "lat" : 40.881995164,
        "lon" : -73.9773726024
      }
    },
    "activities" : [ {
      "activity" : "walking",
      "group" : "walking",
      "manual" : false,
      "startTime" : "20151101T170846-0500",
      "endTime" : "20151101T171002-0500",
      "duration" : 76.0,
      "distance" : 51.0,
      "steps" : 101,
      "trackPoints" : [ ]
    }, {
      "activity" : "walking",
      "group" : "walking",
      "manual" : false,
      "startTime" : "20151101T181806-0500",
      "endTime" : "20151101T181927-0500",
      "duration" : 81.0,
      "distance" : 54.0,
      "steps" : 108,
      "trackPoints" : [ ]
    } ],
    "lastUpdate" : "20151102T161754Z"
  }, {
    "type" : "move",
    "startTime" : "20151101T184708-0500",
    "endTime" : "20151101T190032-0500",
    "activities" : [ {
      "activity" : "transport",
      "group" : "transport",
      "manual" : false,
      "startTime" : "20151101T184708-0500",
      "endTime" : "20151101T185548-0500",
      "duration" : 520.0,
      "distance" : 12063.0,
      "trackPoints" : [ {
        "lat" : 40.881995164,
        "lon" : -73.9773726024,
        "time" : "20151101T184708-0500"
      }, {
        "lat" : 40.7876799038,
        "lon" : -73.9748250037,
        "time" : "20151101T185547-0500"
      } ]
    }, {
      "activity" : "walking",
      "group" : "walking",
      "manual" : false,
      "startTime" : "20151101T185547-0500",
      "endTime" : "20151101T190033-0500",
      "duration" : 286.0,
      "distance" : 410.0,
      "steps" : 407,
      "trackPoints" : [ {
        "lat" : 40.7876799038,
        "lon" : -73.9748250037,
        "time" : "20151101T185547-0500"
      }, {
        "lat" : 40.787600543,
        "lon" : -73.9748228813,
        "time" : "20151101T185613-0500"
      }, {
        "lat" : 40.7867716283,
        "lon" : -73.9747463351,
        "time" : "20151101T185634-0500"
      }, {
        "lat" : 40.7865914446,
        "lon" : -73.974538283,
        "time" : "20151101T185650-0500"
      }, {
        "lat" : 40.7864817154,
        "lon" : -73.9742909479,
        "time" : "20151101T185706-0500"
      }, {
        "lat" : 40.7863903066,
        "lon" : -73.9740888829,
        "time" : "20151101T185723-0500"
      }, {
        "lat" : 40.7861360072,
        "lon" : -73.973425372,
        "time" : "20151101T185815-0500"
      }, {
        "lat" : 40.7857733496,
        "lon" : -73.9726661264,
        "time" : "20151101T185915-0500"
      }, {
        "lat" : 40.7860238591,
        "lon" : -73.9724700856,
        "time" : "20151101T185959-0500"
      }, {
        "lat" : 40.7860239149,
        "lon" : -73.9724700419,
        "time" : "20151101T190000-0500"
      }, {
        "lat" : 40.7862077957,
        "lon" : -73.9723261426,
        "time" : "20151101T190032-0500"
      } ]
    } ],
    "lastUpdate" : "20151102T161754Z"
  }, {
    "type" : "place",
    "startTime" : "20151101T190033-0500",
    "endTime" : "20151101T190348-0500",
    "place" : {
      "id" : 280203208,
      "type" : "unknown",
      "location" : {
        "lat" : 40.7862077957,
        "lon" : -73.9723261426
      }
    },
    "activities" : [ {
      "activity" : "walking",
      "group" : "walking",
      "manual" : false,
      "startTime" : "20151101T190039-0500",
      "endTime" : "20151101T190048-0500",
      "duration" : 9.0,
      "distance" : 6.0,
      "steps" : 12,
      "trackPoints" : [ ]
    } ],
    "lastUpdate" : "20151102T161754Z"
  }, {
    "type" : "place",
    "startTime" : "20151101T212707-0500",
    "endTime" : "20151102T091837-0500",
    "place" : {
      "id" : 280203208,
      "type" : "unknown",
      "location" : {
        "lat" : 40.7862077957,
        "lon" : -73.9723261426
      }
    },
    "lastUpdate" : "20151102T161754Z"
  } ],
  "lastUpdate" : "20151102T161754Z"
} ]