[ {
  "date" : "20151030",
  "summary" : [ {
    "activity" : "walking",
    "group" : "walking",
    "duration" : 4018.0,
    "distance" : 3947.0,
    "steps" : 4958
  }, {
    "activity" : "transport",
    "group" : "transport",
    "duration" : 1296.0,
    "distance" : 10007.0
  } ],
  "segments" : [ {
    "type" : "place",
    "startTime" : "20151029T195618-0400",
    "endTime" : "20151030T000833-0400",
    "place" : {
      "id" : 279043637,
      "type" : "unknown",
      "location" : {
        "lat" : 40.7682332314,
        "lon" : -73.9596921265
      }
    },
    "activities" : [ {
      "activity" : "walking",
      "group" : "walking",
      "manual" : false,
      "startTime" : "20151030T000426-0400",
      "endTime" : "20151030T000458-0400",
      "duration" : 32.0,
      "distance" : 22.0,
      "steps" : 43,
      "trackPoints" : [ ]
    } ],
    "lastUpdate" : "20151030T054627Z"
  }, {
    "type" : "move",
    "startTime" : "20151030T000833-0400",
    "endTime" : "20151030T001913-0400",
    "activities" : [ {
      "activity" : "transport",
      "group" : "transport",
      "manual" : false,
      "startTime" : "20151030T000833-0400",
      "endTime" : "20151030T001913-0400",
      "duration" : 640.0,
      "distance" : 2839.0,
      "trackPoints" : [ {
        "lat" : 40.7682332314,
        "lon" : -73.9596921265,
        "time" : "20151030T000833-0400"
      }, {
        "lat" : 40.7761692868,
        "lon" : -73.9616771133,
        "time" : "20151030T001326-0400"
      }, {
        "lat" : 40.7761615001,
        "lon" : -73.9617777996,
        "time" : "20151030T001342-0400"
      }, {
        "lat" : 40.7821826761,
        "lon" : -73.9710520986,
        "time" : "20151030T001704-0400"
      }, {
        "lat" : 40.7824905049,
        "lon" : -73.9714112591,
        "time" : "20151030T001724-0400"
      }, {
        "lat" : 40.7841477151,
        "lon" : -73.9705781901,
        "time" : "20151030T001752-0400"
      }, {
        "lat" : 40.7851200162,
        "lon" : -73.9700304798,
        "time" : "20151030T001811-0400"
      }, {
        "lat" : 40.7856121081,
        "lon" : -73.9720724825,
        "time" : "20151030T001913-0400"
      } ]
    } ],
    "lastUpdate" : "20151030T054627Z"
  }, {
    "type" : "place",
    "startTime" : "20151030T001913-0400",
    "endTime" : "20151030T083941-0400",
    "place" : {
      "id" : 276458640,
      "type" : "unknown",
      "location" : {
        "lat" : 40.7856121081,
        "lon" : -73.9720724825
      }
    },
    "activities" : [ {
      "activity" : "walking",
      "group" : "walking",
      "manual" : false,
      "startTime" : "20151030T001928-0400",
      "endTime" : "20151030T001950-0400",
      "duration" : 22.0,
      "distance" : 15.0,
      "steps" : 29,
      "trackPoints" : [ ]
    }, {
      "activity" : "walking",
      "group" : "walking",
      "manual" : false,
      "startTime" : "20151030T083446-0400",
      "endTime" : "20151030T084018-0400",
      "duration" : 332.0,
      "distance" : 332.0,
      "steps" : 443,
      "trackPoints" : [ ]
    } ],
    "lastUpdate" : "20151030T133021Z"
  }, {
    "type" : "move",
    "startTime" : "20151030T083941-0400",
    "endTime" : "20151030T084457-0400",
    "activities" : [ {
      "activity" : "walking",
      "group" : "walking",
      "manual" : false,
      "startTime" : "20151030T083941-0400",
      "endTime" : "20151030T084457-0400",
      "duration" : 316.0,
      "distance" : 281.0,
      "steps" : 482,
      "trackPoints" : [ {
        "lat" : 40.7856121081,
        "lon" : -73.9720724825,
        "time" : "20151030T083941-0400"
      }, {
        "lat" : 40.7857634068,
        "lon" : -73.9723097059,
        "time" : "20151030T084000-0400"
      }, {
        "lat" : 40.785869132,
        "lon" : -73.9724318459,
        "time" : "20151030T084023-0400"
      }, {
        "lat" : 40.7860626973,
        "lon" : -73.9725054997,
        "time" : "20151030T084048-0400"
      }, {
        "lat" : 40.7862681656,
        "lon" : -73.9724938746,
        "time" : "20151030T084110-0400"
      }, {
        "lat" : 40.7865724895,
        "lon" : -73.9722328166,
        "time" : "20151030T084146-0400"
      }, {
        "lat" : 40.7866984586,
        "lon" : -73.9725656376,
        "time" : "20151030T084205-0400"
      }, {
        "lat" : 40.7869913344,
        "lon" : -73.9732349594,
        "time" : "20151030T084244-0400"
      }, {
        "lat" : 40.7869906607,
        "lon" : -73.9733752668,
        "time" : "20151030T084313-0400"
      }, {
        "lat" : 40.7870111431,
        "lon" : -73.9734133616,
        "time" : "20151030T084344-0400"
      }, {
        "lat" : 40.7870200228,
        "lon" : -73.973446952,
        "time" : "20151030T084407-0400"
      }, {
        "lat" : 40.7870622499,
        "lon" : -73.97354173,
        "time" : "20151030T084430-0400"
      }, {
        "lat" : 40.7871201527,
        "lon" : -73.9736767495,
        "time" : "20151030T084457-0400"
      } ]
    } ],
    "lastUpdate" : "20151030T133021Z"
  }, {
    "type" : "place",
    "startTime" : "20151030T084457-0400",
    "endTime" : "20151030T091418-0400",
    "place" : {
      "id" : 278885335,
      "type" : "unknown",
      "location" : {
        "lat" : 40.7871201527,
        "lon" : -73.9736767495
      }
    },
    "activities" : [ {
      "activity" : "walking",
      "group" : "walking",
      "manual" : false,
      "startTime" : "20151030T091128-0400",
      "endTime" : "20151030T091137-0400",
      "duration" : 9.0,
      "distance" : 6.0,
      "steps" : 12,
      "trackPoints" : [ ]
    } ],
    "lastUpdate" : "20151030T163606Z"
  }, {
    "type" : "move",
    "startTime" : "20151030T091418-0400",
    "endTime" : "20151030T093052-0400",
    "activities" : [ {
      "activity" : "walking",
      "group" : "walking",
      "manual" : false,
      "startTime" : "20151030T091418-0400",
      "endTime" : "20151030T092005-0400",
      "duration" : 347.0,
      "distance" : 350.0,
      "steps" : 464,
      "trackPoints" : [ {
        "lat" : 40.7871201527,
        "lon" : -73.9736767495,
        "time" : "20151030T091418-0400"
      }, {
        "lat" : 40.7872594405,
        "lon" : -73.9738896115,
        "time" : "20151030T091527-0400"
      }, {
        "lat" : 40.7873816227,
        "lon" : -73.9741825407,
        "time" : "20151030T091648-0400"
      }, {
        "lat" : 40.7875304023,
        "lon" : -73.9746133765,
        "time" : "20151030T091706-0400"
      }, {
        "lat" : 40.7875418334,
        "lon" : -73.9749689473,
        "time" : "20151030T091722-0400"
      }, {
        "lat" : 40.7880649643,
        "lon" : -73.9752438088,
        "time" : "20151030T091754-0400"
      }, {
        "lat" : 40.7881055199,
        "lon" : -73.9756113117,
        "time" : "20151030T091812-0400"
      }, {
        "lat" : 40.7881175596,
        "lon" : -73.9766430319,
        "time" : "20151030T091855-0400"
      }, {
        "lat" : 40.7881308769,
        "lon" : -73.9767787727,
        "time" : "20151030T091918-0400"
      }, {
        "lat" : 40.7881523415,
        "lon" : -73.9768121563,
        "time" : "20151030T091933-0400"
      }, {
        "lat" : 40.7881663926,
        "lon" : -73.9768285802,
        "time" : "20151030T092005-0400"
      } ]
    }, {
      "activity" : "transport",
      "group" : "transport",
      "manual" : false,
      "startTime" : "20151030T092005-0400",
      "endTime" : "20151030T092435-0400",
      "duration" : 270.0,
      "distance" : 1143.0,
      "trackPoints" : [ {
        "lat" : 40.7881663926,
        "lon" : -73.9768285802,
        "time" : "20151030T092005-0400"
      }, {
        "lat" : 40.7880532758,
        "lon" : -73.976845138,
        "time" : "20151030T092021-0400"
      }, {
        "lat" : 40.7878719785,
        "lon" : -73.9769047644,
        "time" : "20151030T092049-0400"
      }, {
        "lat" : 40.7799126808,
        "lon" : -73.981346874,
        "time" : "20151030T092435-0400"
      } ]
    }, {
      "activity" : "walking",
      "group" : "walking",
      "manual" : false,
      "startTime" : "20151030T092435-0400",
      "endTime" : "20151030T093052-0400",
      "duration" : 377.0,
      "distance" : 281.0,
      "steps" : 510,
      "trackPoints" : [ {
        "lat" : 40.7799126808,
        "lon" : -73.981346874,
        "time" : "20151030T092435-0400"
      }, {
        "lat" : 40.7792950766,
        "lon" : -73.9816021561,
        "time" : "20151030T092657-0400"
      }, {
        "lat" : 40.779425922,
        "lon" : -73.9813931431,
        "time" : "20151030T092721-0400"
      }, {
        "lat" : 40.7796252951,
        "lon" : -73.9812545515,
        "time" : "20151030T092737-0400"
      }, {
        "lat" : 40.7798813482,
        "lon" : -73.9811119501,
        "time" : "20151030T092755-0400"
      }, {
        "lat" : 40.7800955043,
        "lon" : -73.9812078359,
        "time" : "20151030T092821-0400"
      }, {
        "lat" : 40.7802136999,
        "lon" : -73.9815556218,
        "time" : "20151030T092857-0400"
      }, {
        "lat" : 40.7803240077,
        "lon" : -73.9816072272,
        "time" : "20151030T092922-0400"
      }, {
        "lat" : 40.780414487,
        "lon" : -73.9816380085,
        "time" : "20151030T092938-0400"
      }, {
        "lat" : 40.7805282337,
        "lon" : -73.9816748266,
        "time" : "20151030T092957-0400"
      }, {
        "lat" : 40.7803779838,
        "lon" : -73.9817626698,
        "time" : "20151030T093052-0400"
      } ]
    } ],
    "lastUpdate" : "20151030T163606Z"
  }, {
    "type" : "place",
    "startTime" : "20151030T093052-0400",
    "endTime" : "20151030T094256-0400",
    "place" : {
      "id" : 279214330,
      "type" : "unknown",
      "location" : {
        "lat" : 40.7803779838,
        "lon" : -73.9817626698
      }
    },
    "activities" : [ {
      "activity" : "walking",
      "group" : "walking",
      "manual" : false,
      "startTime" : "20151030T093300-0400",
      "endTime" : "20151030T093306-0400",
      "duration" : 6.0,
      "distance" : 4.0,
      "steps" : 8,
      "trackPoints" : [ ]
    } ],
    "lastUpdate" : "20151030T163606Z"
  }, {
    "type" : "move",
    "startTime" : "20151030T094256-0400",
    "endTime" : "20151030T100210-0400",
    "activities" : [ {
      "activity" : "walking",
      "group" : "walking",
      "manual" : false,
      "startTime" : "20151030T094256-0400",
      "endTime" : "20151030T094906-0400",
      "duration" : 370.0,
      "distance" : 224.0,
      "steps" : 353,
      "trackPoints" : [ {
        "lat" : 40.7803779838,
        "lon" : -73.9817626698,
        "time" : "20151030T094256-0400"
      }, {
        "lat" : 40.7803823687,
        "lon" : -73.98176464,
        "time" : "20151030T094422-0400"
      }, {
        "lat" : 40.7798339932,
        "lon" : -73.9818679805,
        "time" : "20151030T094654-0400"
      }, {
        "lat" : 40.7791796579,
        "lon" : -73.9817967675,
        "time" : "20151030T094736-0400"
      }, {
        "lat" : 40.7790885185,
        "lon" : -73.9818737847,
        "time" : "20151030T094754-0400"
      }, {
        "lat" : 40.7791043564,
        "lon" : -73.9817197641,
        "time" : "20151030T094818-0400"
      }, {
        "lat" : 40.7792015102,
        "lon" : -73.9816090598,
        "time" : "20151030T094840-0400"
      }, {
        "lat" : 40.7793836059,
        "lon" : -73.9814650871,
        "time" : "20151030T094906-0400"
      } ]
    }, {
      "activity" : "transport",
      "group" : "transport",
      "manual" : false,
      "startTime" : "20151030T094906-0400",
      "endTime" : "20151030T095236-0400",
      "duration" : 210.0,
      "distance" : 1160.0,
      "trackPoints" : [ {
        "lat" : 40.7793836059,
        "lon" : -73.9814650871,
        "time" : "20151030T094906-0400"
      }, {
        "lat" : 40.7872860861,
        "lon" : -73.9755839506,
        "time" : "20151030T095236-0400"
      } ]
    }, {
      "activity" : "walking",
      "group" : "walking",
      "manual" : false,
      "startTime" : "20151030T095236-0400",
      "endTime" : "20151030T100211-0400",
      "duration" : 575.0,
      "distance" : 676.0,
      "steps" : 773,
      "trackPoints" : [ {
        "lat" : 40.7872860861,
        "lon" : -73.9755839506,
        "time" : "20151030T095236-0400"
      }, {
        "lat" : 40.7881296869,
        "lon" : -73.9751334825,
        "time" : "20151030T095459-0400"
      }, {
        "lat" : 40.7879971831,
        "lon" : -73.9749230818,
        "time" : "20151030T095515-0400"
      }, {
        "lat" : 40.7878772875,
        "lon" : -73.9749186329,
        "time" : "20151030T095531-0400"
      }, {
        "lat" : 40.7875800412,
        "lon" : -73.9754174976,
        "time" : "20151030T095601-0400"
      }, {
        "lat" : 40.7873689803,
        "lon" : -73.9753327274,
        "time" : "20151030T095625-0400"
      }, {
        "lat" : 40.7869069293,
        "lon" : -73.9749458227,
        "time" : "20151030T095702-0400"
      }, {
        "lat" : 40.7866714285,
        "lon" : -73.9742886414,
        "time" : "20151030T095757-0400"
      }, {
        "lat" : 40.7864064292,
        "lon" : -73.9734454613,
        "time" : "20151030T095828-0400"
      }, {
        "lat" : 40.7863085188,
        "lon" : -73.9729379313,
        "time" : "20151030T095902-0400"
      }, {
        "lat" : 40.7862303513,
        "lon" : -73.9726947575,
        "time" : "20151030T095924-0400"
      }, {
        "lat" : 40.7858578437,
        "lon" : -73.9724030808,
        "time" : "20151030T095959-0400"
      }, {
        "lat" : 40.7858577373,
        "lon" : -73.9724029975,
        "time" : "20151030T100000-0400"
      }, {
        "lat" : 40.7858260075,
        "lon" : -73.9723781528,
        "time" : "20151030T100002-0400"
      }, {
        "lat" : 40.7856083693,
        "lon" : -73.9725035257,
        "time" : "20151030T100210-0400"
      } ]
    } ],
    "lastUpdate" : "20151030T163606Z"
  }, {
    "type" : "place",
    "startTime" : "20151030T100211-0400",
    "endTime" : "20151030T113507-0400",
    "place" : {
      "id" : 276386332,
      "type" : "unknown",
      "location" : {
        "lat" : 40.7856083693,
        "lon" : -73.9725035257
      }
    },
    "activities" : [ {
      "activity" : "walking",
      "group" : "walking",
      "manual" : false,
      "startTime" : "20151030T100211-0400",
      "endTime" : "20151030T100232-0400",
      "duration" : 21.0,
      "distance" : 14.0,
      "steps" : 27,
      "trackPoints" : [ ]
    } ],
    "lastUpdate" : "20151030T163606Z"
  }, {
    "type" : "move",
    "startTime" : "20151030T113507-0400",
    "endTime" : "20151030T114146-0400",
    "activities" : [ {
      "activity" : "walking",
      "group" : "walking",
      "manual" : false,
      "startTime" : "20151030T113507-0400",
      "endTime" : "20151030T114145-0400",
      "duration" : 398.0,
      "distance" : 317.0,
      "steps" : 548,
      "trackPoints" : [ {
        "lat" : 40.7856083693,
        "lon" : -73.9725035257,
        "time" : "20151030T113507-0400"
      }, {
        "lat" : 40.7859393554,
        "lon" : -73.9725122061,
        "time" : "20151030T113727-0400"
      }, {
        "lat" : 40.786200494,
        "lon" : -73.9723953048,
        "time" : "20151030T113753-0400"
      }, {
        "lat" : 40.78600087,
        "lon" : -73.9719753257,
        "time" : "20151030T113832-0400"
      }, {
        "lat" : 40.7858326067,
        "lon" : -73.9716625324,
        "time" : "20151030T113900-0400"
      }, {
        "lat" : 40.7857038864,
        "lon" : -73.9714240982,
        "time" : "20151030T113920-0400"
      }, {
        "lat" : 40.7853751402,
        "lon" : -73.9708186238,
        "time" : "20151030T114012-0400"
      }, {
        "lat" : 40.7852998652,
        "lon" : -73.9707796449,
        "time" : "20151030T114048-0400"
      }, {
        "lat" : 40.7852698974,
        "lon" : -73.9707702768,
        "time" : "20151030T114106-0400"
      }, {
        "lat" : 40.7851627934,
        "lon" : -73.9712033754,
        "time" : "20151030T114146-0400"
      } ]
    } ],
    "lastUpdate" : "20151030T163606Z"
  }, {
    "type" : "place",
    "startTime" : "20151030T114146-0400",
    "endTime" : "20151030T120244-0400",
    "place" : {
      "id" : 278864129,
      "type" : "unknown",
      "location" : {
        "lat" : 40.7851627934,
        "lon" : -73.9712033754
      }
    },
    "activities" : [ {
      "activity" : "walking",
      "group" : "walking",
      "manual" : false,
      "startTime" : "20151030T114650-0400",
      "endTime" : "20151030T114825-0400",
      "duration" : 95.0,
      "distance" : 65.0,
      "steps" : 130,
      "trackPoints" : [ ]
    } ],
    "lastUpdate" : "20151030T163606Z"
  }, {
    "type" : "move",
    "startTime" : "20151030T120244-0400",
    "endTime" : "20151030T121229-0400",
    "activities" : [ {
      "activity" : "walking",
      "group" : "walking",
      "manual" : false,
      "startTime" : "20151030T120244-0400",
      "endTime" : "20151030T120934-0400",
      "duration" : 410.0,
      "distance" : 492.0,
      "steps" : 286,
      "trackPoints" : [ {
        "lat" : 40.7851627934,
        "lon" : -73.9712033754,
        "time" : "20151030T120244-0400"
      }, {
        "lat" : 40.7747649353,
        "lon" : -73.9782418915,
        "time" : "20151030T120934-0400"
      } ]
    }, {
      "activity" : "transport",
      "group" : "transport",
      "manual" : false,
      "startTime" : "20151030T120934-0400",
      "endTime" : "20151030T121230-0400",
      "duration" : 176.0,
      "distance" : 4865.0,
      "trackPoints" : [ {
        "lat" : 40.7747649353,
        "lon" : -73.9782418915,
        "time" : "20151030T120934-0400"
      }, {
        "lat" : 40.7413242041,
        "lon" : -74.0021969426,
        "time" : "20151030T121229-0400"
      } ]
    } ],
    "lastUpdate" : "20151030T163606Z"
  }, {
    "type" : "place",
    "startTime" : "20151030T121230-0400",
    "endTime" : "20151030T151017-0400",
    "place" : {
      "id" : 276372414,
      "type" : "unknown",
      "location" : {
        "lat" : 40.7408375251,
        "lon" : -74.0021916154
      }
    },
    "activities" : [ {
      "activity" : "walking",
      "group" : "walking",
      "manual" : false,
      "startTime" : "20151030T150854-0400",
      "endTime" : "20151030T150938-0400",
      "duration" : 44.0,
      "distance" : 30.0,
      "steps" : 59,
      "trackPoints" : [ ]
    } ],
    "lastUpdate" : "20151031T231617Z"
  }, {
    "type" : "move",
    "startTime" : "20151030T151017-0400",
    "endTime" : "20151030T151411-0400",
    "activities" : [ {
      "activity" : "walking",
      "group" : "walking",
      "manual" : false,
      "startTime" : "20151030T151017-0400",
      "endTime" : "20151030T151410-0400",
      "duration" : 233.0,
      "distance" : 157.0,
      "steps" : 186,
      "trackPoints" : [ {
        "lat" : 40.7408375251,
        "lon" : -74.0021916154,
        "time" : "20151030T151017-0400"
      }, {
        "lat" : 40.741398409,
        "lon" : -74.0017578752,
        "time" : "20151030T151106-0400"
      }, {
        "lat" : 40.741424788,
        "lon" : -74.0017052106,
        "time" : "20151030T151129-0400"
      }, {
        "lat" : 40.7414540545,
        "lon" : -74.0016430862,
        "time" : "20151030T151149-0400"
      }, {
        "lat" : 40.7416044136,
        "lon" : -74.0013230768,
        "time" : "20151030T151327-0400"
      }, {
        "lat" : 40.741741525,
        "lon" : -74.0011546501,
        "time" : "20151030T151411-0400"
      } ]
    } ],
    "lastUpdate" : "20151031T231617Z"
  }, {
    "type" : "place",
    "startTime" : "20151030T151411-0400",
    "endTime" : "20151030T152709-0400",
    "place" : {
      "id" : 279270191,
      "type" : "unknown",
      "location" : {
        "lat" : 40.741741525,
        "lon" : -74.0011546501
      }
    },
    "activities" : [ {
      "activity" : "walking",
      "group" : "walking",
      "manual" : false,
      "startTime" : "20151030T152056-0400",
      "endTime" : "20151030T152107-0400",
      "duration" : 11.0,
      "distance" : 7.0,
      "steps" : 14,
      "trackPoints" : [ ]
    } ],
    "lastUpdate" : "20151031T231617Z"
  }, {
    "type" : "move",
    "startTime" : "20151030T152709-0400",
    "endTime" : "20151030T153331-0400",
    "activities" : [ {
      "activity" : "walking",
      "group" : "walking",
      "manual" : false,
      "startTime" : "20151030T152709-0400",
      "endTime" : "20151030T153331-0400",
      "duration" : 382.0,
      "distance" : 648.0,
      "steps" : 540,
      "trackPoints" : [ {
        "lat" : 40.741741525,
        "lon" : -74.0011546501,
        "time" : "20151030T152709-0400"
      }, {
        "lat" : 40.784782656,
        "lon" : -73.9707755879,
        "time" : "20151030T153142-0400"
      }, {
        "lat" : 40.7849845339,
        "lon" : -73.9708877531,
        "time" : "20151030T153158-0400"
      }, {
        "lat" : 40.7852517468,
        "lon" : -73.9714790304,
        "time" : "20151030T153236-0400"
      }, {
        "lat" : 40.7853204858,
        "lon" : -73.9715671839,
        "time" : "20151030T153331-0400"
      } ]
    } ],
    "lastUpdate" : "20151031T231617Z"
  }, {
    "type" : "place",
    "startTime" : "20151030T153331-0400",
    "endTime" : "20151030T174016-0400",
    "place" : {
      "id" : 276458640,
      "type" : "unknown",
      "location" : {
        "lat" : 40.7856121081,
        "lon" : -73.9720724825
      }
    },
    "activities" : [ {
      "activity" : "walking",
      "group" : "walking",
      "manual" : false,
      "startTime" : "20151030T153331-0400",
      "endTime" : "20151030T153409-0400",
      "duration" : 38.0,
      "distance" : 26.0,
      "steps" : 51,
      "trackPoints" : [ ]
    } ],
    "lastUpdate" : "20151101T063835Z"
  } ],
  "lastUpdate" : "20151101T063835Z"
} ]