[ {
  "date" : "20151102",
  "summary" : [ {
    "activity" : "walking",
    "group" : "walking",
    "duration" : 2140.0,
    "distance" : 2618.0,
    "steps" : 2954
  } ],
  "segments" : [ {
    "type" : "place",
    "startTime" : "20151101T212707-0500",
    "endTime" : "20151102T091837-0500",
    "place" : {
      "id" : 280203208,
      "type" : "unknown",
      "location" : {
        "lat" : 40.7862077957,
        "lon" : -73.9723261426
      }
    },
    "activities" : [ {
      "activity" : "walking",
      "group" : "walking",
      "manual" : false,
      "startTime" : "20151102T080845-0500",
      "endTime" : "20151102T081256-0500",
      "duration" : 251.0,
      "distance" : 290.0,
      "steps" : 386,
      "trackPoints" : [ ]
    }, {
      "activity" : "walking",
      "group" : "walking",
      "manual" : false,
      "startTime" : "20151102T091646-0500",
      "endTime" : "20151102T091709-0500",
      "duration" : 23.0,
      "distance" : 16.0,
      "steps" : 31,
      "trackPoints" : [ ]
    } ],
    "lastUpdate" : "20151102T161754Z"
  }, {
    "type" : "move",
    "startTime" : "20151102T091837-0500",
    "endTime" : "20151102T092438-0500",
    "activities" : [ {
      "activity" : "walking",
      "group" : "walking",
      "manual" : false,
      "startTime" : "20151102T091837-0500",
      "endTime" : "20151102T092437-0500",
      "duration" : 360.0,
      "distance" : 541.0,
      "steps" : 451,
      "trackPoints" : [ {
        "lat" : 40.7862077957,
        "lon" : -73.9723261426,
        "time" : "20151102T091837-0500"
      }, {
        "lat" : 40.786716335,
        "lon" : -73.9727582071,
        "time" : "20151102T091937-0500"
      }, {
        "lat" : 40.7872871608,
        "lon" : -73.973880078,
        "time" : "20151102T092055-0500"
      }, {
        "lat" : 40.7883280258,
        "lon" : -73.9759256786,
        "time" : "20151102T092249-0500"
      }, {
        "lat" : 40.7885471228,
        "lon" : -73.9763237813,
        "time" : "20151102T092314-0500"
      }, {
        "lat" : 40.7886521494,
        "lon" : -73.9765571189,
        "time" : "20151102T092332-0500"
      }, {
        "lat" : 40.7886985583,
        "lon" : -73.9767000932,
        "time" : "20151102T092349-0500"
      }, {
        "lat" : 40.7886937727,
        "lon" : -73.976783487,
        "time" : "20151102T092409-0500"
      }, {
        "lat" : 40.7885262849,
        "lon" : -73.9766326913,
        "time" : "20151102T092438-0500"
      } ]
    } ],
    "lastUpdate" : "20151102T161754Z"
  }, {
    "type" : "place",
    "startTime" : "20151102T092438-0500",
    "endTime" : "20151102T095141-0500",
    "place" : {
      "id" : 278885341,
      "type" : "unknown",
      "location" : {
        "lat" : 40.7885262849,
        "lon" : -73.9766326913
      }
    },
    "activities" : [ {
      "activity" : "walking",
      "group" : "walking",
      "manual" : false,
      "startTime" : "20151102T092438-0500",
      "endTime" : "20151102T092600-0500",
      "duration" : 82.0,
      "distance" : 64.0,
      "steps" : 128,
      "trackPoints" : [ ]
    } ],
    "lastUpdate" : "20151102T161754Z"
  }, {
    "type" : "move",
    "startTime" : "20151102T095141-0500",
    "endTime" : "20151102T095919-0500",
    "activities" : [ {
      "activity" : "walking",
      "group" : "walking",
      "manual" : false,
      "startTime" : "20151102T095141-0500",
      "endTime" : "20151102T095919-0500",
      "duration" : 458.0,
      "distance" : 819.0,
      "steps" : 683,
      "trackPoints" : [ {
        "lat" : 40.7885262849,
        "lon" : -73.9766326913,
        "time" : "20151102T095141-0500"
      }, {
        "lat" : 40.7381057853,
        "lon" : -74.0004831796,
        "time" : "20151102T095346-0500"
      }, {
        "lat" : 40.7384924271,
        "lon" : -74.0014533908,
        "time" : "20151102T095442-0500"
      }, {
        "lat" : 40.7386993519,
        "lon" : -74.0020882983,
        "time" : "20151102T095505-0500"
      }, {
        "lat" : 40.7388157048,
        "lon" : -74.0023428115,
        "time" : "20151102T095521-0500"
      }, {
        "lat" : 40.7389696988,
        "lon" : -74.0024916031,
        "time" : "20151102T095539-0500"
      }, {
        "lat" : 40.7407926615,
        "lon" : -74.0020369072,
        "time" : "20151102T095839-0500"
      }, {
        "lat" : 40.7408749585,
        "lon" : -74.0020577473,
        "time" : "20151102T095855-0500"
      }, {
        "lat" : 40.7413242041,
        "lon" : -74.0021969426,
        "time" : "20151102T095919-0500"
      } ]
    } ],
    "lastUpdate" : "20151102T161754Z"
  }, {
    "type" : "place",
    "startTime" : "20151102T095919-0500",
    "endTime" : "20151103T145225-0500",
    "place" : {
      "id" : 280275256,
      "type" : "unknown",
      "location" : {
        "lat" : 40.7417968236,
        "lon" : -74.0021784707
      }
    },
    "activities" : [ {
      "activity" : "walking",
      "group" : "walking",
      "manual" : false,
      "startTime" : "20151102T102852-0500",
      "endTime" : "20151102T103022-0500",
      "duration" : 90.0,
      "distance" : 79.0,
      "steps" : 157,
      "trackPoints" : [ ]
    }, {
      "activity" : "walking",
      "group" : "walking",
      "manual" : false,
      "startTime" : "20151102T113014-0500",
      "endTime" : "20151102T113517-0500",
      "duration" : 303.0,
      "distance" : 250.0,
      "steps" : 334,
      "trackPoints" : [ ]
    }, {
      "activity" : "walking",
      "group" : "walking",
      "manual" : false,
      "startTime" : "20151102T120404-0500",
      "endTime" : "20151102T120534-0500",
      "duration" : 90.0,
      "distance" : 45.0,
      "steps" : 84,
      "trackPoints" : [ ]
    }, {
      "activity" : "walking",
      "group" : "walking",
      "manual" : false,
      "startTime" : "20151102T130006-0500",
      "endTime" : "20151102T130406-0500",
      "duration" : 240.0,
      "distance" : 244.0,
      "steps" : 326,
      "trackPoints" : [ ]
    }, {
      "activity" : "walking",
      "group" : "walking",
      "manual" : false,
      "startTime" : "20151102T142305-0500",
      "endTime" : "20151102T142638-0500",
      "duration" : 213.0,
      "distance" : 250.0,
      "steps" : 334,
      "trackPoints" : [ ]
    }, {
      "activity" : "walking",
      "group" : "walking",
      "manual" : false,
      "startTime" : "20151102T154730-0500",
      "endTime" : "20151102T154800-0500",
      "duration" : 30.0,
      "distance" : 20.0,
      "steps" : 40,
      "trackPoints" : [ ]
    } ],
    "lastUpdate" : "20151103T212825Z"
  } ],
  "lastUpdate" : "20151103T212825Z"
} ]