[ {
  "date" : "20151029",
  "summary" : [ {
    "activity" : "walking",
    "group" : "walking",
    "duration" : 4861.0,
    "distance" : 4893.0,
    "steps" : 6402
  }, {
    "activity" : "transport",
    "group" : "transport",
    "duration" : 1702.0,
    "distance" : 12873.0
  } ],
  "segments" : [ {
    "type" : "place",
    "startTime" : "20151028T235859-0400",
    "endTime" : "20151029T092211-0400",
    "place" : {
      "id" : 276458640,
      "type" : "unknown",
      "location" : {
        "lat" : 40.7856121081,
        "lon" : -73.9720724825
      }
    },
    "activities" : [ {
      "activity" : "walking",
      "group" : "walking",
      "manual" : false,
      "startTime" : "20151029T000314-0400",
      "endTime" : "20151029T000942-0400",
      "duration" : 388.0,
      "distance" : 429.0,
      "steps" : 572,
      "trackPoints" : [ ]
    } ],
    "lastUpdate" : "20151029T142143Z"
  }, {
    "type" : "move",
    "startTime" : "20151029T092211-0400",
    "endTime" : "20151029T092632-0400",
    "activities" : [ {
      "activity" : "walking",
      "group" : "walking",
      "manual" : false,
      "startTime" : "20151029T092211-0400",
      "endTime" : "20151029T092632-0400",
      "duration" : 261.0,
      "distance" : 278.0,
      "steps" : 365,
      "trackPoints" : [ {
        "lat" : 40.7856121081,
        "lon" : -73.9720724825,
        "time" : "20151029T092211-0400"
      }, {
        "lat" : 40.7858399383,
        "lon" : -73.9725929083,
        "time" : "20151029T092327-0400"
      }, {
        "lat" : 40.7860891868,
        "lon" : -73.9726076299,
        "time" : "20151029T092346-0400"
      }, {
        "lat" : 40.7863284945,
        "lon" : -73.9724623244,
        "time" : "20151029T092405-0400"
      }, {
        "lat" : 40.7865333999,
        "lon" : -73.972357465,
        "time" : "20151029T092436-0400"
      }, {
        "lat" : 40.7866494834,
        "lon" : -73.9725066148,
        "time" : "20151029T092456-0400"
      }, {
        "lat" : 40.7867581056,
        "lon" : -73.972783697,
        "time" : "20151029T092519-0400"
      }, {
        "lat" : 40.7868895566,
        "lon" : -73.9731160886,
        "time" : "20151029T092553-0400"
      }, {
        "lat" : 40.7869853071,
        "lon" : -73.9733525575,
        "time" : "20151029T092617-0400"
      }, {
        "lat" : 40.7871201527,
        "lon" : -73.9736767495,
        "time" : "20151029T092632-0400"
      } ]
    } ],
    "lastUpdate" : "20151029T142143Z"
  }, {
    "type" : "place",
    "startTime" : "20151029T092632-0400",
    "endTime" : "20151029T094634-0400",
    "place" : {
      "id" : 278885335,
      "type" : "unknown",
      "location" : {
        "lat" : 40.7871201527,
        "lon" : -73.9736767495
      }
    },
    "activities" : [ {
      "activity" : "walking",
      "group" : "walking",
      "manual" : false,
      "startTime" : "20151029T092632-0400",
      "endTime" : "20151029T092748-0400",
      "duration" : 76.0,
      "distance" : 57.0,
      "steps" : 114,
      "trackPoints" : [ ]
    } ],
    "lastUpdate" : "20151029T161332Z"
  }, {
    "type" : "move",
    "startTime" : "20151029T094634-0400",
    "endTime" : "20151029T095207-0400",
    "activities" : [ {
      "activity" : "walking",
      "group" : "walking",
      "manual" : false,
      "startTime" : "20151029T094634-0400",
      "endTime" : "20151029T095207-0400",
      "duration" : 333.0,
      "distance" : 400.0,
      "steps" : 496,
      "trackPoints" : [ {
        "lat" : 40.7871201527,
        "lon" : -73.9736767495,
        "time" : "20151029T094634-0400"
      }, {
        "lat" : 40.787139336,
        "lon" : -73.9737246338,
        "time" : "20151029T094654-0400"
      }, {
        "lat" : 40.7871416525,
        "lon" : -73.9737384883,
        "time" : "20151029T094715-0400"
      }, {
        "lat" : 40.7871230726,
        "lon" : -73.9737009362,
        "time" : "20151029T094731-0400"
      }, {
        "lat" : 40.7872549131,
        "lon" : -73.9740356695,
        "time" : "20151029T094806-0400"
      }, {
        "lat" : 40.7873981443,
        "lon" : -73.974383092,
        "time" : "20151029T094825-0400"
      }, {
        "lat" : 40.7876133335,
        "lon" : -73.9745820708,
        "time" : "20151029T094846-0400"
      }, {
        "lat" : 40.7882524471,
        "lon" : -73.9748543887,
        "time" : "20151029T094924-0400"
      }, {
        "lat" : 40.7880533243,
        "lon" : -73.9753471494,
        "time" : "20151029T094940-0400"
      }, {
        "lat" : 40.787987339,
        "lon" : -73.9758584297,
        "time" : "20151029T095006-0400"
      }, {
        "lat" : 40.7879795382,
        "lon" : -73.9762057951,
        "time" : "20151029T095025-0400"
      }, {
        "lat" : 40.7882158014,
        "lon" : -73.9762935677,
        "time" : "20151029T095042-0400"
      }, {
        "lat" : 40.7884234772,
        "lon" : -73.9764686824,
        "time" : "20151029T095110-0400"
      }, {
        "lat" : 40.7885188196,
        "lon" : -73.9767174237,
        "time" : "20151029T095126-0400"
      }, {
        "lat" : 40.7885179907,
        "lon" : -73.9766783023,
        "time" : "20151029T095145-0400"
      }, {
        "lat" : 40.7885262849,
        "lon" : -73.9766326913,
        "time" : "20151029T095207-0400"
      } ]
    } ],
    "lastUpdate" : "20151029T161332Z"
  }, {
    "type" : "place",
    "startTime" : "20151029T095207-0400",
    "endTime" : "20151029T100020-0400",
    "place" : {
      "id" : 278885341,
      "type" : "unknown",
      "location" : {
        "lat" : 40.7885262849,
        "lon" : -73.9766326913
      }
    },
    "activities" : [ {
      "activity" : "walking",
      "group" : "walking",
      "manual" : false,
      "startTime" : "20151029T095207-0400",
      "endTime" : "20151029T095250-0400",
      "duration" : 43.0,
      "distance" : 31.0,
      "steps" : 62,
      "trackPoints" : [ ]
    } ],
    "lastUpdate" : "20151029T161332Z"
  }, {
    "type" : "move",
    "startTime" : "20151029T100020-0400",
    "endTime" : "20151029T102107-0400",
    "activities" : [ {
      "activity" : "transport",
      "group" : "transport",
      "manual" : false,
      "startTime" : "20151029T100020-0400",
      "endTime" : "20151029T101332-0400",
      "duration" : 792.0,
      "distance" : 7022.0,
      "trackPoints" : [ {
        "lat" : 40.7885262849,
        "lon" : -73.9766326913,
        "time" : "20151029T100020-0400"
      }, {
        "lat" : 40.7840349699,
        "lon" : -73.9799528259,
        "time" : "20151029T100103-0400"
      }, {
        "lat" : 40.7839264302,
        "lon" : -73.9800185968,
        "time" : "20151029T100125-0400"
      }, {
        "lat" : 40.7839389399,
        "lon" : -73.9800170961,
        "time" : "20151029T100151-0400"
      }, {
        "lat" : 40.7788185434,
        "lon" : -73.9819574208,
        "time" : "20151029T100323-0400"
      }, {
        "lat" : 40.7787480827,
        "lon" : -73.9819953041,
        "time" : "20151029T100344-0400"
      }, {
        "lat" : 40.7787297004,
        "lon" : -73.9820053931,
        "time" : "20151029T100404-0400"
      }, {
        "lat" : 40.7787228468,
        "lon" : -73.9820095687,
        "time" : "20151029T100428-0400"
      }, {
        "lat" : 40.7787178537,
        "lon" : -73.9820124185,
        "time" : "20151029T100451-0400"
      }, {
        "lat" : 40.7787141051,
        "lon" : -73.9820145216,
        "time" : "20151029T100516-0400"
      }, {
        "lat" : 40.778718968,
        "lon" : -73.9820143725,
        "time" : "20151029T100539-0400"
      }, {
        "lat" : 40.7738591613,
        "lon" : -73.9821746602,
        "time" : "20151029T100613-0400"
      }, {
        "lat" : 40.7687445322,
        "lon" : -73.9819394284,
        "time" : "20151029T100650-0400"
      }, {
        "lat" : 40.7554254934,
        "lon" : -73.9873716614,
        "time" : "20151029T100903-0400"
      }, {
        "lat" : 40.7553725388,
        "lon" : -73.9874045074,
        "time" : "20151029T100919-0400"
      }, {
        "lat" : 40.7474022135,
        "lon" : -73.9932617555,
        "time" : "20151029T101147-0400"
      }, {
        "lat" : 40.7472856239,
        "lon" : -73.9933593885,
        "time" : "20151029T101213-0400"
      }, {
        "lat" : 40.7412542939,
        "lon" : -73.9976125952,
        "time" : "20151029T101239-0400"
      }, {
        "lat" : 40.738090154,
        "lon" : -74.000212932,
        "time" : "20151029T101312-0400"
      }, {
        "lat" : 40.7381203485,
        "lon" : -74.0007183736,
        "time" : "20151029T101333-0400"
      } ]
    }, {
      "activity" : "walking",
      "group" : "walking",
      "manual" : false,
      "startTime" : "20151029T101333-0400",
      "endTime" : "20151029T102107-0400",
      "duration" : 454.0,
      "distance" : 523.0,
      "steps" : 662,
      "trackPoints" : [ {
        "lat" : 40.7381203485,
        "lon" : -74.0007183736,
        "time" : "20151029T101333-0400"
      }, {
        "lat" : 40.7380842965,
        "lon" : -74.0006363262,
        "time" : "20151029T101355-0400"
      }, {
        "lat" : 40.7381295432,
        "lon" : -74.0007582822,
        "time" : "20151029T101413-0400"
      }, {
        "lat" : 40.7383043548,
        "lon" : -74.001261469,
        "time" : "20151029T101443-0400"
      }, {
        "lat" : 40.7384536894,
        "lon" : -74.0015896289,
        "time" : "20151029T101503-0400"
      }, {
        "lat" : 40.7385692135,
        "lon" : -74.0018592208,
        "time" : "20151029T101522-0400"
      }, {
        "lat" : 40.7386593774,
        "lon" : -74.0020699355,
        "time" : "20151029T101537-0400"
      }, {
        "lat" : 40.7389177493,
        "lon" : -74.002512417,
        "time" : "20151029T101609-0400"
      }, {
        "lat" : 40.7391859896,
        "lon" : -74.0027216195,
        "time" : "20151029T101636-0400"
      }, {
        "lat" : 40.7393034435,
        "lon" : -74.0026849904,
        "time" : "20151029T101653-0400"
      }, {
        "lat" : 40.7395901443,
        "lon" : -74.0024872396,
        "time" : "20151029T101714-0400"
      }, {
        "lat" : 40.7398140216,
        "lon" : -74.0022816241,
        "time" : "20151029T101733-0400"
      }, {
        "lat" : 40.740077699,
        "lon" : -74.001925553,
        "time" : "20151029T101755-0400"
      }, {
        "lat" : 40.7402889631,
        "lon" : -74.0019744955,
        "time" : "20151029T101812-0400"
      }, {
        "lat" : 40.7406667015,
        "lon" : -74.0019428471,
        "time" : "20151029T101849-0400"
      }, {
        "lat" : 40.7407889388,
        "lon" : -74.0019323527,
        "time" : "20151029T101909-0400"
      }, {
        "lat" : 40.7408658757,
        "lon" : -74.0018727378,
        "time" : "20151029T101927-0400"
      }, {
        "lat" : 40.7409580558,
        "lon" : -74.0018448578,
        "time" : "20151029T101949-0400"
      }, {
        "lat" : 40.7410661949,
        "lon" : -74.001848936,
        "time" : "20151029T102008-0400"
      }, {
        "lat" : 40.7412024869,
        "lon" : -74.0019496501,
        "time" : "20151029T102031-0400"
      }, {
        "lat" : 40.7412693575,
        "lon" : -74.0020400146,
        "time" : "20151029T102049-0400"
      }, {
        "lat" : 40.7413242041,
        "lon" : -74.0021969426,
        "time" : "20151029T102107-0400"
      } ]
    } ],
    "lastUpdate" : "20151029T161332Z"
  }, {
    "type" : "place",
    "startTime" : "20151029T102107-0400",
    "endTime" : "20151029T123254-0400",
    "place" : {
      "id" : 277153613,
      "type" : "unknown",
      "location" : {
        "lat" : 40.7413242041,
        "lon" : -74.0021969426
      }
    },
    "activities" : [ {
      "activity" : "walking",
      "group" : "walking",
      "manual" : false,
      "startTime" : "20151029T102107-0400",
      "endTime" : "20151029T102111-0400",
      "duration" : 4.0,
      "distance" : 3.0,
      "steps" : 5,
      "trackPoints" : [ ]
    }, {
      "activity" : "walking",
      "group" : "walking",
      "manual" : false,
      "startTime" : "20151029T113202-0400",
      "endTime" : "20151029T113301-0400",
      "duration" : 59.0,
      "distance" : 39.0,
      "steps" : 78,
      "trackPoints" : [ ]
    }, {
      "activity" : "walking",
      "group" : "walking",
      "manual" : false,
      "startTime" : "20151029T120937-0400",
      "endTime" : "20151029T121208-0400",
      "duration" : 151.0,
      "distance" : 151.0,
      "steps" : 201,
      "trackPoints" : [ ]
    } ],
    "lastUpdate" : "20151029T180243Z"
  }, {
    "type" : "move",
    "startTime" : "20151029T123254-0400",
    "endTime" : "20151029T124103-0400",
    "activities" : [ {
      "activity" : "walking",
      "group" : "walking",
      "manual" : false,
      "startTime" : "20151029T123254-0400",
      "endTime" : "20151029T124103-0400",
      "duration" : 489.0,
      "distance" : 536.0,
      "steps" : 543,
      "trackPoints" : [ {
        "lat" : 40.7413242041,
        "lon" : -74.0021969426,
        "time" : "20151029T123254-0400"
      }, {
        "lat" : 40.7412432137,
        "lon" : -74.0019510117,
        "time" : "20151029T123532-0400"
      }, {
        "lat" : 40.7423829389,
        "lon" : -74.0015731662,
        "time" : "20151029T123600-0400"
      }, {
        "lat" : 40.7423976162,
        "lon" : -74.0009353531,
        "time" : "20151029T123617-0400"
      }, {
        "lat" : 40.7425156732,
        "lon" : -74.0006544743,
        "time" : "20151029T123638-0400"
      }, {
        "lat" : 40.7437873445,
        "lon" : -73.9999161864,
        "time" : "20151029T123824-0400"
      }, {
        "lat" : 40.7438056466,
        "lon" : -73.9992271698,
        "time" : "20151029T123958-0400"
      }, {
        "lat" : 40.7439794148,
        "lon" : -73.9995050139,
        "time" : "20151029T124103-0400"
      } ]
    } ],
    "lastUpdate" : "20151029T180243Z"
  }, {
    "type" : "place",
    "startTime" : "20151029T124103-0400",
    "endTime" : "20151029T130345-0400",
    "place" : {
      "id" : 278945861,
      "type" : "unknown",
      "location" : {
        "lat" : 40.7439794148,
        "lon" : -73.9995050139
      }
    },
    "activities" : [ {
      "activity" : "walking",
      "group" : "walking",
      "manual" : false,
      "startTime" : "20151029T130300-0400",
      "endTime" : "20151029T130346-0400",
      "duration" : 46.0,
      "distance" : 30.0,
      "steps" : 61,
      "trackPoints" : [ ]
    } ],
    "lastUpdate" : "20151029T180246Z"
  }, {
    "type" : "move",
    "startTime" : "20151029T130345-0400",
    "endTime" : "20151029T130646-0400",
    "activities" : [ {
      "activity" : "walking",
      "group" : "walking",
      "manual" : false,
      "startTime" : "20151029T130345-0400",
      "endTime" : "20151029T130647-0400",
      "duration" : 182.0,
      "distance" : 179.0,
      "steps" : 281,
      "trackPoints" : [ {
        "lat" : 40.7439794148,
        "lon" : -73.9995050139,
        "time" : "20151029T130345-0400"
      }, {
        "lat" : 40.7442755386,
        "lon" : -73.9994099082,
        "time" : "20151029T130410-0400"
      }, {
        "lat" : 40.7445030626,
        "lon" : -73.999253634,
        "time" : "20151029T130427-0400"
      }, {
        "lat" : 40.7448145713,
        "lon" : -73.9990197945,
        "time" : "20151029T130451-0400"
      }, {
        "lat" : 40.7449327275,
        "lon" : -73.9989462904,
        "time" : "20151029T130516-0400"
      }, {
        "lat" : 40.7450361747,
        "lon" : -73.9988204104,
        "time" : "20151029T130547-0400"
      }, {
        "lat" : 40.7452660561,
        "lon" : -73.9984733886,
        "time" : "20151029T130646-0400"
      } ]
    } ],
    "lastUpdate" : "20151029T180246Z"
  }, {
    "type" : "place",
    "startTime" : "20151029T130647-0400",
    "endTime" : "20151029T131452-0400",
    "place" : {
      "id" : 278945862,
      "type" : "unknown",
      "location" : {
        "lat" : 40.7452660561,
        "lon" : -73.9984733886
      }
    },
    "activities" : [ {
      "activity" : "walking",
      "group" : "walking",
      "manual" : false,
      "startTime" : "20151029T130647-0400",
      "endTime" : "20151029T130656-0400",
      "duration" : 9.0,
      "distance" : 6.0,
      "steps" : 12,
      "trackPoints" : [ ]
    } ],
    "lastUpdate" : "20151029T180246Z"
  }, {
    "type" : "move",
    "startTime" : "20151029T131452-0400",
    "endTime" : "20151029T132344-0400",
    "activities" : [ {
      "activity" : "walking",
      "group" : "walking",
      "manual" : false,
      "startTime" : "20151029T131452-0400",
      "endTime" : "20151029T132345-0400",
      "duration" : 533.0,
      "distance" : 490.0,
      "steps" : 670,
      "trackPoints" : [ {
        "lat" : 40.7452660561,
        "lon" : -73.9984733886,
        "time" : "20151029T131452-0400"
      }, {
        "lat" : 40.7452783868,
        "lon" : -73.998444767,
        "time" : "20151029T131615-0400"
      }, {
        "lat" : 40.7451941596,
        "lon" : -73.9985771456,
        "time" : "20151029T131632-0400"
      }, {
        "lat" : 40.7449862115,
        "lon" : -73.9987116901,
        "time" : "20151029T131652-0400"
      }, {
        "lat" : 40.7447674269,
        "lon" : -73.9989265054,
        "time" : "20151029T131710-0400"
      }, {
        "lat" : 40.7446250238,
        "lon" : -73.9990130587,
        "time" : "20151029T131739-0400"
      }, {
        "lat" : 40.7445554241,
        "lon" : -73.9990843125,
        "time" : "20151029T131754-0400"
      }, {
        "lat" : 40.744433941,
        "lon" : -73.999228818,
        "time" : "20151029T131820-0400"
      }, {
        "lat" : 40.7442868114,
        "lon" : -73.999410276,
        "time" : "20151029T131850-0400"
      }, {
        "lat" : 40.7442064301,
        "lon" : -73.9995090911,
        "time" : "20151029T131905-0400"
      }, {
        "lat" : 40.7439972308,
        "lon" : -73.9997620912,
        "time" : "20151029T131942-0400"
      }, {
        "lat" : 40.7438240407,
        "lon" : -73.9999663334,
        "time" : "20151029T132010-0400"
      }, {
        "lat" : 40.7434689873,
        "lon" : -74.0004205095,
        "time" : "20151029T132108-0400"
      }, {
        "lat" : 40.7434038012,
        "lon" : -74.0005676626,
        "time" : "20151029T132124-0400"
      }, {
        "lat" : 40.7433154192,
        "lon" : -74.0007071109,
        "time" : "20151029T132139-0400"
      }, {
        "lat" : 40.7431229014,
        "lon" : -74.0009696928,
        "time" : "20151029T132207-0400"
      }, {
        "lat" : 40.7420722654,
        "lon" : -74.0010834006,
        "time" : "20151029T132344-0400"
      } ]
    } ],
    "lastUpdate" : "20151029T180246Z"
  }, {
    "type" : "place",
    "startTime" : "20151029T132344-0400",
    "endTime" : "20151029T191819-0400",
    "place" : {
      "id" : 276618826,
      "type" : "unknown",
      "location" : {
        "lat" : 40.7411268971,
        "lon" : -74.001893874
      }
    },
    "activities" : [ {
      "activity" : "walking",
      "group" : "walking",
      "manual" : false,
      "startTime" : "20151029T132449-0400",
      "endTime" : "20151029T132853-0400",
      "duration" : 244.0,
      "distance" : 248.0,
      "steps" : 331,
      "trackPoints" : [ ]
    }, {
      "activity" : "walking",
      "group" : "walking",
      "manual" : false,
      "startTime" : "20151029T140122-0400",
      "endTime" : "20151029T140239-0400",
      "duration" : 77.0,
      "distance" : 53.0,
      "steps" : 105,
      "trackPoints" : [ ]
    }, {
      "activity" : "walking",
      "group" : "walking",
      "manual" : false,
      "startTime" : "20151029T150240-0400",
      "endTime" : "20151029T150606-0400",
      "duration" : 206.0,
      "distance" : 209.0,
      "steps" : 279,
      "trackPoints" : [ ]
    }, {
      "activity" : "walking",
      "group" : "walking",
      "manual" : false,
      "startTime" : "20151029T163357-0400",
      "endTime" : "20151029T163415-0400",
      "duration" : 18.0,
      "distance" : 12.0,
      "steps" : 24,
      "trackPoints" : [ ]
    }, {
      "activity" : "walking",
      "group" : "walking",
      "manual" : false,
      "startTime" : "20151029T170124-0400",
      "endTime" : "20151029T170356-0400",
      "duration" : 152.0,
      "distance" : 152.0,
      "steps" : 203,
      "trackPoints" : [ ]
    }, {
      "activity" : "walking",
      "group" : "walking",
      "manual" : false,
      "startTime" : "20151029T180408-0400",
      "endTime" : "20151029T180605-0400",
      "duration" : 117.0,
      "distance" : 82.0,
      "steps" : 163,
      "trackPoints" : [ ]
    } ],
    "lastUpdate" : "20151030T023428Z"
  }, {
    "type" : "move",
    "startTime" : "20151029T191819-0400",
    "endTime" : "20151029T193733-0400",
    "activities" : [ {
      "activity" : "walking",
      "group" : "walking",
      "manual" : false,
      "startTime" : "20151029T191819-0400",
      "endTime" : "20151029T192100-0400",
      "duration" : 161.0,
      "distance" : 143.0,
      "steps" : 132,
      "trackPoints" : [ {
        "lat" : 40.7411268971,
        "lon" : -74.001893874,
        "time" : "20151029T191819-0400"
      }, {
        "lat" : 40.7414874589,
        "lon" : -74.0020682189,
        "time" : "20151029T191846-0400"
      }, {
        "lat" : 40.7412734655,
        "lon" : -74.0019422929,
        "time" : "20151029T191904-0400"
      }, {
        "lat" : 40.7410766403,
        "lon" : -74.0018278296,
        "time" : "20151029T191922-0400"
      }, {
        "lat" : 40.7409664747,
        "lon" : -74.0017871754,
        "time" : "20151029T191944-0400"
      }, {
        "lat" : 40.7408866348,
        "lon" : -74.0017784858,
        "time" : "20151029T192012-0400"
      }, {
        "lat" : 40.7409669631,
        "lon" : -74.0017187355,
        "time" : "20151029T192033-0400"
      }, {
        "lat" : 40.7410937091,
        "lon" : -74.0016206549,
        "time" : "20151029T192100-0400"
      } ]
    }, {
      "activity" : "transport",
      "group" : "transport",
      "manual" : false,
      "startTime" : "20151029T192100-0400",
      "endTime" : "20151029T193300-0400",
      "duration" : 720.0,
      "distance" : 4403.0,
      "trackPoints" : [ {
        "lat" : 40.7410937091,
        "lon" : -74.0016206549,
        "time" : "20151029T192100-0400"
      }, {
        "lat" : 40.7413889717,
        "lon" : -74.0013928315,
        "time" : "20151029T192130-0400"
      }, {
        "lat" : 40.7456349058,
        "lon" : -73.9982614695,
        "time" : "20151029T192210-0400"
      }, {
        "lat" : 40.7456195973,
        "lon" : -73.9982708853,
        "time" : "20151029T192232-0400"
      }, {
        "lat" : 40.7582047087,
        "lon" : -73.9891951883,
        "time" : "20151029T192520-0400"
      }, {
        "lat" : 40.7583788819,
        "lon" : -73.9890548761,
        "time" : "20151029T192545-0400"
      }, {
        "lat" : 40.7583819353,
        "lon" : -73.989051749,
        "time" : "20151029T192604-0400"
      }, {
        "lat" : 40.7583819353,
        "lon" : -73.989051749,
        "time" : "20151029T192621-0400"
      }, {
        "lat" : 40.7583819353,
        "lon" : -73.989051749,
        "time" : "20151029T192648-0400"
      }, {
        "lat" : 40.7583821776,
        "lon" : -73.9890515442,
        "time" : "20151029T192724-0400"
      }, {
        "lat" : 40.7577371871,
        "lon" : -73.9697193182,
        "time" : "20151029T193300-0400"
      } ]
    }, {
      "activity" : "walking",
      "group" : "walking",
      "manual" : false,
      "startTime" : "20151029T193300-0400",
      "endTime" : "20151029T193733-0400",
      "duration" : 273.0,
      "distance" : 222.0,
      "steps" : 291,
      "trackPoints" : [ {
        "lat" : 40.7577371871,
        "lon" : -73.9697193182,
        "time" : "20151029T193300-0400"
      }, {
        "lat" : 40.7576948164,
        "lon" : -73.9694721973,
        "time" : "20151029T193332-0400"
      }, {
        "lat" : 40.7576783556,
        "lon" : -73.9694243325,
        "time" : "20151029T193351-0400"
      }, {
        "lat" : 40.7576777016,
        "lon" : -73.969416983,
        "time" : "20151029T193408-0400"
      }, {
        "lat" : 40.7576815788,
        "lon" : -73.9694197343,
        "time" : "20151029T193424-0400"
      }, {
        "lat" : 40.7576933463,
        "lon" : -73.9694435636,
        "time" : "20151029T193444-0400"
      }, {
        "lat" : 40.7577220716,
        "lon" : -73.9695084581,
        "time" : "20151029T193502-0400"
      }, {
        "lat" : 40.7578255766,
        "lon" : -73.969764478,
        "time" : "20151029T193532-0400"
      }, {
        "lat" : 40.757912383,
        "lon" : -73.9699766991,
        "time" : "20151029T193548-0400"
      }, {
        "lat" : 40.7581403886,
        "lon" : -73.9705498979,
        "time" : "20151029T193615-0400"
      }, {
        "lat" : 40.7582050981,
        "lon" : -73.9708082553,
        "time" : "20151029T193635-0400"
      }, {
        "lat" : 40.7581851861,
        "lon" : -73.9709534683,
        "time" : "20151029T193653-0400"
      }, {
        "lat" : 40.7579008559,
        "lon" : -73.9712844028,
        "time" : "20151029T193733-0400"
      } ]
    } ],
    "lastUpdate" : "20151030T023428Z"
  }, {
    "type" : "place",
    "startTime" : "20151029T193733-0400",
    "endTime" : "20151029T194356-0400",
    "place" : {
      "id" : 279043636,
      "type" : "unknown",
      "location" : {
        "lat" : 40.7579008559,
        "lon" : -73.9712844028
      }
    },
    "activities" : [ {
      "activity" : "walking",
      "group" : "walking",
      "manual" : false,
      "startTime" : "20151029T193733-0400",
      "endTime" : "20151029T193745-0400",
      "duration" : 12.0,
      "distance" : 10.0,
      "steps" : 20,
      "trackPoints" : [ ]
    } ],
    "lastUpdate" : "20151030T023428Z"
  }, {
    "type" : "move",
    "startTime" : "20151029T194356-0400",
    "endTime" : "20151029T195618-0400",
    "activities" : [ {
      "activity" : "transport",
      "group" : "transport",
      "manual" : false,
      "startTime" : "20151029T194356-0400",
      "endTime" : "20151029T194706-0400",
      "duration" : 190.0,
      "distance" : 1448.0,
      "trackPoints" : [ {
        "lat" : 40.7579008559,
        "lon" : -73.9712844028,
        "time" : "20151029T194356-0400"
      }, {
        "lat" : 40.7579599314,
        "lon" : -73.9712343094,
        "time" : "20151029T194414-0400"
      }, {
        "lat" : 40.7581572891,
        "lon" : -73.971092775,
        "time" : "20151029T194438-0400"
      }, {
        "lat" : 40.7627089158,
        "lon" : -73.9680370547,
        "time" : "20151029T194504-0400"
      }, {
        "lat" : 40.7628082863,
        "lon" : -73.9679580583,
        "time" : "20151029T194524-0400"
      }, {
        "lat" : 40.7628327517,
        "lon" : -73.967936981,
        "time" : "20151029T194552-0400"
      }, {
        "lat" : 40.767853538,
        "lon" : -73.964163047,
        "time" : "20151029T194707-0400"
      } ]
    }, {
      "activity" : "walking",
      "group" : "walking",
      "manual" : false,
      "startTime" : "20151029T194707-0400",
      "endTime" : "20151029T195618-0400",
      "duration" : 551.0,
      "distance" : 595.0,
      "steps" : 703,
      "trackPoints" : [ {
        "lat" : 40.767853538,
        "lon" : -73.964163047,
        "time" : "20151029T194707-0400"
      }, {
        "lat" : 40.7679075955,
        "lon" : -73.9641166843,
        "time" : "20151029T194723-0400"
      }, {
        "lat" : 40.7679238826,
        "lon" : -73.9640976527,
        "time" : "20151029T194739-0400"
      }, {
        "lat" : 40.7679332533,
        "lon" : -73.964085927,
        "time" : "20151029T194757-0400"
      }, {
        "lat" : 40.7679468121,
        "lon" : -73.9640679068,
        "time" : "20151029T194834-0400"
      }, {
        "lat" : 40.7679674788,
        "lon" : -73.9640391048,
        "time" : "20151029T194857-0400"
      }, {
        "lat" : 40.7679803555,
        "lon" : -73.9640689094,
        "time" : "20151029T194918-0400"
      }, {
        "lat" : 40.7678886471,
        "lon" : -73.96429243,
        "time" : "20151029T194940-0400"
      }, {
        "lat" : 40.7681717008,
        "lon" : -73.9637694974,
        "time" : "20151029T195009-0400"
      }, {
        "lat" : 40.7681933978,
        "lon" : -73.9634886238,
        "time" : "20151029T195025-0400"
      }, {
        "lat" : 40.7680349769,
        "lon" : -73.9631003207,
        "time" : "20151029T195041-0400"
      }, {
        "lat" : 40.7680126199,
        "lon" : -73.9628050533,
        "time" : "20151029T195058-0400"
      }, {
        "lat" : 40.7678432696,
        "lon" : -73.9624289223,
        "time" : "20151029T195122-0400"
      }, {
        "lat" : 40.7676577733,
        "lon" : -73.9621892532,
        "time" : "20151029T195141-0400"
      }, {
        "lat" : 40.7678272261,
        "lon" : -73.9620397945,
        "time" : "20151029T195210-0400"
      }, {
        "lat" : 40.7679047979,
        "lon" : -73.9619625676,
        "time" : "20151029T195229-0400"
      }, {
        "lat" : 40.7681236101,
        "lon" : -73.9617436539,
        "time" : "20151029T195251-0400"
      }, {
        "lat" : 40.7682611831,
        "lon" : -73.961486171,
        "time" : "20151029T195307-0400"
      }, {
        "lat" : 40.7682235921,
        "lon" : -73.961021639,
        "time" : "20151029T195325-0400"
      }, {
        "lat" : 40.7681688222,
        "lon" : -73.9606052695,
        "time" : "20151029T195342-0400"
      }, {
        "lat" : 40.7680127925,
        "lon" : -73.9603777785,
        "time" : "20151029T195401-0400"
      }, {
        "lat" : 40.7677164177,
        "lon" : -73.9601581906,
        "time" : "20151029T195426-0400"
      }, {
        "lat" : 40.7674845742,
        "lon" : -73.9600875653,
        "time" : "20151029T195445-0400"
      }, {
        "lat" : 40.7678029041,
        "lon" : -73.9598629523,
        "time" : "20151029T195503-0400"
      }, {
        "lat" : 40.7680054405,
        "lon" : -73.9597676906,
        "time" : "20151029T195520-0400"
      }, {
        "lat" : 40.7681518711,
        "lon" : -73.9597203532,
        "time" : "20151029T195543-0400"
      }, {
        "lat" : 40.7682332314,
        "lon" : -73.9596921265,
        "time" : "20151029T195618-0400"
      } ]
    } ],
    "lastUpdate" : "20151030T023428Z"
  }, {
    "type" : "place",
    "startTime" : "20151029T195618-0400",
    "endTime" : "20151030T000833-0400",
    "place" : {
      "id" : 279043637,
      "type" : "unknown",
      "location" : {
        "lat" : 40.7682332314,
        "lon" : -73.9596921265
      }
    },
    "activities" : [ {
      "activity" : "walking",
      "group" : "walking",
      "manual" : false,
      "startTime" : "20151029T204320-0400",
      "endTime" : "20151029T204332-0400",
      "duration" : 12.0,
      "distance" : 8.0,
      "steps" : 16,
      "trackPoints" : [ ]
    }, {
      "activity" : "walking",
      "group" : "walking",
      "manual" : false,
      "startTime" : "20151029T221331-0400",
      "endTime" : "20151029T221341-0400",
      "duration" : 10.0,
      "distance" : 7.0,
      "steps" : 13,
      "trackPoints" : [ ]
    } ],
    "lastUpdate" : "20151030T054627Z"
  } ],
  "lastUpdate" : "20151030T054627Z"
} ]