[ {
  "date" : "20151028",
  "summary" : [ {
    "activity" : "walking",
    "group" : "walking",
    "duration" : 4138.0,
    "distance" : 4586.0,
    "steps" : 5658
  }, {
    "activity" : "transport",
    "group" : "transport",
    "duration" : 4438.0,
    "distance" : 46404.0
  } ],
  "segments" : [ {
    "type" : "place",
    "startTime" : "20151027T215939-0400",
    "endTime" : "20151028T092940-0400",
    "place" : {
      "id" : 276926693,
      "type" : "unknown",
      "location" : {
        "lat" : 40.7859467023,
        "lon" : -73.9726016923
      }
    },
    "activities" : [ {
      "activity" : "walking",
      "group" : "walking",
      "manual" : false,
      "startTime" : "20151028T083934-0400",
      "endTime" : "20151028T084512-0400",
      "duration" : 338.0,
      "distance" : 387.0,
      "steps" : 516,
      "trackPoints" : [ ]
    } ],
    "lastUpdate" : "20151028T142623Z"
  }, {
    "type" : "move",
    "startTime" : "20151028T092940-0400",
    "endTime" : "20151028T095657-0400",
    "activities" : [ {
      "activity" : "walking",
      "group" : "walking",
      "manual" : false,
      "startTime" : "20151028T092940-0400",
      "endTime" : "20151028T093623-0400",
      "duration" : 403.0,
      "distance" : 581.0,
      "steps" : 484,
      "trackPoints" : [ {
        "lat" : 40.7859467023,
        "lon" : -73.9726016923,
        "time" : "20151028T092940-0400"
      }, {
        "lat" : 40.7866381398,
        "lon" : -73.9729068658,
        "time" : "20151028T093009-0400"
      }, {
        "lat" : 40.7871216709,
        "lon" : -73.9736160368,
        "time" : "20151028T093139-0400"
      }, {
        "lat" : 40.7878327641,
        "lon" : -73.9746933143,
        "time" : "20151028T093322-0400"
      }, {
        "lat" : 40.7878609474,
        "lon" : -73.9749516808,
        "time" : "20151028T093339-0400"
      }, {
        "lat" : 40.7876470972,
        "lon" : -73.975305211,
        "time" : "20151028T093403-0400"
      }, {
        "lat" : 40.7873787636,
        "lon" : -73.9757303995,
        "time" : "20151028T093426-0400"
      }, {
        "lat" : 40.7876637106,
        "lon" : -73.975939269,
        "time" : "20151028T093444-0400"
      }, {
        "lat" : 40.7884757519,
        "lon" : -73.9757784385,
        "time" : "20151028T093515-0400"
      }, {
        "lat" : 40.7887084279,
        "lon" : -73.976061606,
        "time" : "20151028T093541-0400"
      }, {
        "lat" : 40.7889347327,
        "lon" : -73.9765475627,
        "time" : "20151028T093623-0400"
      } ]
    }, {
      "activity" : "transport",
      "group" : "transport",
      "manual" : false,
      "startTime" : "20151028T093623-0400",
      "endTime" : "20151028T094924-0400",
      "duration" : 781.0,
      "distance" : 6376.0,
      "trackPoints" : [ {
        "lat" : 40.7889347327,
        "lon" : -73.9765475627,
        "time" : "20151028T093623-0400"
      }, {
        "lat" : 40.7887755221,
        "lon" : -73.9765927824,
        "time" : "20151028T093654-0400"
      }, {
        "lat" : 40.7886473254,
        "lon" : -73.976631219,
        "time" : "20151028T093711-0400"
      }, {
        "lat" : 40.7599341557,
        "lon" : -73.9899296796,
        "time" : "20151028T094520-0400"
      }, {
        "lat" : 40.741939388,
        "lon" : -73.9985272098,
        "time" : "20151028T094923-0400"
      } ]
    }, {
      "activity" : "walking",
      "group" : "walking",
      "manual" : false,
      "startTime" : "20151028T094923-0400",
      "endTime" : "20151028T095657-0400",
      "duration" : 454.0,
      "distance" : 741.0,
      "steps" : 618,
      "trackPoints" : [ {
        "lat" : 40.741939388,
        "lon" : -73.9985272098,
        "time" : "20151028T094923-0400"
      }, {
        "lat" : 40.7384028083,
        "lon" : -74.0002752362,
        "time" : "20151028T095055-0400"
      }, {
        "lat" : 40.7385348001,
        "lon" : -74.0003320716,
        "time" : "20151028T095112-0400"
      }, {
        "lat" : 40.7385917947,
        "lon" : -74.0005541988,
        "time" : "20151028T095129-0400"
      }, {
        "lat" : 40.7387208847,
        "lon" : -74.0012671826,
        "time" : "20151028T095221-0400"
      }, {
        "lat" : 40.7386895764,
        "lon" : -74.0017666194,
        "time" : "20151028T095253-0400"
      }, {
        "lat" : 40.7385850202,
        "lon" : -74.0025466045,
        "time" : "20151028T095324-0400"
      }, {
        "lat" : 40.739110623,
        "lon" : -74.0025964479,
        "time" : "20151028T095353-0400"
      }, {
        "lat" : 40.739663354,
        "lon" : -74.0027673661,
        "time" : "20151028T095424-0400"
      }, {
        "lat" : 40.7398227673,
        "lon" : -74.0025283594,
        "time" : "20151028T095450-0400"
      }, {
        "lat" : 40.7400294593,
        "lon" : -74.0021354857,
        "time" : "20151028T095524-0400"
      }, {
        "lat" : 40.7402297211,
        "lon" : -74.0021590464,
        "time" : "20151028T095555-0400"
      }, {
        "lat" : 40.7403737121,
        "lon" : -74.0022228655,
        "time" : "20151028T095619-0400"
      }, {
        "lat" : 40.7406152847,
        "lon" : -74.0023497098,
        "time" : "20151028T095638-0400"
      }, {
        "lat" : 40.7408375251,
        "lon" : -74.0021916154,
        "time" : "20151028T095657-0400"
      } ]
    } ],
    "lastUpdate" : "20151028T142623Z"
  }, {
    "type" : "place",
    "startTime" : "20151028T095657-0400",
    "endTime" : "20151028T172624-0400",
    "place" : {
      "id" : 277153613,
      "type" : "unknown",
      "location" : {
        "lat" : 40.7413242041,
        "lon" : -74.0021969426
      }
    },
    "activities" : [ {
      "activity" : "walking",
      "group" : "walking",
      "manual" : false,
      "startTime" : "20151028T095657-0400",
      "endTime" : "20151028T095742-0400",
      "duration" : 45.0,
      "distance" : 30.0,
      "steps" : 60,
      "trackPoints" : [ ]
    }, {
      "activity" : "walking",
      "group" : "walking",
      "manual" : false,
      "startTime" : "20151028T100759-0400",
      "endTime" : "20151028T101005-0400",
      "duration" : 126.0,
      "distance" : 125.0,
      "steps" : 167,
      "trackPoints" : [ ]
    }, {
      "activity" : "walking",
      "group" : "walking",
      "manual" : false,
      "startTime" : "20151028T113526-0400",
      "endTime" : "20151028T113813-0400",
      "duration" : 167.0,
      "distance" : 167.0,
      "steps" : 222,
      "trackPoints" : [ ]
    }, {
      "activity" : "walking",
      "group" : "walking",
      "manual" : false,
      "startTime" : "20151028T130857-0400",
      "endTime" : "20151028T131055-0400",
      "duration" : 118.0,
      "distance" : 79.0,
      "steps" : 157,
      "trackPoints" : [ ]
    }, {
      "activity" : "walking",
      "group" : "walking",
      "manual" : false,
      "startTime" : "20151028T143612-0400",
      "endTime" : "20151028T143957-0400",
      "duration" : 225.0,
      "distance" : 232.0,
      "steps" : 309,
      "trackPoints" : [ ]
    }, {
      "activity" : "walking",
      "group" : "walking",
      "manual" : false,
      "startTime" : "20151028T170131-0400",
      "endTime" : "20151028T170157-0400",
      "duration" : 26.0,
      "distance" : 18.0,
      "steps" : 35,
      "trackPoints" : [ ]
    } ],
    "lastUpdate" : "20151029T040551Z"
  }, {
    "type" : "move",
    "startTime" : "20151028T172624-0400",
    "endTime" : "20151028T173150-0400",
    "activities" : [ {
      "activity" : "walking",
      "group" : "walking",
      "manual" : false,
      "startTime" : "20151028T172624-0400",
      "endTime" : "20151028T173151-0400",
      "duration" : 327.0,
      "distance" : 163.0,
      "steps" : 215,
      "trackPoints" : [ {
        "lat" : 40.7413242041,
        "lon" : -74.0021969426,
        "time" : "20151028T172624-0400"
      }, {
        "lat" : 40.7417512545,
        "lon" : -74.0017369699,
        "time" : "20151028T172856-0400"
      }, {
        "lat" : 40.741457979,
        "lon" : -74.0017751693,
        "time" : "20151028T173016-0400"
      }, {
        "lat" : 40.7413667015,
        "lon" : -74.001776796,
        "time" : "20151028T173051-0400"
      }, {
        "lat" : 40.7411268971,
        "lon" : -74.001893874,
        "time" : "20151028T173150-0400"
      } ]
    } ],
    "lastUpdate" : "20151029T040551Z"
  }, {
    "type" : "place",
    "startTime" : "20151028T173151-0400",
    "endTime" : "20151028T184154-0400",
    "place" : {
      "id" : 276618826,
      "type" : "unknown",
      "location" : {
        "lat" : 40.7411268971,
        "lon" : -74.001893874
      }
    },
    "activities" : [ {
      "activity" : "walking",
      "group" : "walking",
      "manual" : false,
      "startTime" : "20151028T183832-0400",
      "endTime" : "20151028T184016-0400",
      "duration" : 104.0,
      "distance" : 94.0,
      "steps" : 187,
      "trackPoints" : [ ]
    } ],
    "lastUpdate" : "20151029T040551Z"
  }, {
    "type" : "move",
    "startTime" : "20151028T184154-0400",
    "endTime" : "20151028T190148-0400",
    "activities" : [ {
      "activity" : "transport",
      "group" : "transport",
      "manual" : false,
      "startTime" : "20151028T184154-0400",
      "endTime" : "20151028T185513-0400",
      "duration" : 799.0,
      "distance" : 6487.0,
      "trackPoints" : [ {
        "lat" : 40.7411268971,
        "lon" : -74.001893874,
        "time" : "20151028T184154-0400"
      }, {
        "lat" : 40.7451039796,
        "lon" : -73.9985895994,
        "time" : "20151028T184219-0400"
      }, {
        "lat" : 40.7457101904,
        "lon" : -73.9981283335,
        "time" : "20151028T184238-0400"
      }, {
        "lat" : 40.7457330019,
        "lon" : -73.9981067827,
        "time" : "20151028T184256-0400"
      }, {
        "lat" : 40.7458090703,
        "lon" : -73.9980497739,
        "time" : "20151028T184320-0400"
      }, {
        "lat" : 40.7464812051,
        "lon" : -73.9975820916,
        "time" : "20151028T184335-0400"
      }, {
        "lat" : 40.7465187194,
        "lon" : -73.9975528893,
        "time" : "20151028T184458-0400"
      }, {
        "lat" : 40.7467103084,
        "lon" : -73.9974163566,
        "time" : "20151028T184528-0400"
      }, {
        "lat" : 40.7583331356,
        "lon" : -73.9891062291,
        "time" : "20151028T184637-0400"
      }, {
        "lat" : 40.758447358,
        "lon" : -73.9890294606,
        "time" : "20151028T184703-0400"
      }, {
        "lat" : 40.7584851833,
        "lon" : -73.9890052561,
        "time" : "20151028T184721-0400"
      }, {
        "lat" : 40.7584798843,
        "lon" : -73.9890099742,
        "time" : "20151028T184802-0400"
      }, {
        "lat" : 40.7585069525,
        "lon" : -73.9889893489,
        "time" : "20151028T184820-0400"
      }, {
        "lat" : 40.7625174394,
        "lon" : -73.985864483,
        "time" : "20151028T184852-0400"
      }, {
        "lat" : 40.7759190612,
        "lon" : -73.9763670343,
        "time" : "20151028T185211-0400"
      }, {
        "lat" : 40.7760177201,
        "lon" : -73.9762806634,
        "time" : "20151028T185229-0400"
      }, {
        "lat" : 40.7762914651,
        "lon" : -73.9760138303,
        "time" : "20151028T185249-0400"
      }, {
        "lat" : 40.7768453711,
        "lon" : -73.9756037431,
        "time" : "20151028T185321-0400"
      }, {
        "lat" : 40.7815534326,
        "lon" : -73.9723255091,
        "time" : "20151028T185344-0400"
      }, {
        "lat" : 40.7816908518,
        "lon" : -73.9722224489,
        "time" : "20151028T185432-0400"
      }, {
        "lat" : 40.7854733094,
        "lon" : -73.9694565976,
        "time" : "20151028T185513-0400"
      } ]
    }, {
      "activity" : "walking",
      "group" : "walking",
      "manual" : false,
      "startTime" : "20151028T185513-0400",
      "endTime" : "20151028T190149-0400",
      "duration" : 396.0,
      "distance" : 517.0,
      "steps" : 719,
      "trackPoints" : [ {
        "lat" : 40.7854733094,
        "lon" : -73.9694565976,
        "time" : "20151028T185513-0400"
      }, {
        "lat" : 40.7856699121,
        "lon" : -73.9692974268,
        "time" : "20151028T185543-0400"
      }, {
        "lat" : 40.7854520397,
        "lon" : -73.9696149504,
        "time" : "20151028T185703-0400"
      }, {
        "lat" : 40.7855065963,
        "lon" : -73.9698068207,
        "time" : "20151028T185727-0400"
      }, {
        "lat" : 40.7856105216,
        "lon" : -73.9700220906,
        "time" : "20151028T185744-0400"
      }, {
        "lat" : 40.7858067746,
        "lon" : -73.9704568704,
        "time" : "20151028T185806-0400"
      }, {
        "lat" : 40.7859647065,
        "lon" : -73.9708227443,
        "time" : "20151028T185826-0400"
      }, {
        "lat" : 40.7861373658,
        "lon" : -73.9712494176,
        "time" : "20151028T185847-0400"
      }, {
        "lat" : 40.7862931077,
        "lon" : -73.9716304969,
        "time" : "20151028T185907-0400"
      }, {
        "lat" : 40.7864048567,
        "lon" : -73.9719848468,
        "time" : "20151028T185928-0400"
      }, {
        "lat" : 40.7865006011,
        "lon" : -73.9720384948,
        "time" : "20151028T185947-0400"
      }, {
        "lat" : 40.7865234629,
        "lon" : -73.9720704201,
        "time" : "20151028T185959-0400"
      }, {
        "lat" : 40.786523481,
        "lon" : -73.9720704453,
        "time" : "20151028T190000-0400"
      }, {
        "lat" : 40.7865448287,
        "lon" : -73.9721002563,
        "time" : "20151028T190011-0400"
      }, {
        "lat" : 40.7865263184,
        "lon" : -73.9721431826,
        "time" : "20151028T190029-0400"
      }, {
        "lat" : 40.7867587872,
        "lon" : -73.9729084699,
        "time" : "20151028T190054-0400"
      }, {
        "lat" : 40.7868749996,
        "lon" : -73.9736387203,
        "time" : "20151028T190127-0400"
      }, {
        "lat" : 40.7872933557,
        "lon" : -73.9733004783,
        "time" : "20151028T190148-0400"
      } ]
    } ],
    "lastUpdate" : "20151029T040551Z"
  }, {
    "type" : "place",
    "startTime" : "20151028T190148-0400",
    "endTime" : "20151028T200329-0400",
    "place" : {
      "id" : 278773854,
      "type" : "unknown",
      "location" : {
        "lat" : 40.7872933557,
        "lon" : -73.9733004783
      }
    },
    "activities" : [ {
      "activity" : "walking",
      "group" : "walking",
      "manual" : false,
      "startTime" : "20151028T190148-0400",
      "endTime" : "20151028T190225-0400",
      "duration" : 37.0,
      "distance" : 25.0,
      "steps" : 49,
      "trackPoints" : [ ]
    }, {
      "activity" : "walking",
      "group" : "walking",
      "manual" : false,
      "startTime" : "20151028T200012-0400",
      "endTime" : "20151028T200053-0400",
      "duration" : 41.0,
      "distance" : 28.0,
      "steps" : 55,
      "trackPoints" : [ ]
    } ],
    "lastUpdate" : "20151029T142143Z"
  }, {
    "type" : "move",
    "startTime" : "20151028T200329-0400",
    "endTime" : "20151028T200547-0400",
    "activities" : [ {
      "activity" : "walking",
      "group" : "walking",
      "manual" : false,
      "startTime" : "20151028T200329-0400",
      "endTime" : "20151028T200548-0400",
      "duration" : 139.0,
      "distance" : 216.0,
      "steps" : 262,
      "trackPoints" : [ {
        "lat" : 40.7872933557,
        "lon" : -73.9733004783,
        "time" : "20151028T200329-0400"
      }, {
        "lat" : 40.7863294514,
        "lon" : -73.9722438591,
        "time" : "20151028T200448-0400"
      }, {
        "lat" : 40.7861097,
        "lon" : -73.9724169577,
        "time" : "20151028T200503-0400"
      }, {
        "lat" : 40.7859467023,
        "lon" : -73.9726016923,
        "time" : "20151028T200547-0400"
      } ]
    } ],
    "lastUpdate" : "20151029T142143Z"
  }, {
    "type" : "place",
    "startTime" : "20151028T200547-0400",
    "endTime" : "20151028T205132-0400",
    "place" : {
      "id" : 276926693,
      "type" : "unknown",
      "location" : {
        "lat" : 40.7859467023,
        "lon" : -73.9726016923
      }
    },
    "activities" : [ {
      "activity" : "walking",
      "group" : "walking",
      "manual" : false,
      "startTime" : "20151028T200547-0400",
      "endTime" : "20151028T200807-0400",
      "duration" : 140.0,
      "distance" : 161.0,
      "steps" : 214,
      "trackPoints" : [ ]
    } ],
    "lastUpdate" : "20151029T142143Z"
  }, {
    "type" : "move",
    "startTime" : "20151028T205132-0400",
    "endTime" : "20151028T211111-0400",
    "activities" : [ {
      "activity" : "transport",
      "group" : "transport",
      "manual" : false,
      "startTime" : "20151028T205132-0400",
      "endTime" : "20151028T211112-0400",
      "duration" : 1180.0,
      "distance" : 14580.0,
      "trackPoints" : [ {
        "lat" : 40.7859467023,
        "lon" : -73.9726016923,
        "time" : "20151028T205132-0400"
      }, {
        "lat" : 40.7833545812,
        "lon" : -73.9786254447,
        "time" : "20151028T205300-0400"
      }, {
        "lat" : 40.7838617301,
        "lon" : -73.9794474324,
        "time" : "20151028T205320-0400"
      }, {
        "lat" : 40.7838617301,
        "lon" : -73.9794474324,
        "time" : "20151028T205352-0400"
      }, {
        "lat" : 40.7901521874,
        "lon" : -73.9818374239,
        "time" : "20151028T205540-0400"
      }, {
        "lat" : 40.7902754639,
        "lon" : -73.9817627473,
        "time" : "20151028T205608-0400"
      }, {
        "lat" : 40.8172484997,
        "lon" : -73.962388437,
        "time" : "20151028T205905-0400"
      }, {
        "lat" : 40.8194887718,
        "lon" : -73.9601205219,
        "time" : "20151028T205921-0400"
      }, {
        "lat" : 40.8253961116,
        "lon" : -73.9555429151,
        "time" : "20151028T205959-0400"
      }, {
        "lat" : 40.8253976284,
        "lon" : -73.9555417398,
        "time" : "20151028T210000-0400"
      }, {
        "lat" : 40.8314712351,
        "lon" : -73.9508352924,
        "time" : "20151028T210040-0400"
      }, {
        "lat" : 40.8554229769,
        "lon" : -73.9692931001,
        "time" : "20151028T210540-0400"
      }, {
        "lat" : 40.8555353398,
        "lon" : -73.9695131026,
        "time" : "20151028T210602-0400"
      }, {
        "lat" : 40.8560798311,
        "lon" : -73.9698679154,
        "time" : "20151028T210635-0400"
      }, {
        "lat" : 40.8715447178,
        "lon" : -73.9725335064,
        "time" : "20151028T210741-0400"
      }, {
        "lat" : 40.8727517138,
        "lon" : -73.9725326855,
        "time" : "20151028T210758-0400"
      }, {
        "lat" : 40.8751453039,
        "lon" : -73.9719852354,
        "time" : "20151028T210842-0400"
      }, {
        "lat" : 40.8751728241,
        "lon" : -73.9719959998,
        "time" : "20151028T210858-0400"
      }, {
        "lat" : 40.8752882254,
        "lon" : -73.9719986023,
        "time" : "20151028T210936-0400"
      }, {
        "lat" : 40.8815752385,
        "lon" : -73.9709523672,
        "time" : "20151028T211111-0400"
      } ]
    } ],
    "lastUpdate" : "20151029T142143Z"
  }, {
    "type" : "place",
    "startTime" : "20151028T211111-0400",
    "endTime" : "20151028T221453-0400",
    "place" : {
      "id" : 278773855,
      "type" : "unknown",
      "location" : {
        "lat" : 40.8815752385,
        "lon" : -73.9709523672
      }
    },
    "activities" : [ {
      "activity" : "walking",
      "group" : "walking",
      "manual" : false,
      "startTime" : "20151028T211111-0400",
      "endTime" : "20151028T211607-0400",
      "duration" : 296.0,
      "distance" : 323.0,
      "steps" : 431,
      "trackPoints" : [ ]
    }, {
      "activity" : "walking",
      "group" : "walking",
      "manual" : false,
      "startTime" : "20151028T220019-0400",
      "endTime" : "20151028T220400-0400",
      "duration" : 221.0,
      "distance" : 239.0,
      "steps" : 318,
      "trackPoints" : [ ]
    } ],
    "lastUpdate" : "20151029T142143Z"
  }, {
    "type" : "move",
    "startTime" : "20151028T221453-0400",
    "endTime" : "20151028T221652-0400",
    "activities" : [ {
      "activity" : "transport",
      "group" : "transport",
      "manual" : false,
      "startTime" : "20151028T221453-0400",
      "endTime" : "20151028T221653-0400",
      "duration" : 120.0,
      "distance" : 626.0,
      "trackPoints" : [ {
        "lat" : 40.8815752385,
        "lon" : -73.9709523672,
        "time" : "20151028T221453-0400"
      }, {
        "lat" : 40.8818076338,
        "lon" : -73.97193336,
        "time" : "20151028T221539-0400"
      }, {
        "lat" : 40.881995164,
        "lon" : -73.9773726024,
        "time" : "20151028T221652-0400"
      } ]
    } ],
    "lastUpdate" : "20151029T142143Z"
  }, {
    "type" : "place",
    "startTime" : "20151028T221653-0400",
    "endTime" : "20151028T223642-0400",
    "place" : {
      "id" : 278773861,
      "type" : "unknown",
      "location" : {
        "lat" : 40.881995164,
        "lon" : -73.9773726024
      }
    },
    "activities" : [ {
      "activity" : "walking",
      "group" : "walking",
      "manual" : false,
      "startTime" : "20151028T221731-0400",
      "endTime" : "20151028T221833-0400",
      "duration" : 62.0,
      "distance" : 41.0,
      "steps" : 82,
      "trackPoints" : [ ]
    } ],
    "lastUpdate" : "20151029T142143Z"
  }, {
    "type" : "move",
    "startTime" : "20151028T223642-0400",
    "endTime" : "20151028T224511-0400",
    "activities" : [ {
      "activity" : "transport",
      "group" : "transport",
      "manual" : false,
      "startTime" : "20151028T223642-0400",
      "endTime" : "20151028T224512-0400",
      "duration" : 510.0,
      "distance" : 4117.0,
      "trackPoints" : [ {
        "lat" : 40.881995164,
        "lon" : -73.9773726024,
        "time" : "20151028T223642-0400"
      }, {
        "lat" : 40.8754058709,
        "lon" : -73.9721193728,
        "time" : "20151028T223941-0400"
      }, {
        "lat" : 40.8762464726,
        "lon" : -73.971539217,
        "time" : "20151028T223957-0400"
      }, {
        "lat" : 40.8765091733,
        "lon" : -73.971489107,
        "time" : "20151028T224041-0400"
      }, {
        "lat" : 40.8770315621,
        "lon" : -73.9712684271,
        "time" : "20151028T224142-0400"
      }, {
        "lat" : 40.888128248,
        "lon" : -73.9657354575,
        "time" : "20151028T224202-0400"
      }, {
        "lat" : 40.8891099245,
        "lon" : -73.9655887937,
        "time" : "20151028T224430-0400"
      }, {
        "lat" : 40.8960334556,
        "lon" : -73.9751701795,
        "time" : "20151028T224511-0400"
      } ]
    } ],
    "lastUpdate" : "20151029T142143Z"
  }, {
    "type" : "place",
    "startTime" : "20151028T224511-0400",
    "endTime" : "20151028T231128-0400",
    "place" : {
      "id" : 278773862,
      "type" : "unknown",
      "location" : {
        "lat" : 40.8960334556,
        "lon" : -73.9751701795
      }
    },
    "activities" : [ {
      "activity" : "walking",
      "group" : "walking",
      "manual" : false,
      "startTime" : "20151028T224625-0400",
      "endTime" : "20151028T224859-0400",
      "duration" : 154.0,
      "distance" : 154.0,
      "steps" : 205,
      "trackPoints" : [ ]
    }, {
      "activity" : "walking",
      "group" : "walking",
      "manual" : false,
      "startTime" : "20151028T230032-0400",
      "endTime" : "20151028T230551-0400",
      "duration" : 319.0,
      "distance" : 265.0,
      "steps" : 353,
      "trackPoints" : [ ]
    } ],
    "lastUpdate" : "20151029T142143Z"
  }, {
    "type" : "move",
    "startTime" : "20151028T234131-0400",
    "endTime" : "20151028T235859-0400",
    "activities" : [ {
      "activity" : "transport",
      "group" : "transport",
      "manual" : false,
      "startTime" : "20151028T234131-0400",
      "endTime" : "20151028T235859-0400",
      "duration" : 1048.0,
      "distance" : 14218.0,
      "trackPoints" : [ {
        "lat" : 40.8681884793,
        "lon" : -73.9737147963,
        "time" : "20151028T234131-0400"
      }, {
        "lat" : 40.8664122339,
        "lon" : -73.9741211131,
        "time" : "20151028T234149-0400"
      }, {
        "lat" : 40.8641721672,
        "lon" : -73.9747658123,
        "time" : "20151028T234209-0400"
      }, {
        "lat" : 40.863979011,
        "lon" : -73.9748169373,
        "time" : "20151028T234228-0400"
      }, {
        "lat" : 40.8577898968,
        "lon" : -73.9745180224,
        "time" : "20151028T234257-0400"
      }, {
        "lat" : 40.8562501235,
        "lon" : -73.972463038,
        "time" : "20151028T234313-0400"
      }, {
        "lat" : 40.8462970948,
        "lon" : -73.9435248209,
        "time" : "20151028T234607-0400"
      }, {
        "lat" : 40.8437062964,
        "lon" : -73.945645225,
        "time" : "20151028T234634-0400"
      }, {
        "lat" : 40.8217105565,
        "lon" : -73.9583868045,
        "time" : "20151028T234844-0400"
      }, {
        "lat" : 40.7954999314,
        "lon" : -73.9775982132,
        "time" : "20151028T235148-0400"
      }, {
        "lat" : 40.7956253675,
        "lon" : -73.9762306346,
        "time" : "20151028T235204-0400"
      }, {
        "lat" : 40.7954179291,
        "lon" : -73.9756562518,
        "time" : "20151028T235220-0400"
      }, {
        "lat" : 40.7947516687,
        "lon" : -73.9743301302,
        "time" : "20151028T235239-0400"
      }, {
        "lat" : 40.7942085984,
        "lon" : -73.9740693968,
        "time" : "20151028T235258-0400"
      }, {
        "lat" : 40.7933916926,
        "lon" : -73.9745290859,
        "time" : "20151028T235314-0400"
      }, {
        "lat" : 40.7914956769,
        "lon" : -73.9759756804,
        "time" : "20151028T235340-0400"
      }, {
        "lat" : 40.7909071535,
        "lon" : -73.9763096901,
        "time" : "20151028T235407-0400"
      }, {
        "lat" : 40.7908154786,
        "lon" : -73.9763211435,
        "time" : "20151028T235428-0400"
      }, {
        "lat" : 40.7897828651,
        "lon" : -73.9771971712,
        "time" : "20151028T235451-0400"
      }, {
        "lat" : 40.7881437802,
        "lon" : -73.9760145324,
        "time" : "20151028T235521-0400"
      }, {
        "lat" : 40.7872802039,
        "lon" : -73.9740759329,
        "time" : "20151028T235540-0400"
      }, {
        "lat" : 40.7869242127,
        "lon" : -73.9732204196,
        "time" : "20151028T235556-0400"
      }, {
        "lat" : 40.7858168293,
        "lon" : -73.9705016966,
        "time" : "20151028T235613-0400"
      }, {
        "lat" : 40.7853990453,
        "lon" : -73.9697270801,
        "time" : "20151028T235645-0400"
      }, {
        "lat" : 40.7852682297,
        "lon" : -73.9696759154,
        "time" : "20151028T235703-0400"
      }, {
        "lat" : 40.785293647,
        "lon" : -73.969671588,
        "time" : "20151028T235719-0400"
      }, {
        "lat" : 40.7850535776,
        "lon" : -73.9696511109,
        "time" : "20151028T235744-0400"
      }, {
        "lat" : 40.7848015316,
        "lon" : -73.969792796,
        "time" : "20151028T235804-0400"
      }, {
        "lat" : 40.7847644743,
        "lon" : -73.9701106165,
        "time" : "20151028T235819-0400"
      }, {
        "lat" : 40.7853439959,
        "lon" : -73.9714857559,
        "time" : "20151028T235844-0400"
      }, {
        "lat" : 40.7856121081,
        "lon" : -73.9720724825,
        "time" : "20151028T235859-0400"
      } ]
    } ],
    "lastUpdate" : "20151029T142143Z"
  }, {
    "type" : "place",
    "startTime" : "20151028T235859-0400",
    "endTime" : "20151029T092211-0400",
    "place" : {
      "id" : 276458640,
      "type" : "unknown",
      "location" : {
        "lat" : 40.7856121081,
        "lon" : -73.9720724825
      }
    },
    "lastUpdate" : "20151029T142143Z"
  } ],
  "lastUpdate" : "20151029T142143Z"
} ]