[ {
  "date" : "20151031",
  "summary" : [ {
    "activity" : "walking",
    "group" : "walking",
    "duration" : 327.0,
    "distance" : 273.0,
    "steps" : 435
  } ],
  "segments" : [ {
    "type" : "place",
    "startTime" : "20151031T191626-0400",
    "endTime" : "20151031T231059-0400",
    "place" : {
      "id" : 276458640,
      "type" : "unknown",
      "location" : {
        "lat" : 40.7856121081,
        "lon" : -73.9720724825
      }
    },
    "activities" : [ {
      "activity" : "walking",
      "group" : "walking",
      "manual" : false,
      "startTime" : "20151031T194658-0400",
      "endTime" : "20151031T194757-0400",
      "duration" : 59.0,
      "distance" : 39.0,
      "steps" : 78,
      "trackPoints" : [ ]
    }, {
      "activity" : "walking",
      "group" : "walking",
      "manual" : false,
      "startTime" : "20151031T200232-0400",
      "endTime" : "20151031T200517-0400",
      "duration" : 165.0,
      "distance" : 165.0,
      "steps" : 220,
      "trackPoints" : [ ]
    }, {
      "activity" : "walking",
      "group" : "walking",
      "manual" : false,
      "startTime" : "20151031T210050-0400",
      "endTime" : "20151031T210122-0400",
      "duration" : 32.0,
      "distance" : 22.0,
      "steps" : 43,
      "trackPoints" : [ ]
    }, {
      "activity" : "walking",
      "group" : "walking",
      "manual" : false,
      "startTime" : "20151031T220353-0400",
      "endTime" : "20151031T220504-0400",
      "duration" : 71.0,
      "distance" : 47.0,
      "steps" : 94,
      "trackPoints" : [ ]
    } ],
    "lastUpdate" : "20151101T210356Z"
  } ],
  "lastUpdate" : "20151101T210356Z"
} ]