[ {
  "date" : "20151023",
  "summary" : [ {
    "activity" : "walking",
    "group" : "walking",
    "duration" : 4896.0,
    "distance" : 4879.0,
    "steps" : 6582
  }, {
    "activity" : "transport",
    "group" : "transport",
    "duration" : 2164.0,
    "distance" : 13088.0
  } ],
  "segments" : [ {
    "type" : "place",
    "startTime" : "20151022T233644-0400",
    "endTime" : "20151023T080231-0400",
    "place" : {
      "id" : 276458640,
      "type" : "unknown",
      "location" : {
        "lat" : 40.7856121081,
        "lon" : -73.9720724825
      }
    },
    "activities" : [ {
      "activity" : "walking",
      "group" : "walking",
      "manual" : false,
      "startTime" : "20151023T075304-0400",
      "endTime" : "20151023T075321-0400",
      "duration" : 17.0,
      "distance" : 11.0,
      "steps" : 22,
      "trackPoints" : [ ]
    }, {
      "activity" : "walking",
      "group" : "walking",
      "manual" : false,
      "startTime" : "20151023T080221-0400",
      "endTime" : "20151023T080721-0400",
      "duration" : 300.0,
      "distance" : 300.0,
      "steps" : 400,
      "trackPoints" : [ ]
    } ],
    "lastUpdate" : "20151023T214925Z"
  }, {
    "type" : "move",
    "startTime" : "20151023T080231-0400",
    "endTime" : "20151023T080606-0400",
    "activities" : [ {
      "activity" : "walking",
      "group" : "walking",
      "manual" : false,
      "startTime" : "20151023T080231-0400",
      "endTime" : "20151023T080606-0400",
      "duration" : 215.0,
      "distance" : 182.0,
      "steps" : 239,
      "trackPoints" : [ {
        "lat" : 40.7856121081,
        "lon" : -73.9720724825,
        "time" : "20151023T080231-0400"
      }, {
        "lat" : 40.7858580637,
        "lon" : -73.9723727387,
        "time" : "20151023T080333-0400"
      }, {
        "lat" : 40.7860956826,
        "lon" : -73.9723717791,
        "time" : "20151023T080401-0400"
      }, {
        "lat" : 40.786366027,
        "lon" : -73.9721711897,
        "time" : "20151023T080427-0400"
      }, {
        "lat" : 40.7864478877,
        "lon" : -73.9721198969,
        "time" : "20151023T080446-0400"
      }, {
        "lat" : 40.7864621835,
        "lon" : -73.9721041726,
        "time" : "20151023T080505-0400"
      }, {
        "lat" : 40.7864786452,
        "lon" : -73.9720600985,
        "time" : "20151023T080528-0400"
      }, {
        "lat" : 40.7866248858,
        "lon" : -73.972049676,
        "time" : "20151023T080547-0400"
      }, {
        "lat" : 40.7866998268,
        "lon" : -73.9725818776,
        "time" : "20151023T080606-0400"
      } ]
    } ],
    "lastUpdate" : "20151023T214925Z"
  }, {
    "type" : "place",
    "startTime" : "20151023T080606-0400",
    "endTime" : "20151023T085106-0400",
    "place" : {
      "id" : 276964258,
      "type" : "unknown",
      "location" : {
        "lat" : 40.7866998268,
        "lon" : -73.9725818776
      }
    },
    "activities" : [ {
      "activity" : "walking",
      "group" : "walking",
      "manual" : false,
      "startTime" : "20151023T080606-0400",
      "endTime" : "20151023T080929-0400",
      "duration" : 203.0,
      "distance" : 236.0,
      "steps" : 315,
      "trackPoints" : [ ]
    } ],
    "lastUpdate" : "20151023T214925Z"
  }, {
    "type" : "move",
    "startTime" : "20151023T085106-0400",
    "endTime" : "20151023T085654-0400",
    "activities" : [ {
      "activity" : "walking",
      "group" : "walking",
      "manual" : false,
      "startTime" : "20151023T085106-0400",
      "endTime" : "20151023T085654-0400",
      "duration" : 348.0,
      "distance" : 323.0,
      "steps" : 447,
      "trackPoints" : [ {
        "lat" : 40.7866998268,
        "lon" : -73.9725818776,
        "time" : "20151023T085106-0400"
      }, {
        "lat" : 40.78698846,
        "lon" : -73.9733019144,
        "time" : "20151023T085127-0400"
      }, {
        "lat" : 40.786956016,
        "lon" : -73.9732531211,
        "time" : "20151023T085214-0400"
      }, {
        "lat" : 40.7869690157,
        "lon" : -73.9732766159,
        "time" : "20151023T085230-0400"
      }, {
        "lat" : 40.7869777223,
        "lon" : -73.9732893415,
        "time" : "20151023T085253-0400"
      }, {
        "lat" : 40.7869092913,
        "lon" : -73.9731115291,
        "time" : "20151023T085326-0400"
      }, {
        "lat" : 40.7867672996,
        "lon" : -73.973040748,
        "time" : "20151023T085345-0400"
      }, {
        "lat" : 40.7866593837,
        "lon" : -73.973084037,
        "time" : "20151023T085403-0400"
      }, {
        "lat" : 40.7866018209,
        "lon" : -73.9728975079,
        "time" : "20151023T085419-0400"
      }, {
        "lat" : 40.7865548299,
        "lon" : -73.9725545669,
        "time" : "20151023T085435-0400"
      }, {
        "lat" : 40.7864702238,
        "lon" : -73.9722731759,
        "time" : "20151023T085454-0400"
      }, {
        "lat" : 40.7863001185,
        "lon" : -73.9722661083,
        "time" : "20151023T085514-0400"
      }, {
        "lat" : 40.7859482678,
        "lon" : -73.9724758898,
        "time" : "20151023T085550-0400"
      }, {
        "lat" : 40.7857876981,
        "lon" : -73.9723966484,
        "time" : "20151023T085611-0400"
      }, {
        "lat" : 40.7856069425,
        "lon" : -73.9721687795,
        "time" : "20151023T085631-0400"
      }, {
        "lat" : 40.7856121081,
        "lon" : -73.9720724825,
        "time" : "20151023T085654-0400"
      } ]
    } ],
    "lastUpdate" : "20151023T214925Z"
  }, {
    "type" : "place",
    "startTime" : "20151023T085654-0400",
    "endTime" : "20151023T093957-0400",
    "place" : {
      "id" : 276458640,
      "type" : "unknown",
      "location" : {
        "lat" : 40.7856121081,
        "lon" : -73.9720724825
      }
    },
    "activities" : [ {
      "activity" : "walking",
      "group" : "walking",
      "manual" : false,
      "startTime" : "20151023T085654-0400",
      "endTime" : "20151023T085710-0400",
      "duration" : 16.0,
      "distance" : 11.0,
      "steps" : 22,
      "trackPoints" : [ ]
    }, {
      "activity" : "walking",
      "group" : "walking",
      "manual" : false,
      "startTime" : "20151023T093940-0400",
      "endTime" : "20151023T093955-0400",
      "duration" : 15.0,
      "distance" : 10.0,
      "steps" : 20,
      "trackPoints" : [ ]
    } ],
    "lastUpdate" : "20151023T214925Z"
  }, {
    "type" : "move",
    "startTime" : "20151023T093957-0400",
    "endTime" : "20151023T100359-0400",
    "activities" : [ {
      "activity" : "walking",
      "group" : "walking",
      "manual" : false,
      "startTime" : "20151023T093957-0400",
      "endTime" : "20151023T094427-0400",
      "duration" : 270.0,
      "distance" : 309.0,
      "steps" : 435,
      "trackPoints" : [ {
        "lat" : 40.7856121081,
        "lon" : -73.9720724825,
        "time" : "20151023T093957-0400"
      }, {
        "lat" : 40.7853677823,
        "lon" : -73.9715565696,
        "time" : "20151023T094025-0400"
      }, {
        "lat" : 40.7852061942,
        "lon" : -73.9711552237,
        "time" : "20151023T094048-0400"
      }, {
        "lat" : 40.7850766264,
        "lon" : -73.9708286688,
        "time" : "20151023T094112-0400"
      }, {
        "lat" : 40.7849708401,
        "lon" : -73.9704819713,
        "time" : "20151023T094136-0400"
      }, {
        "lat" : 40.7849292852,
        "lon" : -73.9700261233,
        "time" : "20151023T094205-0400"
      }, {
        "lat" : 40.7850377394,
        "lon" : -73.9696484987,
        "time" : "20151023T094224-0400"
      }, {
        "lat" : 40.7852026924,
        "lon" : -73.9694636209,
        "time" : "20151023T094246-0400"
      }, {
        "lat" : 40.7853401694,
        "lon" : -73.9694603287,
        "time" : "20151023T094315-0400"
      }, {
        "lat" : 40.7853856838,
        "lon" : -73.9694535603,
        "time" : "20151023T094335-0400"
      }, {
        "lat" : 40.7854578407,
        "lon" : -73.9694086964,
        "time" : "20151023T094351-0400"
      }, {
        "lat" : 40.7856704125,
        "lon" : -73.9692628027,
        "time" : "20151023T094427-0400"
      } ]
    }, {
      "activity" : "transport",
      "group" : "transport",
      "manual" : false,
      "startTime" : "20151023T094427-0400",
      "endTime" : "20151023T100400-0400",
      "duration" : 1173.0,
      "distance" : 6591.0,
      "trackPoints" : [ {
        "lat" : 40.7856704125,
        "lon" : -73.9692628027,
        "time" : "20151023T094427-0400"
      }, {
        "lat" : 40.7858536801,
        "lon" : -73.9691360298,
        "time" : "20151023T094444-0400"
      }, {
        "lat" : 40.785892427,
        "lon" : -73.9691091181,
        "time" : "20151023T094510-0400"
      }, {
        "lat" : 40.7857737541,
        "lon" : -73.969196835,
        "time" : "20151023T094557-0400"
      }, {
        "lat" : 40.7819341141,
        "lon" : -73.9720494255,
        "time" : "20151023T094715-0400"
      }, {
        "lat" : 40.7819402067,
        "lon" : -73.9720456961,
        "time" : "20151023T094745-0400"
      }, {
        "lat" : 40.7762286279,
        "lon" : -73.9760731521,
        "time" : "20151023T094944-0400"
      }, {
        "lat" : 40.7688349858,
        "lon" : -73.9817051512,
        "time" : "20151023T095139-0400"
      }, {
        "lat" : 40.7685619022,
        "lon" : -73.9819469666,
        "time" : "20151023T095254-0400"
      }, {
        "lat" : 40.7685619022,
        "lon" : -73.9819469666,
        "time" : "20151023T095314-0400"
      }, {
        "lat" : 40.7685619022,
        "lon" : -73.9819469666,
        "time" : "20151023T095337-0400"
      }, {
        "lat" : 40.7685619022,
        "lon" : -73.9819469666,
        "time" : "20151023T095402-0400"
      }, {
        "lat" : 40.7685873738,
        "lon" : -73.9819318776,
        "time" : "20151023T095418-0400"
      }, {
        "lat" : 40.7686052921,
        "lon" : -73.9819212057,
        "time" : "20151023T095443-0400"
      }, {
        "lat" : 40.7624468383,
        "lon" : -73.9859779183,
        "time" : "20151023T095745-0400"
      }, {
        "lat" : 40.7622956758,
        "lon" : -73.9861530886,
        "time" : "20151023T095808-0400"
      }, {
        "lat" : 40.7584216787,
        "lon" : -73.9890146509,
        "time" : "20151023T095848-0400"
      }, {
        "lat" : 40.7573672029,
        "lon" : -73.9898196836,
        "time" : "20151023T095913-0400"
      }, {
        "lat" : 40.7572036875,
        "lon" : -73.9899123971,
        "time" : "20151023T095931-0400"
      }, {
        "lat" : 40.7569977909,
        "lon" : -73.990010846,
        "time" : "20151023T095947-0400"
      }, {
        "lat" : 40.7560914692,
        "lon" : -73.9906705113,
        "time" : "20151023T095959-0400"
      }, {
        "lat" : 40.7560907546,
        "lon" : -73.9906710315,
        "time" : "20151023T100000-0400"
      }, {
        "lat" : 40.7454999417,
        "lon" : -73.9983795447,
        "time" : "20151023T100228-0400"
      }, {
        "lat" : 40.7453317836,
        "lon" : -73.9986279191,
        "time" : "20151023T100255-0400"
      }, {
        "lat" : 40.7413242041,
        "lon" : -74.0021969426,
        "time" : "20151023T100359-0400"
      } ]
    } ],
    "lastUpdate" : "20151023T214925Z"
  }, {
    "type" : "place",
    "startTime" : "20151023T100400-0400",
    "endTime" : "20151023T145417-0400",
    "place" : {
      "id" : 277153613,
      "type" : "unknown",
      "location" : {
        "lat" : 40.7413242041,
        "lon" : -74.0021969426
      }
    },
    "activities" : [ {
      "activity" : "walking",
      "group" : "walking",
      "manual" : false,
      "startTime" : "20151023T100409-0400",
      "endTime" : "20151023T100556-0400",
      "duration" : 107.0,
      "distance" : 81.0,
      "steps" : 162,
      "trackPoints" : [ ]
    }, {
      "activity" : "walking",
      "group" : "walking",
      "manual" : false,
      "startTime" : "20151023T111245-0400",
      "endTime" : "20151023T111457-0400",
      "duration" : 132.0,
      "distance" : 132.0,
      "steps" : 176,
      "trackPoints" : [ ]
    }, {
      "activity" : "walking",
      "group" : "walking",
      "manual" : false,
      "startTime" : "20151023T120453-0400",
      "endTime" : "20151023T120730-0400",
      "duration" : 157.0,
      "distance" : 164.0,
      "steps" : 219,
      "trackPoints" : [ ]
    }, {
      "activity" : "walking",
      "group" : "walking",
      "manual" : false,
      "startTime" : "20151023T140058-0400",
      "endTime" : "20151023T140639-0400",
      "duration" : 341.0,
      "distance" : 350.0,
      "steps" : 466,
      "trackPoints" : [ ]
    } ],
    "lastUpdate" : "20151023T214925Z"
  }, {
    "type" : "move",
    "startTime" : "20151023T145417-0400",
    "endTime" : "20151023T152442-0400",
    "activities" : [ {
      "activity" : "walking",
      "group" : "walking",
      "manual" : false,
      "startTime" : "20151023T145417-0400",
      "endTime" : "20151023T152443-0400",
      "duration" : 1826.0,
      "distance" : 1815.0,
      "steps" : 2347,
      "trackPoints" : [ {
        "lat" : 40.7413242041,
        "lon" : -74.0021969426,
        "time" : "20151023T145417-0400"
      }, {
        "lat" : 40.7408877222,
        "lon" : -74.0020027804,
        "time" : "20151023T145445-0400"
      }, {
        "lat" : 40.7408977479,
        "lon" : -74.0019748403,
        "time" : "20151023T145500-0400"
      }, {
        "lat" : 40.7411627301,
        "lon" : -74.0019405351,
        "time" : "20151023T145522-0400"
      }, {
        "lat" : 40.7411183831,
        "lon" : -74.0019068122,
        "time" : "20151023T145548-0400"
      }, {
        "lat" : 40.7410138403,
        "lon" : -74.0018762029,
        "time" : "20151023T145604-0400"
      }, {
        "lat" : 40.7408857883,
        "lon" : -74.0018524286,
        "time" : "20151023T145622-0400"
      }, {
        "lat" : 40.7408500192,
        "lon" : -74.0018335465,
        "time" : "20151023T145640-0400"
      }, {
        "lat" : 40.7407965087,
        "lon" : -74.0018628395,
        "time" : "20151023T145715-0400"
      }, {
        "lat" : 40.7407732751,
        "lon" : -74.0019051109,
        "time" : "20151023T145734-0400"
      }, {
        "lat" : 40.7407961634,
        "lon" : -74.0018457147,
        "time" : "20151023T145757-0400"
      }, {
        "lat" : 40.7407851987,
        "lon" : -74.0018239819,
        "time" : "20151023T145827-0400"
      }, {
        "lat" : 40.7406550237,
        "lon" : -74.0018969437,
        "time" : "20151023T145848-0400"
      }, {
        "lat" : 40.7405508079,
        "lon" : -74.0019479445,
        "time" : "20151023T145905-0400"
      }, {
        "lat" : 40.7404394077,
        "lon" : -74.0020206179,
        "time" : "20151023T145923-0400"
      }, {
        "lat" : 40.7403650909,
        "lon" : -74.0020656571,
        "time" : "20151023T145942-0400"
      }, {
        "lat" : 40.7402358756,
        "lon" : -74.0021377809,
        "time" : "20151023T145959-0400"
      }, {
        "lat" : 40.7402357999,
        "lon" : -74.0021378231,
        "time" : "20151023T150000-0400"
      }, {
        "lat" : 40.7402342424,
        "lon" : -74.0021386925,
        "time" : "20151023T150000-0400"
      }, {
        "lat" : 40.7399422597,
        "lon" : -74.002264164,
        "time" : "20151023T150024-0400"
      }, {
        "lat" : 40.7398200875,
        "lon" : -74.0024302686,
        "time" : "20151023T150044-0400"
      }, {
        "lat" : 40.7397583693,
        "lon" : -74.002471345,
        "time" : "20151023T150109-0400"
      }, {
        "lat" : 40.7395518143,
        "lon" : -74.0025775002,
        "time" : "20151023T150147-0400"
      }, {
        "lat" : 40.7394119879,
        "lon" : -74.002692288,
        "time" : "20151023T150209-0400"
      }, {
        "lat" : 40.7393385977,
        "lon" : -74.0027231923,
        "time" : "20151023T150227-0400"
      }, {
        "lat" : 40.7391366789,
        "lon" : -74.0027172822,
        "time" : "20151023T150256-0400"
      }, {
        "lat" : 40.7389933788,
        "lon" : -74.0026444859,
        "time" : "20151023T150320-0400"
      }, {
        "lat" : 40.7386991589,
        "lon" : -74.0024147723,
        "time" : "20151023T150347-0400"
      }, {
        "lat" : 40.7384111868,
        "lon" : -74.0021996416,
        "time" : "20151023T150409-0400"
      }, {
        "lat" : 40.7382672415,
        "lon" : -74.0021369906,
        "time" : "20151023T150425-0400"
      }, {
        "lat" : 40.7380650218,
        "lon" : -74.0020338504,
        "time" : "20151023T150444-0400"
      }, {
        "lat" : 40.7378823167,
        "lon" : -74.0019168549,
        "time" : "20151023T150501-0400"
      }, {
        "lat" : 40.7377992697,
        "lon" : -74.0019397781,
        "time" : "20151023T150526-0400"
      }, {
        "lat" : 40.7376312909,
        "lon" : -74.001699378,
        "time" : "20151023T150543-0400"
      }, {
        "lat" : 40.7374749366,
        "lon" : -74.0014548044,
        "time" : "20151023T150600-0400"
      }, {
        "lat" : 40.7374015341,
        "lon" : -74.0012404683,
        "time" : "20151023T150626-0400"
      }, {
        "lat" : 40.7373781196,
        "lon" : -74.0010046583,
        "time" : "20151023T150649-0400"
      }, {
        "lat" : 40.7373835686,
        "lon" : -74.0007165481,
        "time" : "20151023T150711-0400"
      }, {
        "lat" : 40.7373494399,
        "lon" : -74.0006034609,
        "time" : "20151023T150727-0400"
      }, {
        "lat" : 40.737145636,
        "lon" : -74.0003982806,
        "time" : "20151023T150749-0400"
      }, {
        "lat" : 40.7369601578,
        "lon" : -74.0000503612,
        "time" : "20151023T150812-0400"
      }, {
        "lat" : 40.736587649,
        "lon" : -73.9991496042,
        "time" : "20151023T150928-0400"
      }, {
        "lat" : 40.7364952095,
        "lon" : -73.9989217088,
        "time" : "20151023T150951-0400"
      }, {
        "lat" : 40.7364155278,
        "lon" : -73.9986821357,
        "time" : "20151023T151014-0400"
      }, {
        "lat" : 40.736287755,
        "lon" : -73.9983136293,
        "time" : "20151023T151043-0400"
      }, {
        "lat" : 40.7362160591,
        "lon" : -73.9981550582,
        "time" : "20151023T151059-0400"
      }, {
        "lat" : 40.7362566978,
        "lon" : -73.9978527712,
        "time" : "20151023T151127-0400"
      }, {
        "lat" : 40.7364183389,
        "lon" : -73.9976468282,
        "time" : "20151023T151145-0400"
      }, {
        "lat" : 40.736631786,
        "lon" : -73.9975101974,
        "time" : "20151023T151204-0400"
      }, {
        "lat" : 40.7368558105,
        "lon" : -73.9975955875,
        "time" : "20151023T151229-0400"
      }, {
        "lat" : 40.7369705151,
        "lon" : -73.9979083393,
        "time" : "20151023T151248-0400"
      }, {
        "lat" : 40.7370968907,
        "lon" : -73.998234769,
        "time" : "20151023T151314-0400"
      }, {
        "lat" : 40.7371690827,
        "lon" : -73.99841645,
        "time" : "20151023T151330-0400"
      }, {
        "lat" : 40.7372920537,
        "lon" : -73.9987204342,
        "time" : "20151023T151353-0400"
      }, {
        "lat" : 40.7373922982,
        "lon" : -73.9989683397,
        "time" : "20151023T151412-0400"
      }, {
        "lat" : 40.737596572,
        "lon" : -73.9994841061,
        "time" : "20151023T151456-0400"
      }, {
        "lat" : 40.7376672813,
        "lon" : -73.999643044,
        "time" : "20151023T151512-0400"
      }, {
        "lat" : 40.7378171119,
        "lon" : -73.9998908585,
        "time" : "20151023T151537-0400"
      }, {
        "lat" : 40.7377950814,
        "lon" : -74.0001138471,
        "time" : "20151023T151554-0400"
      }, {
        "lat" : 40.7378920113,
        "lon" : -74.0002455755,
        "time" : "20151023T151614-0400"
      }, {
        "lat" : 40.7380668134,
        "lon" : -74.0003474887,
        "time" : "20151023T151630-0400"
      }, {
        "lat" : 40.7381483652,
        "lon" : -74.0008525026,
        "time" : "20151023T151710-0400"
      }, {
        "lat" : 40.7381896766,
        "lon" : -74.0011075136,
        "time" : "20151023T151729-0400"
      }, {
        "lat" : 40.7383696417,
        "lon" : -74.0014026861,
        "time" : "20151023T151750-0400"
      }, {
        "lat" : 40.7385115184,
        "lon" : -74.0016493949,
        "time" : "20151023T151808-0400"
      }, {
        "lat" : 40.7386709207,
        "lon" : -74.0018555131,
        "time" : "20151023T151831-0400"
      }, {
        "lat" : 40.7387657295,
        "lon" : -74.002043594,
        "time" : "20151023T151852-0400"
      }, {
        "lat" : 40.7390515785,
        "lon" : -74.0024585081,
        "time" : "20151023T151930-0400"
      }, {
        "lat" : 40.7392126917,
        "lon" : -74.0025980466,
        "time" : "20151023T151951-0400"
      }, {
        "lat" : 40.7393835407,
        "lon" : -74.0026682684,
        "time" : "20151023T152007-0400"
      }, {
        "lat" : 40.7396910307,
        "lon" : -74.0026959897,
        "time" : "20151023T152033-0400"
      }, {
        "lat" : 40.7396465571,
        "lon" : -74.0025912194,
        "time" : "20151023T152053-0400"
      }, {
        "lat" : 40.7396660553,
        "lon" : -74.0024774038,
        "time" : "20151023T152115-0400"
      }, {
        "lat" : 40.7395290091,
        "lon" : -74.0024076352,
        "time" : "20151023T152132-0400"
      }, {
        "lat" : 40.7396663449,
        "lon" : -74.0026104673,
        "time" : "20151023T152154-0400"
      }, {
        "lat" : 40.7395822699,
        "lon" : -74.0026936635,
        "time" : "20151023T152217-0400"
      }, {
        "lat" : 40.7394495195,
        "lon" : -74.002777513,
        "time" : "20151023T152240-0400"
      }, {
        "lat" : 40.7391977442,
        "lon" : -74.003118318,
        "time" : "20151023T152314-0400"
      }, {
        "lat" : 40.7390179123,
        "lon" : -74.0032903448,
        "time" : "20151023T152337-0400"
      }, {
        "lat" : 40.7388360002,
        "lon" : -74.0034414309,
        "time" : "20151023T152400-0400"
      }, {
        "lat" : 40.7386562518,
        "lon" : -74.003635623,
        "time" : "20151023T152425-0400"
      }, {
        "lat" : 40.7386331986,
        "lon" : -74.0036888894,
        "time" : "20151023T152442-0400"
      } ]
    } ],
    "lastUpdate" : "20151023T214925Z"
  }, {
    "type" : "place",
    "startTime" : "20151023T152442-0400",
    "endTime" : "20151023T154518-0400",
    "place" : {
      "id" : 277204185,
      "type" : "unknown",
      "location" : {
        "lat" : 40.7386331986,
        "lon" : -74.0036888894
      }
    },
    "activities" : [ {
      "activity" : "walking",
      "group" : "walking",
      "manual" : false,
      "startTime" : "20151023T154503-0400",
      "endTime" : "20151023T154520-0400",
      "duration" : 17.0,
      "distance" : 11.0,
      "steps" : 23,
      "trackPoints" : [ ]
    } ],
    "lastUpdate" : "20151023T214925Z"
  }, {
    "type" : "move",
    "startTime" : "20151023T154518-0400",
    "endTime" : "20151023T154926-0400",
    "activities" : [ {
      "activity" : "walking",
      "group" : "walking",
      "manual" : false,
      "startTime" : "20151023T154518-0400",
      "endTime" : "20151023T154926-0400",
      "duration" : 248.0,
      "distance" : 332.0,
      "steps" : 345,
      "trackPoints" : [ {
        "lat" : 40.7386331986,
        "lon" : -74.0036888894,
        "time" : "20151023T154518-0400"
      }, {
        "lat" : 40.7390448531,
        "lon" : -74.0033373939,
        "time" : "20151023T154536-0400"
      }, {
        "lat" : 40.7392023002,
        "lon" : -74.0030745432,
        "time" : "20151023T154557-0400"
      }, {
        "lat" : 40.7393845164,
        "lon" : -74.0028333293,
        "time" : "20151023T154618-0400"
      }, {
        "lat" : 40.7395305629,
        "lon" : -74.0027144851,
        "time" : "20151023T154633-0400"
      }, {
        "lat" : 40.7397435945,
        "lon" : -74.0026287397,
        "time" : "20151023T154657-0400"
      }, {
        "lat" : 40.7398380732,
        "lon" : -74.0026527933,
        "time" : "20151023T154715-0400"
      }, {
        "lat" : 40.739962303,
        "lon" : -74.0026215456,
        "time" : "20151023T154739-0400"
      }, {
        "lat" : 40.7401100984,
        "lon" : -74.0024216118,
        "time" : "20151023T154759-0400"
      }, {
        "lat" : 40.7404173968,
        "lon" : -74.0022034712,
        "time" : "20151023T154823-0400"
      }, {
        "lat" : 40.7405993189,
        "lon" : -74.0021705156,
        "time" : "20151023T154839-0400"
      }, {
        "lat" : 40.7406105156,
        "lon" : -74.0020551346,
        "time" : "20151023T154858-0400"
      }, {
        "lat" : 40.7411268971,
        "lon" : -74.001893874,
        "time" : "20151023T154926-0400"
      } ]
    } ],
    "lastUpdate" : "20151023T214925Z"
  }, {
    "type" : "place",
    "startTime" : "20151023T154926-0400",
    "endTime" : "20151023T162733-0400",
    "place" : {
      "id" : 276618826,
      "type" : "unknown",
      "location" : {
        "lat" : 40.7411268971,
        "lon" : -74.001893874
      }
    },
    "activities" : [ {
      "activity" : "walking",
      "group" : "walking",
      "manual" : false,
      "startTime" : "20151023T154926-0400",
      "endTime" : "20151023T155019-0400",
      "duration" : 53.0,
      "distance" : 38.0,
      "steps" : 76,
      "trackPoints" : [ ]
    }, {
      "activity" : "walking",
      "group" : "walking",
      "manual" : false,
      "startTime" : "20151023T160346-0400",
      "endTime" : "20151023T160520-0400",
      "duration" : 94.0,
      "distance" : 63.0,
      "steps" : 125,
      "trackPoints" : [ ]
    } ],
    "lastUpdate" : "20151023T214925Z"
  }, {
    "type" : "move",
    "startTime" : "20151023T162733-0400",
    "endTime" : "20151023T165244-0400",
    "activities" : [ {
      "activity" : "walking",
      "group" : "walking",
      "manual" : false,
      "startTime" : "20151023T162733-0400",
      "endTime" : "20151023T163010-0400",
      "duration" : 157.0,
      "distance" : 87.0,
      "steps" : 170,
      "trackPoints" : [ {
        "lat" : 40.7411268971,
        "lon" : -74.001893874,
        "time" : "20151023T162733-0400"
      }, {
        "lat" : 40.7411713953,
        "lon" : -74.0018688031,
        "time" : "20151023T162748-0400"
      }, {
        "lat" : 40.7410986634,
        "lon" : -74.0018053985,
        "time" : "20151023T162814-0400"
      }, {
        "lat" : 40.7409566578,
        "lon" : -74.0017975884,
        "time" : "20151023T162838-0400"
      }, {
        "lat" : 40.7409561112,
        "lon" : -74.0017581161,
        "time" : "20151023T162857-0400"
      }, {
        "lat" : 40.7411090935,
        "lon" : -74.0015987756,
        "time" : "20151023T162927-0400"
      }, {
        "lat" : 40.7412334945,
        "lon" : -74.0014807813,
        "time" : "20151023T162949-0400"
      }, {
        "lat" : 40.7413101653,
        "lon" : -74.001420066,
        "time" : "20151023T163010-0400"
      } ]
    }, {
      "activity" : "transport",
      "group" : "transport",
      "manual" : false,
      "startTime" : "20151023T163010-0400",
      "endTime" : "20151023T164641-0400",
      "duration" : 991.0,
      "distance" : 6497.0,
      "trackPoints" : [ {
        "lat" : 40.7413101653,
        "lon" : -74.001420066,
        "time" : "20151023T163010-0400"
      }, {
        "lat" : 40.7455630908,
        "lon" : -73.998284466,
        "time" : "20151023T163346-0400"
      }, {
        "lat" : 40.7577952929,
        "lon" : -73.9894673508,
        "time" : "20151023T163650-0400"
      }, {
        "lat" : 40.7581951109,
        "lon" : -73.9891990615,
        "time" : "20151023T163710-0400"
      }, {
        "lat" : 40.7583313446,
        "lon" : -73.9891017625,
        "time" : "20151023T163733-0400"
      }, {
        "lat" : 40.7584013537,
        "lon" : -73.9890493289,
        "time" : "20151023T163752-0400"
      }, {
        "lat" : 40.7584362424,
        "lon" : -73.9890232083,
        "time" : "20151023T163815-0400"
      }, {
        "lat" : 40.7585021503,
        "lon" : -73.98897392,
        "time" : "20151023T163927-0400"
      }, {
        "lat" : 40.7623888268,
        "lon" : -73.986043909,
        "time" : "20151023T163947-0400"
      }, {
        "lat" : 40.7628020552,
        "lon" : -73.9857666476,
        "time" : "20151023T164046-0400"
      }, {
        "lat" : 40.7686107748,
        "lon" : -73.9818860614,
        "time" : "20151023T164122-0400"
      }, {
        "lat" : 40.7758750911,
        "lon" : -73.976401344,
        "time" : "20151023T164326-0400"
      }, {
        "lat" : 40.7760267585,
        "lon" : -73.9762832542,
        "time" : "20151023T164353-0400"
      }, {
        "lat" : 40.7760086079,
        "lon" : -73.9762974937,
        "time" : "20151023T164411-0400"
      }, {
        "lat" : 40.7818583105,
        "lon" : -73.9721182764,
        "time" : "20151023T164506-0400"
      }, {
        "lat" : 40.7819315217,
        "lon" : -73.9720535459,
        "time" : "20151023T164529-0400"
      }, {
        "lat" : 40.7821348642,
        "lon" : -73.9719094795,
        "time" : "20151023T164551-0400"
      }, {
        "lat" : 40.7857826183,
        "lon" : -73.9691171952,
        "time" : "20151023T164641-0400"
      } ]
    }, {
      "activity" : "walking",
      "group" : "walking",
      "manual" : false,
      "startTime" : "20151023T164641-0400",
      "endTime" : "20151023T165244-0400",
      "duration" : 363.0,
      "distance" : 412.0,
      "steps" : 550,
      "trackPoints" : [ {
        "lat" : 40.7857826183,
        "lon" : -73.9691171952,
        "time" : "20151023T164641-0400"
      }, {
        "lat" : 40.785902508,
        "lon" : -73.9690826557,
        "time" : "20151023T164710-0400"
      }, {
        "lat" : 40.7858936835,
        "lon" : -73.96902635,
        "time" : "20151023T164734-0400"
      }, {
        "lat" : 40.7857359618,
        "lon" : -73.9690490732,
        "time" : "20151023T164752-0400"
      }, {
        "lat" : 40.7855085359,
        "lon" : -73.9691625643,
        "time" : "20151023T164809-0400"
      }, {
        "lat" : 40.7852506017,
        "lon" : -73.9692744288,
        "time" : "20151023T164828-0400"
      }, {
        "lat" : 40.7848776931,
        "lon" : -73.9691424713,
        "time" : "20151023T164847-0400"
      }, {
        "lat" : 40.7849048405,
        "lon" : -73.9694974761,
        "time" : "20151023T164905-0400"
      }, {
        "lat" : 40.7848155981,
        "lon" : -73.9699851449,
        "time" : "20151023T164934-0400"
      }, {
        "lat" : 40.7848600816,
        "lon" : -73.9702830784,
        "time" : "20151023T164958-0400"
      }, {
        "lat" : 40.784968482,
        "lon" : -73.9705617317,
        "time" : "20151023T165023-0400"
      }, {
        "lat" : 40.7851228962,
        "lon" : -73.970889458,
        "time" : "20151023T165048-0400"
      }, {
        "lat" : 40.7851965209,
        "lon" : -73.9711270357,
        "time" : "20151023T165104-0400"
      }, {
        "lat" : 40.7852939504,
        "lon" : -73.9714230234,
        "time" : "20151023T165124-0400"
      }, {
        "lat" : 40.7854596567,
        "lon" : -73.971894767,
        "time" : "20151023T165148-0400"
      }, {
        "lat" : 40.785551328,
        "lon" : -73.9720349919,
        "time" : "20151023T165213-0400"
      }, {
        "lat" : 40.7856121081,
        "lon" : -73.9720724825,
        "time" : "20151023T165244-0400"
      } ]
    } ],
    "lastUpdate" : "20151023T214925Z"
  }, {
    "type" : "place",
    "startTime" : "20151023T165244-0400",
    "endTime" : "20151023T175125-0400",
    "place" : {
      "id" : 276458640,
      "type" : "unknown",
      "location" : {
        "lat" : 40.7856121081,
        "lon" : -73.9720724825
      }
    },
    "activities" : [ {
      "activity" : "walking",
      "group" : "walking",
      "manual" : false,
      "startTime" : "20151023T170204-0400",
      "endTime" : "20151023T170221-0400",
      "duration" : 17.0,
      "distance" : 12.0,
      "steps" : 23,
      "trackPoints" : [ ]
    } ],
    "lastUpdate" : "20151025T021019Z"
  } ],
  "lastUpdate" : "20151025T021019Z"
} ]