[ {
  "date" : "20151027",
  "summary" : [ {
    "activity" : "walking",
    "group" : "walking",
    "duration" : 4766.0,
    "distance" : 5949.0,
    "steps" : 6274
  }, {
    "activity" : "transport",
    "group" : "transport",
    "duration" : 1402.0,
    "distance" : 11921.0
  }, {
    "activity" : "cycling",
    "group" : "cycling",
    "duration" : 465.0,
    "distance" : 1312.0
  } ],
  "segments" : [ {
    "type" : "place",
    "startTime" : "20151026T215633-0400",
    "endTime" : "20151027T085001-0400",
    "place" : {
      "id" : 276458640,
      "type" : "unknown",
      "location" : {
        "lat" : 40.7856121081,
        "lon" : -73.9720724825
      }
    },
    "activities" : [ {
      "activity" : "walking",
      "group" : "walking",
      "manual" : false,
      "startTime" : "20151027T080544-0400",
      "endTime" : "20151027T081034-0400",
      "duration" : 290.0,
      "distance" : 312.0,
      "steps" : 416,
      "trackPoints" : [ ]
    } ],
    "lastUpdate" : "20151027T162344Z"
  }, {
    "type" : "move",
    "startTime" : "20151027T085001-0400",
    "endTime" : "20151027T092344-0400",
    "activities" : [ {
      "activity" : "walking",
      "group" : "walking",
      "manual" : false,
      "startTime" : "20151027T085001-0400",
      "endTime" : "20151027T085715-0400",
      "duration" : 434.0,
      "distance" : 636.0,
      "steps" : 530,
      "trackPoints" : [ {
        "lat" : 40.7856121081,
        "lon" : -73.9720724825,
        "time" : "20151027T085001-0400"
      }, {
        "lat" : 40.7869114902,
        "lon" : -73.9741623612,
        "time" : "20151027T085243-0400"
      }, {
        "lat" : 40.7870224869,
        "lon" : -73.9746779103,
        "time" : "20151027T085300-0400"
      }, {
        "lat" : 40.7872255155,
        "lon" : -73.975101257,
        "time" : "20151027T085329-0400"
      }, {
        "lat" : 40.7874424652,
        "lon" : -73.975718587,
        "time" : "20151027T085401-0400"
      }, {
        "lat" : 40.7876866093,
        "lon" : -73.9760260961,
        "time" : "20151027T085421-0400"
      }, {
        "lat" : 40.7882692863,
        "lon" : -73.97667637,
        "time" : "20151027T085501-0400"
      }, {
        "lat" : 40.7884065138,
        "lon" : -73.9772991134,
        "time" : "20151027T085601-0400"
      }, {
        "lat" : 40.7883237207,
        "lon" : -73.9773418582,
        "time" : "20151027T085658-0400"
      }, {
        "lat" : 40.7882003395,
        "lon" : -73.9773985788,
        "time" : "20151027T085715-0400"
      } ]
    }, {
      "activity" : "transport",
      "group" : "transport",
      "manual" : false,
      "startTime" : "20151027T085715-0400",
      "endTime" : "20151027T091316-0400",
      "duration" : 961.0,
      "distance" : 6502.0,
      "trackPoints" : [ {
        "lat" : 40.7882003395,
        "lon" : -73.9773985788,
        "time" : "20151027T085715-0400"
      }, {
        "lat" : 40.78005118,
        "lon" : -73.9811385095,
        "time" : "20151027T085959-0400"
      }, {
        "lat" : 40.7800506857,
        "lon" : -73.9811387364,
        "time" : "20151027T090000-0400"
      }, {
        "lat" : 40.7533922999,
        "lon" : -73.9933731902,
        "time" : "20151027T090859-0400"
      }, {
        "lat" : 40.7401784653,
        "lon" : -73.9994847116,
        "time" : "20151027T091315-0400"
      } ]
    }, {
      "activity" : "walking",
      "group" : "walking",
      "manual" : false,
      "startTime" : "20151027T091315-0400",
      "endTime" : "20151027T092344-0400",
      "duration" : 629.0,
      "distance" : 848.0,
      "steps" : 706,
      "trackPoints" : [ {
        "lat" : 40.7401784653,
        "lon" : -73.9994847116,
        "time" : "20151027T091315-0400"
      }, {
        "lat" : 40.7381103508,
        "lon" : -74.0002462018,
        "time" : "20151027T091412-0400"
      }, {
        "lat" : 40.7382075666,
        "lon" : -74.0004248732,
        "time" : "20151027T091428-0400"
      }, {
        "lat" : 40.7382851992,
        "lon" : -74.0007589556,
        "time" : "20151027T091446-0400"
      }, {
        "lat" : 40.7384200141,
        "lon" : -74.001156055,
        "time" : "20151027T091505-0400"
      }, {
        "lat" : 40.7384249757,
        "lon" : -74.0014519477,
        "time" : "20151027T091525-0400"
      }, {
        "lat" : 40.7383386091,
        "lon" : -74.0020875687,
        "time" : "20151027T091551-0400"
      }, {
        "lat" : 40.7382820658,
        "lon" : -74.0025321833,
        "time" : "20151027T091606-0400"
      }, {
        "lat" : 40.7385782437,
        "lon" : -74.0025292179,
        "time" : "20151027T091627-0400"
      }, {
        "lat" : 40.7393837917,
        "lon" : -74.0024821292,
        "time" : "20151027T091706-0400"
      }, {
        "lat" : 40.7400945246,
        "lon" : -74.002167242,
        "time" : "20151027T091807-0400"
      }, {
        "lat" : 40.7402375465,
        "lon" : -74.0020302915,
        "time" : "20151027T091824-0400"
      }, {
        "lat" : 40.7406634892,
        "lon" : -74.0015795677,
        "time" : "20151027T091907-0400"
      }, {
        "lat" : 40.7407144148,
        "lon" : -74.0014382186,
        "time" : "20151027T091931-0400"
      }, {
        "lat" : 40.740650308,
        "lon" : -74.0012301522,
        "time" : "20151027T092003-0400"
      }, {
        "lat" : 40.73986972,
        "lon" : -73.9996650714,
        "time" : "20151027T092221-0400"
      }, {
        "lat" : 40.7396623757,
        "lon" : -74.0002138829,
        "time" : "20151027T092250-0400"
      }, {
        "lat" : 40.73955614,
        "lon" : -74.0007801135,
        "time" : "20151027T092311-0400"
      }, {
        "lat" : 40.7413242041,
        "lon" : -74.0021969426,
        "time" : "20151027T092344-0400"
      } ]
    } ],
    "lastUpdate" : "20151027T162344Z"
  }, {
    "type" : "place",
    "startTime" : "20151027T092344-0400",
    "endTime" : "20151027T122537-0400",
    "place" : {
      "id" : 276372414,
      "type" : "unknown",
      "location" : {
        "lat" : 40.7408375251,
        "lon" : -74.0021916154
      }
    },
    "activities" : [ {
      "activity" : "walking",
      "group" : "walking",
      "manual" : false,
      "startTime" : "20151027T092344-0400",
      "endTime" : "20151027T092407-0400",
      "duration" : 23.0,
      "distance" : 15.0,
      "steps" : 31,
      "trackPoints" : [ ]
    }, {
      "activity" : "walking",
      "group" : "walking",
      "manual" : false,
      "startTime" : "20151027T100348-0400",
      "endTime" : "20151027T100559-0400",
      "duration" : 131.0,
      "distance" : 131.0,
      "steps" : 174,
      "trackPoints" : [ ]
    }, {
      "activity" : "walking",
      "group" : "walking",
      "manual" : false,
      "startTime" : "20151027T113731-0400",
      "endTime" : "20151027T114010-0400",
      "duration" : 159.0,
      "distance" : 167.0,
      "steps" : 222,
      "trackPoints" : [ ]
    } ],
    "lastUpdate" : "20151027T175413Z"
  }, {
    "type" : "place",
    "startTime" : "20151027T122537-0400",
    "endTime" : "20151027T155203-0400",
    "place" : {
      "id" : 278438928,
      "type" : "unknown",
      "location" : {
        "lat" : 40.7413918083,
        "lon" : -74.0015818586
      }
    },
    "activities" : [ {
      "activity" : "walking",
      "group" : "walking",
      "manual" : false,
      "startTime" : "20151027T125809-0400",
      "endTime" : "20151027T125858-0400",
      "duration" : 49.0,
      "distance" : 33.0,
      "steps" : 65,
      "trackPoints" : [ ]
    }, {
      "activity" : "walking",
      "group" : "walking",
      "manual" : false,
      "startTime" : "20151027T131840-0400",
      "endTime" : "20151027T132230-0400",
      "duration" : 230.0,
      "distance" : 248.0,
      "steps" : 331,
      "trackPoints" : [ ]
    }, {
      "activity" : "walking",
      "group" : "walking",
      "manual" : false,
      "startTime" : "20151027T140018-0400",
      "endTime" : "20151027T140146-0400",
      "duration" : 88.0,
      "distance" : 61.0,
      "steps" : 121,
      "trackPoints" : [ ]
    }, {
      "activity" : "walking",
      "group" : "walking",
      "manual" : false,
      "startTime" : "20151027T153103-0400",
      "endTime" : "20151027T153503-0400",
      "duration" : 240.0,
      "distance" : 251.0,
      "steps" : 334,
      "trackPoints" : [ ]
    } ],
    "lastUpdate" : "20151027T212906Z"
  }, {
    "type" : "move",
    "startTime" : "20151027T155203-0400",
    "endTime" : "20151027T160338-0400",
    "activities" : [ {
      "activity" : "transport",
      "group" : "transport",
      "manual" : false,
      "startTime" : "20151027T155203-0400",
      "endTime" : "20151027T155924-0400",
      "duration" : 441.0,
      "distance" : 5419.0,
      "trackPoints" : [ {
        "lat" : 40.7413918083,
        "lon" : -74.0015818586,
        "time" : "20151027T155203-0400"
      }, {
        "lat" : 40.7619336363,
        "lon" : -73.9867616336,
        "time" : "20151027T155736-0400"
      }, {
        "lat" : 40.7784084836,
        "lon" : -73.9743473845,
        "time" : "20151027T155924-0400"
      } ]
    }, {
      "activity" : "walking",
      "group" : "walking",
      "manual" : false,
      "startTime" : "20151027T155924-0400",
      "endTime" : "20151027T160339-0400",
      "duration" : 255.0,
      "distance" : 409.0,
      "steps" : 342,
      "trackPoints" : [ {
        "lat" : 40.7784084836,
        "lon" : -73.9743473845,
        "time" : "20151027T155924-0400"
      }, {
        "lat" : 40.7813357184,
        "lon" : -73.9722540513,
        "time" : "20151027T155959-0400"
      }, {
        "lat" : 40.7813365442,
        "lon" : -73.9722534608,
        "time" : "20151027T160000-0400"
      }, {
        "lat" : 40.7846886659,
        "lon" : -73.9698562812,
        "time" : "20151027T160040-0400"
      }, {
        "lat" : 40.7846903705,
        "lon" : -73.9699819155,
        "time" : "20151027T160057-0400"
      }, {
        "lat" : 40.7852176606,
        "lon" : -73.9706020954,
        "time" : "20151027T160142-0400"
      }, {
        "lat" : 40.7853872409,
        "lon" : -73.9707959452,
        "time" : "20151027T160203-0400"
      }, {
        "lat" : 40.785489746,
        "lon" : -73.971046538,
        "time" : "20151027T160223-0400"
      }, {
        "lat" : 40.7855603538,
        "lon" : -73.9713462758,
        "time" : "20151027T160243-0400"
      }, {
        "lat" : 40.7855861515,
        "lon" : -73.9713862068,
        "time" : "20151027T160338-0400"
      } ]
    } ],
    "lastUpdate" : "20151027T212906Z"
  }, {
    "type" : "place",
    "startTime" : "20151027T160338-0400",
    "endTime" : "20151027T182819-0400",
    "place" : {
      "id" : 276458640,
      "type" : "unknown",
      "location" : {
        "lat" : 40.7856121081,
        "lon" : -73.9720724825
      }
    },
    "activities" : [ {
      "activity" : "walking",
      "group" : "walking",
      "manual" : false,
      "startTime" : "20151027T160414-0400",
      "endTime" : "20151027T160429-0400",
      "duration" : 15.0,
      "distance" : 10.0,
      "steps" : 20,
      "trackPoints" : [ ]
    }, {
      "activity" : "walking",
      "group" : "walking",
      "manual" : false,
      "startTime" : "20151027T182607-0400",
      "endTime" : "20151027T182934-0400",
      "duration" : 207.0,
      "distance" : 216.0,
      "steps" : 287,
      "trackPoints" : [ ]
    } ],
    "lastUpdate" : "20151028T003206Z"
  }, {
    "type" : "move",
    "startTime" : "20151027T182819-0400",
    "endTime" : "20151027T184637-0400",
    "activities" : [ {
      "activity" : "cycling",
      "group" : "cycling",
      "manual" : false,
      "startTime" : "20151027T182819-0400",
      "endTime" : "20151027T183604-0400",
      "duration" : 465.0,
      "distance" : 1312.0,
      "trackPoints" : [ {
        "lat" : 40.7856121081,
        "lon" : -73.9720724825,
        "time" : "20151027T182819-0400"
      }, {
        "lat" : 40.7845889624,
        "lon" : -73.9734185075,
        "time" : "20151027T182954-0400"
      }, {
        "lat" : 40.7840095027,
        "lon" : -73.9740730361,
        "time" : "20151027T183027-0400"
      }, {
        "lat" : 40.7834665888,
        "lon" : -73.9746556685,
        "time" : "20151027T183055-0400"
      }, {
        "lat" : 40.7832832514,
        "lon" : -73.9747093418,
        "time" : "20151027T183113-0400"
      }, {
        "lat" : 40.783062791,
        "lon" : -73.9748692563,
        "time" : "20151027T183128-0400"
      }, {
        "lat" : 40.7825673635,
        "lon" : -73.975199124,
        "time" : "20151027T183157-0400"
      }, {
        "lat" : 40.7821774287,
        "lon" : -73.9752671854,
        "time" : "20151027T183214-0400"
      }, {
        "lat" : 40.7808246974,
        "lon" : -73.9763026513,
        "time" : "20151027T183258-0400"
      }, {
        "lat" : 40.7800135772,
        "lon" : -73.9771643581,
        "time" : "20151027T183358-0400"
      }, {
        "lat" : 40.778968308,
        "lon" : -73.9779051834,
        "time" : "20151027T183436-0400"
      }, {
        "lat" : 40.7783035595,
        "lon" : -73.9783918239,
        "time" : "20151027T183457-0400"
      }, {
        "lat" : 40.7770248617,
        "lon" : -73.9793374979,
        "time" : "20151027T183604-0400"
      } ]
    }, {
      "activity" : "walking",
      "group" : "walking",
      "manual" : false,
      "startTime" : "20151027T183604-0400",
      "endTime" : "20151027T184637-0400",
      "duration" : 633.0,
      "distance" : 651.0,
      "steps" : 639,
      "trackPoints" : [ {
        "lat" : 40.7770248617,
        "lon" : -73.9793374979,
        "time" : "20151027T183604-0400"
      }, {
        "lat" : 40.7764019135,
        "lon" : -73.9794153295,
        "time" : "20151027T183700-0400"
      }, {
        "lat" : 40.7764642347,
        "lon" : -73.9797993627,
        "time" : "20151027T183755-0400"
      }, {
        "lat" : 40.7767468522,
        "lon" : -73.9809778688,
        "time" : "20151027T183900-0400"
      }, {
        "lat" : 40.7769391269,
        "lon" : -73.9826607418,
        "time" : "20151027T183959-0400"
      }, {
        "lat" : 40.7759926134,
        "lon" : -73.9820647711,
        "time" : "20151027T184100-0400"
      }, {
        "lat" : 40.7753983342,
        "lon" : -73.9819881367,
        "time" : "20151027T184200-0400"
      }, {
        "lat" : 40.7752967337,
        "lon" : -73.9820897253,
        "time" : "20151027T184219-0400"
      }, {
        "lat" : 40.7751870195,
        "lon" : -73.9821630983,
        "time" : "20151027T184256-0400"
      }, {
        "lat" : 40.7751459435,
        "lon" : -73.9821869123,
        "time" : "20151027T184325-0400"
      }, {
        "lat" : 40.7751382449,
        "lon" : -73.9821951345,
        "time" : "20151027T184356-0400"
      }, {
        "lat" : 40.7751359678,
        "lon" : -73.9821975636,
        "time" : "20151027T184414-0400"
      }, {
        "lat" : 40.7751325572,
        "lon" : -73.9822011301,
        "time" : "20151027T184538-0400"
      }, {
        "lat" : 40.7751302643,
        "lon" : -73.982203641,
        "time" : "20151027T184637-0400"
      } ]
    } ],
    "lastUpdate" : "20151028T003206Z"
  }, {
    "type" : "place",
    "startTime" : "20151027T184638-0400",
    "endTime" : "20151027T214051-0400",
    "place" : {
      "id" : 278471196,
      "type" : "unknown",
      "location" : {
        "lat" : 40.7751302643,
        "lon" : -73.982203641
      }
    },
    "activities" : [ {
      "activity" : "walking",
      "group" : "walking",
      "manual" : false,
      "startTime" : "20151027T185145-0400",
      "endTime" : "20151027T185310-0400",
      "duration" : 85.0,
      "distance" : 57.0,
      "steps" : 113,
      "trackPoints" : [ ]
    }, {
      "activity" : "walking",
      "group" : "walking",
      "manual" : false,
      "startTime" : "20151027T213612-0400",
      "endTime" : "20151027T213834-0400",
      "duration" : 142.0,
      "distance" : 142.0,
      "steps" : 189,
      "trackPoints" : [ ]
    } ],
    "lastUpdate" : "20151028T033416Z"
  }, {
    "type" : "move",
    "startTime" : "20151027T214051-0400",
    "endTime" : "20151027T215843-0400",
    "activities" : [ {
      "activity" : "walking",
      "group" : "walking",
      "manual" : false,
      "startTime" : "20151027T214051-0400",
      "endTime" : "20151027T215844-0400",
      "duration" : 1073.0,
      "distance" : 1714.0,
      "steps" : 1658,
      "trackPoints" : [ {
        "lat" : 40.7751302643,
        "lon" : -73.982203641,
        "time" : "20151027T214051-0400"
      }, {
        "lat" : 40.7755262212,
        "lon" : -73.9811171612,
        "time" : "20151027T214145-0400"
      }, {
        "lat" : 40.7759816536,
        "lon" : -73.9798243566,
        "time" : "20151027T214329-0400"
      }, {
        "lat" : 40.7761259083,
        "lon" : -73.9796800903,
        "time" : "20151027T214345-0400"
      }, {
        "lat" : 40.7764350571,
        "lon" : -73.9796703561,
        "time" : "20151027T214411-0400"
      }, {
        "lat" : 40.7771694382,
        "lon" : -73.9793723495,
        "time" : "20151027T214512-0400"
      }, {
        "lat" : 40.7779661369,
        "lon" : -73.9788362746,
        "time" : "20151027T214611-0400"
      }, {
        "lat" : 40.7784575476,
        "lon" : -73.9780582205,
        "time" : "20151027T214713-0400"
      }, {
        "lat" : 40.7788881336,
        "lon" : -73.9779256924,
        "time" : "20151027T214748-0400"
      }, {
        "lat" : 40.7792099672,
        "lon" : -73.9778282028,
        "time" : "20151027T214812-0400"
      }, {
        "lat" : 40.7794049491,
        "lon" : -73.9776099458,
        "time" : "20151027T214839-0400"
      }, {
        "lat" : 40.779541439,
        "lon" : -73.9772489823,
        "time" : "20151027T214913-0400"
      }, {
        "lat" : 40.7806690531,
        "lon" : -73.97668436,
        "time" : "20151027T215014-0400"
      }, {
        "lat" : 40.7806876243,
        "lon" : -73.9764559103,
        "time" : "20151027T215033-0400"
      }, {
        "lat" : 40.7810769237,
        "lon" : -73.9758694505,
        "time" : "20151027T215114-0400"
      }, {
        "lat" : 40.7819967092,
        "lon" : -73.9754281537,
        "time" : "20151027T215214-0400"
      }, {
        "lat" : 40.7821642175,
        "lon" : -73.9752664691,
        "time" : "20151027T215235-0400"
      }, {
        "lat" : 40.782642576,
        "lon" : -73.9749406934,
        "time" : "20151027T215315-0400"
      }, {
        "lat" : 40.7833392017,
        "lon" : -73.9743704316,
        "time" : "20151027T215414-0400"
      }, {
        "lat" : 40.7834586098,
        "lon" : -73.974283773,
        "time" : "20151027T215432-0400"
      }, {
        "lat" : 40.7837582318,
        "lon" : -73.9741274655,
        "time" : "20151027T215514-0400"
      }, {
        "lat" : 40.7847281879,
        "lon" : -73.9735500044,
        "time" : "20151027T215616-0400"
      }, {
        "lat" : 40.7852592796,
        "lon" : -73.9732521284,
        "time" : "20151027T215716-0400"
      }, {
        "lat" : 40.7853595651,
        "lon" : -73.9731443799,
        "time" : "20151027T215732-0400"
      }, {
        "lat" : 40.7857060608,
        "lon" : -73.972712184,
        "time" : "20151027T215816-0400"
      }, {
        "lat" : 40.7856083693,
        "lon" : -73.9725035257,
        "time" : "20151027T215843-0400"
      } ]
    } ],
    "lastUpdate" : "20151028T033416Z"
  }, {
    "type" : "move",
    "startTime" : "20151027T215843-0400",
    "endTime" : "20151027T215939-0400",
    "activities" : [ {
      "activity" : "walking",
      "group" : "walking",
      "manual" : false,
      "startTime" : "20151027T215843-0400",
      "endTime" : "20151027T215940-0400",
      "duration" : 57.0,
      "distance" : 30.0,
      "steps" : 61,
      "trackPoints" : [ {
        "lat" : 40.7857532541,
        "lon" : -73.9726700151,
        "time" : "20151027T215843-0400"
      }, {
        "lat" : 40.7857728075,
        "lon" : -73.9726609637,
        "time" : "20151027T215858-0400"
      }, {
        "lat" : 40.7857938556,
        "lon" : -73.9726566386,
        "time" : "20151027T215918-0400"
      }, {
        "lat" : 40.7859467023,
        "lon" : -73.9726016923,
        "time" : "20151027T215939-0400"
      } ]
    } ],
    "lastUpdate" : "20151028T142623Z"
  }, {
    "type" : "place",
    "startTime" : "20151027T215939-0400",
    "endTime" : "20151028T092940-0400",
    "place" : {
      "id" : 276926693,
      "type" : "unknown",
      "location" : {
        "lat" : 40.7859467023,
        "lon" : -73.9726016923
      }
    },
    "activities" : [ {
      "activity" : "walking",
      "group" : "walking",
      "manual" : false,
      "startTime" : "20151027T220347-0400",
      "endTime" : "20151027T220359-0400",
      "duration" : 12.0,
      "distance" : 8.0,
      "steps" : 16,
      "trackPoints" : [ ]
    }, {
      "activity" : "walking",
      "group" : "walking",
      "manual" : false,
      "startTime" : "20151027T232846-0400",
      "endTime" : "20151027T232900-0400",
      "duration" : 14.0,
      "distance" : 10.0,
      "steps" : 19,
      "trackPoints" : [ ]
    } ],
    "lastUpdate" : "20151028T142623Z"
  } ],
  "lastUpdate" : "20151028T142623Z"
} ]