[ {
  "date" : "20151104",
  "summary" : [ {
    "activity" : "walking",
    "group" : "walking",
    "duration" : 3248.0,
    "distance" : 3643.0,
    "steps" : 4382
  }, {
    "activity" : "transport",
    "group" : "transport",
    "duration" : 2311.0,
    "distance" : 11961.0
  } ],
  "segments" : [ {
    "type" : "place",
    "startTime" : "20151103T225607-0500",
    "endTime" : "20151104T091312-0500",
    "place" : {
      "id" : 280691161,
      "type" : "unknown",
      "location" : {
        "lat" : 40.7862701254,
        "lon" : -73.9727265166
      }
    },
    "activities" : [ {
      "activity" : "walking",
      "group" : "walking",
      "manual" : false,
      "startTime" : "20151104T081011-0500",
      "endTime" : "20151104T081411-0500",
      "duration" : 240.0,
      "distance" : 266.0,
      "steps" : 354,
      "trackPoints" : [ ]
    } ],
    "lastUpdate" : "20151104T143722Z"
  }, {
    "type" : "move",
    "startTime" : "20151104T091312-0500",
    "endTime" : "20151104T091644-0500",
    "activities" : [ {
      "activity" : "walking",
      "group" : "walking",
      "manual" : false,
      "startTime" : "20151104T091312-0500",
      "endTime" : "20151104T091644-0500",
      "duration" : 212.0,
      "distance" : 394.0,
      "steps" : 329,
      "trackPoints" : [ {
        "lat" : 40.7862701254,
        "lon" : -73.9727265166,
        "time" : "20151104T091312-0500"
      }, {
        "lat" : 40.787944578,
        "lon" : -73.9746748359,
        "time" : "20151104T091442-0500"
      }, {
        "lat" : 40.7879848039,
        "lon" : -73.9749492698,
        "time" : "20151104T091507-0500"
      }, {
        "lat" : 40.7881468073,
        "lon" : -73.9758125817,
        "time" : "20151104T091544-0500"
      }, {
        "lat" : 40.7881460385,
        "lon" : -73.9759602113,
        "time" : "20151104T091603-0500"
      }, {
        "lat" : 40.7881371868,
        "lon" : -73.9762455412,
        "time" : "20151104T091623-0500"
      }, {
        "lat" : 40.7881109874,
        "lon" : -73.9763585264,
        "time" : "20151104T091644-0500"
      } ]
    } ],
    "lastUpdate" : "20151104T143722Z"
  }, {
    "type" : "move",
    "startTime" : "20151104T091644-0500",
    "endTime" : "20151104T091837-0500",
    "activities" : [ {
      "activity" : "walking",
      "group" : "walking",
      "manual" : false,
      "startTime" : "20151104T091644-0500",
      "endTime" : "20151104T091838-0500",
      "duration" : 114.0,
      "distance" : 63.0,
      "steps" : 126,
      "trackPoints" : [ {
        "lat" : 40.7880696168,
        "lon" : -73.9766097543,
        "time" : "20151104T091738-0500"
      }, {
        "lat" : 40.7879239912,
        "lon" : -73.9766735522,
        "time" : "20151104T091837-0500"
      } ]
    } ],
    "lastUpdate" : "20151104T160712Z"
  }, {
    "type" : "place",
    "startTime" : "20151104T091838-0500",
    "endTime" : "20151104T093043-0500",
    "place" : {
      "id" : 280712958,
      "type" : "unknown",
      "location" : {
        "lat" : 40.7879239912,
        "lon" : -73.9766735522
      }
    },
    "activities" : [ {
      "activity" : "walking",
      "group" : "walking",
      "manual" : false,
      "startTime" : "20151104T092053-0500",
      "endTime" : "20151104T092142-0500",
      "duration" : 49.0,
      "distance" : 24.0,
      "steps" : 0,
      "trackPoints" : [ ]
    } ],
    "lastUpdate" : "20151104T160712Z"
  }, {
    "type" : "move",
    "startTime" : "20151104T093043-0500",
    "endTime" : "20151104T095455-0500",
    "activities" : [ {
      "activity" : "transport",
      "group" : "transport",
      "manual" : false,
      "startTime" : "20151104T093043-0500",
      "endTime" : "20151104T094723-0500",
      "duration" : 1000.0,
      "distance" : 5456.0,
      "trackPoints" : [ {
        "lat" : 40.7879239912,
        "lon" : -73.9766735522,
        "time" : "20151104T093043-0500"
      }, {
        "lat" : 40.7475288103,
        "lon" : -73.9948093451,
        "time" : "20151104T094723-0500"
      } ]
    }, {
      "activity" : "walking",
      "group" : "walking",
      "manual" : false,
      "startTime" : "20151104T094723-0500",
      "endTime" : "20151104T095455-0500",
      "duration" : 452.0,
      "distance" : 902.0,
      "steps" : 751,
      "trackPoints" : [ {
        "lat" : 40.7475288103,
        "lon" : -73.9948093451,
        "time" : "20151104T094723-0500"
      }, {
        "lat" : 40.7470870953,
        "lon" : -73.9950076609,
        "time" : "20151104T094741-0500"
      }, {
        "lat" : 40.7406754101,
        "lon" : -73.9979079363,
        "time" : "20151104T094846-0500"
      }, {
        "lat" : 40.7402323111,
        "lon" : -73.9986605551,
        "time" : "20151104T094946-0500"
      }, {
        "lat" : 40.7401415308,
        "lon" : -73.9995965954,
        "time" : "20151104T095056-0500"
      }, {
        "lat" : 40.7405213978,
        "lon" : -74.0004863217,
        "time" : "20151104T095148-0500"
      }, {
        "lat" : 40.7411512073,
        "lon" : -74.0011367667,
        "time" : "20151104T095247-0500"
      }, {
        "lat" : 40.7413242041,
        "lon" : -74.0021969426,
        "time" : "20151104T095455-0500"
      } ]
    } ],
    "lastUpdate" : "20151104T160712Z"
  }, {
    "type" : "place",
    "startTime" : "20151104T095456-0500",
    "endTime" : "20151104T181532-0500",
    "place" : {
      "id" : 277153613,
      "type" : "unknown",
      "location" : {
        "lat" : 40.7413242041,
        "lon" : -74.0021969426
      }
    },
    "activities" : [ {
      "activity" : "walking",
      "group" : "walking",
      "manual" : false,
      "startTime" : "20151104T101430-0500",
      "endTime" : "20151104T101530-0500",
      "duration" : 60.0,
      "distance" : 41.0,
      "steps" : 83,
      "trackPoints" : [ ]
    }, {
      "activity" : "walking",
      "group" : "walking",
      "manual" : false,
      "startTime" : "20151104T121430-0500",
      "endTime" : "20151104T121500-0500",
      "duration" : 30.0,
      "distance" : 25.0,
      "steps" : 50,
      "trackPoints" : [ ]
    }, {
      "activity" : "walking",
      "group" : "walking",
      "manual" : false,
      "startTime" : "20151104T130820-0500",
      "endTime" : "20151104T131120-0500",
      "duration" : 180.0,
      "distance" : 228.0,
      "steps" : 304,
      "trackPoints" : [ ]
    }, {
      "activity" : "walking",
      "group" : "walking",
      "manual" : false,
      "startTime" : "20151104T161138-0500",
      "endTime" : "20151104T161626-0500",
      "duration" : 288.0,
      "distance" : 265.0,
      "steps" : 354,
      "trackPoints" : [ ]
    }, {
      "activity" : "walking",
      "group" : "walking",
      "manual" : false,
      "startTime" : "20151104T172751-0500",
      "endTime" : "20151104T173051-0500",
      "duration" : 180.0,
      "distance" : 135.0,
      "steps" : 152,
      "trackPoints" : [ ]
    } ],
    "lastUpdate" : "20151105T011339Z"
  }, {
    "type" : "move",
    "startTime" : "20151104T181532-0500",
    "endTime" : "20151104T184230-0500",
    "activities" : [ {
      "activity" : "transport",
      "group" : "transport",
      "manual" : false,
      "startTime" : "20151104T181532-0500",
      "endTime" : "20151104T183723-0500",
      "duration" : 1311.0,
      "distance" : 6505.0,
      "trackPoints" : [ {
        "lat" : 40.7413242041,
        "lon" : -74.0021969426,
        "time" : "20151104T181532-0500"
      }, {
        "lat" : 40.7566922641,
        "lon" : -73.9901867615,
        "time" : "20151104T182208-0500"
      }, {
        "lat" : 40.7624876829,
        "lon" : -73.9859200876,
        "time" : "20151104T182441-0500"
      }, {
        "lat" : 40.762700706,
        "lon" : -73.985774549,
        "time" : "20151104T182525-0500"
      }, {
        "lat" : 40.7678419957,
        "lon" : -73.982326496,
        "time" : "20151104T182550-0500"
      }, {
        "lat" : 40.768770595,
        "lon" : -73.9818649637,
        "time" : "20151104T182610-0500"
      }, {
        "lat" : 40.7687860678,
        "lon" : -73.9818535882,
        "time" : "20151104T182629-0500"
      }, {
        "lat" : 40.768793753,
        "lon" : -73.9818493959,
        "time" : "20151104T182649-0500"
      }, {
        "lat" : 40.7688005757,
        "lon" : -73.9818461935,
        "time" : "20151104T182712-0500"
      }, {
        "lat" : 40.7688053247,
        "lon" : -73.9818439696,
        "time" : "20151104T182819-0500"
      }, {
        "lat" : 40.7688063558,
        "lon" : -73.9818435744,
        "time" : "20151104T182839-0500"
      }, {
        "lat" : 40.7688081022,
        "lon" : -73.9818428933,
        "time" : "20151104T182901-0500"
      }, {
        "lat" : 40.7688096216,
        "lon" : -73.9818423158,
        "time" : "20151104T182923-0500"
      }, {
        "lat" : 40.7688112694,
        "lon" : -73.9818416728,
        "time" : "20151104T182940-0500"
      }, {
        "lat" : 40.7688125098,
        "lon" : -73.9818412317,
        "time" : "20151104T183001-0500"
      }, {
        "lat" : 40.768813618,
        "lon" : -73.981840859,
        "time" : "20151104T183025-0500"
      }, {
        "lat" : 40.7688145542,
        "lon" : -73.981840549,
        "time" : "20151104T183047-0500"
      }, {
        "lat" : 40.7688153179,
        "lon" : -73.9818403318,
        "time" : "20151104T183111-0500"
      }, {
        "lat" : 40.7688128864,
        "lon" : -73.9818402982,
        "time" : "20151104T183131-0500"
      }, {
        "lat" : 40.7753086507,
        "lon" : -73.9768269156,
        "time" : "20151104T183305-0500"
      }, {
        "lat" : 40.7762216539,
        "lon" : -73.9761088221,
        "time" : "20151104T183336-0500"
      }, {
        "lat" : 40.7763463829,
        "lon" : -73.9760106368,
        "time" : "20151104T183401-0500"
      }, {
        "lat" : 40.7818632911,
        "lon" : -73.9721114544,
        "time" : "20151104T183452-0500"
      }, {
        "lat" : 40.7821384407,
        "lon" : -73.9719082695,
        "time" : "20151104T183515-0500"
      }, {
        "lat" : 40.7820770405,
        "lon" : -73.9719377846,
        "time" : "20151104T183538-0500"
      }, {
        "lat" : 40.7853228298,
        "lon" : -73.969523706,
        "time" : "20151104T183628-0500"
      }, {
        "lat" : 40.7855256666,
        "lon" : -73.9693762377,
        "time" : "20151104T183723-0500"
      } ]
    }, {
      "activity" : "walking",
      "group" : "walking",
      "manual" : false,
      "startTime" : "20151104T183723-0500",
      "endTime" : "20151104T184231-0500",
      "duration" : 308.0,
      "distance" : 329.0,
      "steps" : 472,
      "trackPoints" : [ {
        "lat" : 40.7855256666,
        "lon" : -73.9693762377,
        "time" : "20151104T183723-0500"
      }, {
        "lat" : 40.7855241151,
        "lon" : -73.9693211804,
        "time" : "20151104T183815-0500"
      }, {
        "lat" : 40.7853590653,
        "lon" : -73.9694459583,
        "time" : "20151104T183838-0500"
      }, {
        "lat" : 40.7853233497,
        "lon" : -73.9694613149,
        "time" : "20151104T183855-0500"
      }, {
        "lat" : 40.7851329838,
        "lon" : -73.9694037104,
        "time" : "20151104T183921-0500"
      }, {
        "lat" : 40.7849298337,
        "lon" : -73.9696437388,
        "time" : "20151104T183941-0500"
      }, {
        "lat" : 40.784806274,
        "lon" : -73.9700230673,
        "time" : "20151104T184005-0500"
      }, {
        "lat" : 40.784734582,
        "lon" : -73.9703347968,
        "time" : "20151104T184023-0500"
      }, {
        "lat" : 40.7849887572,
        "lon" : -73.9706369271,
        "time" : "20151104T184053-0500"
      }, {
        "lat" : 40.7850968535,
        "lon" : -73.9708603228,
        "time" : "20151104T184112-0500"
      }, {
        "lat" : 40.7852643733,
        "lon" : -73.9710754296,
        "time" : "20151104T184131-0500"
      }, {
        "lat" : 40.7853582569,
        "lon" : -73.9713787007,
        "time" : "20151104T184148-0500"
      }, {
        "lat" : 40.785468084,
        "lon" : -73.9717153268,
        "time" : "20151104T184207-0500"
      }, {
        "lat" : 40.7856121081,
        "lon" : -73.9720724825,
        "time" : "20151104T184230-0500"
      } ]
    } ],
    "lastUpdate" : "20151105T011339Z"
  }, {
    "type" : "place",
    "startTime" : "20151104T184231-0500",
    "endTime" : "20151104T185033-0500",
    "place" : {
      "id" : 276458640,
      "type" : "unknown",
      "location" : {
        "lat" : 40.7856121081,
        "lon" : -73.9720724825
      }
    },
    "lastUpdate" : "20151105T011339Z"
  }, {
    "type" : "move",
    "startTime" : "20151104T185033-0500",
    "endTime" : "20151104T185504-0500",
    "activities" : [ {
      "activity" : "walking",
      "group" : "walking",
      "manual" : false,
      "startTime" : "20151104T185033-0500",
      "endTime" : "20151104T185504-0500",
      "duration" : 271.0,
      "distance" : 217.0,
      "steps" : 396,
      "trackPoints" : [ {
        "lat" : 40.7856121081,
        "lon" : -73.9720724825,
        "time" : "20151104T185033-0500"
      }, {
        "lat" : 40.7857451058,
        "lon" : -73.9722634693,
        "time" : "20151104T185147-0500"
      }, {
        "lat" : 40.7859970178,
        "lon" : -73.9724585851,
        "time" : "20151104T185231-0500"
      }, {
        "lat" : 40.786123343,
        "lon" : -73.9724786552,
        "time" : "20151104T185251-0500"
      }, {
        "lat" : 40.7863828917,
        "lon" : -73.972430095,
        "time" : "20151104T185312-0500"
      }, {
        "lat" : 40.7865106534,
        "lon" : -73.9723949923,
        "time" : "20151104T185328-0500"
      }, {
        "lat" : 40.7866170814,
        "lon" : -73.9724811299,
        "time" : "20151104T185346-0500"
      }, {
        "lat" : 40.7867393414,
        "lon" : -73.9727515414,
        "time" : "20151104T185403-0500"
      }, {
        "lat" : 40.7868446812,
        "lon" : -73.9729912316,
        "time" : "20151104T185419-0500"
      }, {
        "lat" : 40.7869546444,
        "lon" : -73.9732856851,
        "time" : "20151104T185438-0500"
      }, {
        "lat" : 40.7869139082,
        "lon" : -73.9733281397,
        "time" : "20151104T185504-0500"
      } ]
    } ],
    "lastUpdate" : "20151105T011339Z"
  }, {
    "type" : "place",
    "startTime" : "20151104T185504-0500",
    "endTime" : "20151104T212843-0500",
    "place" : {
      "id" : 276517856,
      "type" : "unknown",
      "location" : {
        "lat" : 40.7869139082,
        "lon" : -73.9733281397
      }
    },
    "activities" : [ {
      "activity" : "walking",
      "group" : "walking",
      "manual" : false,
      "startTime" : "20151104T185954-0500",
      "endTime" : "20151104T190336-0500",
      "duration" : 222.0,
      "distance" : 204.0,
      "steps" : 275,
      "trackPoints" : [ ]
    }, {
      "activity" : "walking",
      "group" : "walking",
      "manual" : false,
      "startTime" : "20151104T200000-0500",
      "endTime" : "20151104T200253-0500",
      "duration" : 173.0,
      "distance" : 130.0,
      "steps" : 173,
      "trackPoints" : [ ]
    } ],
    "lastUpdate" : "20151105T042114Z"
  }, {
    "type" : "move",
    "startTime" : "20151104T212843-0500",
    "endTime" : "20151104T213333-0500",
    "activities" : [ {
      "activity" : "walking",
      "group" : "walking",
      "manual" : false,
      "startTime" : "20151104T212843-0500",
      "endTime" : "20151104T213332-0500",
      "duration" : 289.0,
      "distance" : 254.0,
      "steps" : 331,
      "trackPoints" : [ {
        "lat" : 40.7869139082,
        "lon" : -73.9733281397,
        "time" : "20151104T212843-0500"
      }, {
        "lat" : 40.7864155441,
        "lon" : -73.97241704,
        "time" : "20151104T213108-0500"
      }, {
        "lat" : 40.7860955387,
        "lon" : -73.9726326741,
        "time" : "20151104T213136-0500"
      }, {
        "lat" : 40.7859366582,
        "lon" : -73.9727381776,
        "time" : "20151104T213205-0500"
      }, {
        "lat" : 40.7858134024,
        "lon" : -73.9728071744,
        "time" : "20151104T213233-0500"
      }, {
        "lat" : 40.7859377129,
        "lon" : -73.9721540308,
        "time" : "20151104T213333-0500"
      } ]
    } ],
    "lastUpdate" : "20151105T042114Z"
  }, {
    "type" : "place",
    "startTime" : "20151104T213333-0500",
    "endTime" : "20151105T143649-0500",
    "place" : {
      "id" : 280840109,
      "type" : "unknown",
      "location" : {
        "lat" : 40.7859377129,
        "lon" : -73.9721540308
      }
    },
    "activities" : [ {
      "activity" : "walking",
      "group" : "walking",
      "manual" : false,
      "startTime" : "20151104T213509-0500",
      "endTime" : "20151104T213739-0500",
      "duration" : 150.0,
      "distance" : 151.0,
      "steps" : 202,
      "trackPoints" : [ ]
    }, {
      "activity" : "walking",
      "group" : "walking",
      "manual" : false,
      "startTime" : "20151104T231325-0500",
      "endTime" : "20151104T231355-0500",
      "duration" : 30.0,
      "distance" : 15.0,
      "steps" : 30,
      "trackPoints" : [ ]
    } ],
    "lastUpdate" : "20151105T193651Z"
  } ],
  "lastUpdate" : "20151105T193651Z"
} ]