[ {
  "date" : "20151022",
  "summary" : [ {
    "activity" : "walking",
    "group" : "walking",
    "duration" : 8737.0,
    "distance" : 9373.0,
    "steps" : 11676
  }, {
    "activity" : "transport",
    "group" : "transport",
    "duration" : 5578.0,
    "distance" : 45169.0
  } ],
  "segments" : [ {
    "type" : "place",
    "startTime" : "20151021T225713-0400",
    "endTime" : "20151022T064417-0400",
    "place" : {
      "id" : 276458640,
      "type" : "unknown",
      "location" : {
        "lat" : 40.7856121081,
        "lon" : -73.9720724825
      }
    },
    "activities" : [ {
      "activity" : "walking",
      "group" : "walking",
      "manual" : false,
      "startTime" : "20151022T063817-0400",
      "endTime" : "20151022T064031-0400",
      "duration" : 134.0,
      "distance" : 147.0,
      "steps" : 196,
      "trackPoints" : [ ]
    } ],
    "lastUpdate" : "20151022T155216Z"
  }, {
    "type" : "move",
    "startTime" : "20151022T064417-0400",
    "endTime" : "20151022T072744-0400",
    "activities" : [ {
      "activity" : "transport",
      "group" : "transport",
      "manual" : false,
      "startTime" : "20151022T064417-0400",
      "endTime" : "20151022T072543-0400",
      "duration" : 2486.0,
      "distance" : 22273.0,
      "trackPoints" : [ {
        "lat" : 40.7856121081,
        "lon" : -73.9720724825,
        "time" : "20151022T064417-0400"
      }, {
        "lat" : 40.7866840277,
        "lon" : -73.968408322,
        "time" : "20151022T064447-0400"
      }, {
        "lat" : 40.788315162,
        "lon" : -73.9671957351,
        "time" : "20151022T064503-0400"
      }, {
        "lat" : 40.7889107663,
        "lon" : -73.9667668521,
        "time" : "20151022T064521-0400"
      }, {
        "lat" : 40.788962239,
        "lon" : -73.9667789907,
        "time" : "20151022T064537-0400"
      }, {
        "lat" : 40.7891477319,
        "lon" : -73.9666104423,
        "time" : "20151022T064553-0400"
      }, {
        "lat" : 40.7908759902,
        "lon" : -73.9652292023,
        "time" : "20151022T064611-0400"
      }, {
        "lat" : 40.7916102542,
        "lon" : -73.9642319732,
        "time" : "20151022T064626-0400"
      }, {
        "lat" : 40.7914000604,
        "lon" : -73.9619539417,
        "time" : "20151022T064644-0400"
      }, {
        "lat" : 40.7903924078,
        "lon" : -73.9600717126,
        "time" : "20151022T064700-0400"
      }, {
        "lat" : 40.7896168805,
        "lon" : -73.9576477429,
        "time" : "20151022T064716-0400"
      }, {
        "lat" : 40.7884210763,
        "lon" : -73.9562879914,
        "time" : "20151022T064736-0400"
      }, {
        "lat" : 40.7879245061,
        "lon" : -73.9557844681,
        "time" : "20151022T064752-0400"
      }, {
        "lat" : 40.7874984982,
        "lon" : -73.9547910456,
        "time" : "20151022T064809-0400"
      }, {
        "lat" : 40.7874282039,
        "lon" : -73.9546443809,
        "time" : "20151022T064830-0400"
      }, {
        "lat" : 40.7869078862,
        "lon" : -73.9533888831,
        "time" : "20151022T064859-0400"
      }, {
        "lat" : 40.7865090129,
        "lon" : -73.9524561706,
        "time" : "20151022T064916-0400"
      }, {
        "lat" : 40.7870417561,
        "lon" : -73.9519901478,
        "time" : "20151022T064936-0400"
      }, {
        "lat" : 40.7890178249,
        "lon" : -73.9503354322,
        "time" : "20151022T065005-0400"
      }, {
        "lat" : 40.7885039042,
        "lon" : -73.9491763598,
        "time" : "20151022T065021-0400"
      }, {
        "lat" : 40.787984632,
        "lon" : -73.9477393808,
        "time" : "20151022T065052-0400"
      }, {
        "lat" : 40.7882493412,
        "lon" : -73.9471271498,
        "time" : "20151022T065115-0400"
      }, {
        "lat" : 40.7885968479,
        "lon" : -73.9468511067,
        "time" : "20151022T065131-0400"
      }, {
        "lat" : 40.7901560961,
        "lon" : -73.9456834604,
        "time" : "20151022T065148-0400"
      }, {
        "lat" : 40.7913142107,
        "lon" : -73.944818089,
        "time" : "20151022T065204-0400"
      }, {
        "lat" : 40.7925664554,
        "lon" : -73.9439037812,
        "time" : "20151022T065224-0400"
      }, {
        "lat" : 40.7936775536,
        "lon" : -73.9431008074,
        "time" : "20151022T065243-0400"
      }, {
        "lat" : 40.7947283155,
        "lon" : -73.9423312253,
        "time" : "20151022T065300-0400"
      }, {
        "lat" : 40.7960425743,
        "lon" : -73.941365769,
        "time" : "20151022T065319-0400"
      }, {
        "lat" : 40.7978662288,
        "lon" : -73.94006953,
        "time" : "20151022T065349-0400"
      }, {
        "lat" : 40.8004743976,
        "lon" : -73.9381947409,
        "time" : "20151022T065412-0400"
      }, {
        "lat" : 40.802640949,
        "lon" : -73.9366043567,
        "time" : "20151022T065432-0400"
      }, {
        "lat" : 40.8034532984,
        "lon" : -73.9359842194,
        "time" : "20151022T065448-0400"
      }, {
        "lat" : 40.8035958534,
        "lon" : -73.93552393,
        "time" : "20151022T065504-0400"
      }, {
        "lat" : 40.803559758,
        "lon" : -73.9354334249,
        "time" : "20151022T065520-0400"
      }, {
        "lat" : 40.8033973147,
        "lon" : -73.9350565914,
        "time" : "20151022T065551-0400"
      }, {
        "lat" : 40.8033255396,
        "lon" : -73.934894624,
        "time" : "20151022T065618-0400"
      }, {
        "lat" : 40.8033176598,
        "lon" : -73.9348642603,
        "time" : "20151022T065643-0400"
      }, {
        "lat" : 40.8032747667,
        "lon" : -73.934767586,
        "time" : "20151022T065703-0400"
      }, {
        "lat" : 40.8030801951,
        "lon" : -73.9343034001,
        "time" : "20151022T065727-0400"
      }, {
        "lat" : 40.8030673406,
        "lon" : -73.9342848234,
        "time" : "20151022T065745-0400"
      }, {
        "lat" : 40.8030630301,
        "lon" : -73.9342788291,
        "time" : "20151022T065803-0400"
      }, {
        "lat" : 40.803053619,
        "lon" : -73.9342565744,
        "time" : "20151022T065822-0400"
      }, {
        "lat" : 40.8028362104,
        "lon" : -73.9337502464,
        "time" : "20151022T065849-0400"
      }, {
        "lat" : 40.802819996,
        "lon" : -73.9337311039,
        "time" : "20151022T065907-0400"
      }, {
        "lat" : 40.8028166913,
        "lon" : -73.9337235874,
        "time" : "20151022T065925-0400"
      }, {
        "lat" : 40.8028160787,
        "lon" : -73.933722111,
        "time" : "20151022T065943-0400"
      }, {
        "lat" : 40.8020612194,
        "lon" : -73.9326914633,
        "time" : "20151022T065959-0400"
      }, {
        "lat" : 40.8020607457,
        "lon" : -73.9326908099,
        "time" : "20151022T070000-0400"
      }, {
        "lat" : 40.8009165412,
        "lon" : -73.929490526,
        "time" : "20151022T070015-0400"
      }, {
        "lat" : 40.798959418,
        "lon" : -73.9252201415,
        "time" : "20151022T070035-0400"
      }, {
        "lat" : 40.798213456,
        "lon" : -73.9237269982,
        "time" : "20151022T070051-0400"
      }, {
        "lat" : 40.7969630788,
        "lon" : -73.9217879816,
        "time" : "20151022T070107-0400"
      }, {
        "lat" : 40.7944028992,
        "lon" : -73.9230720003,
        "time" : "20151022T070123-0400"
      }, {
        "lat" : 40.7916005937,
        "lon" : -73.9252841351,
        "time" : "20151022T070139-0400"
      }, {
        "lat" : 40.7890142656,
        "lon" : -73.9275607441,
        "time" : "20151022T070155-0400"
      }, {
        "lat" : 40.7860990979,
        "lon" : -73.9299267227,
        "time" : "20151022T070212-0400"
      }, {
        "lat" : 40.7830537026,
        "lon" : -73.9293900834,
        "time" : "20151022T070228-0400"
      }, {
        "lat" : 40.7804474134,
        "lon" : -73.9274099304,
        "time" : "20151022T070244-0400"
      }, {
        "lat" : 40.7765501628,
        "lon" : -73.9244449854,
        "time" : "20151022T070309-0400"
      }, {
        "lat" : 40.7729422265,
        "lon" : -73.9209333976,
        "time" : "20151022T070332-0400"
      }, {
        "lat" : 40.7699487554,
        "lon" : -73.91611547,
        "time" : "20151022T070359-0400"
      }, {
        "lat" : 40.7691938854,
        "lon" : -73.9115291277,
        "time" : "20151022T070421-0400"
      }, {
        "lat" : 40.768274027,
        "lon" : -73.9056754229,
        "time" : "20151022T070446-0400"
      }, {
        "lat" : 40.7674709916,
        "lon" : -73.9012484456,
        "time" : "20151022T070505-0400"
      }, {
        "lat" : 40.7668352323,
        "lon" : -73.8973089415,
        "time" : "20151022T070521-0400"
      }, {
        "lat" : 40.7661817634,
        "lon" : -73.8928163887,
        "time" : "20151022T070537-0400"
      }, {
        "lat" : 40.7665987182,
        "lon" : -73.8885623432,
        "time" : "20151022T070553-0400"
      }, {
        "lat" : 40.7676588098,
        "lon" : -73.8847162073,
        "time" : "20151022T070609-0400"
      }, {
        "lat" : 40.76935942,
        "lon" : -73.8810939348,
        "time" : "20151022T070625-0400"
      }, {
        "lat" : 40.7713176099,
        "lon" : -73.8768394939,
        "time" : "20151022T070643-0400"
      }, {
        "lat" : 40.7715320212,
        "lon" : -73.8715447609,
        "time" : "20151022T070701-0400"
      }, {
        "lat" : 40.7696200965,
        "lon" : -73.8673858834,
        "time" : "20151022T070717-0400"
      }, {
        "lat" : 40.7669529152,
        "lon" : -73.8640448737,
        "time" : "20151022T070733-0400"
      }, {
        "lat" : 40.7626673035,
        "lon" : -73.860404748,
        "time" : "20151022T070757-0400"
      }, {
        "lat" : 40.7603684532,
        "lon" : -73.8574839547,
        "time" : "20151022T070813-0400"
      }, {
        "lat" : 40.7579005566,
        "lon" : -73.854293421,
        "time" : "20151022T070829-0400"
      }, {
        "lat" : 40.7533785161,
        "lon" : -73.8526111605,
        "time" : "20151022T070851-0400"
      }, {
        "lat" : 40.7499424299,
        "lon" : -73.850859735,
        "time" : "20151022T070907-0400"
      }, {
        "lat" : 40.7451931773,
        "lon" : -73.8476311083,
        "time" : "20151022T070932-0400"
      }, {
        "lat" : 40.7418029309,
        "lon" : -73.8461662103,
        "time" : "20151022T070948-0400"
      }, {
        "lat" : 40.7380670167,
        "lon" : -73.8452802198,
        "time" : "20151022T071004-0400"
      }, {
        "lat" : 40.7344938245,
        "lon" : -73.8445569122,
        "time" : "20151022T071020-0400"
      }, {
        "lat" : 40.7311539826,
        "lon" : -73.8420839983,
        "time" : "20151022T071036-0400"
      }, {
        "lat" : 40.7277943793,
        "lon" : -73.8391172862,
        "time" : "20151022T071052-0400"
      }, {
        "lat" : 40.7230954889,
        "lon" : -73.8368940021,
        "time" : "20151022T071116-0400"
      }, {
        "lat" : 40.7220107542,
        "lon" : -73.8362471526,
        "time" : "20151022T071132-0400"
      }, {
        "lat" : 40.7219352363,
        "lon" : -73.8361981812,
        "time" : "20151022T071150-0400"
      }, {
        "lat" : 40.7214238583,
        "lon" : -73.836931724,
        "time" : "20151022T071208-0400"
      }, {
        "lat" : 40.7210439093,
        "lon" : -73.8382012429,
        "time" : "20151022T071226-0400"
      }, {
        "lat" : 40.7207729642,
        "lon" : -73.839097482,
        "time" : "20151022T071242-0400"
      }, {
        "lat" : 40.7202970729,
        "lon" : -73.8406397499,
        "time" : "20151022T071311-0400"
      }, {
        "lat" : 40.7202394483,
        "lon" : -73.8406790292,
        "time" : "20151022T071328-0400"
      }, {
        "lat" : 40.7208427188,
        "lon" : -73.8421781058,
        "time" : "20151022T071353-0400"
      }, {
        "lat" : 40.7210064,
        "lon" : -73.8425203751,
        "time" : "20151022T071409-0400"
      }, {
        "lat" : 40.7210754495,
        "lon" : -73.842655574,
        "time" : "20151022T071427-0400"
      }, {
        "lat" : 40.7210770549,
        "lon" : -73.8426606941,
        "time" : "20151022T071451-0400"
      }, {
        "lat" : 40.7211560609,
        "lon" : -73.8428152349,
        "time" : "20151022T071524-0400"
      }, {
        "lat" : 40.7212230532,
        "lon" : -73.8429473707,
        "time" : "20151022T071540-0400"
      }, {
        "lat" : 40.7222539405,
        "lon" : -73.8453420595,
        "time" : "20151022T071610-0400"
      }, {
        "lat" : 40.7223438197,
        "lon" : -73.84557382,
        "time" : "20151022T071626-0400"
      }, {
        "lat" : 40.722852326,
        "lon" : -73.8470720966,
        "time" : "20151022T071644-0400"
      }, {
        "lat" : 40.722852326,
        "lon" : -73.8470720966,
        "time" : "20151022T071700-0400"
      }, {
        "lat" : 40.722852326,
        "lon" : -73.8470720966,
        "time" : "20151022T071725-0400"
      }, {
        "lat" : 40.722852326,
        "lon" : -73.8470720966,
        "time" : "20151022T071746-0400"
      }, {
        "lat" : 40.722852326,
        "lon" : -73.8470720966,
        "time" : "20151022T071804-0400"
      }, {
        "lat" : 40.722849245,
        "lon" : -73.8471080131,
        "time" : "20151022T071825-0400"
      }, {
        "lat" : 40.7228779056,
        "lon" : -73.8471818423,
        "time" : "20151022T071854-0400"
      }, {
        "lat" : 40.7226463282,
        "lon" : -73.8502877829,
        "time" : "20151022T071924-0400"
      }, {
        "lat" : 40.722644597,
        "lon" : -73.8503212243,
        "time" : "20151022T071948-0400"
      }, {
        "lat" : 40.7226442555,
        "lon" : -73.850386581,
        "time" : "20151022T072005-0400"
      }, {
        "lat" : 40.7226338733,
        "lon" : -73.8516019341,
        "time" : "20151022T072021-0400"
      }, {
        "lat" : 40.7223354363,
        "lon" : -73.8528952663,
        "time" : "20151022T072044-0400"
      }, {
        "lat" : 40.7223150295,
        "lon" : -73.8529182225,
        "time" : "20151022T072102-0400"
      }, {
        "lat" : 40.7219629156,
        "lon" : -73.8538422545,
        "time" : "20151022T072123-0400"
      }, {
        "lat" : 40.7219496743,
        "lon" : -73.8538784151,
        "time" : "20151022T072148-0400"
      }, {
        "lat" : 40.7218931938,
        "lon" : -73.8552540092,
        "time" : "20151022T072214-0400"
      }, {
        "lat" : 40.7224101024,
        "lon" : -73.8566368163,
        "time" : "20151022T072234-0400"
      }, {
        "lat" : 40.7226357303,
        "lon" : -73.8565917991,
        "time" : "20151022T072252-0400"
      }, {
        "lat" : 40.7227660002,
        "lon" : -73.8565115614,
        "time" : "20151022T072309-0400"
      }, {
        "lat" : 40.7227884181,
        "lon" : -73.8564779485,
        "time" : "20151022T072328-0400"
      }, {
        "lat" : 40.7227455801,
        "lon" : -73.8565268648,
        "time" : "20151022T072356-0400"
      }, {
        "lat" : 40.7227604965,
        "lon" : -73.8565426139,
        "time" : "20151022T072413-0400"
      }, {
        "lat" : 40.7227754032,
        "lon" : -73.8565485883,
        "time" : "20151022T072429-0400"
      }, {
        "lat" : 40.7228029621,
        "lon" : -73.8565463114,
        "time" : "20151022T072445-0400"
      }, {
        "lat" : 40.7228236614,
        "lon" : -73.8565454675,
        "time" : "20151022T072503-0400"
      }, {
        "lat" : 40.7230002339,
        "lon" : -73.8562961796,
        "time" : "20151022T072521-0400"
      }, {
        "lat" : 40.722962476,
        "lon" : -73.8561398831,
        "time" : "20151022T072543-0400"
      } ]
    }, {
      "activity" : "walking",
      "group" : "walking",
      "manual" : false,
      "startTime" : "20151022T072543-0400",
      "endTime" : "20151022T072745-0400",
      "duration" : 122.0,
      "distance" : 245.0,
      "steps" : 245,
      "trackPoints" : [ {
        "lat" : 40.722962476,
        "lon" : -73.8561398831,
        "time" : "20151022T072543-0400"
      }, {
        "lat" : 40.7228854543,
        "lon" : -73.8557936868,
        "time" : "20151022T072559-0400"
      }, {
        "lat" : 40.7226693985,
        "lon" : -73.855278556,
        "time" : "20151022T072615-0400"
      }, {
        "lat" : 40.7223892913,
        "lon" : -73.8544028774,
        "time" : "20151022T072642-0400"
      }, {
        "lat" : 40.7222733993,
        "lon" : -73.8541043188,
        "time" : "20151022T072658-0400"
      }, {
        "lat" : 40.722239105,
        "lon" : -73.8538179002,
        "time" : "20151022T072714-0400"
      }, {
        "lat" : 40.722205459,
        "lon" : -73.8534850772,
        "time" : "20151022T072744-0400"
      } ]
    } ],
    "lastUpdate" : "20151022T155216Z"
  }, {
    "type" : "place",
    "startTime" : "20151022T072745-0400",
    "endTime" : "20151022T080924-0400",
    "place" : {
      "id" : 276831812,
      "type" : "unknown",
      "location" : {
        "lat" : 40.722205459,
        "lon" : -73.8534850772
      }
    },
    "activities" : [ {
      "activity" : "walking",
      "group" : "walking",
      "manual" : false,
      "startTime" : "20151022T072745-0400",
      "endTime" : "20151022T073347-0400",
      "duration" : 362.0,
      "distance" : 371.0,
      "steps" : 494,
      "trackPoints" : [ ]
    }, {
      "activity" : "walking",
      "group" : "walking",
      "manual" : false,
      "startTime" : "20151022T080159-0400",
      "endTime" : "20151022T080349-0400",
      "duration" : 110.0,
      "distance" : 73.0,
      "steps" : 146,
      "trackPoints" : [ ]
    } ],
    "lastUpdate" : "20151022T155216Z"
  }, {
    "type" : "move",
    "startTime" : "20151022T080924-0400",
    "endTime" : "20151022T091116-0400",
    "activities" : [ {
      "activity" : "walking",
      "group" : "walking",
      "manual" : false,
      "startTime" : "20151022T080924-0400",
      "endTime" : "20151022T082146-0400",
      "duration" : 742.0,
      "distance" : 958.0,
      "steps" : 1086,
      "trackPoints" : [ {
        "lat" : 40.722205459,
        "lon" : -73.8534850772,
        "time" : "20151022T080924-0400"
      }, {
        "lat" : 40.7221144099,
        "lon" : -73.8536836223,
        "time" : "20151022T081041-0400"
      }, {
        "lat" : 40.7220758637,
        "lon" : -73.8535391038,
        "time" : "20151022T081102-0400"
      }, {
        "lat" : 40.7227016206,
        "lon" : -73.8522680534,
        "time" : "20151022T081207-0400"
      }, {
        "lat" : 40.7226772278,
        "lon" : -73.8513549744,
        "time" : "20151022T081306-0400"
      }, {
        "lat" : 40.7226341124,
        "lon" : -73.8508103492,
        "time" : "20151022T081406-0400"
      }, {
        "lat" : 40.7226443681,
        "lon" : -73.8505314457,
        "time" : "20151022T081427-0400"
      }, {
        "lat" : 40.7228879105,
        "lon" : -73.8497002115,
        "time" : "20151022T081508-0400"
      }, {
        "lat" : 40.7228678885,
        "lon" : -73.8494319055,
        "time" : "20151022T081523-0400"
      }, {
        "lat" : 40.7228522897,
        "lon" : -73.8484948775,
        "time" : "20151022T081608-0400"
      }, {
        "lat" : 40.7226064559,
        "lon" : -73.8481504111,
        "time" : "20151022T081708-0400"
      }, {
        "lat" : 40.722481152,
        "lon" : -73.8481111387,
        "time" : "20151022T081808-0400"
      }, {
        "lat" : 40.7220899279,
        "lon" : -73.84660843,
        "time" : "20151022T081909-0400"
      }, {
        "lat" : 40.7218845266,
        "lon" : -73.8453576052,
        "time" : "20151022T082008-0400"
      }, {
        "lat" : 40.7219637548,
        "lon" : -73.8457644274,
        "time" : "20151022T082104-0400"
      }, {
        "lat" : 40.7220216728,
        "lon" : -73.8460650933,
        "time" : "20151022T082146-0400"
      } ]
    }, {
      "activity" : "transport",
      "group" : "transport",
      "manual" : false,
      "startTime" : "20151022T082146-0400",
      "endTime" : "20151022T091117-0400",
      "duration" : 2971.0,
      "distance" : 15413.0,
      "trackPoints" : [ {
        "lat" : 40.7220216728,
        "lon" : -73.8460650933,
        "time" : "20151022T082146-0400"
      }, {
        "lat" : 40.7339018847,
        "lon" : -73.9156607388,
        "time" : "20151022T084226-0400"
      }, {
        "lat" : 40.7379743254,
        "lon" : -73.9692171002,
        "time" : "20151022T085959-0400"
      }, {
        "lat" : 40.7379743641,
        "lon" : -73.9692176088,
        "time" : "20151022T090000-0400"
      }, {
        "lat" : 40.7404803093,
        "lon" : -74.0021731059,
        "time" : "20151022T091047-0400"
      }, {
        "lat" : 40.7411268971,
        "lon" : -74.001893874,
        "time" : "20151022T091116-0400"
      } ]
    } ],
    "lastUpdate" : "20151022T155216Z"
  }, {
    "type" : "place",
    "startTime" : "20151022T091117-0400",
    "endTime" : "20151022T170319-0400",
    "place" : {
      "id" : 276372414,
      "type" : "unknown",
      "location" : {
        "lat" : 40.7408375251,
        "lon" : -74.0021916154
      }
    },
    "activities" : [ {
      "activity" : "walking",
      "group" : "walking",
      "manual" : false,
      "startTime" : "20151022T091117-0400",
      "endTime" : "20151022T091823-0400",
      "duration" : 426.0,
      "distance" : 486.0,
      "steps" : 648,
      "trackPoints" : [ ]
    }, {
      "activity" : "walking",
      "group" : "walking",
      "manual" : false,
      "startTime" : "20151022T101510-0400",
      "endTime" : "20151022T101557-0400",
      "duration" : 47.0,
      "distance" : 32.0,
      "steps" : 63,
      "trackPoints" : [ ]
    }, {
      "activity" : "walking",
      "group" : "walking",
      "manual" : false,
      "startTime" : "20151022T114442-0400",
      "endTime" : "20151022T114747-0400",
      "duration" : 185.0,
      "distance" : 190.0,
      "steps" : 253,
      "trackPoints" : [ ]
    }, {
      "activity" : "walking",
      "group" : "walking",
      "manual" : false,
      "startTime" : "20151022T122611-0400",
      "endTime" : "20151022T122758-0400",
      "duration" : 107.0,
      "distance" : 72.0,
      "steps" : 143,
      "trackPoints" : [ ]
    }, {
      "activity" : "walking",
      "group" : "walking",
      "manual" : false,
      "startTime" : "20151022T130125-0400",
      "endTime" : "20151022T130444-0400",
      "duration" : 199.0,
      "distance" : 247.0,
      "steps" : 329,
      "trackPoints" : [ ]
    }, {
      "activity" : "walking",
      "group" : "walking",
      "manual" : false,
      "startTime" : "20151022T140548-0400",
      "endTime" : "20151022T140719-0400",
      "duration" : 91.0,
      "distance" : 66.0,
      "steps" : 131,
      "trackPoints" : [ ]
    }, {
      "activity" : "walking",
      "group" : "walking",
      "manual" : false,
      "startTime" : "20151022T152206-0400",
      "endTime" : "20151022T152638-0400",
      "duration" : 272.0,
      "distance" : 258.0,
      "steps" : 344,
      "trackPoints" : [ ]
    }, {
      "activity" : "walking",
      "group" : "walking",
      "manual" : false,
      "startTime" : "20151022T170040-0400",
      "endTime" : "20151022T170125-0400",
      "duration" : 45.0,
      "distance" : 46.0,
      "steps" : 92,
      "trackPoints" : [ ]
    } ],
    "lastUpdate" : "20151022T225800Z"
  }, {
    "type" : "move",
    "startTime" : "20151022T170319-0400",
    "endTime" : "20151022T171116-0400",
    "activities" : [ {
      "activity" : "walking",
      "group" : "walking",
      "manual" : false,
      "startTime" : "20151022T170319-0400",
      "endTime" : "20151022T171116-0400",
      "duration" : 477.0,
      "distance" : 364.0,
      "steps" : 630,
      "trackPoints" : [ {
        "lat" : 40.7408375251,
        "lon" : -74.0021916154,
        "time" : "20151022T170319-0400"
      }, {
        "lat" : 40.7407560499,
        "lon" : -74.0025201322,
        "time" : "20151022T170427-0400"
      }, {
        "lat" : 40.7406482636,
        "lon" : -74.002393012,
        "time" : "20151022T170539-0400"
      }, {
        "lat" : 40.7405553519,
        "lon" : -74.0023066131,
        "time" : "20151022T170649-0400"
      }, {
        "lat" : 40.7402934218,
        "lon" : -74.0016161546,
        "time" : "20151022T170749-0400"
      }, {
        "lat" : 40.7398704222,
        "lon" : -74.0006933912,
        "time" : "20151022T170817-0400"
      }, {
        "lat" : 40.7394404295,
        "lon" : -74.0002201182,
        "time" : "20151022T170855-0400"
      }, {
        "lat" : 40.7392784895,
        "lon" : -74.0000239109,
        "time" : "20151022T170930-0400"
      }, {
        "lat" : 40.7392249448,
        "lon" : -73.99996561,
        "time" : "20151022T170949-0400"
      }, {
        "lat" : 40.7391556761,
        "lon" : -73.9999015586,
        "time" : "20151022T171033-0400"
      }, {
        "lat" : 40.7391971427,
        "lon" : -73.9999298865,
        "time" : "20151022T171050-0400"
      }, {
        "lat" : 40.7392415893,
        "lon" : -73.9999761038,
        "time" : "20151022T171116-0400"
      } ]
    } ],
    "lastUpdate" : "20151022T225800Z"
  }, {
    "type" : "place",
    "startTime" : "20151022T171116-0400",
    "endTime" : "20151022T172546-0400",
    "place" : {
      "id" : 276911234,
      "type" : "unknown",
      "location" : {
        "lat" : 40.7392415893,
        "lon" : -73.9999761038
      }
    },
    "activities" : [ {
      "activity" : "walking",
      "group" : "walking",
      "manual" : false,
      "startTime" : "20151022T171122-0400",
      "endTime" : "20151022T171231-0400",
      "duration" : 69.0,
      "distance" : 46.0,
      "steps" : 92,
      "trackPoints" : [ ]
    } ],
    "lastUpdate" : "20151022T225800Z"
  }, {
    "type" : "move",
    "startTime" : "20151022T172546-0400",
    "endTime" : "20151022T172747-0400",
    "activities" : [ {
      "activity" : "transport",
      "group" : "transport",
      "manual" : false,
      "startTime" : "20151022T172546-0400",
      "endTime" : "20151022T172747-0400",
      "duration" : 121.0,
      "distance" : 7483.0,
      "trackPoints" : [ {
        "lat" : 40.7392415893,
        "lon" : -73.9999761038,
        "time" : "20151022T172546-0400"
      }, {
        "lat" : 40.7872185636,
        "lon" : -73.9759221225,
        "time" : "20151022T172629-0400"
      }, {
        "lat" : 40.7939341013,
        "lon" : -73.9725105078,
        "time" : "20151022T172747-0400"
      } ]
    } ],
    "lastUpdate" : "20151022T225800Z"
  }, {
    "type" : "place",
    "startTime" : "20151022T172748-0400",
    "endTime" : "20151022T173605-0400",
    "place" : {
      "id" : 276926692,
      "type" : "unknown",
      "location" : {
        "lat" : 40.7939341013,
        "lon" : -73.9725105078
      }
    },
    "activities" : [ {
      "activity" : "walking",
      "group" : "walking",
      "manual" : false,
      "startTime" : "20151022T172748-0400",
      "endTime" : "20151022T172825-0400",
      "duration" : 37.0,
      "distance" : 25.0,
      "steps" : 49,
      "trackPoints" : [ ]
    } ],
    "lastUpdate" : "20151022T225800Z"
  }, {
    "type" : "move",
    "startTime" : "20151022T173605-0400",
    "endTime" : "20151022T175206-0400",
    "activities" : [ {
      "activity" : "walking",
      "group" : "walking",
      "manual" : false,
      "startTime" : "20151022T173605-0400",
      "endTime" : "20151022T175207-0400",
      "duration" : 962.0,
      "distance" : 1190.0,
      "steps" : 1198,
      "trackPoints" : [ {
        "lat" : 40.7939341013,
        "lon" : -73.9725105078,
        "time" : "20151022T173605-0400"
      }, {
        "lat" : 40.7942594264,
        "lon" : -73.9715005761,
        "time" : "20151022T173656-0400"
      }, {
        "lat" : 40.79407618,
        "lon" : -73.9716355992,
        "time" : "20151022T173719-0400"
      }, {
        "lat" : 40.7939002828,
        "lon" : -73.9717941983,
        "time" : "20151022T173752-0400"
      }, {
        "lat" : 40.7934466073,
        "lon" : -73.9723295202,
        "time" : "20151022T173858-0400"
      }, {
        "lat" : 40.7930461245,
        "lon" : -73.9718015798,
        "time" : "20151022T173934-0400"
      }, {
        "lat" : 40.7926591722,
        "lon" : -73.9712556315,
        "time" : "20151022T173959-0400"
      }, {
        "lat" : 40.7924083262,
        "lon" : -73.9713373906,
        "time" : "20151022T174023-0400"
      }, {
        "lat" : 40.7919799084,
        "lon" : -73.9716020003,
        "time" : "20151022T174058-0400"
      }, {
        "lat" : 40.7918701905,
        "lon" : -73.9716533369,
        "time" : "20151022T174153-0400"
      }, {
        "lat" : 40.7916722843,
        "lon" : -73.9717863645,
        "time" : "20151022T174418-0400"
      }, {
        "lat" : 40.7913989222,
        "lon" : -73.9721170226,
        "time" : "20151022T174439-0400"
      }, {
        "lat" : 40.7893615421,
        "lon" : -73.973611993,
        "time" : "20151022T174758-0400"
      }, {
        "lat" : 40.7892727119,
        "lon" : -73.9737486762,
        "time" : "20151022T174814-0400"
      }, {
        "lat" : 40.7886705376,
        "lon" : -73.9742104646,
        "time" : "20151022T174859-0400"
      }, {
        "lat" : 40.7881728306,
        "lon" : -73.9747649948,
        "time" : "20151022T175001-0400"
      }, {
        "lat" : 40.7878658813,
        "lon" : -73.9749146576,
        "time" : "20151022T175027-0400"
      }, {
        "lat" : 40.7876357372,
        "lon" : -73.9749460932,
        "time" : "20151022T175046-0400"
      }, {
        "lat" : 40.7875573061,
        "lon" : -73.9747058151,
        "time" : "20151022T175109-0400"
      }, {
        "lat" : 40.7871933026,
        "lon" : -73.9740695657,
        "time" : "20151022T175206-0400"
      } ]
    } ],
    "lastUpdate" : "20151022T225800Z"
  }, {
    "type" : "place",
    "startTime" : "20151022T175206-0400",
    "endTime" : "20151022T182456-0400",
    "place" : {
      "id" : 276386330,
      "type" : "unknown",
      "location" : {
        "lat" : 40.7871933026,
        "lon" : -73.9740695657
      }
    },
    "activities" : [ {
      "activity" : "walking",
      "group" : "walking",
      "manual" : false,
      "startTime" : "20151022T175206-0400",
      "endTime" : "20151022T175207-0400",
      "duration" : 1.0,
      "distance" : 1.0,
      "steps" : 1,
      "trackPoints" : [ ]
    }, {
      "activity" : "walking",
      "group" : "walking",
      "manual" : false,
      "startTime" : "20151022T182152-0400",
      "endTime" : "20151022T182159-0400",
      "duration" : 7.0,
      "distance" : 5.0,
      "steps" : 9,
      "trackPoints" : [ ]
    } ],
    "lastUpdate" : "20151022T225800Z"
  }, {
    "type" : "move",
    "startTime" : "20151022T182456-0400",
    "endTime" : "20151022T182903-0400",
    "activities" : [ {
      "activity" : "walking",
      "group" : "walking",
      "manual" : false,
      "startTime" : "20151022T182456-0400",
      "endTime" : "20151022T182904-0400",
      "duration" : 248.0,
      "distance" : 312.0,
      "steps" : 260,
      "trackPoints" : [ {
        "lat" : 40.7871933026,
        "lon" : -73.9740695657,
        "time" : "20151022T182456-0400"
      }, {
        "lat" : 40.7868354267,
        "lon" : -73.9736692503,
        "time" : "20151022T182618-0400"
      }, {
        "lat" : 40.7869344057,
        "lon" : -73.9733365903,
        "time" : "20151022T182636-0400"
      }, {
        "lat" : 40.7868673041,
        "lon" : -73.9730123813,
        "time" : "20151022T182700-0400"
      }, {
        "lat" : 40.7867023354,
        "lon" : -73.9718215565,
        "time" : "20151022T182805-0400"
      }, {
        "lat" : 40.7859467023,
        "lon" : -73.9726016923,
        "time" : "20151022T182903-0400"
      } ]
    } ],
    "lastUpdate" : "20151022T225800Z"
  }, {
    "type" : "place",
    "startTime" : "20151022T182903-0400",
    "endTime" : "20151022T221215-0400",
    "place" : {
      "id" : 276458640,
      "type" : "unknown",
      "location" : {
        "lat" : 40.7856121081,
        "lon" : -73.9720724825
      }
    },
    "activities" : [ {
      "activity" : "walking",
      "group" : "walking",
      "manual" : false,
      "startTime" : "20151022T183231-0400",
      "endTime" : "20151022T183431-0400",
      "duration" : 120.0,
      "distance" : 82.0,
      "steps" : 163,
      "trackPoints" : [ ]
    }, {
      "activity" : "walking",
      "group" : "walking",
      "manual" : false,
      "startTime" : "20151022T191049-0400",
      "endTime" : "20151022T191351-0400",
      "duration" : 182.0,
      "distance" : 182.0,
      "steps" : 242,
      "trackPoints" : [ ]
    }, {
      "activity" : "walking",
      "group" : "walking",
      "manual" : false,
      "startTime" : "20151022T200107-0400",
      "endTime" : "20151022T200331-0400",
      "duration" : 144.0,
      "distance" : 144.0,
      "steps" : 192,
      "trackPoints" : [ ]
    }, {
      "activity" : "walking",
      "group" : "walking",
      "manual" : false,
      "startTime" : "20151022T210621-0400",
      "endTime" : "20151022T210657-0400",
      "duration" : 36.0,
      "distance" : 24.0,
      "steps" : 48,
      "trackPoints" : [ ]
    } ],
    "lastUpdate" : "20151023T214925Z"
  }, {
    "type" : "move",
    "startTime" : "20151022T221215-0400",
    "endTime" : "20151022T230531-0400",
    "activities" : [ {
      "activity" : "walking",
      "group" : "walking",
      "manual" : false,
      "startTime" : "20151022T221215-0400",
      "endTime" : "20151022T230531-0400",
      "duration" : 3196.0,
      "distance" : 3401.0,
      "steps" : 4079,
      "trackPoints" : [ {
        "lat" : 40.7856121081,
        "lon" : -73.9720724825,
        "time" : "20151022T221215-0400"
      }, {
        "lat" : 40.7856116047,
        "lon" : -73.9722763875,
        "time" : "20151022T221237-0400"
      }, {
        "lat" : 40.7856533258,
        "lon" : -73.9722983069,
        "time" : "20151022T221303-0400"
      }, {
        "lat" : 40.7857014679,
        "lon" : -73.9724503418,
        "time" : "20151022T221328-0400"
      }, {
        "lat" : 40.7856730343,
        "lon" : -73.9726163848,
        "time" : "20151022T221346-0400"
      }, {
        "lat" : 40.7855865911,
        "lon" : -73.97278521,
        "time" : "20151022T221405-0400"
      }, {
        "lat" : 40.7854646988,
        "lon" : -73.972927083,
        "time" : "20151022T221424-0400"
      }, {
        "lat" : 40.7852207397,
        "lon" : -73.9729877282,
        "time" : "20151022T221445-0400"
      }, {
        "lat" : 40.7849736724,
        "lon" : -73.9731040522,
        "time" : "20151022T221507-0400"
      }, {
        "lat" : 40.7847192012,
        "lon" : -73.9732671116,
        "time" : "20151022T221527-0400"
      }, {
        "lat" : 40.7846524273,
        "lon" : -73.9734229713,
        "time" : "20151022T221545-0400"
      }, {
        "lat" : 40.7842735052,
        "lon" : -73.9736306425,
        "time" : "20151022T221626-0400"
      }, {
        "lat" : 40.7841778451,
        "lon" : -73.9738047124,
        "time" : "20151022T221652-0400"
      }, {
        "lat" : 40.7837779085,
        "lon" : -73.9738940783,
        "time" : "20151022T221726-0400"
      }, {
        "lat" : 40.7835756248,
        "lon" : -73.9741344866,
        "time" : "20151022T221747-0400"
      }, {
        "lat" : 40.7832492265,
        "lon" : -73.974387613,
        "time" : "20151022T221827-0400"
      }, {
        "lat" : 40.7832099691,
        "lon" : -73.9745713083,
        "time" : "20151022T221850-0400"
      }, {
        "lat" : 40.7831136612,
        "lon" : -73.9746193895,
        "time" : "20151022T221907-0400"
      }, {
        "lat" : 40.7829847368,
        "lon" : -73.9747853333,
        "time" : "20151022T221926-0400"
      }, {
        "lat" : 40.7828930322,
        "lon" : -73.9748339435,
        "time" : "20151022T221948-0400"
      }, {
        "lat" : 40.7827607004,
        "lon" : -73.9749925676,
        "time" : "20151022T222009-0400"
      }, {
        "lat" : 40.7825546751,
        "lon" : -73.975332166,
        "time" : "20151022T222029-0400"
      }, {
        "lat" : 40.7824288777,
        "lon" : -73.9752874885,
        "time" : "20151022T222048-0400"
      }, {
        "lat" : 40.7821477065,
        "lon" : -73.9755330124,
        "time" : "20151022T222113-0400"
      }, {
        "lat" : 40.7820131183,
        "lon" : -73.9756480522,
        "time" : "20151022T222129-0400"
      }, {
        "lat" : 40.7818540632,
        "lon" : -73.9757015531,
        "time" : "20151022T222149-0400"
      }, {
        "lat" : 40.7815761214,
        "lon" : -73.9758517221,
        "time" : "20151022T222215-0400"
      }, {
        "lat" : 40.7813546943,
        "lon" : -73.9760114915,
        "time" : "20151022T222231-0400"
      }, {
        "lat" : 40.7811780723,
        "lon" : -73.976164441,
        "time" : "20151022T222251-0400"
      }, {
        "lat" : 40.7809910029,
        "lon" : -73.9764620926,
        "time" : "20151022T222332-0400"
      }, {
        "lat" : 40.7808943632,
        "lon" : -73.9763482765,
        "time" : "20151022T222351-0400"
      }, {
        "lat" : 40.7808585438,
        "lon" : -73.9762432124,
        "time" : "20151022T222407-0400"
      }, {
        "lat" : 40.7809321469,
        "lon" : -73.9760021533,
        "time" : "20151022T222430-0400"
      }, {
        "lat" : 40.7807363794,
        "lon" : -73.9759604841,
        "time" : "20151022T222445-0400"
      }, {
        "lat" : 40.7805617625,
        "lon" : -73.9756844278,
        "time" : "20151022T222514-0400"
      }, {
        "lat" : 40.7804635979,
        "lon" : -73.9754085524,
        "time" : "20151022T222533-0400"
      }, {
        "lat" : 40.7802339268,
        "lon" : -73.9747971985,
        "time" : "20151022T222614-0400"
      }, {
        "lat" : 40.7801494325,
        "lon" : -73.9745018203,
        "time" : "20151022T222633-0400"
      }, {
        "lat" : 40.7800058892,
        "lon" : -73.9743397374,
        "time" : "20151022T222652-0400"
      }, {
        "lat" : 40.7798170914,
        "lon" : -73.9740791823,
        "time" : "20151022T222718-0400"
      }, {
        "lat" : 40.7796733472,
        "lon" : -73.9739915574,
        "time" : "20151022T222734-0400"
      }, {
        "lat" : 40.7798600858,
        "lon" : -73.9738038531,
        "time" : "20151022T222752-0400"
      }, {
        "lat" : 40.7799913445,
        "lon" : -73.973685016,
        "time" : "20151022T222807-0400"
      }, {
        "lat" : 40.7800377612,
        "lon" : -73.9734687102,
        "time" : "20151022T222833-0400"
      }, {
        "lat" : 40.7802379031,
        "lon" : -73.9732374906,
        "time" : "20151022T222850-0400"
      }, {
        "lat" : 40.7804441461,
        "lon" : -73.9730587721,
        "time" : "20151022T222914-0400"
      }, {
        "lat" : 40.780593123,
        "lon" : -73.9730837877,
        "time" : "20151022T222933-0400"
      }, {
        "lat" : 40.7808873172,
        "lon" : -73.9728229087,
        "time" : "20151022T222950-0400"
      }, {
        "lat" : 40.7811259063,
        "lon" : -73.9725502765,
        "time" : "20151022T223013-0400"
      }, {
        "lat" : 40.7811313601,
        "lon" : -73.9725479525,
        "time" : "20151022T223035-0400"
      }, {
        "lat" : 40.7816535972,
        "lon" : -73.9721542796,
        "time" : "20151022T223056-0400"
      }, {
        "lat" : 40.78170988,
        "lon" : -73.9721184655,
        "time" : "20151022T223112-0400"
      }, {
        "lat" : 40.7816209278,
        "lon" : -73.9722090183,
        "time" : "20151022T223134-0400"
      }, {
        "lat" : 40.7818409664,
        "lon" : -73.9720366479,
        "time" : "20151022T223153-0400"
      }, {
        "lat" : 40.7819864096,
        "lon" : -73.9718930969,
        "time" : "20151022T223218-0400"
      }, {
        "lat" : 40.7821058579,
        "lon" : -73.9717998344,
        "time" : "20151022T223235-0400"
      }, {
        "lat" : 40.7822646354,
        "lon" : -73.9716197792,
        "time" : "20151022T223254-0400"
      }, {
        "lat" : 40.7824917326,
        "lon" : -73.9714119717,
        "time" : "20151022T223317-0400"
      }, {
        "lat" : 40.7827353169,
        "lon" : -73.9713374927,
        "time" : "20151022T223336-0400"
      }, {
        "lat" : 40.7828864007,
        "lon" : -73.9711887931,
        "time" : "20151022T223359-0400"
      }, {
        "lat" : 40.7830730707,
        "lon" : -73.9710404144,
        "time" : "20151022T223416-0400"
      }, {
        "lat" : 40.7832774836,
        "lon" : -73.9709602797,
        "time" : "20151022T223435-0400"
      }, {
        "lat" : 40.7834919425,
        "lon" : -73.9708070477,
        "time" : "20151022T223458-0400"
      }, {
        "lat" : 40.783741624,
        "lon" : -73.9705532512,
        "time" : "20151022T223523-0400"
      }, {
        "lat" : 40.7838938495,
        "lon" : -73.9704573297,
        "time" : "20151022T223543-0400"
      }, {
        "lat" : 40.7840744228,
        "lon" : -73.9703751728,
        "time" : "20151022T223604-0400"
      }, {
        "lat" : 40.784323497,
        "lon" : -73.9702404768,
        "time" : "20151022T223637-0400"
      }, {
        "lat" : 40.7845208813,
        "lon" : -73.9700320584,
        "time" : "20151022T223657-0400"
      }, {
        "lat" : 40.7846200486,
        "lon" : -73.9700205635,
        "time" : "20151022T223715-0400"
      }, {
        "lat" : 40.7846891118,
        "lon" : -73.9701532622,
        "time" : "20151022T223737-0400"
      }, {
        "lat" : 40.7848650342,
        "lon" : -73.9699192292,
        "time" : "20151022T223758-0400"
      }, {
        "lat" : 40.7850325139,
        "lon" : -73.969732834,
        "time" : "20151022T223820-0400"
      }, {
        "lat" : 40.7851656101,
        "lon" : -73.969803276,
        "time" : "20151022T223837-0400"
      }, {
        "lat" : 40.7852952416,
        "lon" : -73.9697062016,
        "time" : "20151022T223852-0400"
      }, {
        "lat" : 40.7853777796,
        "lon" : -73.9696151666,
        "time" : "20151022T223914-0400"
      }, {
        "lat" : 40.7854024078,
        "lon" : -73.9695324246,
        "time" : "20151022T223936-0400"
      }, {
        "lat" : 40.7854652759,
        "lon" : -73.9694815464,
        "time" : "20151022T223954-0400"
      }, {
        "lat" : 40.7856139005,
        "lon" : -73.9692946562,
        "time" : "20151022T224020-0400"
      }, {
        "lat" : 40.7857317831,
        "lon" : -73.9692035146,
        "time" : "20151022T224036-0400"
      }, {
        "lat" : 40.7858774783,
        "lon" : -73.9690351988,
        "time" : "20151022T224059-0400"
      }, {
        "lat" : 40.7860912426,
        "lon" : -73.9688463549,
        "time" : "20151022T224124-0400"
      }, {
        "lat" : 40.7864221071,
        "lon" : -73.9685878645,
        "time" : "20151022T224200-0400"
      }, {
        "lat" : 40.7865992265,
        "lon" : -73.968536172,
        "time" : "20151022T224223-0400"
      }, {
        "lat" : 40.7867076246,
        "lon" : -73.9685202645,
        "time" : "20151022T224239-0400"
      }, {
        "lat" : 40.7868838518,
        "lon" : -73.9683402259,
        "time" : "20151022T224258-0400"
      }, {
        "lat" : 40.7873427184,
        "lon" : -73.9681683399,
        "time" : "20151022T224340-0400"
      }, {
        "lat" : 40.7873990269,
        "lon" : -73.9679839737,
        "time" : "20151022T224357-0400"
      }, {
        "lat" : 40.7874683124,
        "lon" : -73.9678283814,
        "time" : "20151022T224415-0400"
      }, {
        "lat" : 40.7875234821,
        "lon" : -73.96774588,
        "time" : "20151022T224439-0400"
      }, {
        "lat" : 40.7878778472,
        "lon" : -73.9677115038,
        "time" : "20151022T224515-0400"
      }, {
        "lat" : 40.7879368245,
        "lon" : -73.9676685423,
        "time" : "20151022T224538-0400"
      }, {
        "lat" : 40.7880575438,
        "lon" : -73.9673000239,
        "time" : "20151022T224559-0400"
      }, {
        "lat" : 40.788257872,
        "lon" : -73.9670974365,
        "time" : "20151022T224616-0400"
      }, {
        "lat" : 40.7885018756,
        "lon" : -73.966978649,
        "time" : "20151022T224639-0400"
      }, {
        "lat" : 40.7885773333,
        "lon" : -73.9669600064,
        "time" : "20151022T224700-0400"
      }, {
        "lat" : 40.7887657683,
        "lon" : -73.9667773493,
        "time" : "20151022T224725-0400"
      }, {
        "lat" : 40.788889338,
        "lon" : -73.9666479005,
        "time" : "20151022T224741-0400"
      }, {
        "lat" : 40.789155359,
        "lon" : -73.9666430606,
        "time" : "20151022T224800-0400"
      }, {
        "lat" : 40.7894048851,
        "lon" : -73.9664782179,
        "time" : "20151022T224826-0400"
      }, {
        "lat" : 40.7895184725,
        "lon" : -73.9664211593,
        "time" : "20151022T224842-0400"
      }, {
        "lat" : 40.7895890933,
        "lon" : -73.9662989583,
        "time" : "20151022T224901-0400"
      }, {
        "lat" : 40.7894513781,
        "lon" : -73.9662735773,
        "time" : "20151022T224940-0400"
      }, {
        "lat" : 40.7892512398,
        "lon" : -73.9664321239,
        "time" : "20151022T225001-0400"
      }, {
        "lat" : 40.7888030319,
        "lon" : -73.9666066565,
        "time" : "20151022T225041-0400"
      }, {
        "lat" : 40.7886870618,
        "lon" : -73.9667420681,
        "time" : "20151022T225101-0400"
      }, {
        "lat" : 40.7885024721,
        "lon" : -73.9670107765,
        "time" : "20151022T225126-0400"
      }, {
        "lat" : 40.7884225137,
        "lon" : -73.967203946,
        "time" : "20151022T225142-0400"
      }, {
        "lat" : 40.7881722494,
        "lon" : -73.9673209773,
        "time" : "20151022T225202-0400"
      }, {
        "lat" : 40.7879167563,
        "lon" : -73.967517901,
        "time" : "20151022T225227-0400"
      }, {
        "lat" : 40.7878489797,
        "lon" : -73.9676321694,
        "time" : "20151022T225243-0400"
      }, {
        "lat" : 40.7878211563,
        "lon" : -73.9676141976,
        "time" : "20151022T225303-0400"
      }, {
        "lat" : 40.7877474315,
        "lon" : -73.9676120637,
        "time" : "20151022T225327-0400"
      }, {
        "lat" : 40.7876297749,
        "lon" : -73.9676062912,
        "time" : "20151022T225343-0400"
      }, {
        "lat" : 40.7874624199,
        "lon" : -73.9677769696,
        "time" : "20151022T225407-0400"
      }, {
        "lat" : 40.7873364651,
        "lon" : -73.9678928798,
        "time" : "20151022T225424-0400"
      }, {
        "lat" : 40.7871760404,
        "lon" : -73.968050972,
        "time" : "20151022T225442-0400"
      }, {
        "lat" : 40.7870909726,
        "lon" : -73.9681191608,
        "time" : "20151022T225500-0400"
      }, {
        "lat" : 40.7869079184,
        "lon" : -73.9682199277,
        "time" : "20151022T225526-0400"
      }, {
        "lat" : 40.7868502465,
        "lon" : -73.9682425919,
        "time" : "20151022T225542-0400"
      }, {
        "lat" : 40.78679859,
        "lon" : -73.9682776688,
        "time" : "20151022T225604-0400"
      }, {
        "lat" : 40.7867468149,
        "lon" : -73.9683142288,
        "time" : "20151022T225627-0400"
      }, {
        "lat" : 40.7867243727,
        "lon" : -73.968334886,
        "time" : "20151022T225645-0400"
      }, {
        "lat" : 40.7865944748,
        "lon" : -73.9684282744,
        "time" : "20151022T225703-0400"
      }, {
        "lat" : 40.7864315431,
        "lon" : -73.968553164,
        "time" : "20151022T225736-0400"
      }, {
        "lat" : 40.7862389485,
        "lon" : -73.9686697299,
        "time" : "20151022T225759-0400"
      }, {
        "lat" : 40.7860288123,
        "lon" : -73.9688267672,
        "time" : "20151022T225822-0400"
      }, {
        "lat" : 40.7858574367,
        "lon" : -73.9689352526,
        "time" : "20151022T225837-0400"
      }, {
        "lat" : 40.7856642471,
        "lon" : -73.9690116707,
        "time" : "20151022T225853-0400"
      }, {
        "lat" : 40.7855158267,
        "lon" : -73.9690373641,
        "time" : "20151022T225918-0400"
      }, {
        "lat" : 40.7853525567,
        "lon" : -73.9693183458,
        "time" : "20151022T225940-0400"
      }, {
        "lat" : 40.7852838017,
        "lon" : -73.9694522433,
        "time" : "20151022T225959-0400"
      }, {
        "lat" : 40.7852837665,
        "lon" : -73.9694523118,
        "time" : "20151022T230000-0400"
      }, {
        "lat" : 40.7852730983,
        "lon" : -73.9694730877,
        "time" : "20151022T230003-0400"
      }, {
        "lat" : 40.785253593,
        "lon" : -73.9696406187,
        "time" : "20151022T230022-0400"
      }, {
        "lat" : 40.7851321395,
        "lon" : -73.9698587485,
        "time" : "20151022T230044-0400"
      }, {
        "lat" : 40.7850002499,
        "lon" : -73.9697344893,
        "time" : "20151022T230059-0400"
      }, {
        "lat" : 40.7848818858,
        "lon" : -73.9698215969,
        "time" : "20151022T230116-0400"
      }, {
        "lat" : 40.7847884694,
        "lon" : -73.9701319955,
        "time" : "20151022T230145-0400"
      }, {
        "lat" : 40.7848371929,
        "lon" : -73.9702940222,
        "time" : "20151022T230205-0400"
      }, {
        "lat" : 40.7849198221,
        "lon" : -73.9704963481,
        "time" : "20151022T230226-0400"
      }, {
        "lat" : 40.7849931048,
        "lon" : -73.9706585236,
        "time" : "20151022T230241-0400"
      }, {
        "lat" : 40.785071838,
        "lon" : -73.9708360487,
        "time" : "20151022T230256-0400"
      }, {
        "lat" : 40.7851658657,
        "lon" : -73.9710403685,
        "time" : "20151022T230313-0400"
      }, {
        "lat" : 40.7852563756,
        "lon" : -73.9712650924,
        "time" : "20151022T230332-0400"
      }, {
        "lat" : 40.7853596095,
        "lon" : -73.9715197078,
        "time" : "20151022T230350-0400"
      }, {
        "lat" : 40.7854632265,
        "lon" : -73.9717618719,
        "time" : "20151022T230409-0400"
      }, {
        "lat" : 40.7855482607,
        "lon" : -73.9719807236,
        "time" : "20151022T230433-0400"
      }, {
        "lat" : 40.78558781,
        "lon" : -73.9720878493,
        "time" : "20151022T230449-0400"
      }, {
        "lat" : 40.7855737878,
        "lon" : -73.9721230406,
        "time" : "20151022T230515-0400"
      }, {
        "lat" : 40.7866998268,
        "lon" : -73.9725818776,
        "time" : "20151022T230531-0400"
      } ]
    } ],
    "lastUpdate" : "20151023T214925Z"
  }, {
    "type" : "place",
    "startTime" : "20151022T230531-0400",
    "endTime" : "20151022T233333-0400",
    "place" : {
      "id" : 276964258,
      "type" : "unknown",
      "location" : {
        "lat" : 40.7866998268,
        "lon" : -73.9725818776
      }
    },
    "activities" : [ {
      "activity" : "walking",
      "group" : "walking",
      "manual" : false,
      "startTime" : "20151022T230531-0400",
      "endTime" : "20151022T230858-0400",
      "duration" : 207.0,
      "distance" : 228.0,
      "steps" : 304,
      "trackPoints" : [ ]
    } ],
    "lastUpdate" : "20151023T214925Z"
  }, {
    "type" : "move",
    "startTime" : "20151022T233333-0400",
    "endTime" : "20151022T233644-0400",
    "activities" : [ {
      "activity" : "walking",
      "group" : "walking",
      "manual" : false,
      "startTime" : "20151022T233333-0400",
      "endTime" : "20151022T233644-0400",
      "duration" : 191.0,
      "distance" : 166.0,
      "steps" : 215,
      "trackPoints" : [ {
        "lat" : 40.7866998268,
        "lon" : -73.9725818776,
        "time" : "20151022T233333-0400"
      }, {
        "lat" : 40.7865424134,
        "lon" : -73.9724460714,
        "time" : "20151022T233400-0400"
      }, {
        "lat" : 40.7865249614,
        "lon" : -73.9721649813,
        "time" : "20151022T233416-0400"
      }, {
        "lat" : 40.7862156276,
        "lon" : -73.9722970026,
        "time" : "20151022T233439-0400"
      }, {
        "lat" : 40.7860284843,
        "lon" : -73.972427461,
        "time" : "20151022T233456-0400"
      }, {
        "lat" : 40.785838559,
        "lon" : -73.9724387619,
        "time" : "20151022T233512-0400"
      }, {
        "lat" : 40.7856887386,
        "lon" : -73.9722366795,
        "time" : "20151022T233537-0400"
      }, {
        "lat" : 40.7856312585,
        "lon" : -73.9721284942,
        "time" : "20151022T233601-0400"
      }, {
        "lat" : 40.7856121081,
        "lon" : -73.9720724825,
        "time" : "20151022T233644-0400"
      } ]
    } ],
    "lastUpdate" : "20151023T214925Z"
  }, {
    "type" : "place",
    "startTime" : "20151022T233644-0400",
    "endTime" : "20151023T080231-0400",
    "place" : {
      "id" : 276458640,
      "type" : "unknown",
      "location" : {
        "lat" : 40.7856121081,
        "lon" : -73.9720724825
      }
    },
    "activities" : [ {
      "activity" : "walking",
      "group" : "walking",
      "manual" : false,
      "startTime" : "20151022T233730-0400",
      "endTime" : "20151022T233748-0400",
      "duration" : 18.0,
      "distance" : 12.0,
      "steps" : 24,
      "trackPoints" : [ ]
    } ],
    "lastUpdate" : "20151023T214925Z"
  } ],
  "lastUpdate" : "20151023T214925Z"
} ]