[ {
  "date" : "20151024",
  "summary" : [ {
    "activity" : "walking",
    "group" : "walking",
    "duration" : 745.0,
    "distance" : 846.0,
    "steps" : 925
  } ],
  "segments" : [ {
    "type" : "place",
    "startTime" : "20151024T190821-0400",
    "endTime" : "20151024T212257-0400",
    "place" : {
      "id" : 276458640,
      "type" : "unknown",
      "location" : {
        "lat" : 40.7856121081,
        "lon" : -73.9720724825
      }
    },
    "lastUpdate" : "20151025T021019Z"
  }, {
    "type" : "move",
    "startTime" : "20151024T212257-0400",
    "endTime" : "20151024T212925-0400",
    "activities" : [ {
      "activity" : "walking",
      "group" : "walking",
      "manual" : false,
      "startTime" : "20151024T212257-0400",
      "endTime" : "20151024T212925-0400",
      "duration" : 388.0,
      "distance" : 394.0,
      "steps" : 439,
      "trackPoints" : [ {
        "lat" : 40.7856121081,
        "lon" : -73.9720724825,
        "time" : "20151024T212257-0400"
      }, {
        "lat" : 40.7856215855,
        "lon" : -73.9722010371,
        "time" : "20151024T212332-0400"
      }, {
        "lat" : 40.7856142318,
        "lon" : -73.9721547122,
        "time" : "20151024T212348-0400"
      }, {
        "lat" : 40.7856069095,
        "lon" : -73.9721575041,
        "time" : "20151024T212406-0400"
      }, {
        "lat" : 40.7855947986,
        "lon" : -73.9722860816,
        "time" : "20151024T212456-0400"
      }, {
        "lat" : 40.7855788147,
        "lon" : -73.9723047095,
        "time" : "20151024T212512-0400"
      }, {
        "lat" : 40.7857628923,
        "lon" : -73.9726327258,
        "time" : "20151024T212545-0400"
      }, {
        "lat" : 40.7859187255,
        "lon" : -73.9729344361,
        "time" : "20151024T212607-0400"
      }, {
        "lat" : 40.7860357875,
        "lon" : -73.9731741263,
        "time" : "20151024T212625-0400"
      }, {
        "lat" : 40.7863803531,
        "lon" : -73.9739439883,
        "time" : "20151024T212710-0400"
      }, {
        "lat" : 40.7864928459,
        "lon" : -73.9742383502,
        "time" : "20151024T212731-0400"
      }, {
        "lat" : 40.7866056083,
        "lon" : -73.9745852829,
        "time" : "20151024T212756-0400"
      }, {
        "lat" : 40.7866355952,
        "lon" : -73.9747913335,
        "time" : "20151024T212815-0400"
      }, {
        "lat" : 40.7868326516,
        "lon" : -73.9749664574,
        "time" : "20151024T212831-0400"
      }, {
        "lat" : 40.786974672,
        "lon" : -73.9751478196,
        "time" : "20151024T212847-0400"
      }, {
        "lat" : 40.787040594,
        "lon" : -73.9752288047,
        "time" : "20151024T212910-0400"
      }, {
        "lat" : 40.7872798189,
        "lon" : -73.9756668651,
        "time" : "20151024T212925-0400"
      } ]
    } ],
    "lastUpdate" : "20151025T021019Z"
  }, {
    "type" : "place",
    "startTime" : "20151024T212926-0400",
    "endTime" : "20151024T214004-0400",
    "place" : {
      "id" : 277654924,
      "type" : "unknown",
      "location" : {
        "lat" : 40.7872798189,
        "lon" : -73.9756668651
      }
    },
    "activities" : [ {
      "activity" : "walking",
      "group" : "walking",
      "manual" : false,
      "startTime" : "20151024T212926-0400",
      "endTime" : "20151024T213001-0400",
      "duration" : 35.0,
      "distance" : 23.0,
      "steps" : 47,
      "trackPoints" : [ ]
    } ],
    "lastUpdate" : "20151025T021019Z"
  }, {
    "type" : "move",
    "startTime" : "20151024T214004-0400",
    "endTime" : "20151024T214436-0400",
    "activities" : [ {
      "activity" : "walking",
      "group" : "walking",
      "manual" : false,
      "startTime" : "20151024T214004-0400",
      "endTime" : "20151024T214436-0400",
      "duration" : 272.0,
      "distance" : 395.0,
      "steps" : 372,
      "trackPoints" : [ {
        "lat" : 40.7872798189,
        "lon" : -73.9756668651,
        "time" : "20151024T214004-0400"
      }, {
        "lat" : 40.7872534446,
        "lon" : -73.9756786586,
        "time" : "20151024T214025-0400"
      }, {
        "lat" : 40.7872410222,
        "lon" : -73.975700109,
        "time" : "20151024T214050-0400"
      }, {
        "lat" : 40.7868070148,
        "lon" : -73.9750845328,
        "time" : "20151024T214119-0400"
      }, {
        "lat" : 40.7862391155,
        "lon" : -73.9737302165,
        "time" : "20151024T214203-0400"
      }, {
        "lat" : 40.7859980843,
        "lon" : -73.9733323543,
        "time" : "20151024T214218-0400"
      }, {
        "lat" : 40.7859262592,
        "lon" : -73.9730662447,
        "time" : "20151024T214235-0400"
      }, {
        "lat" : 40.7858771823,
        "lon" : -73.9728313727,
        "time" : "20151024T214255-0400"
      }, {
        "lat" : 40.7858280623,
        "lon" : -73.9727378311,
        "time" : "20151024T214317-0400"
      }, {
        "lat" : 40.7857455252,
        "lon" : -73.9726868059,
        "time" : "20151024T214335-0400"
      }, {
        "lat" : 40.7856757018,
        "lon" : -73.9725511146,
        "time" : "20151024T214352-0400"
      }, {
        "lat" : 40.7855321674,
        "lon" : -73.9721848919,
        "time" : "20151024T214419-0400"
      }, {
        "lat" : 40.7856121081,
        "lon" : -73.9720724825,
        "time" : "20151024T214436-0400"
      } ]
    } ],
    "lastUpdate" : "20151025T021019Z"
  }, {
    "type" : "place",
    "startTime" : "20151024T214436-0400",
    "endTime" : "20151025T083635-0400",
    "place" : {
      "id" : 276458640,
      "type" : "unknown",
      "location" : {
        "lat" : 40.7856121081,
        "lon" : -73.9720724825
      }
    },
    "activities" : [ {
      "activity" : "walking",
      "group" : "walking",
      "manual" : false,
      "startTime" : "20151024T214436-0400",
      "endTime" : "20151024T214503-0400",
      "duration" : 27.0,
      "distance" : 18.0,
      "steps" : 36,
      "trackPoints" : [ ]
    }, {
      "activity" : "walking",
      "group" : "walking",
      "manual" : false,
      "startTime" : "20151024T231704-0400",
      "endTime" : "20151024T231727-0400",
      "duration" : 23.0,
      "distance" : 16.0,
      "steps" : 31,
      "trackPoints" : [ ]
    } ],
    "lastUpdate" : "20151025T131029Z"
  } ],
  "lastUpdate" : "20151025T131029Z"
} ]