Date,Name,Start,End,Duration,Latitude,Longitude,Category,Link
11/4/15,Cornell Tech,2015-11-04T00:00:00-05:00,2015-11-04T01:00:42-05:00,3642,40.74090046467149,-74.00221109390259,University,http://foursquare.com/venue/4fdf4038e4b044d93c4fae68
11/4/15,Cornell Tech,2015-11-04T09:48:54-05:00,2015-11-04T21:39:32-05:00,42638,40.74090046467149,-74.00221109390259,University,http://foursquare.com/venue/4fdf4038e4b044d93c4fae68
11/4/15,Place in Penn Station South,2015-11-04T21:48:36-05:00,2015-11-04T21:51:34-05:00,178,40.7437626047,-73.9995954129,,
11/4/15,Cornell Tech,2015-11-04T21:58:06-05:00,2015-11-05T00:00:00-05:00,7314,40.74090046467149,-74.00221109390259,University,http://foursquare.com/venue/4fdf4038e4b044d93c4fae68
