[ {
  "date" : "20151023",
  "summary" : [ {
    "activity" : "walking",
    "group" : "walking",
    "duration" : 6334.0,
    "distance" : 5716.0,
    "steps" : 8999
  }, {
    "activity" : "train",
    "group" : "transport",
    "duration" : 210.0,
    "distance" : 1199.0
  } ],
  "lastUpdate" : "20151029T193822Z"
}, {
  "date" : "20151024",
  "summary" : [ {
    "activity" : "walking",
    "group" : "walking",
    "duration" : 2796.0,
    "distance" : 3173.0,
    "steps" : 4596
  }, {
    "activity" : "transport",
    "group" : "transport",
    "duration" : 477.0,
    "distance" : 3943.0
  } ],
  "lastUpdate" : "20151029T193822Z"
}, {
  "date" : "20151025",
  "summary" : [ {
    "activity" : "walking",
    "group" : "walking",
    "duration" : 4855.0,
    "distance" : 5832.0,
    "steps" : 8025
  }, {
    "activity" : "train",
    "group" : "transport",
    "duration" : 360.0,
    "distance" : 2363.0
  } ],
  "lastUpdate" : "20151029T193822Z"
} ]