[ {
  "date" : "20151026",
  "segments" : [ {
    "type" : "place",
    "startTime" : "20151025T203842-0400",
    "endTime" : "20151026T001801-0400",
    "place" : {
      "id" : 230455257,
      "name" : "Home",
      "type" : "home",
      "location" : {
        "lat" : 40.7391834348,
        "lon" : -73.9999108065
      }
    },
    "lastUpdate" : "20151026T145957Z"
  }, {
    "type" : "place",
    "startTime" : "20151026T083615-0400",
    "endTime" : "20151026T093807-0400",
    "place" : {
      "id" : 231086419,
      "name" : "New York Sports Club",
      "type" : "foursquare",
      "foursquareId" : "4a71e6e8f964a520d2d91fe3",
      "foursquareCategoryIds" : [ "4bf58dd8d48988d176941735" ],
      "location" : {
        "lat" : 40.74121862055951,
        "lon" : -74.00147922543175
      }
    },
    "lastUpdate" : "20151027T161719Z"
  }, {
    "type" : "place",
    "startTime" : "20151026T094350-0400",
    "endTime" : "20151026T105046-0400",
    "place" : {
      "id" : 230455257,
      "name" : "Home",
      "type" : "home",
      "location" : {
        "lat" : 40.7391834348,
        "lon" : -73.9999108065
      }
    },
    "lastUpdate" : "20151026T151809Z"
  }, {
    "type" : "place",
    "startTime" : "20151026T105700-0400",
    "endTime" : "20151026T191745-0400",
    "place" : {
      "id" : 230084909,
      "name" : "Cornell Tech",
      "type" : "foursquare",
      "foursquareId" : "4fdf4038e4b044d93c4fae68",
      "foursquareCategoryIds" : [ "4bf58dd8d48988d1ae941735" ],
      "location" : {
        "lat" : 40.74090046467149,
        "lon" : -74.00221109390259
      }
    },
    "lastUpdate" : "20151029T193822Z"
  }, {
    "type" : "place",
    "startTime" : "20151026T193317-0400",
    "endTime" : "20151026T195606-0400",
    "place" : {
      "id" : 230793610,
      "name" : "The Halal Guys",
      "type" : "foursquare",
      "foursquareId" : "4a19d1edf964a5205a7a1fe3",
      "foursquareCategoryIds" : [ "4bf58dd8d48988d1cb941735" ],
      "location" : {
        "lat" : 40.76172693352597,
        "lon" : -73.97885061753348
      }
    },
    "lastUpdate" : "20151027T030451Z"
  }, {
    "type" : "place",
    "startTime" : "20151026T201137-0400",
    "endTime" : "20151026T202958-0400",
    "place" : {
      "id" : 231221644,
      "name" : "Breads Bakery",
      "type" : "foursquare",
      "foursquareId" : "5581f0a3498ebf2e88c9f849",
      "foursquareCategoryIds" : [ "4bf58dd8d48988d16a941735" ],
      "location" : {
        "lat" : 40.75448855313416,
        "lon" : -73.98402736930704
      }
    },
    "lastUpdate" : "20151027T161804Z"
  }, {
    "type" : "place",
    "startTime" : "20151026T210232-0400",
    "endTime" : "20151027T010110-0400",
    "place" : {
      "id" : 230084909,
      "name" : "Cornell Tech",
      "type" : "foursquare",
      "foursquareId" : "4fdf4038e4b044d93c4fae68",
      "foursquareCategoryIds" : [ "4bf58dd8d48988d1ae941735" ],
      "location" : {
        "lat" : 40.74090046467149,
        "lon" : -74.00221109390259
      }
    },
    "lastUpdate" : "20151029T193822Z"
  } ],
  "lastUpdate" : "20151029T193822Z"
}, {
  "date" : "20151027",
  "segments" : [ {
    "type" : "place",
    "startTime" : "20151026T210232-0400",
    "endTime" : "20151027T010110-0400",
    "place" : {
      "id" : 230084909,
      "name" : "Cornell Tech",
      "type" : "foursquare",
      "foursquareId" : "4fdf4038e4b044d93c4fae68",
      "foursquareCategoryIds" : [ "4bf58dd8d48988d1ae941735" ],
      "location" : {
        "lat" : 40.74090046467149,
        "lon" : -74.00221109390259
      }
    },
    "lastUpdate" : "20151029T193822Z"
  }, {
    "type" : "place",
    "startTime" : "20151027T101230-0400",
    "endTime" : "20151027T114850-0400",
    "place" : {
      "id" : 230084909,
      "name" : "Cornell Tech",
      "type" : "foursquare",
      "foursquareId" : "4fdf4038e4b044d93c4fae68",
      "foursquareCategoryIds" : [ "4bf58dd8d48988d1ae941735" ],
      "location" : {
        "lat" : 40.74090046467149,
        "lon" : -74.00221109390259
      }
    },
    "lastUpdate" : "20151029T193822Z"
  }, {
    "type" : "place",
    "startTime" : "20151027T120337-0400",
    "endTime" : "20151027T124639-0400",
    "place" : {
      "id" : 231360124,
      "name" : "New York Doctors Walk-In Urgent Care",
      "type" : "foursquare",
      "foursquareId" : "4d3c518744f5a0930398cbbb",
      "foursquareCategoryIds" : [ "4bf58dd8d48988d177941735" ],
      "location" : {
        "lat" : 40.73651,
        "lon" : -73.99691
      }
    },
    "lastUpdate" : "20151027T175742Z"
  }, {
    "type" : "place",
    "startTime" : "20151027T125750-0400",
    "endTime" : "20151027T182555-0400",
    "place" : {
      "id" : 230084909,
      "name" : "Cornell Tech",
      "type" : "foursquare",
      "foursquareId" : "4fdf4038e4b044d93c4fae68",
      "foursquareCategoryIds" : [ "4bf58dd8d48988d1ae941735" ],
      "location" : {
        "lat" : 40.74090046467149,
        "lon" : -74.00221109390259
      }
    },
    "lastUpdate" : "20151029T193822Z"
  }, {
    "type" : "place",
    "startTime" : "20151027T190619-0400",
    "endTime" : "20151027T191916-0400",
    "place" : {
      "id" : 231460125,
      "name" : "Wendy's",
      "type" : "foursquare",
      "foursquareId" : "4b32b549f964a520561225e3",
      "foursquareCategoryIds" : [ "4bf58dd8d48988d16e941735" ],
      "location" : {
        "lat" : 40.73563273531996,
        "lon" : -73.99258419960101
      }
    },
    "lastUpdate" : "20151029T135511Z"
  }, {
    "type" : "place",
    "startTime" : "20151027T192453-0400",
    "endTime" : "20151027T195552-0400",
    "place" : {
      "id" : 230455171,
      "name" : "Party City",
      "type" : "foursquare",
      "foursquareId" : "4a66352af964a52034c81fe3",
      "foursquareCategoryIds" : [ "4bf58dd8d48988d128951735" ],
      "location" : {
        "lat" : 40.73698341524972,
        "lon" : -73.99541917523608
      }
    },
    "lastUpdate" : "20151028T144529Z"
  }, {
    "type" : "place",
    "startTime" : "20151027T200900-0400",
    "endTime" : "20151027T222623-0400",
    "place" : {
      "id" : 230084909,
      "name" : "Cornell Tech",
      "type" : "foursquare",
      "foursquareId" : "4fdf4038e4b044d93c4fae68",
      "foursquareCategoryIds" : [ "4bf58dd8d48988d1ae941735" ],
      "location" : {
        "lat" : 40.74090046467149,
        "lon" : -74.00221109390259
      }
    },
    "lastUpdate" : "20151029T193822Z"
  }, {
    "type" : "place",
    "startTime" : "20151027T225311-0400",
    "endTime" : "20151028T014510-0400",
    "place" : {
      "id" : 231598892,
      "name" : "The Blind Barber",
      "type" : "foursquare",
      "foursquareId" : "4be367f82fc7d13aa08a083a",
      "foursquareCategoryIds" : [ "4bf58dd8d48988d1d4941735" ],
      "location" : {
        "lat" : 40.72705648280683,
        "lon" : -73.98041169261889
      }
    },
    "lastUpdate" : "20151028T203200Z"
  } ],
  "lastUpdate" : "20151029T193822Z"
}, {
  "date" : "20151028",
  "segments" : [ {
    "type" : "place",
    "startTime" : "20151027T225311-0400",
    "endTime" : "20151028T014510-0400",
    "place" : {
      "id" : 231598892,
      "name" : "The Blind Barber",
      "type" : "foursquare",
      "foursquareId" : "4be367f82fc7d13aa08a083a",
      "foursquareCategoryIds" : [ "4bf58dd8d48988d1d4941735" ],
      "location" : {
        "lat" : 40.72705648280683,
        "lon" : -73.98041169261889
      }
    },
    "lastUpdate" : "20151028T203200Z"
  }, {
    "type" : "place",
    "startTime" : "20151028T015547-0400",
    "endTime" : "20151028T021744-0400",
    "place" : {
      "id" : 231598939,
      "name" : "Horus Café & Kebab House",
      "type" : "foursquare",
      "foursquareId" : "40fb0f00f964a520d80a1fe3",
      "foursquareCategoryIds" : [ "4bf58dd8d48988d119941735" ],
      "location" : {
        "lat" : 40.72439748364204,
        "lon" : -73.98165136086156
      }
    },
    "lastUpdate" : "20151028T203237Z"
  }, {
    "type" : "place",
    "startTime" : "20151028T023154-0400",
    "endTime" : "20151028T023333-0400",
    "place" : {
      "id" : 230455257,
      "name" : "Home",
      "type" : "home",
      "location" : {
        "lat" : 40.7391834348,
        "lon" : -73.9999108065
      }
    },
    "lastUpdate" : "20151028T191545Z"
  }, {
    "type" : "place",
    "startTime" : "20151028T104016-0400",
    "endTime" : "20151029T002400-0400",
    "place" : {
      "id" : 230084909,
      "name" : "Cornell Tech",
      "type" : "foursquare",
      "foursquareId" : "4fdf4038e4b044d93c4fae68",
      "foursquareCategoryIds" : [ "4bf58dd8d48988d1ae941735" ],
      "location" : {
        "lat" : 40.74090046467149,
        "lon" : -74.00221109390259
      }
    },
    "lastUpdate" : "20151029T193822Z"
  } ],
  "lastUpdate" : "20151029T193822Z"
}, {
  "date" : "20151029",
  "segments" : [ {
    "type" : "place",
    "startTime" : "20151028T104016-0400",
    "endTime" : "20151029T002400-0400",
    "place" : {
      "id" : 230084909,
      "name" : "Cornell Tech",
      "type" : "foursquare",
      "foursquareId" : "4fdf4038e4b044d93c4fae68",
      "foursquareCategoryIds" : [ "4bf58dd8d48988d1ae941735" ],
      "location" : {
        "lat" : 40.74090046467149,
        "lon" : -74.00221109390259
      }
    },
    "lastUpdate" : "20151029T193822Z"
  }, {
    "type" : "place",
    "startTime" : "20151029T002919-0400",
    "endTime" : "20151029T003225-0400",
    "place" : {
      "id" : 230455257,
      "name" : "Home",
      "type" : "home",
      "location" : {
        "lat" : 40.7391834348,
        "lon" : -73.9999108065
      }
    },
    "lastUpdate" : "20151029T184025Z"
  }, {
    "type" : "place",
    "startTime" : "20151029T094839-0400",
    "endTime" : "20151029T095808-0400",
    "place" : {
      "id" : 231360124,
      "name" : "New York Doctors Walk-In Urgent Care",
      "type" : "foursquare",
      "foursquareId" : "4d3c518744f5a0930398cbbb",
      "foursquareCategoryIds" : [ "4bf58dd8d48988d177941735" ],
      "location" : {
        "lat" : 40.73651,
        "lon" : -73.99691
      }
    },
    "lastUpdate" : "20151029T184025Z"
  }, {
    "type" : "place",
    "startTime" : "20151029T101000-0400",
    "endTime" : "20151029T113549-0400",
    "place" : {
      "id" : 230084909,
      "name" : "Cornell Tech",
      "type" : "foursquare",
      "foursquareId" : "4fdf4038e4b044d93c4fae68",
      "foursquareCategoryIds" : [ "4bf58dd8d48988d1ae941735" ],
      "location" : {
        "lat" : 40.74090046467149,
        "lon" : -74.00221109390259
      }
    },
    "lastUpdate" : "20151029T193822Z"
  }, {
    "type" : "place",
    "startTime" : "20151029T114634-0400",
    "endTime" : "20151029T115027-0400",
    "place" : {
      "id" : 230153948,
      "name" : "Chelsea Market",
      "type" : "foursquare",
      "foursquareId" : "41390580f964a520dc1a1fe3",
      "foursquareCategoryIds" : [ "50be8ee891d4fa8dcc7199a7" ],
      "location" : {
        "lat" : 40.74224172008897,
        "lon" : -74.00545120239258
      }
    },
    "lastUpdate" : "20151029T193554Z"
  }, {
    "type" : "place",
    "startTime" : "20151029T115738-0400",
    "endTime" : "20151029T155227-0400",
    "place" : {
      "id" : 230084909,
      "name" : "Cornell Tech",
      "type" : "foursquare",
      "foursquareId" : "4fdf4038e4b044d93c4fae68",
      "foursquareCategoryIds" : [ "4bf58dd8d48988d1ae941735" ],
      "location" : {
        "lat" : 40.74090046467149,
        "lon" : -74.00221109390259
      }
    },
    "lastUpdate" : "20151029T195230Z"
  } ],
  "lastUpdate" : "20151029T195230Z"
} ]