[ {
  "date" : "20151023",
  "summary" : [ {
    "activity" : "walking",
    "group" : "walking",
    "duration" : 6334.0,
    "distance" : 5716.0,
    "steps" : 8999
  }, {
    "activity" : "train",
    "group" : "transport",
    "duration" : 210.0,
    "distance" : 1199.0
  } ],
  "segments" : [ {
    "type" : "place",
    "startTime" : "20151023T104535-0400",
    "endTime" : "20151023T135155-0400",
    "place" : {
      "id" : 230084909,
      "name" : "Cornell Tech",
      "type" : "foursquare",
      "foursquareId" : "4fdf4038e4b044d93c4fae68",
      "foursquareCategoryIds" : [ "4bf58dd8d48988d1ae941735" ],
      "location" : {
        "lat" : 40.74090046467149,
        "lon" : -74.00221109390259
      }
    },
    "activities" : [ {
      "activity" : "walking",
      "group" : "walking",
      "manual" : false,
      "startTime" : "20151023T104603-0400",
      "endTime" : "20151023T104648-0400",
      "duration" : 45.0,
      "distance" : 28.0,
      "steps" : 56,
      "trackPoints" : [ ]
    }, {
      "activity" : "walking",
      "group" : "walking",
      "manual" : false,
      "startTime" : "20151023T113108-0400",
      "endTime" : "20151023T113241-0400",
      "duration" : 93.0,
      "distance" : 65.0,
      "steps" : 129,
      "trackPoints" : [ ]
    } ],
    "lastUpdate" : "20151029T193822Z"
  }, {
    "type" : "move",
    "startTime" : "20151023T135155-0400",
    "endTime" : "20151023T140054-0400",
    "activities" : [ {
      "activity" : "walking",
      "group" : "walking",
      "manual" : false,
      "startTime" : "20151023T135155-0400",
      "endTime" : "20151023T140054-0400",
      "duration" : 539.0,
      "distance" : 557.0,
      "steps" : 746,
      "trackPoints" : [ {
        "lat" : 40.7409004647,
        "lon" : -74.0022110939,
        "time" : "20151023T135155-0400"
      }, {
        "lat" : 40.7410326092,
        "lon" : -74.0020630215,
        "time" : "20151023T135214-0400"
      }, {
        "lat" : 40.7408512378,
        "lon" : -74.0023512401,
        "time" : "20151023T135254-0400"
      }, {
        "lat" : 40.7409217028,
        "lon" : -74.0025778635,
        "time" : "20151023T135314-0400"
      }, {
        "lat" : 40.7411229083,
        "lon" : -74.0026822019,
        "time" : "20151023T135332-0400"
      }, {
        "lat" : 40.7414504195,
        "lon" : -74.0031863677,
        "time" : "20151023T135408-0400"
      }, {
        "lat" : 40.7415313708,
        "lon" : -74.0034992449,
        "time" : "20151023T135427-0400"
      }, {
        "lat" : 40.7416008351,
        "lon" : -74.003747951,
        "time" : "20151023T135450-0400"
      }, {
        "lat" : 40.7416489019,
        "lon" : -74.0038319969,
        "time" : "20151023T135506-0400"
      }, {
        "lat" : 40.7417454354,
        "lon" : -74.0038999986,
        "time" : "20151023T135526-0400"
      }, {
        "lat" : 40.7418657476,
        "lon" : -74.0040283259,
        "time" : "20151023T135544-0400"
      }, {
        "lat" : 40.7419011842,
        "lon" : -74.0042249483,
        "time" : "20151023T135601-0400"
      }, {
        "lat" : 40.7419548217,
        "lon" : -74.0042962045,
        "time" : "20151023T135623-0400"
      }, {
        "lat" : 40.7420540864,
        "lon" : -74.0043053504,
        "time" : "20151023T135652-0400"
      }, {
        "lat" : 40.7421489813,
        "lon" : -74.0043182233,
        "time" : "20151023T135722-0400"
      }, {
        "lat" : 40.7423608167,
        "lon" : -74.004354662,
        "time" : "20151023T135743-0400"
      }, {
        "lat" : 40.7423340595,
        "lon" : -74.0043085145,
        "time" : "20151023T135806-0400"
      }, {
        "lat" : 40.7422400459,
        "lon" : -74.0042523617,
        "time" : "20151023T135826-0400"
      }, {
        "lat" : 40.7420287524,
        "lon" : -74.0045089597,
        "time" : "20151023T135843-0400"
      }, {
        "lat" : 40.7418905969,
        "lon" : -74.0047074342,
        "time" : "20151023T135904-0400"
      }, {
        "lat" : 40.7418558215,
        "lon" : -74.0048349171,
        "time" : "20151023T135921-0400"
      }, {
        "lat" : 40.741907456,
        "lon" : -74.0050156238,
        "time" : "20151023T135939-0400"
      }, {
        "lat" : 40.7419999238,
        "lon" : -74.0054562037,
        "time" : "20151023T135958-0400"
      }, {
        "lat" : 40.7420122499,
        "lon" : -74.005495622,
        "time" : "20151023T135959-0400"
      }, {
        "lat" : 40.7420123205,
        "lon" : -74.0054958479,
        "time" : "20151023T140000-0400"
      }, {
        "lat" : 40.7421298906,
        "lon" : -74.0058718316,
        "time" : "20151023T140016-0400"
      }, {
        "lat" : 40.7419537136,
        "lon" : -74.0051819715,
        "time" : "20151023T140054-0400"
      } ]
    } ],
    "lastUpdate" : "20151023T183315Z"
  }, {
    "type" : "place",
    "startTime" : "20151023T140054-0400",
    "endTime" : "20151023T142619-0400",
    "place" : {
      "id" : 230153948,
      "name" : "Chelsea Market",
      "type" : "foursquare",
      "foursquareId" : "41390580f964a520dc1a1fe3",
      "foursquareCategoryIds" : [ "50be8ee891d4fa8dcc7199a7" ],
      "location" : {
        "lat" : 40.74224172008897,
        "lon" : -74.00545120239258
      }
    },
    "activities" : [ {
      "activity" : "walking",
      "group" : "walking",
      "manual" : false,
      "startTime" : "20151023T141720-0400",
      "endTime" : "20151023T141820-0400",
      "duration" : 60.0,
      "distance" : 45.0,
      "steps" : 90,
      "trackPoints" : [ ]
    } ],
    "lastUpdate" : "20151029T193554Z"
  }, {
    "type" : "move",
    "startTime" : "20151023T142619-0400",
    "endTime" : "20151023T143402-0400",
    "activities" : [ {
      "activity" : "walking",
      "group" : "walking",
      "manual" : false,
      "startTime" : "20151023T142619-0400",
      "endTime" : "20151023T143402-0400",
      "duration" : 463.0,
      "distance" : 426.0,
      "steps" : 689,
      "trackPoints" : [ {
        "lat" : 40.7422417201,
        "lon" : -74.0054512024,
        "time" : "20151023T142619-0400"
      }, {
        "lat" : 40.7418683169,
        "lon" : -74.0047459527,
        "time" : "20151023T142639-0400"
      }, {
        "lat" : 40.7418499375,
        "lon" : -74.0047007401,
        "time" : "20151023T142659-0400"
      }, {
        "lat" : 40.7419196604,
        "lon" : -74.0044985147,
        "time" : "20151023T142721-0400"
      }, {
        "lat" : 40.7420291646,
        "lon" : -74.0041888341,
        "time" : "20151023T142740-0400"
      }, {
        "lat" : 40.7420824154,
        "lon" : -74.0041828821,
        "time" : "20151023T142803-0400"
      }, {
        "lat" : 40.7420341833,
        "lon" : -74.0043053989,
        "time" : "20151023T142819-0400"
      }, {
        "lat" : 40.7420077016,
        "lon" : -74.0043900449,
        "time" : "20151023T142837-0400"
      }, {
        "lat" : 40.7420229831,
        "lon" : -74.0043716653,
        "time" : "20151023T142853-0400"
      }, {
        "lat" : 40.74201765,
        "lon" : -74.004340487,
        "time" : "20151023T142909-0400"
      }, {
        "lat" : 40.7419120934,
        "lon" : -74.0042203894,
        "time" : "20151023T142940-0400"
      }, {
        "lat" : 40.7418221562,
        "lon" : -74.0041025642,
        "time" : "20151023T143004-0400"
      }, {
        "lat" : 40.7416926385,
        "lon" : -74.0038809345,
        "time" : "20151023T143038-0400"
      }, {
        "lat" : 40.7416250974,
        "lon" : -74.0037557781,
        "time" : "20151023T143059-0400"
      }, {
        "lat" : 40.7415365582,
        "lon" : -74.0034829242,
        "time" : "20151023T143120-0400"
      }, {
        "lat" : 40.7414665201,
        "lon" : -74.0031530019,
        "time" : "20151023T143142-0400"
      }, {
        "lat" : 40.7413778732,
        "lon" : -74.0027268392,
        "time" : "20151023T143202-0400"
      }, {
        "lat" : 40.7412902192,
        "lon" : -74.0025181869,
        "time" : "20151023T143224-0400"
      }, {
        "lat" : 40.7413239561,
        "lon" : -74.0022806531,
        "time" : "20151023T143245-0400"
      }, {
        "lat" : 40.7412672618,
        "lon" : -74.0020788621,
        "time" : "20151023T143308-0400"
      }, {
        "lat" : 40.7412628237,
        "lon" : -74.002033673,
        "time" : "20151023T143338-0400"
      }, {
        "lat" : 40.7409004647,
        "lon" : -74.0022110939,
        "time" : "20151023T143402-0400"
      } ]
    } ],
    "lastUpdate" : "20151023T201939Z"
  }, {
    "type" : "place",
    "startTime" : "20151023T143402-0400",
    "endTime" : "20151023T182658-0400",
    "place" : {
      "id" : 230084909,
      "name" : "Cornell Tech",
      "type" : "foursquare",
      "foursquareId" : "4fdf4038e4b044d93c4fae68",
      "foursquareCategoryIds" : [ "4bf58dd8d48988d1ae941735" ],
      "location" : {
        "lat" : 40.74090046467149,
        "lon" : -74.00221109390259
      }
    },
    "activities" : [ {
      "activity" : "walking",
      "group" : "walking",
      "manual" : false,
      "startTime" : "20151023T155723-0400",
      "endTime" : "20151023T155753-0400",
      "duration" : 30.0,
      "distance" : 35.0,
      "steps" : 70,
      "trackPoints" : [ ]
    }, {
      "activity" : "walking",
      "group" : "walking",
      "manual" : false,
      "startTime" : "20151023T171420-0400",
      "endTime" : "20151023T171850-0400",
      "duration" : 270.0,
      "distance" : 249.0,
      "steps" : 332,
      "trackPoints" : [ ]
    }, {
      "activity" : "walking",
      "group" : "walking",
      "manual" : false,
      "startTime" : "20151023T180036-0400",
      "endTime" : "20151023T180205-0400",
      "duration" : 89.0,
      "distance" : 60.0,
      "steps" : 120,
      "trackPoints" : [ ]
    } ],
    "lastUpdate" : "20151029T193822Z"
  }, {
    "type" : "move",
    "startTime" : "20151023T182658-0400",
    "endTime" : "20151023T184802-0400",
    "activities" : [ {
      "activity" : "walking",
      "group" : "walking",
      "manual" : false,
      "startTime" : "20151023T182658-0400",
      "endTime" : "20151023T183430-0400",
      "duration" : 452.0,
      "distance" : 308.0,
      "steps" : 616,
      "trackPoints" : [ {
        "lat" : 40.7409004647,
        "lon" : -74.0022110939,
        "time" : "20151023T182658-0400"
      }, {
        "lat" : 40.740998167,
        "lon" : -74.0018594989,
        "time" : "20151023T182714-0400"
      }, {
        "lat" : 40.7410567094,
        "lon" : -74.0018782657,
        "time" : "20151023T182735-0400"
      }, {
        "lat" : 40.7410447955,
        "lon" : -74.0018672473,
        "time" : "20151023T182751-0400"
      }, {
        "lat" : 40.7410122484,
        "lon" : -74.0018434608,
        "time" : "20151023T182809-0400"
      }, {
        "lat" : 40.7409974365,
        "lon" : -74.0018459379,
        "time" : "20151023T182829-0400"
      }, {
        "lat" : 40.7409626174,
        "lon" : -74.0018037961,
        "time" : "20151023T182849-0400"
      }, {
        "lat" : 40.740947139,
        "lon" : -74.0017840113,
        "time" : "20151023T182911-0400"
      }, {
        "lat" : 40.7408886213,
        "lon" : -74.0018327488,
        "time" : "20151023T182931-0400"
      }, {
        "lat" : 40.7406399434,
        "lon" : -74.0020337193,
        "time" : "20151023T183009-0400"
      }, {
        "lat" : 40.7405172547,
        "lon" : -74.0021342725,
        "time" : "20151023T183028-0400"
      }, {
        "lat" : 40.7404674136,
        "lon" : -74.002170199,
        "time" : "20151023T183049-0400"
      }, {
        "lat" : 40.7404190303,
        "lon" : -74.002209868,
        "time" : "20151023T183117-0400"
      }, {
        "lat" : 40.7403925745,
        "lon" : -74.0022309542,
        "time" : "20151023T183136-0400"
      }, {
        "lat" : 40.7403457019,
        "lon" : -74.0022623152,
        "time" : "20151023T183156-0400"
      }, {
        "lat" : 40.7401313866,
        "lon" : -74.0024007316,
        "time" : "20151023T183221-0400"
      }, {
        "lat" : 40.739873599,
        "lon" : -74.0025104464,
        "time" : "20151023T183248-0400"
      }, {
        "lat" : 40.7397722464,
        "lon" : -74.0023856032,
        "time" : "20151023T183307-0400"
      }, {
        "lat" : 40.7395035186,
        "lon" : -74.0018012331,
        "time" : "20151023T183430-0400"
      } ]
    }, {
      "activity" : "train",
      "group" : "transport",
      "manual" : false,
      "startTime" : "20151023T183430-0400",
      "endTime" : "20151023T183800-0400",
      "duration" : 210.0,
      "distance" : 1199.0,
      "trackPoints" : [ {
        "lat" : 40.7395035186,
        "lon" : -74.0018012331,
        "time" : "20151023T183430-0400"
      }, {
        "lat" : 40.7349102224,
        "lon" : -73.991014736,
        "time" : "20151023T183800-0400"
      } ]
    }, {
      "activity" : "walking",
      "group" : "walking",
      "manual" : false,
      "startTime" : "20151023T183800-0400",
      "endTime" : "20151023T184802-0400",
      "duration" : 602.0,
      "distance" : 546.0,
      "steps" : 858,
      "trackPoints" : [ {
        "lat" : 40.7349102224,
        "lon" : -73.991014736,
        "time" : "20151023T183800-0400"
      }, {
        "lat" : 40.7346427375,
        "lon" : -73.9903865978,
        "time" : "20151023T183932-0400"
      }, {
        "lat" : 40.7345479279,
        "lon" : -73.9902229031,
        "time" : "20151023T183951-0400"
      }, {
        "lat" : 40.7343707977,
        "lon" : -73.990007021,
        "time" : "20151023T184011-0400"
      }, {
        "lat" : 40.7341196833,
        "lon" : -73.9899178881,
        "time" : "20151023T184031-0400"
      }, {
        "lat" : 40.7338449822,
        "lon" : -73.9899148128,
        "time" : "20151023T184104-0400"
      }, {
        "lat" : 40.7337969983,
        "lon" : -73.9899681424,
        "time" : "20151023T184124-0400"
      }, {
        "lat" : 40.7337385532,
        "lon" : -73.9901385065,
        "time" : "20151023T184142-0400"
      }, {
        "lat" : 40.7335441496,
        "lon" : -73.990212777,
        "time" : "20151023T184202-0400"
      }, {
        "lat" : 40.7334669571,
        "lon" : -73.9901429677,
        "time" : "20151023T184223-0400"
      }, {
        "lat" : 40.7332491774,
        "lon" : -73.9900458968,
        "time" : "20151023T184240-0400"
      }, {
        "lat" : 40.7329809176,
        "lon" : -73.9901159486,
        "time" : "20151023T184313-0400"
      }, {
        "lat" : 40.7329641891,
        "lon" : -73.9903255151,
        "time" : "20151023T184339-0400"
      }, {
        "lat" : 40.7328918171,
        "lon" : -73.9902410051,
        "time" : "20151023T184359-0400"
      }, {
        "lat" : 40.7327120269,
        "lon" : -73.9900793326,
        "time" : "20151023T184419-0400"
      }, {
        "lat" : 40.7324588603,
        "lon" : -73.990063194,
        "time" : "20151023T184439-0400"
      }, {
        "lat" : 40.7320465941,
        "lon" : -73.9901333589,
        "time" : "20151023T184505-0400"
      }, {
        "lat" : 40.7317598444,
        "lon" : -73.9901674272,
        "time" : "20151023T184526-0400"
      }, {
        "lat" : 40.7315919989,
        "lon" : -73.9900771308,
        "time" : "20151023T184545-0400"
      }, {
        "lat" : 40.7315987425,
        "lon" : -73.9901097279,
        "time" : "20151023T184602-0400"
      }, {
        "lat" : 40.7316710105,
        "lon" : -73.9899839215,
        "time" : "20151023T184623-0400"
      }, {
        "lat" : 40.7317194321,
        "lon" : -73.9896648965,
        "time" : "20151023T184641-0400"
      }, {
        "lat" : 40.7317284215,
        "lon" : -73.9895551938,
        "time" : "20151023T184702-0400"
      }, {
        "lat" : 40.7317202641,
        "lon" : -73.9895160727,
        "time" : "20151023T184729-0400"
      }, {
        "lat" : 40.7317618426,
        "lon" : -73.9896429067,
        "time" : "20151023T184802-0400"
      } ]
    } ],
    "lastUpdate" : "20151024T223208Z"
  }, {
    "type" : "place",
    "startTime" : "20151023T184802-0400",
    "endTime" : "20151023T193159-0400",
    "place" : {
      "id" : 230455069,
      "name" : "Amsterdam Billiards & Bar",
      "type" : "foursquare",
      "foursquareId" : "4a91a619f964a520271b20e3",
      "foursquareCategoryIds" : [ "4bf58dd8d48988d1e3931735" ],
      "location" : {
        "lat" : 40.731823,
        "lon" : -73.9898
      }
    },
    "activities" : [ {
      "activity" : "walking",
      "group" : "walking",
      "manual" : false,
      "startTime" : "20151023T185101-0400",
      "endTime" : "20151023T185201-0400",
      "duration" : 60.0,
      "distance" : 35.0,
      "steps" : 70,
      "trackPoints" : [ ]
    }, {
      "activity" : "walking",
      "group" : "walking",
      "manual" : false,
      "startTime" : "20151023T191602-0400",
      "endTime" : "20151023T191732-0400",
      "duration" : 90.0,
      "distance" : 60.0,
      "steps" : 121,
      "trackPoints" : [ ]
    } ],
    "lastUpdate" : "20151024T152718Z"
  }, {
    "type" : "move",
    "startTime" : "20151023T193159-0400",
    "endTime" : "20151023T193754-0400",
    "activities" : [ {
      "activity" : "walking",
      "group" : "walking",
      "manual" : false,
      "startTime" : "20151023T193159-0400",
      "endTime" : "20151023T193754-0400",
      "duration" : 355.0,
      "distance" : 377.0,
      "steps" : 347,
      "trackPoints" : [ {
        "lat" : 40.7317618426,
        "lon" : -73.9896429067,
        "time" : "20151023T193159-0400"
      }, {
        "lat" : 40.732093703,
        "lon" : -73.9900765384,
        "time" : "20151023T193218-0400"
      }, {
        "lat" : 40.7322470727,
        "lon" : -73.9902517172,
        "time" : "20151023T193238-0400"
      }, {
        "lat" : 40.7322743986,
        "lon" : -73.9901234973,
        "time" : "20151023T193259-0400"
      }, {
        "lat" : 40.7325385343,
        "lon" : -73.9902344954,
        "time" : "20151023T193318-0400"
      }, {
        "lat" : 40.7328256051,
        "lon" : -73.9901136284,
        "time" : "20151023T193339-0400"
      }, {
        "lat" : 40.7330291808,
        "lon" : -73.9900370605,
        "time" : "20151023T193359-0400"
      }, {
        "lat" : 40.7332578887,
        "lon" : -73.9899766417,
        "time" : "20151023T193426-0400"
      }, {
        "lat" : 40.7334805494,
        "lon" : -73.9899277942,
        "time" : "20151023T193445-0400"
      }, {
        "lat" : 40.7336685382,
        "lon" : -73.9899081564,
        "time" : "20151023T193505-0400"
      }, {
        "lat" : 40.7338516831,
        "lon" : -73.9898947753,
        "time" : "20151023T193533-0400"
      }, {
        "lat" : 40.7339709245,
        "lon" : -73.9898816441,
        "time" : "20151023T193551-0400"
      }, {
        "lat" : 40.7343010095,
        "lon" : -73.9898701426,
        "time" : "20151023T193616-0400"
      }, {
        "lat" : 40.7343806576,
        "lon" : -73.9899176071,
        "time" : "20151023T193633-0400"
      }, {
        "lat" : 40.7342884073,
        "lon" : -73.9899072694,
        "time" : "20151023T193652-0400"
      }, {
        "lat" : 40.73430001,
        "lon" : -73.9898923373,
        "time" : "20151023T193709-0400"
      }, {
        "lat" : 40.7343544501,
        "lon" : -73.9898807088,
        "time" : "20151023T193727-0400"
      }, {
        "lat" : 40.7345435247,
        "lon" : -73.9901821041,
        "time" : "20151023T193754-0400"
      } ]
    } ],
    "lastUpdate" : "20151024T152623Z"
  }, {
    "type" : "place",
    "startTime" : "20151023T193754-0400",
    "endTime" : "20151023T201845-0400",
    "place" : {
      "id" : 230455084,
      "name" : "Best Buy",
      "type" : "foursquare",
      "foursquareId" : "4afd738bf964a520e92722e3",
      "foursquareCategoryIds" : [ "4bf58dd8d48988d122951735" ],
      "location" : {
        "lat" : 40.734269,
        "lon" : -73.990084
      }
    },
    "activities" : [ {
      "activity" : "walking",
      "group" : "walking",
      "manual" : false,
      "startTime" : "20151023T193754-0400",
      "endTime" : "20151023T193901-0400",
      "duration" : 67.0,
      "distance" : 61.0,
      "steps" : 122,
      "trackPoints" : [ ]
    }, {
      "activity" : "walking",
      "group" : "walking",
      "manual" : false,
      "startTime" : "20151023T200310-0400",
      "endTime" : "20151023T200705-0400",
      "duration" : 235.0,
      "distance" : 210.0,
      "steps" : 280,
      "trackPoints" : [ ]
    } ],
    "lastUpdate" : "20151024T152739Z"
  }, {
    "type" : "move",
    "startTime" : "20151023T201845-0400",
    "endTime" : "20151023T202452-0400",
    "activities" : [ {
      "activity" : "walking",
      "group" : "walking",
      "manual" : false,
      "startTime" : "20151023T201845-0400",
      "endTime" : "20151023T202452-0400",
      "duration" : 367.0,
      "distance" : 338.0,
      "steps" : 475,
      "trackPoints" : [ {
        "lat" : 40.7345435247,
        "lon" : -73.9901821041,
        "time" : "20151023T201845-0400"
      }, {
        "lat" : 40.7346364398,
        "lon" : -73.9903139853,
        "time" : "20151023T201902-0400"
      }, {
        "lat" : 40.734620926,
        "lon" : -73.99028098,
        "time" : "20151023T201924-0400"
      }, {
        "lat" : 40.734551828,
        "lon" : -73.9901309999,
        "time" : "20151023T201945-0400"
      }, {
        "lat" : 40.7345264585,
        "lon" : -73.9900506036,
        "time" : "20151023T202003-0400"
      }, {
        "lat" : 40.7346719907,
        "lon" : -73.9903555546,
        "time" : "20151023T202036-0400"
      }, {
        "lat" : 40.7348299748,
        "lon" : -73.9906661148,
        "time" : "20151023T202111-0400"
      }, {
        "lat" : 40.7349288739,
        "lon" : -73.9907691325,
        "time" : "20151023T202143-0400"
      }, {
        "lat" : 40.7351013261,
        "lon" : -73.9909644096,
        "time" : "20151023T202204-0400"
      }, {
        "lat" : 40.7351523524,
        "lon" : -73.9912437472,
        "time" : "20151023T202225-0400"
      }, {
        "lat" : 40.735217094,
        "lon" : -73.9917666562,
        "time" : "20151023T202248-0400"
      }, {
        "lat" : 40.7352772884,
        "lon" : -73.991685492,
        "time" : "20151023T202305-0400"
      }, {
        "lat" : 40.7353195897,
        "lon" : -73.9917593535,
        "time" : "20151023T202324-0400"
      }, {
        "lat" : 40.735395146,
        "lon" : -73.9920682169,
        "time" : "20151023T202351-0400"
      }, {
        "lat" : 40.7354488561,
        "lon" : -73.9921949512,
        "time" : "20151023T202411-0400"
      }, {
        "lat" : 40.7354565648,
        "lon" : -73.9921809591,
        "time" : "20151023T202431-0400"
      }, {
        "lat" : 40.7351909576,
        "lon" : -73.9915939447,
        "time" : "20151023T202452-0400"
      } ]
    } ],
    "lastUpdate" : "20151024T152627Z"
  }, {
    "type" : "place",
    "startTime" : "20151023T202452-0400",
    "endTime" : "20151023T215654-0400",
    "place" : {
      "id" : 230455145,
      "name" : "Burlington Coat Factory",
      "type" : "foursquare",
      "foursquareId" : "505a0a7ee4b0fbd8289d86fc",
      "foursquareCategoryIds" : [ "4bf58dd8d48988d103951735" ],
      "location" : {
        "lat" : 40.73522624860998,
        "lon" : -73.99116039276123
      }
    },
    "activities" : [ {
      "activity" : "walking",
      "group" : "walking",
      "manual" : false,
      "startTime" : "20151023T203820-0400",
      "endTime" : "20151023T203950-0400",
      "duration" : 90.0,
      "distance" : 50.0,
      "steps" : 100,
      "trackPoints" : [ ]
    }, {
      "activity" : "walking",
      "group" : "walking",
      "manual" : false,
      "startTime" : "20151023T210121-0400",
      "endTime" : "20151023T211328-0400",
      "duration" : 727.0,
      "distance" : 781.0,
      "steps" : 1042,
      "trackPoints" : [ ]
    } ],
    "lastUpdate" : "20151024T152938Z"
  }, {
    "type" : "move",
    "startTime" : "20151023T215654-0400",
    "endTime" : "20151023T220710-0400",
    "activities" : [ {
      "activity" : "walking",
      "group" : "walking",
      "manual" : false,
      "startTime" : "20151023T215654-0400",
      "endTime" : "20151023T220710-0400",
      "duration" : 616.0,
      "distance" : 563.0,
      "steps" : 890,
      "trackPoints" : [ {
        "lat" : 40.7351909576,
        "lon" : -73.9915939447,
        "time" : "20151023T215654-0400"
      }, {
        "lat" : 40.735122282,
        "lon" : -73.9915713927,
        "time" : "20151023T215710-0400"
      }, {
        "lat" : 40.7351346693,
        "lon" : -73.9915779115,
        "time" : "20151023T215727-0400"
      }, {
        "lat" : 40.7351232145,
        "lon" : -73.9915071716,
        "time" : "20151023T215746-0400"
      }, {
        "lat" : 40.7350822075,
        "lon" : -73.991399597,
        "time" : "20151023T215803-0400"
      }, {
        "lat" : 40.73505476,
        "lon" : -73.9913795928,
        "time" : "20151023T215819-0400"
      }, {
        "lat" : 40.7350743135,
        "lon" : -73.9913919728,
        "time" : "20151023T215842-0400"
      }, {
        "lat" : 40.7351211364,
        "lon" : -73.9914437173,
        "time" : "20151023T215906-0400"
      }, {
        "lat" : 40.7351805265,
        "lon" : -73.991537137,
        "time" : "20151023T215923-0400"
      }, {
        "lat" : 40.7352706511,
        "lon" : -73.9917047663,
        "time" : "20151023T215945-0400"
      }, {
        "lat" : 40.7353009998,
        "lon" : -73.9918148156,
        "time" : "20151023T215959-0400"
      }, {
        "lat" : 40.7353010206,
        "lon" : -73.991814891,
        "time" : "20151023T220000-0400"
      }, {
        "lat" : 40.7353119668,
        "lon" : -73.9918545834,
        "time" : "20151023T220005-0400"
      }, {
        "lat" : 40.7353913744,
        "lon" : -73.9920508067,
        "time" : "20151023T220024-0400"
      }, {
        "lat" : 40.7354807728,
        "lon" : -73.9922403258,
        "time" : "20151023T220045-0400"
      }, {
        "lat" : 40.7356059059,
        "lon" : -73.9925342819,
        "time" : "20151023T220105-0400"
      }, {
        "lat" : 40.7357496347,
        "lon" : -73.9928391543,
        "time" : "20151023T220124-0400"
      }, {
        "lat" : 40.7359095444,
        "lon" : -73.9931252902,
        "time" : "20151023T220145-0400"
      }, {
        "lat" : 40.7361833865,
        "lon" : -73.9931901914,
        "time" : "20151023T220201-0400"
      }, {
        "lat" : 40.7362129209,
        "lon" : -73.9933956541,
        "time" : "20151023T220217-0400"
      }, {
        "lat" : 40.7361337767,
        "lon" : -73.9935431253,
        "time" : "20151023T220233-0400"
      }, {
        "lat" : 40.7361475638,
        "lon" : -73.993656671,
        "time" : "20151023T220249-0400"
      }, {
        "lat" : 40.7361939846,
        "lon" : -73.9938876696,
        "time" : "20151023T220310-0400"
      }, {
        "lat" : 40.7363105521,
        "lon" : -73.9942024959,
        "time" : "20151023T220337-0400"
      }, {
        "lat" : 40.7364891386,
        "lon" : -73.9946074632,
        "time" : "20151023T220357-0400"
      }, {
        "lat" : 40.7366375429,
        "lon" : -73.9949594787,
        "time" : "20151023T220417-0400"
      }, {
        "lat" : 40.7368064382,
        "lon" : -73.9953945148,
        "time" : "20151023T220451-0400"
      }, {
        "lat" : 40.7368678689,
        "lon" : -73.9955953949,
        "time" : "20151023T220511-0400"
      }, {
        "lat" : 40.7368079821,
        "lon" : -73.9957672647,
        "time" : "20151023T220547-0400"
      }, {
        "lat" : 40.7368369781,
        "lon" : -73.9957455207,
        "time" : "20151023T220604-0400"
      }, {
        "lat" : 40.7367458075,
        "lon" : -73.9957764971,
        "time" : "20151023T220641-0400"
      }, {
        "lat" : 40.7367388892,
        "lon" : -73.9957469558,
        "time" : "20151023T220710-0400"
      } ]
    } ],
    "lastUpdate" : "20151024T152631Z"
  }, {
    "type" : "place",
    "startTime" : "20151023T220710-0400",
    "endTime" : "20151023T223900-0400",
    "place" : {
      "id" : 230455171,
      "name" : "Party City",
      "type" : "foursquare",
      "foursquareId" : "4a66352af964a52034c81fe3",
      "foursquareCategoryIds" : [ "4bf58dd8d48988d128951735" ],
      "location" : {
        "lat" : 40.73698341524972,
        "lon" : -73.99541917523608
      }
    },
    "activities" : [ {
      "activity" : "walking",
      "group" : "walking",
      "manual" : false,
      "startTime" : "20151023T221125-0400",
      "endTime" : "20151023T221255-0400",
      "duration" : 90.0,
      "distance" : 65.0,
      "steps" : 131,
      "trackPoints" : [ ]
    } ],
    "lastUpdate" : "20151024T152844Z"
  }, {
    "type" : "move",
    "startTime" : "20151023T223900-0400",
    "endTime" : "20151023T225404-0400",
    "activities" : [ {
      "activity" : "walking",
      "group" : "walking",
      "manual" : false,
      "startTime" : "20151023T223900-0400",
      "endTime" : "20151023T225404-0400",
      "duration" : 904.0,
      "distance" : 782.0,
      "steps" : 1564,
      "trackPoints" : [ {
        "lat" : 40.7367388892,
        "lon" : -73.9957469558,
        "time" : "20151023T223900-0400"
      }, {
        "lat" : 40.736937391,
        "lon" : -73.9957787802,
        "time" : "20151023T223917-0400"
      }, {
        "lat" : 40.7369496763,
        "lon" : -73.9958079903,
        "time" : "20151023T223933-0400"
      }, {
        "lat" : 40.7369589675,
        "lon" : -73.9958240849,
        "time" : "20151023T223949-0400"
      }, {
        "lat" : 40.7369547351,
        "lon" : -73.9957904363,
        "time" : "20151023T224012-0400"
      }, {
        "lat" : 40.7369268134,
        "lon" : -73.9956976011,
        "time" : "20151023T224033-0400"
      }, {
        "lat" : 40.7369656993,
        "lon" : -73.9958071227,
        "time" : "20151023T224053-0400"
      }, {
        "lat" : 40.7370967863,
        "lon" : -73.9961730329,
        "time" : "20151023T224121-0400"
      }, {
        "lat" : 40.7371879969,
        "lon" : -73.9964138977,
        "time" : "20151023T224141-0400"
      }, {
        "lat" : 40.7372379452,
        "lon" : -73.996581612,
        "time" : "20151023T224201-0400"
      }, {
        "lat" : 40.7372905163,
        "lon" : -73.9968024931,
        "time" : "20151023T224227-0400"
      }, {
        "lat" : 40.737327633,
        "lon" : -73.9969485472,
        "time" : "20151023T224247-0400"
      }, {
        "lat" : 40.7372198332,
        "lon" : -73.9970096177,
        "time" : "20151023T224306-0400"
      }, {
        "lat" : 40.7373124363,
        "lon" : -73.9969764913,
        "time" : "20151023T224323-0400"
      }, {
        "lat" : 40.7374766227,
        "lon" : -73.9968577153,
        "time" : "20151023T224343-0400"
      }, {
        "lat" : 40.7378100918,
        "lon" : -73.9966301252,
        "time" : "20151023T224404-0400"
      }, {
        "lat" : 40.7381040087,
        "lon" : -73.9966772641,
        "time" : "20151023T224425-0400"
      }, {
        "lat" : 40.7383691266,
        "lon" : -73.9971125704,
        "time" : "20151023T224453-0400"
      }, {
        "lat" : 40.7385217366,
        "lon" : -73.9974605095,
        "time" : "20151023T224514-0400"
      }, {
        "lat" : 40.7387208397,
        "lon" : -73.9979757931,
        "time" : "20151023T224542-0400"
      }, {
        "lat" : 40.7388774235,
        "lon" : -73.998402831,
        "time" : "20151023T224603-0400"
      }, {
        "lat" : 40.7389913192,
        "lon" : -73.9987678,
        "time" : "20151023T224624-0400"
      }, {
        "lat" : 40.7390684941,
        "lon" : -73.9990407582,
        "time" : "20151023T224644-0400"
      }, {
        "lat" : 40.7390917159,
        "lon" : -73.9991431798,
        "time" : "20151023T224703-0400"
      }, {
        "lat" : 40.7390134979,
        "lon" : -73.9991613454,
        "time" : "20151023T224730-0400"
      }, {
        "lat" : 40.7389741679,
        "lon" : -73.9992108039,
        "time" : "20151023T224757-0400"
      }, {
        "lat" : 40.7389381617,
        "lon" : -73.9992407984,
        "time" : "20151023T224816-0400"
      }, {
        "lat" : 40.7386576202,
        "lon" : -73.9992880941,
        "time" : "20151023T224859-0400"
      }, {
        "lat" : 40.7390143614,
        "lon" : -73.9992526888,
        "time" : "20151023T224955-0400"
      }, {
        "lat" : 40.7390570356,
        "lon" : -73.9992528097,
        "time" : "20151023T225022-0400"
      }, {
        "lat" : 40.7390676938,
        "lon" : -73.9992545287,
        "time" : "20151023T225042-0400"
      }, {
        "lat" : 40.7390717403,
        "lon" : -73.9992536165,
        "time" : "20151023T225057-0400"
      }, {
        "lat" : 40.7390705694,
        "lon" : -73.9992568881,
        "time" : "20151023T225118-0400"
      }, {
        "lat" : 40.7390779984,
        "lon" : -73.9992522674,
        "time" : "20151023T225137-0400"
      }, {
        "lat" : 40.7390688178,
        "lon" : -73.9992581994,
        "time" : "20151023T225156-0400"
      }, {
        "lat" : 40.7390286197,
        "lon" : -73.9992897853,
        "time" : "20151023T225215-0400"
      }, {
        "lat" : 40.7389137008,
        "lon" : -73.9993839958,
        "time" : "20151023T225235-0400"
      }, {
        "lat" : 40.7387797334,
        "lon" : -73.9994687265,
        "time" : "20151023T225255-0400"
      }, {
        "lat" : 40.738609745,
        "lon" : -73.9994334212,
        "time" : "20151023T225316-0400"
      }, {
        "lat" : 40.7383699388,
        "lon" : -73.9990457231,
        "time" : "20151023T225343-0400"
      }, {
        "lat" : 40.7382168972,
        "lon" : -73.9986316224,
        "time" : "20151023T225404-0400"
      } ]
    } ],
    "lastUpdate" : "20151024T152633Z"
  }, {
    "type" : "place",
    "startTime" : "20151023T225404-0400",
    "endTime" : "20151024T004058-0400",
    "place" : {
      "id" : 230455172,
      "name" : "Bunga's Den",
      "type" : "foursquare",
      "foursquareId" : "4af4f840f964a520c1f721e3",
      "foursquareCategoryIds" : [ "4bf58dd8d48988d116941735" ],
      "location" : {
        "lat" : 40.738143,
        "lon" : -73.998552
      }
    },
    "activities" : [ {
      "activity" : "walking",
      "group" : "walking",
      "manual" : false,
      "startTime" : "20151023T225534-0400",
      "endTime" : "20151023T225704-0400",
      "duration" : 90.0,
      "distance" : 75.0,
      "steps" : 151,
      "trackPoints" : [ ]
    } ],
    "lastUpdate" : "20151024T165931Z"
  } ],
  "lastUpdate" : "20151029T193822Z"
}, {
  "date" : "20151024",
  "summary" : [ {
    "activity" : "walking",
    "group" : "walking",
    "duration" : 2796.0,
    "distance" : 3173.0,
    "steps" : 4596
  }, {
    "activity" : "transport",
    "group" : "transport",
    "duration" : 477.0,
    "distance" : 3943.0
  } ],
  "segments" : [ {
    "type" : "place",
    "startTime" : "20151023T225404-0400",
    "endTime" : "20151024T004058-0400",
    "place" : {
      "id" : 230455172,
      "name" : "Bunga's Den",
      "type" : "foursquare",
      "foursquareId" : "4af4f840f964a520c1f721e3",
      "foursquareCategoryIds" : [ "4bf58dd8d48988d116941735" ],
      "location" : {
        "lat" : 40.738143,
        "lon" : -73.998552
      }
    },
    "lastUpdate" : "20151024T165931Z"
  }, {
    "type" : "move",
    "startTime" : "20151024T004058-0400",
    "endTime" : "20151024T004622-0400",
    "activities" : [ {
      "activity" : "walking",
      "group" : "walking",
      "manual" : false,
      "startTime" : "20151024T004058-0400",
      "endTime" : "20151024T004622-0400",
      "duration" : 324.0,
      "distance" : 255.0,
      "steps" : 510,
      "trackPoints" : [ {
        "lat" : 40.738143,
        "lon" : -73.998552,
        "time" : "20151024T004058-0400"
      }, {
        "lat" : 40.7382431926,
        "lon" : -73.9988110149,
        "time" : "20151024T004120-0400"
      }, {
        "lat" : 40.7382514629,
        "lon" : -73.9988847854,
        "time" : "20151024T004154-0400"
      }, {
        "lat" : 40.7383026598,
        "lon" : -73.9990119093,
        "time" : "20151024T004210-0400"
      }, {
        "lat" : 40.7384590983,
        "lon" : -73.9994204254,
        "time" : "20151024T004232-0400"
      }, {
        "lat" : 40.738636327,
        "lon" : -73.9995546994,
        "time" : "20151024T004300-0400"
      }, {
        "lat" : 40.7387179512,
        "lon" : -73.9996004747,
        "time" : "20151024T004334-0400"
      }, {
        "lat" : 40.738811326,
        "lon" : -73.9995367471,
        "time" : "20151024T004354-0400"
      }, {
        "lat" : 40.738989897,
        "lon" : -73.9993981023,
        "time" : "20151024T004415-0400"
      }, {
        "lat" : 40.7392007855,
        "lon" : -73.9993629078,
        "time" : "20151024T004450-0400"
      }, {
        "lat" : 40.7391743803,
        "lon" : -73.9993425297,
        "time" : "20151024T004511-0400"
      }, {
        "lat" : 40.7391625312,
        "lon" : -73.9993637829,
        "time" : "20151024T004531-0400"
      }, {
        "lat" : 40.7391230332,
        "lon" : -73.9994271623,
        "time" : "20151024T004549-0400"
      }, {
        "lat" : 40.7390927998,
        "lon" : -73.9995217103,
        "time" : "20151024T004605-0400"
      }, {
        "lat" : 40.7391834348,
        "lon" : -73.9999108065,
        "time" : "20151024T004622-0400"
      } ]
    } ],
    "lastUpdate" : "20151024T165931Z"
  }, {
    "type" : "place",
    "startTime" : "20151024T004622-0400",
    "endTime" : "20151024T004757-0400",
    "place" : {
      "id" : 230455257,
      "name" : "Home",
      "type" : "home",
      "location" : {
        "lat" : 40.7391834348,
        "lon" : -73.9999108065
      }
    },
    "lastUpdate" : "20151026T145957Z"
  }, {
    "type" : "place",
    "startTime" : "20151024T112633-0400",
    "endTime" : "20151024T230012-0400",
    "place" : {
      "id" : 230084909,
      "name" : "Cornell Tech",
      "type" : "foursquare",
      "foursquareId" : "4fdf4038e4b044d93c4fae68",
      "foursquareCategoryIds" : [ "4bf58dd8d48988d1ae941735" ],
      "location" : {
        "lat" : 40.74090046467149,
        "lon" : -74.00221109390259
      }
    },
    "activities" : [ {
      "activity" : "walking",
      "group" : "walking",
      "manual" : false,
      "startTime" : "20151024T145301-0400",
      "endTime" : "20151024T145331-0400",
      "duration" : 30.0,
      "distance" : 15.0,
      "steps" : 20,
      "trackPoints" : [ ]
    }, {
      "activity" : "walking",
      "group" : "walking",
      "manual" : false,
      "startTime" : "20151024T151911-0400",
      "endTime" : "20151024T152041-0400",
      "duration" : 90.0,
      "distance" : 60.0,
      "steps" : 121,
      "trackPoints" : [ ]
    }, {
      "activity" : "walking",
      "group" : "walking",
      "manual" : false,
      "startTime" : "20151024T161536-0400",
      "endTime" : "20151024T161636-0400",
      "duration" : 60.0,
      "distance" : 60.0,
      "steps" : 121,
      "trackPoints" : [ ]
    }, {
      "activity" : "walking",
      "group" : "walking",
      "manual" : false,
      "startTime" : "20151024T171809-0400",
      "endTime" : "20151024T171939-0400",
      "duration" : 90.0,
      "distance" : 60.0,
      "steps" : 121,
      "trackPoints" : [ ]
    }, {
      "activity" : "walking",
      "group" : "walking",
      "manual" : false,
      "startTime" : "20151024T184032-0400",
      "endTime" : "20151024T184102-0400",
      "duration" : 30.0,
      "distance" : 35.0,
      "steps" : 70,
      "trackPoints" : [ ]
    }, {
      "activity" : "walking",
      "group" : "walking",
      "manual" : false,
      "startTime" : "20151024T192511-0400",
      "endTime" : "20151024T192855-0400",
      "duration" : 224.0,
      "distance" : 238.0,
      "steps" : 317,
      "trackPoints" : [ ]
    }, {
      "activity" : "walking",
      "group" : "walking",
      "manual" : false,
      "startTime" : "20151024T213705-0400",
      "endTime" : "20151024T213935-0400",
      "duration" : 150.0,
      "distance" : 204.0,
      "steps" : 271,
      "trackPoints" : [ ]
    }, {
      "activity" : "walking",
      "group" : "walking",
      "manual" : false,
      "startTime" : "20151024T223756-0400",
      "endTime" : "20151024T224156-0400",
      "duration" : 240.0,
      "distance" : 302.0,
      "steps" : 402,
      "trackPoints" : [ ]
    } ],
    "lastUpdate" : "20151029T193822Z"
  }, {
    "type" : "move",
    "startTime" : "20151024T230012-0400",
    "endTime" : "20151024T232315-0400",
    "activities" : [ {
      "activity" : "transport",
      "group" : "transport",
      "manual" : false,
      "startTime" : "20151024T230012-0400",
      "endTime" : "20151024T230809-0400",
      "duration" : 477.0,
      "distance" : 3943.0,
      "trackPoints" : [ {
        "lat" : 40.7409004647,
        "lon" : -74.0022110939,
        "time" : "20151024T230012-0400"
      }, {
        "lat" : 40.7453470161,
        "lon" : -73.9986601787,
        "time" : "20151024T230104-0400"
      }, {
        "lat" : 40.7579284261,
        "lon" : -73.9893917326,
        "time" : "20151024T230513-0400"
      }, {
        "lat" : 40.7622399694,
        "lon" : -73.9862285679,
        "time" : "20151024T230632-0400"
      }, {
        "lat" : 40.7676543961,
        "lon" : -73.9824984158,
        "time" : "20151024T230750-0400"
      }, {
        "lat" : 40.7678123484,
        "lon" : -73.9823521765,
        "time" : "20151024T230809-0400"
      } ]
    }, {
      "activity" : "walking",
      "group" : "walking",
      "manual" : false,
      "startTime" : "20151024T230809-0400",
      "endTime" : "20151024T232315-0400",
      "duration" : 906.0,
      "distance" : 1097.0,
      "steps" : 1539,
      "trackPoints" : [ {
        "lat" : 40.7678123484,
        "lon" : -73.9823521765,
        "time" : "20151024T230809-0400"
      }, {
        "lat" : 40.7678071228,
        "lon" : -73.9824120746,
        "time" : "20151024T230836-0400"
      }, {
        "lat" : 40.7677787922,
        "lon" : -73.9824224517,
        "time" : "20151024T230854-0400"
      }, {
        "lat" : 40.7676649066,
        "lon" : -73.982450586,
        "time" : "20151024T230914-0400"
      }, {
        "lat" : 40.7675170116,
        "lon" : -73.9824111218,
        "time" : "20151024T230939-0400"
      }, {
        "lat" : 40.767378138,
        "lon" : -73.9823640959,
        "time" : "20151024T230959-0400"
      }, {
        "lat" : 40.7672970576,
        "lon" : -73.9822143436,
        "time" : "20151024T231019-0400"
      }, {
        "lat" : 40.7671363726,
        "lon" : -73.9820552185,
        "time" : "20151024T231039-0400"
      }, {
        "lat" : 40.7670762487,
        "lon" : -73.9819726444,
        "time" : "20151024T231059-0400"
      }, {
        "lat" : 40.7668108825,
        "lon" : -73.9818612083,
        "time" : "20151024T231119-0400"
      }, {
        "lat" : 40.7666821838,
        "lon" : -73.9813955809,
        "time" : "20151024T231147-0400"
      }, {
        "lat" : 40.7664387137,
        "lon" : -73.981055602,
        "time" : "20151024T231208-0400"
      }, {
        "lat" : 40.7663663523,
        "lon" : -73.9806350279,
        "time" : "20151024T231228-0400"
      }, {
        "lat" : 40.7663451483,
        "lon" : -73.9801419606,
        "time" : "20151024T231248-0400"
      }, {
        "lat" : 40.7662766715,
        "lon" : -73.9798983065,
        "time" : "20151024T231310-0400"
      }, {
        "lat" : 40.7661720727,
        "lon" : -73.9797866067,
        "time" : "20151024T231330-0400"
      }, {
        "lat" : 40.7660977176,
        "lon" : -73.9797815546,
        "time" : "20151024T231351-0400"
      }, {
        "lat" : 40.7657280084,
        "lon" : -73.9799104313,
        "time" : "20151024T231425-0400"
      }, {
        "lat" : 40.7655809594,
        "lon" : -73.9800181608,
        "time" : "20151024T231445-0400"
      }, {
        "lat" : 40.7654085329,
        "lon" : -73.9800874642,
        "time" : "20151024T231505-0400"
      }, {
        "lat" : 40.765313431,
        "lon" : -73.9802173578,
        "time" : "20151024T231526-0400"
      }, {
        "lat" : 40.7651105869,
        "lon" : -73.9804148418,
        "time" : "20151024T231553-0400"
      }, {
        "lat" : 40.7650471388,
        "lon" : -73.980512269,
        "time" : "20151024T231609-0400"
      }, {
        "lat" : 40.7653266438,
        "lon" : -73.980516711,
        "time" : "20151024T231635-0400"
      }, {
        "lat" : 40.7648219512,
        "lon" : -73.980670517,
        "time" : "20151024T231702-0400"
      }, {
        "lat" : 40.7646076882,
        "lon" : -73.9807919672,
        "time" : "20151024T231726-0400"
      }, {
        "lat" : 40.7644119874,
        "lon" : -73.9809103528,
        "time" : "20151024T231747-0400"
      }, {
        "lat" : 40.7642825757,
        "lon" : -73.9810105394,
        "time" : "20151024T231806-0400"
      }, {
        "lat" : 40.7640722711,
        "lon" : -73.9811981379,
        "time" : "20151024T231840-0400"
      }, {
        "lat" : 40.7638739525,
        "lon" : -73.9813975744,
        "time" : "20151024T231900-0400"
      }, {
        "lat" : 40.763637518,
        "lon" : -73.9816083029,
        "time" : "20151024T231920-0400"
      }, {
        "lat" : 40.7635426904,
        "lon" : -73.981689819,
        "time" : "20151024T231940-0400"
      }, {
        "lat" : 40.7632706854,
        "lon" : -73.9818897815,
        "time" : "20151024T232016-0400"
      }, {
        "lat" : 40.763065082,
        "lon" : -73.9820270226,
        "time" : "20151024T232036-0400"
      }, {
        "lat" : 40.7628880892,
        "lon" : -73.9819076579,
        "time" : "20151024T232056-0400"
      }, {
        "lat" : 40.7627597248,
        "lon" : -73.981527444,
        "time" : "20151024T232116-0400"
      }, {
        "lat" : 40.7625932098,
        "lon" : -73.9810879778,
        "time" : "20151024T232135-0400"
      }, {
        "lat" : 40.7624841177,
        "lon" : -73.9807630642,
        "time" : "20151024T232152-0400"
      }, {
        "lat" : 40.7623926407,
        "lon" : -73.9804635053,
        "time" : "20151024T232212-0400"
      }, {
        "lat" : 40.7622024622,
        "lon" : -73.9799834966,
        "time" : "20151024T232230-0400"
      }, {
        "lat" : 40.7621156744,
        "lon" : -73.9796673566,
        "time" : "20151024T232249-0400"
      }, {
        "lat" : 40.7618593701,
        "lon" : -73.9791739371,
        "time" : "20151024T232315-0400"
      } ]
    } ],
    "lastUpdate" : "20151025T142836Z"
  }, {
    "type" : "place",
    "startTime" : "20151024T232315-0400",
    "endTime" : "20151024T234344-0400",
    "place" : {
      "id" : 230793610,
      "name" : "The Halal Guys",
      "type" : "foursquare",
      "foursquareId" : "4a19d1edf964a5205a7a1fe3",
      "foursquareCategoryIds" : [ "4bf58dd8d48988d1cb941735" ],
      "location" : {
        "lat" : 40.76172693352597,
        "lon" : -73.97885061753348
      }
    },
    "lastUpdate" : "20151025T150440Z"
  }, {
    "type" : "move",
    "startTime" : "20151024T234345-0400",
    "endTime" : "20151024T235325-0400",
    "activities" : [ {
      "activity" : "walking",
      "group" : "walking",
      "manual" : false,
      "startTime" : "20151024T234345-0400",
      "endTime" : "20151024T235325-0400",
      "duration" : 580.0,
      "distance" : 781.0,
      "steps" : 972,
      "trackPoints" : [ {
        "lat" : 40.7618593701,
        "lon" : -73.9791739371,
        "time" : "20151024T234345-0400"
      }, {
        "lat" : 40.7617761867,
        "lon" : -73.9791246455,
        "time" : "20151024T234400-0400"
      }, {
        "lat" : 40.7614437497,
        "lon" : -73.9791808555,
        "time" : "20151024T234420-0400"
      }, {
        "lat" : 40.7611652708,
        "lon" : -73.9795066953,
        "time" : "20151024T234436-0400"
      }, {
        "lat" : 40.7611298052,
        "lon" : -73.9798233152,
        "time" : "20151024T234505-0400"
      }, {
        "lat" : 40.761036996,
        "lon" : -73.9798209865,
        "time" : "20151024T234522-0400"
      }, {
        "lat" : 40.7608523464,
        "lon" : -73.9799543199,
        "time" : "20151024T234541-0400"
      }, {
        "lat" : 40.7606682712,
        "lon" : -73.9801224696,
        "time" : "20151024T234601-0400"
      }, {
        "lat" : 40.7605393636,
        "lon" : -73.9803208758,
        "time" : "20151024T234620-0400"
      }, {
        "lat" : 40.7603980886,
        "lon" : -73.9803961307,
        "time" : "20151024T234640-0400"
      }, {
        "lat" : 40.7603346805,
        "lon" : -73.9804862097,
        "time" : "20151024T234700-0400"
      }, {
        "lat" : 40.760043601,
        "lon" : -73.9806330857,
        "time" : "20151024T234733-0400"
      }, {
        "lat" : 40.7598408794,
        "lon" : -73.9807741143,
        "time" : "20151024T234751-0400"
      }, {
        "lat" : 40.7596282606,
        "lon" : -73.9809345238,
        "time" : "20151024T234806-0400"
      }, {
        "lat" : 40.7597122414,
        "lon" : -73.9812031305,
        "time" : "20151024T234828-0400"
      }, {
        "lat" : 40.7594694101,
        "lon" : -73.9812070363,
        "time" : "20151024T234850-0400"
      }, {
        "lat" : 40.759247808,
        "lon" : -73.9813174768,
        "time" : "20151024T234910-0400"
      }, {
        "lat" : 40.7591840424,
        "lon" : -73.9813621134,
        "time" : "20151024T234930-0400"
      }, {
        "lat" : 40.7588891163,
        "lon" : -73.9816043199,
        "time" : "20151024T234957-0400"
      }, {
        "lat" : 40.7587987954,
        "lon" : -73.9816451718,
        "time" : "20151024T235017-0400"
      }, {
        "lat" : 40.7586679004,
        "lon" : -73.9817449947,
        "time" : "20151024T235037-0400"
      }, {
        "lat" : 40.7586341997,
        "lon" : -73.9817882615,
        "time" : "20151024T235057-0400"
      }, {
        "lat" : 40.758582649,
        "lon" : -73.9816803575,
        "time" : "20151024T235117-0400"
      }, {
        "lat" : 40.758475901,
        "lon" : -73.9813888249,
        "time" : "20151024T235134-0400"
      }, {
        "lat" : 40.7581589101,
        "lon" : -73.9819921473,
        "time" : "20151024T235153-0400"
      }, {
        "lat" : 40.7579622553,
        "lon" : -73.9824810646,
        "time" : "20151024T235227-0400"
      }, {
        "lat" : 40.7580106821,
        "lon" : -73.9821999337,
        "time" : "20151024T235244-0400"
      }, {
        "lat" : 40.7579357803,
        "lon" : -73.9821435819,
        "time" : "20151024T235304-0400"
      }, {
        "lat" : 40.7570204024,
        "lon" : -73.9829117837,
        "time" : "20151024T235325-0400"
      } ]
    } ],
    "lastUpdate" : "20151025T142836Z"
  }, {
    "type" : "place",
    "startTime" : "20151024T235325-0400",
    "endTime" : "20151025T001824-0400",
    "place" : {
      "id" : 230793611,
      "type" : "unknown",
      "location" : {
        "lat" : 40.7570204024,
        "lon" : -73.9829117837
      }
    },
    "activities" : [ {
      "activity" : "walking",
      "group" : "walking",
      "manual" : false,
      "startTime" : "20151024T235848-0400",
      "endTime" : "20151025T000000-0400",
      "duration" : 72.0,
      "distance" : 66.0,
      "steps" : 132,
      "trackPoints" : [ ]
    } ],
    "lastUpdate" : "20151025T150323Z"
  } ],
  "lastUpdate" : "20151029T193822Z"
}, {
  "date" : "20151025",
  "summary" : [ {
    "activity" : "walking",
    "group" : "walking",
    "duration" : 4855.0,
    "distance" : 5832.0,
    "steps" : 8025
  }, {
    "activity" : "train",
    "group" : "transport",
    "duration" : 360.0,
    "distance" : 2363.0
  } ],
  "segments" : [ {
    "type" : "place",
    "startTime" : "20151024T235325-0400",
    "endTime" : "20151025T001824-0400",
    "place" : {
      "id" : 230793611,
      "type" : "unknown",
      "location" : {
        "lat" : 40.7570204024,
        "lon" : -73.9829117837
      }
    },
    "activities" : [ {
      "activity" : "walking",
      "group" : "walking",
      "manual" : false,
      "startTime" : "20151025T000000-0400",
      "endTime" : "20151025T000118-0400",
      "duration" : 78.0,
      "distance" : 70.0,
      "steps" : 139,
      "trackPoints" : [ ]
    } ],
    "lastUpdate" : "20151025T150323Z"
  }, {
    "type" : "move",
    "startTime" : "20151025T001824-0400",
    "endTime" : "20151025T002230-0400",
    "activities" : [ {
      "activity" : "walking",
      "group" : "walking",
      "manual" : false,
      "startTime" : "20151025T001824-0400",
      "endTime" : "20151025T002230-0400",
      "duration" : 246.0,
      "distance" : 374.0,
      "steps" : 485,
      "trackPoints" : [ {
        "lat" : 40.7570204024,
        "lon" : -73.9829117837,
        "time" : "20151025T001824-0400"
      }, {
        "lat" : 40.7569694652,
        "lon" : -73.9832168844,
        "time" : "20151025T001844-0400"
      }, {
        "lat" : 40.7569744173,
        "lon" : -73.9832107969,
        "time" : "20151025T001904-0400"
      }, {
        "lat" : 40.757109983,
        "lon" : -73.9835227752,
        "time" : "20151025T001939-0400"
      }, {
        "lat" : 40.7572143721,
        "lon" : -73.9838062312,
        "time" : "20151025T001958-0400"
      }, {
        "lat" : 40.7573099151,
        "lon" : -73.9840501461,
        "time" : "20151025T002018-0400"
      }, {
        "lat" : 40.7572427943,
        "lon" : -73.9839376237,
        "time" : "20151025T002040-0400"
      }, {
        "lat" : 40.7571070695,
        "lon" : -73.9839282808,
        "time" : "20151025T002103-0400"
      }, {
        "lat" : 40.7576826909,
        "lon" : -73.9848314129,
        "time" : "20151025T002123-0400"
      }, {
        "lat" : 40.7581009052,
        "lon" : -73.9852893659,
        "time" : "20151025T002143-0400"
      }, {
        "lat" : 40.7585219281,
        "lon" : -73.9853829831,
        "time" : "20151025T002212-0400"
      }, {
        "lat" : 40.7582897014,
        "lon" : -73.9855137376,
        "time" : "20151025T002230-0400"
      } ]
    } ],
    "lastUpdate" : "20151025T150323Z"
  }, {
    "type" : "place",
    "startTime" : "20151025T002230-0400",
    "endTime" : "20151025T002438-0400",
    "place" : {
      "id" : 230793618,
      "type" : "unknown",
      "location" : {
        "lat" : 40.7582897014,
        "lon" : -73.9855137376
      }
    },
    "lastUpdate" : "20151025T150323Z"
  }, {
    "type" : "move",
    "startTime" : "20151025T002438-0400",
    "endTime" : "20151025T004408-0400",
    "activities" : [ {
      "activity" : "walking",
      "group" : "walking",
      "manual" : false,
      "startTime" : "20151025T002438-0400",
      "endTime" : "20151025T003330-0400",
      "duration" : 532.0,
      "distance" : 636.0,
      "steps" : 954,
      "trackPoints" : [ {
        "lat" : 40.7582897014,
        "lon" : -73.9855137376,
        "time" : "20151025T002438-0400"
      }, {
        "lat" : 40.7577414061,
        "lon" : -73.9857510356,
        "time" : "20151025T002457-0400"
      }, {
        "lat" : 40.7575217206,
        "lon" : -73.9859034687,
        "time" : "20151025T002517-0400"
      }, {
        "lat" : 40.7571631136,
        "lon" : -73.9862769344,
        "time" : "20151025T002541-0400"
      }, {
        "lat" : 40.756655373,
        "lon" : -73.9863945928,
        "time" : "20151025T002611-0400"
      }, {
        "lat" : 40.7566761552,
        "lon" : -73.9863311804,
        "time" : "20151025T002629-0400"
      }, {
        "lat" : 40.7566344042,
        "lon" : -73.9863813815,
        "time" : "20151025T002648-0400"
      }, {
        "lat" : 40.7565427031,
        "lon" : -73.9864585386,
        "time" : "20151025T002714-0400"
      }, {
        "lat" : 40.7564567537,
        "lon" : -73.9866853525,
        "time" : "20151025T002734-0400"
      }, {
        "lat" : 40.7564124517,
        "lon" : -73.987106339,
        "time" : "20151025T002753-0400"
      }, {
        "lat" : 40.7564604139,
        "lon" : -73.9873876626,
        "time" : "20151025T002819-0400"
      }, {
        "lat" : 40.7566644089,
        "lon" : -73.9880642193,
        "time" : "20151025T002852-0400"
      }, {
        "lat" : 40.7567641389,
        "lon" : -73.9883997547,
        "time" : "20151025T002911-0400"
      }, {
        "lat" : 40.7568890024,
        "lon" : -73.9888281386,
        "time" : "20151025T002933-0400"
      }, {
        "lat" : 40.757268252,
        "lon" : -73.9895647019,
        "time" : "20151025T003013-0400"
      }, {
        "lat" : 40.7571386995,
        "lon" : -73.9894895458,
        "time" : "20151025T003031-0400"
      }, {
        "lat" : 40.7571090144,
        "lon" : -73.9895195891,
        "time" : "20151025T003051-0400"
      }, {
        "lat" : 40.7571670397,
        "lon" : -73.9896311597,
        "time" : "20151025T003110-0400"
      }, {
        "lat" : 40.7571200772,
        "lon" : -73.9895433439,
        "time" : "20151025T003131-0400"
      }, {
        "lat" : 40.7570998382,
        "lon" : -73.989436505,
        "time" : "20151025T003151-0400"
      }, {
        "lat" : 40.7571601895,
        "lon" : -73.9894405006,
        "time" : "20151025T003211-0400"
      }, {
        "lat" : 40.7573276837,
        "lon" : -73.989520187,
        "time" : "20151025T003240-0400"
      }, {
        "lat" : 40.7573935109,
        "lon" : -73.9895388593,
        "time" : "20151025T003256-0400"
      }, {
        "lat" : 40.757351178,
        "lon" : -73.9895859955,
        "time" : "20151025T003312-0400"
      }, {
        "lat" : 40.7573104652,
        "lon" : -73.9896175575,
        "time" : "20151025T003330-0400"
      } ]
    }, {
      "activity" : "train",
      "group" : "transport",
      "manual" : false,
      "startTime" : "20151025T003330-0400",
      "endTime" : "20151025T003930-0400",
      "duration" : 360.0,
      "distance" : 2363.0,
      "trackPoints" : [ {
        "lat" : 40.7573104652,
        "lon" : -73.9896175575,
        "time" : "20151025T003330-0400"
      }, {
        "lat" : 40.7571329964,
        "lon" : -73.9897746905,
        "time" : "20151025T003349-0400"
      }, {
        "lat" : 40.7569996961,
        "lon" : -73.9899468166,
        "time" : "20151025T003407-0400"
      }, {
        "lat" : 40.7466148025,
        "lon" : -73.9976226031,
        "time" : "20151025T003758-0400"
      }, {
        "lat" : 40.7466168811,
        "lon" : -73.9975940682,
        "time" : "20151025T003824-0400"
      }, {
        "lat" : 40.741157281,
        "lon" : -74.0013430284,
        "time" : "20151025T003930-0400"
      } ]
    }, {
      "activity" : "walking",
      "group" : "walking",
      "manual" : false,
      "startTime" : "20151025T003930-0400",
      "endTime" : "20151025T004408-0400",
      "duration" : 278.0,
      "distance" : 401.0,
      "steps" : 475,
      "trackPoints" : [ {
        "lat" : 40.741157281,
        "lon" : -74.0013430284,
        "time" : "20151025T003930-0400"
      }, {
        "lat" : 40.7404299184,
        "lon" : -74.0018402889,
        "time" : "20151025T004030-0400"
      }, {
        "lat" : 40.740376328,
        "lon" : -74.0019831744,
        "time" : "20151025T004052-0400"
      }, {
        "lat" : 40.7403789407,
        "lon" : -74.0021152383,
        "time" : "20151025T004109-0400"
      }, {
        "lat" : 40.7402777477,
        "lon" : -74.0017664904,
        "time" : "20151025T004144-0400"
      }, {
        "lat" : 40.7401875331,
        "lon" : -74.0014427203,
        "time" : "20151025T004205-0400"
      }, {
        "lat" : 40.7400337863,
        "lon" : -74.0010477126,
        "time" : "20151025T004227-0400"
      }, {
        "lat" : 40.739857626,
        "lon" : -74.0006238314,
        "time" : "20151025T004249-0400"
      }, {
        "lat" : 40.7396730018,
        "lon" : -74.0001946755,
        "time" : "20151025T004310-0400"
      }, {
        "lat" : 40.7395074233,
        "lon" : -73.9997628917,
        "time" : "20151025T004331-0400"
      }, {
        "lat" : 40.7391834348,
        "lon" : -73.9999108065,
        "time" : "20151025T004408-0400"
      } ]
    } ],
    "lastUpdate" : "20151025T150411Z"
  }, {
    "type" : "place",
    "startTime" : "20151025T004408-0400",
    "endTime" : "20151025T004714-0400",
    "place" : {
      "id" : 230455257,
      "name" : "Home",
      "type" : "home",
      "location" : {
        "lat" : 40.7391834348,
        "lon" : -73.9999108065
      }
    },
    "activities" : [ {
      "activity" : "walking",
      "group" : "walking",
      "manual" : false,
      "startTime" : "20151025T004600-0400",
      "endTime" : "20151025T004630-0400",
      "duration" : 30.0,
      "distance" : 30.0,
      "steps" : 60,
      "trackPoints" : [ ]
    } ],
    "lastUpdate" : "20151026T145957Z"
  }, {
    "type" : "move",
    "startTime" : "20151025T101246-0400",
    "endTime" : "20151025T102941-0400",
    "activities" : [ {
      "activity" : "walking",
      "group" : "walking",
      "manual" : false,
      "startTime" : "20151025T101246-0400",
      "endTime" : "20151025T102941-0400",
      "duration" : 1015.0,
      "distance" : 1435.0,
      "steps" : 1797,
      "trackPoints" : [ {
        "lat" : 40.7474306415,
        "lon" : -73.9931674619,
        "time" : "20151025T101246-0400"
      }, {
        "lat" : 40.7475158345,
        "lon" : -73.9932059393,
        "time" : "20151025T101314-0400"
      }, {
        "lat" : 40.7475066903,
        "lon" : -73.9931268168,
        "time" : "20151025T101331-0400"
      }, {
        "lat" : 40.7471915805,
        "lon" : -73.993332876,
        "time" : "20151025T101348-0400"
      }, {
        "lat" : 40.7465570355,
        "lon" : -73.9937704428,
        "time" : "20151025T101420-0400"
      }, {
        "lat" : 40.7463181246,
        "lon" : -73.993969748,
        "time" : "20151025T101441-0400"
      }, {
        "lat" : 40.7460181718,
        "lon" : -73.9942044995,
        "time" : "20151025T101501-0400"
      }, {
        "lat" : 40.7456930456,
        "lon" : -73.9944411981,
        "time" : "20151025T101521-0400"
      }, {
        "lat" : 40.7453909279,
        "lon" : -73.9946421356,
        "time" : "20151025T101541-0400"
      }, {
        "lat" : 40.7451718806,
        "lon" : -73.9948117327,
        "time" : "20151025T101601-0400"
      }, {
        "lat" : 40.744771719,
        "lon" : -73.9951073304,
        "time" : "20151025T101628-0400"
      }, {
        "lat" : 40.7444892052,
        "lon" : -73.9952249231,
        "time" : "20151025T101648-0400"
      }, {
        "lat" : 40.7442323718,
        "lon" : -73.9951160614,
        "time" : "20151025T101712-0400"
      }, {
        "lat" : 40.7441380466,
        "lon" : -73.9953880043,
        "time" : "20151025T101729-0400"
      }, {
        "lat" : 40.7438841145,
        "lon" : -73.9957328503,
        "time" : "20151025T101748-0400"
      }, {
        "lat" : 40.7436121868,
        "lon" : -73.9961248646,
        "time" : "20151025T101810-0400"
      }, {
        "lat" : 40.7436658732,
        "lon" : -73.9965472392,
        "time" : "20151025T101834-0400"
      }, {
        "lat" : 40.7438871079,
        "lon" : -73.9971073658,
        "time" : "20151025T101904-0400"
      }, {
        "lat" : 40.7441253975,
        "lon" : -73.9976707294,
        "time" : "20151025T101936-0400"
      }, {
        "lat" : 40.7442826385,
        "lon" : -73.9980685442,
        "time" : "20151025T101958-0400"
      }, {
        "lat" : 40.7444364826,
        "lon" : -73.9984854205,
        "time" : "20151025T102019-0400"
      }, {
        "lat" : 40.7445329091,
        "lon" : -73.9989498713,
        "time" : "20151025T102045-0400"
      }, {
        "lat" : 40.744611936,
        "lon" : -73.9991068086,
        "time" : "20151025T102102-0400"
      }, {
        "lat" : 40.744516096,
        "lon" : -73.9992649331,
        "time" : "20151025T102118-0400"
      }, {
        "lat" : 40.7441235142,
        "lon" : -73.9993936694,
        "time" : "20151025T102139-0400"
      }, {
        "lat" : 40.7438645387,
        "lon" : -73.999486578,
        "time" : "20151025T102159-0400"
      }, {
        "lat" : 40.7434844766,
        "lon" : -73.9997612226,
        "time" : "20151025T102230-0400"
      }, {
        "lat" : 40.7432865366,
        "lon" : -73.9998633236,
        "time" : "20151025T102246-0400"
      }, {
        "lat" : 40.7431222384,
        "lon" : -74.0000042903,
        "time" : "20151025T102302-0400"
      }, {
        "lat" : 40.7426499141,
        "lon" : -74.0002837705,
        "time" : "20151025T102333-0400"
      }, {
        "lat" : 40.7424332693,
        "lon" : -74.0005329078,
        "time" : "20151025T102352-0400"
      }, {
        "lat" : 40.7420792698,
        "lon" : -74.000734583,
        "time" : "20151025T102421-0400"
      }, {
        "lat" : 40.7418207551,
        "lon" : -74.0008865321,
        "time" : "20151025T102439-0400"
      }, {
        "lat" : 40.7416638349,
        "lon" : -74.0009411217,
        "time" : "20151025T102458-0400"
      }, {
        "lat" : 40.7415158869,
        "lon" : -74.0009983409,
        "time" : "20151025T102528-0400"
      }, {
        "lat" : 40.7412540923,
        "lon" : -74.0013148963,
        "time" : "20151025T102544-0400"
      }, {
        "lat" : 40.7410824682,
        "lon" : -74.0016087252,
        "time" : "20151025T102606-0400"
      }, {
        "lat" : 40.7409390829,
        "lon" : -74.0017232106,
        "time" : "20151025T102621-0400"
      }, {
        "lat" : 40.7407842715,
        "lon" : -74.001816677,
        "time" : "20151025T102641-0400"
      }, {
        "lat" : 40.7407697468,
        "lon" : -74.0018662974,
        "time" : "20151025T102704-0400"
      }, {
        "lat" : 40.740827533,
        "lon" : -74.0018760056,
        "time" : "20151025T102720-0400"
      }, {
        "lat" : 40.740859755,
        "lon" : -74.0018749165,
        "time" : "20151025T102740-0400"
      }, {
        "lat" : 40.7409905677,
        "lon" : -74.0018568994,
        "time" : "20151025T102759-0400"
      }, {
        "lat" : 40.7411137106,
        "lon" : -74.0018785574,
        "time" : "20151025T102825-0400"
      }, {
        "lat" : 40.7411298498,
        "lon" : -74.0019016058,
        "time" : "20151025T102855-0400"
      }, {
        "lat" : 40.7410820121,
        "lon" : -74.0018958015,
        "time" : "20151025T102917-0400"
      }, {
        "lat" : 40.7409004647,
        "lon" : -74.0022110939,
        "time" : "20151025T102941-0400"
      } ]
    } ],
    "lastUpdate" : "20151025T150323Z"
  }, {
    "type" : "place",
    "startTime" : "20151025T102941-0400",
    "endTime" : "20151025T202911-0400",
    "place" : {
      "id" : 230084909,
      "name" : "Cornell Tech",
      "type" : "foursquare",
      "foursquareId" : "4fdf4038e4b044d93c4fae68",
      "foursquareCategoryIds" : [ "4bf58dd8d48988d1ae941735" ],
      "location" : {
        "lat" : 40.74090046467149,
        "lon" : -74.00221109390259
      }
    },
    "activities" : [ {
      "activity" : "walking",
      "group" : "walking",
      "manual" : false,
      "startTime" : "20151025T103102-0400",
      "endTime" : "20151025T103132-0400",
      "duration" : 30.0,
      "distance" : 25.0,
      "steps" : 50,
      "trackPoints" : [ ]
    }, {
      "activity" : "walking",
      "group" : "walking",
      "manual" : false,
      "startTime" : "20151025T111514-0400",
      "endTime" : "20151025T111544-0400",
      "duration" : 30.0,
      "distance" : 25.0,
      "steps" : 50,
      "trackPoints" : [ ]
    }, {
      "activity" : "walking",
      "group" : "walking",
      "manual" : false,
      "startTime" : "20151025T120746-0400",
      "endTime" : "20151025T120916-0400",
      "duration" : 90.0,
      "distance" : 88.0,
      "steps" : 177,
      "trackPoints" : [ ]
    }, {
      "activity" : "walking",
      "group" : "walking",
      "manual" : false,
      "startTime" : "20151025T131528-0400",
      "endTime" : "20151025T131756-0400",
      "duration" : 148.0,
      "distance" : 249.0,
      "steps" : 331,
      "trackPoints" : [ ]
    }, {
      "activity" : "walking",
      "group" : "walking",
      "manual" : false,
      "startTime" : "20151025T140906-0400",
      "endTime" : "20151025T141538-0400",
      "duration" : 392.0,
      "distance" : 471.0,
      "steps" : 628,
      "trackPoints" : [ ]
    }, {
      "activity" : "walking",
      "group" : "walking",
      "manual" : false,
      "startTime" : "20151025T160913-0400",
      "endTime" : "20151025T161345-0400",
      "duration" : 272.0,
      "distance" : 246.0,
      "steps" : 328,
      "trackPoints" : [ ]
    }, {
      "activity" : "walking",
      "group" : "walking",
      "manual" : false,
      "startTime" : "20151025T172622-0400",
      "endTime" : "20151025T172943-0400",
      "duration" : 201.0,
      "distance" : 204.0,
      "steps" : 271,
      "trackPoints" : [ ]
    }, {
      "activity" : "walking",
      "group" : "walking",
      "manual" : false,
      "startTime" : "20151025T180055-0400",
      "endTime" : "20151025T180425-0400",
      "duration" : 210.0,
      "distance" : 226.0,
      "steps" : 302,
      "trackPoints" : [ ]
    }, {
      "activity" : "walking",
      "group" : "walking",
      "manual" : false,
      "startTime" : "20151025T193238-0400",
      "endTime" : "20151025T193341-0400",
      "duration" : 63.0,
      "distance" : 58.0,
      "steps" : 116,
      "trackPoints" : [ ]
    }, {
      "activity" : "walking",
      "group" : "walking",
      "manual" : false,
      "startTime" : "20151025T200038-0400",
      "endTime" : "20151025T200611-0400",
      "duration" : 333.0,
      "distance" : 398.0,
      "steps" : 530,
      "trackPoints" : [ ]
    } ],
    "lastUpdate" : "20151029T193822Z"
  }, {
    "type" : "move",
    "startTime" : "20151025T202911-0400",
    "endTime" : "20151025T203842-0400",
    "activities" : [ {
      "activity" : "walking",
      "group" : "walking",
      "manual" : false,
      "startTime" : "20151025T202911-0400",
      "endTime" : "20151025T203842-0400",
      "duration" : 571.0,
      "distance" : 538.0,
      "steps" : 835,
      "trackPoints" : [ {
        "lat" : 40.7409004647,
        "lon" : -74.0022110939,
        "time" : "20151025T202911-0400"
      }, {
        "lat" : 40.7409385472,
        "lon" : -74.001891597,
        "time" : "20151025T203025-0400"
      }, {
        "lat" : 40.7409263432,
        "lon" : -74.0018890944,
        "time" : "20151025T203055-0400"
      }, {
        "lat" : 40.7409062199,
        "lon" : -74.001886965,
        "time" : "20151025T203118-0400"
      }, {
        "lat" : 40.740830443,
        "lon" : -74.0018930639,
        "time" : "20151025T203144-0400"
      }, {
        "lat" : 40.7406571557,
        "lon" : -74.0019110706,
        "time" : "20151025T203202-0400"
      }, {
        "lat" : 40.7405227732,
        "lon" : -74.0019487533,
        "time" : "20151025T203217-0400"
      }, {
        "lat" : 40.7404037512,
        "lon" : -74.0019912158,
        "time" : "20151025T203234-0400"
      }, {
        "lat" : 40.7403492012,
        "lon" : -74.001956916,
        "time" : "20151025T203254-0400"
      }, {
        "lat" : 40.7403187608,
        "lon" : -74.0018345159,
        "time" : "20151025T203313-0400"
      }, {
        "lat" : 40.7400705494,
        "lon" : -74.001375108,
        "time" : "20151025T203352-0400"
      }, {
        "lat" : 40.7397548517,
        "lon" : -74.0011364005,
        "time" : "20151025T203411-0400"
      }, {
        "lat" : 40.7396481301,
        "lon" : -74.0008812444,
        "time" : "20151025T203428-0400"
      }, {
        "lat" : 40.7396455003,
        "lon" : -74.0004165283,
        "time" : "20151025T203452-0400"
      }, {
        "lat" : 40.7394942019,
        "lon" : -73.9999932492,
        "time" : "20151025T203512-0400"
      }, {
        "lat" : 40.7392833676,
        "lon" : -73.9996385657,
        "time" : "20151025T203532-0400"
      }, {
        "lat" : 40.7389877956,
        "lon" : -73.999440288,
        "time" : "20151025T203606-0400"
      }, {
        "lat" : 40.7389312274,
        "lon" : -73.9994123077,
        "time" : "20151025T203626-0400"
      }, {
        "lat" : 40.7389022175,
        "lon" : -73.999386866,
        "time" : "20151025T203648-0400"
      }, {
        "lat" : 40.7388181359,
        "lon" : -73.9994690743,
        "time" : "20151025T203708-0400"
      }, {
        "lat" : 40.7386845747,
        "lon" : -73.9995628114,
        "time" : "20151025T203728-0400"
      }, {
        "lat" : 40.7385669374,
        "lon" : -73.9995504804,
        "time" : "20151025T203749-0400"
      }, {
        "lat" : 40.7384993227,
        "lon" : -73.9994584147,
        "time" : "20151025T203822-0400"
      }, {
        "lat" : 40.7391834348,
        "lon" : -73.9999108065,
        "time" : "20151025T203842-0400"
      } ]
    } ],
    "lastUpdate" : "20151026T145641Z"
  }, {
    "type" : "place",
    "startTime" : "20151025T203842-0400",
    "endTime" : "20151026T001801-0400",
    "place" : {
      "id" : 230455257,
      "name" : "Home",
      "type" : "home",
      "location" : {
        "lat" : 40.7391834348,
        "lon" : -73.9999108065
      }
    },
    "activities" : [ {
      "activity" : "walking",
      "group" : "walking",
      "manual" : false,
      "startTime" : "20151025T204138-0400",
      "endTime" : "20151025T204644-0400",
      "duration" : 306.0,
      "distance" : 328.0,
      "steps" : 437,
      "trackPoints" : [ ]
    }, {
      "activity" : "walking",
      "group" : "walking",
      "manual" : false,
      "startTime" : "20151025T233208-0400",
      "endTime" : "20151025T233238-0400",
      "duration" : 30.0,
      "distance" : 30.0,
      "steps" : 60,
      "trackPoints" : [ ]
    } ],
    "lastUpdate" : "20151026T145957Z"
  } ],
  "lastUpdate" : "20151029T193822Z"
} ]