[ {
  "date" : "20151020",
  "summary" : [ {
    "activity" : "walking",
    "group" : "walking",
    "duration" : 1327.0,
    "distance" : 1572.0,
    "steps" : 1327
  }, {
    "activity" : "transport",
    "group" : "transport",
    "duration" : 1251.0,
    "distance" : 6556.0
  } ],
  "segments" : [ {
    "type" : "move",
    "startTime" : "20151020T172207-0400",
    "endTime" : "20151020T174829-0400",
    "activities" : [ {
      "activity" : "transport",
      "group" : "transport",
      "manual" : false,
      "startTime" : "20151020T172207-0400",
      "endTime" : "20151020T174258-0400",
      "duration" : 1251.0,
      "distance" : 6556.0
    }, {
      "activity" : "walking",
      "group" : "walking",
      "manual" : false,
      "startTime" : "20151020T174257-0400",
      "endTime" : "20151020T174828-0400",
      "duration" : 331.0,
      "distance" : 398.0,
      "steps" : 331
    } ],
    "lastUpdate" : "20151020T230501Z"
  }, {
    "type" : "move",
    "startTime" : "20151020T180954-0400",
    "endTime" : "20151020T181834-0400",
    "activities" : [ {
      "activity" : "walking",
      "group" : "walking",
      "manual" : false,
      "startTime" : "20151020T180954-0400",
      "endTime" : "20151020T181834-0400",
      "duration" : 520.0,
      "distance" : 603.0,
      "steps" : 520
    } ],
    "lastUpdate" : "20151020T230501Z"
  }, {
    "type" : "move",
    "startTime" : "20151020T183547-0400",
    "endTime" : "20151020T184343-0400",
    "activities" : [ {
      "activity" : "walking",
      "group" : "walking",
      "manual" : false,
      "startTime" : "20151020T183547-0400",
      "endTime" : "20151020T184343-0400",
      "duration" : 476.0,
      "distance" : 571.0,
      "steps" : 476
    } ],
    "lastUpdate" : "20151021T082513Z"
  } ],
  "lastUpdate" : "20151021T130338Z"
}, {
  "date" : "20151021",
  "summary" : [ {
    "activity" : "walking",
    "group" : "walking",
    "duration" : 3901.0,
    "distance" : 3769.0,
    "steps" : 4902
  }, {
    "activity" : "transport",
    "group" : "transport",
    "duration" : 1650.0,
    "distance" : 15414.0
  }, {
    "activity" : "cycling",
    "group" : "cycling",
    "duration" : 537.0,
    "distance" : 2392.0
  } ],
  "segments" : [ {
    "type" : "move",
    "startTime" : "20151021T071339-0400",
    "endTime" : "20151021T071844-0400",
    "activities" : [ {
      "activity" : "walking",
      "group" : "walking",
      "manual" : false,
      "startTime" : "20151021T071339-0400",
      "endTime" : "20151021T071845-0400",
      "duration" : 306.0,
      "distance" : 240.0,
      "steps" : 306
    } ],
    "lastUpdate" : "20151021T130338Z"
  }, {
    "type" : "move",
    "startTime" : "20151021T080615-0400",
    "endTime" : "20151021T081327-0400",
    "activities" : [ {
      "activity" : "transport",
      "group" : "transport",
      "manual" : false,
      "startTime" : "20151021T080615-0400",
      "endTime" : "20151021T081327-0400",
      "duration" : 432.0,
      "distance" : 6807.0
    } ],
    "lastUpdate" : "20151021T130338Z"
  }, {
    "type" : "move",
    "startTime" : "20151021T125642-0400",
    "endTime" : "20151021T130539-0400",
    "activities" : [ {
      "activity" : "cycling",
      "group" : "cycling",
      "manual" : false,
      "startTime" : "20151021T125642-0400",
      "endTime" : "20151021T130539-0400",
      "duration" : 537.0,
      "distance" : 2392.0
    } ],
    "lastUpdate" : "20151021T174741Z"
  }, {
    "type" : "place",
    "startTime" : "20151021T130539-0400",
    "endTime" : "20151021T135730-0400",
    "activities" : [ {
      "activity" : "walking",
      "group" : "walking",
      "manual" : false,
      "startTime" : "20151021T131108-0400",
      "endTime" : "20151021T131926-0400",
      "duration" : 498.0,
      "distance" : 435.0,
      "steps" : 580
    } ],
    "lastUpdate" : "20151021T194613Z"
  }, {
    "type" : "move",
    "startTime" : "20151021T135730-0400",
    "endTime" : "20151021T141813-0400",
    "activities" : [ {
      "activity" : "transport",
      "group" : "transport",
      "manual" : false,
      "startTime" : "20151021T135730-0400",
      "endTime" : "20151021T141410-0400",
      "duration" : 1000.0,
      "distance" : 2131.0
    }, {
      "activity" : "walking",
      "group" : "walking",
      "manual" : false,
      "startTime" : "20151021T141410-0400",
      "endTime" : "20151021T141814-0400",
      "duration" : 244.0,
      "distance" : 293.0,
      "steps" : 244
    } ],
    "lastUpdate" : "20151021T194613Z"
  }, {
    "type" : "place",
    "startTime" : "20151021T141813-0400",
    "endTime" : "20151021T150029-0400",
    "activities" : [ {
      "activity" : "walking",
      "group" : "walking",
      "manual" : false,
      "startTime" : "20151021T145835-0400",
      "endTime" : "20151021T145924-0400",
      "duration" : 49.0,
      "distance" : 33.0,
      "steps" : 66
    }, {
      "activity" : "walking",
      "group" : "walking",
      "manual" : false,
      "startTime" : "20151021T150000-0400",
      "endTime" : "20151021T150036-0400",
      "duration" : 36.0,
      "distance" : 25.0,
      "steps" : 50
    } ],
    "lastUpdate" : "20151021T194614Z"
  }, {
    "type" : "move",
    "startTime" : "20151021T150029-0400",
    "endTime" : "20151021T150822-0400",
    "activities" : [ {
      "activity" : "walking",
      "group" : "walking",
      "manual" : false,
      "startTime" : "20151021T150029-0400",
      "endTime" : "20151021T150821-0400",
      "duration" : 472.0,
      "distance" : 427.0,
      "steps" : 549
    } ],
    "lastUpdate" : "20151021T194614Z"
  }, {
    "type" : "place",
    "startTime" : "20151021T150822-0400",
    "endTime" : "20151021T185548-0400",
    "activities" : [ {
      "activity" : "walking",
      "group" : "walking",
      "manual" : false,
      "startTime" : "20151021T150822-0400",
      "endTime" : "20151021T151139-0400",
      "duration" : 197.0,
      "distance" : 213.0,
      "steps" : 285
    }, {
      "activity" : "walking",
      "group" : "walking",
      "manual" : false,
      "startTime" : "20151021T163425-0400",
      "endTime" : "20151021T163601-0400",
      "duration" : 96.0,
      "distance" : 64.0,
      "steps" : 128
    }, {
      "activity" : "walking",
      "group" : "walking",
      "manual" : false,
      "startTime" : "20151021T170311-0400",
      "endTime" : "20151021T170519-0400",
      "duration" : 128.0,
      "distance" : 131.0,
      "steps" : 174
    }, {
      "activity" : "walking",
      "group" : "walking",
      "manual" : false,
      "startTime" : "20151021T180112-0400",
      "endTime" : "20151021T180551-0400",
      "duration" : 279.0,
      "distance" : 299.0,
      "steps" : 398
    } ],
    "lastUpdate" : "20151022T001909Z"
  }, {
    "type" : "move",
    "startTime" : "20151021T185548-0400",
    "endTime" : "20151021T185926-0400",
    "activities" : [ {
      "activity" : "transport",
      "group" : "transport",
      "manual" : false,
      "startTime" : "20151021T185548-0400",
      "endTime" : "20151021T185926-0400",
      "duration" : 218.0,
      "distance" : 6476.0
    } ],
    "lastUpdate" : "20151022T001909Z"
  }, {
    "type" : "place",
    "startTime" : "20151021T185926-0400",
    "endTime" : "20151021T220211-0400",
    "activities" : [ {
      "activity" : "walking",
      "group" : "walking",
      "manual" : false,
      "startTime" : "20151021T190025-0400",
      "endTime" : "20151021T190252-0400",
      "duration" : 147.0,
      "distance" : 152.0,
      "steps" : 202
    }, {
      "activity" : "walking",
      "group" : "walking",
      "manual" : false,
      "startTime" : "20151021T200933-0400",
      "endTime" : "20151021T201025-0400",
      "duration" : 52.0,
      "distance" : 35.0,
      "steps" : 69
    }, {
      "activity" : "walking",
      "group" : "walking",
      "manual" : false,
      "startTime" : "20151021T215724-0400",
      "endTime" : "20151021T215949-0400",
      "duration" : 145.0,
      "distance" : 172.0,
      "steps" : 230
    }, {
      "activity" : "walking",
      "group" : "walking",
      "manual" : false,
      "startTime" : "20151021T220000-0400",
      "endTime" : "20151021T220022-0400",
      "duration" : 22.0,
      "distance" : 15.0,
      "steps" : 29
    } ],
    "lastUpdate" : "20151022T032542Z"
  }, {
    "type" : "move",
    "startTime" : "20151021T220211-0400",
    "endTime" : "20151021T220647-0400",
    "activities" : [ {
      "activity" : "walking",
      "group" : "walking",
      "manual" : false,
      "startTime" : "20151021T220211-0400",
      "endTime" : "20151021T220647-0400",
      "duration" : 276.0,
      "distance" : 263.0,
      "steps" : 388
    } ],
    "lastUpdate" : "20151022T032542Z"
  }, {
    "type" : "place",
    "startTime" : "20151021T220647-0400",
    "endTime" : "20151021T223835-0400",
    "activities" : [ {
      "activity" : "walking",
      "group" : "walking",
      "manual" : false,
      "startTime" : "20151021T220647-0400",
      "endTime" : "20151021T220749-0400",
      "duration" : 62.0,
      "distance" : 42.0,
      "steps" : 85
    } ],
    "lastUpdate" : "20151022T032542Z"
  }, {
    "type" : "move",
    "startTime" : "20151021T223835-0400",
    "endTime" : "20151021T224608-0400",
    "activities" : [ {
      "activity" : "walking",
      "group" : "walking",
      "manual" : false,
      "startTime" : "20151021T223835-0400",
      "endTime" : "20151021T224609-0400",
      "duration" : 454.0,
      "distance" : 523.0,
      "steps" : 567
    } ],
    "lastUpdate" : "20151022T032542Z"
  }, {
    "type" : "place",
    "startTime" : "20151021T224608-0400",
    "endTime" : "20151021T225022-0400",
    "activities" : [ {
      "activity" : "walking",
      "group" : "walking",
      "manual" : false,
      "startTime" : "20151021T224944-0400",
      "endTime" : "20151021T224954-0400",
      "duration" : 10.0,
      "distance" : 7.0,
      "steps" : 13
    } ],
    "lastUpdate" : "20151022T032542Z"
  }, {
    "type" : "move",
    "startTime" : "20151021T225022-0400",
    "endTime" : "20151021T225713-0400",
    "activities" : [ {
      "activity" : "walking",
      "group" : "walking",
      "manual" : false,
      "startTime" : "20151021T225022-0400",
      "endTime" : "20151021T225713-0400",
      "duration" : 411.0,
      "distance" : 389.0,
      "steps" : 516
    } ],
    "lastUpdate" : "20151022T032542Z"
  }, {
    "type" : "place",
    "startTime" : "20151021T225713-0400",
    "endTime" : "20151022T064417-0400",
    "activities" : [ {
      "activity" : "walking",
      "group" : "walking",
      "manual" : false,
      "startTime" : "20151021T225713-0400",
      "endTime" : "20151021T225730-0400",
      "duration" : 17.0,
      "distance" : 11.0,
      "steps" : 23
    } ],
    "lastUpdate" : "20151022T155216Z"
  } ],
  "lastUpdate" : "20151022T155216Z"
}, {
  "date" : "20151022",
  "summary" : [ {
    "activity" : "walking",
    "group" : "walking",
    "duration" : 8737.0,
    "distance" : 9373.0,
    "steps" : 11676
  }, {
    "activity" : "transport",
    "group" : "transport",
    "duration" : 5578.0,
    "distance" : 45169.0
  } ],
  "segments" : [ {
    "type" : "place",
    "startTime" : "20151021T225713-0400",
    "endTime" : "20151022T064417-0400",
    "activities" : [ {
      "activity" : "walking",
      "group" : "walking",
      "manual" : false,
      "startTime" : "20151022T063817-0400",
      "endTime" : "20151022T064031-0400",
      "duration" : 134.0,
      "distance" : 147.0,
      "steps" : 196
    } ],
    "lastUpdate" : "20151022T155216Z"
  }, {
    "type" : "move",
    "startTime" : "20151022T064417-0400",
    "endTime" : "20151022T072744-0400",
    "activities" : [ {
      "activity" : "transport",
      "group" : "transport",
      "manual" : false,
      "startTime" : "20151022T064417-0400",
      "endTime" : "20151022T072543-0400",
      "duration" : 2486.0,
      "distance" : 22273.0
    }, {
      "activity" : "walking",
      "group" : "walking",
      "manual" : false,
      "startTime" : "20151022T072543-0400",
      "endTime" : "20151022T072745-0400",
      "duration" : 122.0,
      "distance" : 245.0,
      "steps" : 245
    } ],
    "lastUpdate" : "20151022T155216Z"
  }, {
    "type" : "place",
    "startTime" : "20151022T072745-0400",
    "endTime" : "20151022T080924-0400",
    "activities" : [ {
      "activity" : "walking",
      "group" : "walking",
      "manual" : false,
      "startTime" : "20151022T072745-0400",
      "endTime" : "20151022T073347-0400",
      "duration" : 362.0,
      "distance" : 371.0,
      "steps" : 494
    }, {
      "activity" : "walking",
      "group" : "walking",
      "manual" : false,
      "startTime" : "20151022T080159-0400",
      "endTime" : "20151022T080349-0400",
      "duration" : 110.0,
      "distance" : 73.0,
      "steps" : 146
    } ],
    "lastUpdate" : "20151022T155216Z"
  }, {
    "type" : "move",
    "startTime" : "20151022T080924-0400",
    "endTime" : "20151022T091116-0400",
    "activities" : [ {
      "activity" : "walking",
      "group" : "walking",
      "manual" : false,
      "startTime" : "20151022T080924-0400",
      "endTime" : "20151022T082146-0400",
      "duration" : 742.0,
      "distance" : 958.0,
      "steps" : 1086
    }, {
      "activity" : "transport",
      "group" : "transport",
      "manual" : false,
      "startTime" : "20151022T082146-0400",
      "endTime" : "20151022T091117-0400",
      "duration" : 2971.0,
      "distance" : 15413.0
    } ],
    "lastUpdate" : "20151022T155216Z"
  }, {
    "type" : "place",
    "startTime" : "20151022T091117-0400",
    "endTime" : "20151022T170319-0400",
    "activities" : [ {
      "activity" : "walking",
      "group" : "walking",
      "manual" : false,
      "startTime" : "20151022T091117-0400",
      "endTime" : "20151022T091823-0400",
      "duration" : 426.0,
      "distance" : 486.0,
      "steps" : 648
    }, {
      "activity" : "walking",
      "group" : "walking",
      "manual" : false,
      "startTime" : "20151022T101510-0400",
      "endTime" : "20151022T101557-0400",
      "duration" : 47.0,
      "distance" : 32.0,
      "steps" : 63
    }, {
      "activity" : "walking",
      "group" : "walking",
      "manual" : false,
      "startTime" : "20151022T114442-0400",
      "endTime" : "20151022T114747-0400",
      "duration" : 185.0,
      "distance" : 190.0,
      "steps" : 253
    }, {
      "activity" : "walking",
      "group" : "walking",
      "manual" : false,
      "startTime" : "20151022T122611-0400",
      "endTime" : "20151022T122758-0400",
      "duration" : 107.0,
      "distance" : 72.0,
      "steps" : 143
    }, {
      "activity" : "walking",
      "group" : "walking",
      "manual" : false,
      "startTime" : "20151022T130125-0400",
      "endTime" : "20151022T130444-0400",
      "duration" : 199.0,
      "distance" : 247.0,
      "steps" : 329
    }, {
      "activity" : "walking",
      "group" : "walking",
      "manual" : false,
      "startTime" : "20151022T140548-0400",
      "endTime" : "20151022T140719-0400",
      "duration" : 91.0,
      "distance" : 66.0,
      "steps" : 131
    }, {
      "activity" : "walking",
      "group" : "walking",
      "manual" : false,
      "startTime" : "20151022T152206-0400",
      "endTime" : "20151022T152638-0400",
      "duration" : 272.0,
      "distance" : 258.0,
      "steps" : 344
    }, {
      "activity" : "walking",
      "group" : "walking",
      "manual" : false,
      "startTime" : "20151022T170040-0400",
      "endTime" : "20151022T170125-0400",
      "duration" : 45.0,
      "distance" : 46.0,
      "steps" : 92
    } ],
    "lastUpdate" : "20151022T225800Z"
  }, {
    "type" : "move",
    "startTime" : "20151022T170319-0400",
    "endTime" : "20151022T171116-0400",
    "activities" : [ {
      "activity" : "walking",
      "group" : "walking",
      "manual" : false,
      "startTime" : "20151022T170319-0400",
      "endTime" : "20151022T171116-0400",
      "duration" : 477.0,
      "distance" : 364.0,
      "steps" : 630
    } ],
    "lastUpdate" : "20151022T225800Z"
  }, {
    "type" : "place",
    "startTime" : "20151022T171116-0400",
    "endTime" : "20151022T172546-0400",
    "activities" : [ {
      "activity" : "walking",
      "group" : "walking",
      "manual" : false,
      "startTime" : "20151022T171122-0400",
      "endTime" : "20151022T171231-0400",
      "duration" : 69.0,
      "distance" : 46.0,
      "steps" : 92
    } ],
    "lastUpdate" : "20151022T225800Z"
  }, {
    "type" : "move",
    "startTime" : "20151022T172546-0400",
    "endTime" : "20151022T172747-0400",
    "activities" : [ {
      "activity" : "transport",
      "group" : "transport",
      "manual" : false,
      "startTime" : "20151022T172546-0400",
      "endTime" : "20151022T172747-0400",
      "duration" : 121.0,
      "distance" : 7483.0
    } ],
    "lastUpdate" : "20151022T225800Z"
  }, {
    "type" : "place",
    "startTime" : "20151022T172748-0400",
    "endTime" : "20151022T173605-0400",
    "activities" : [ {
      "activity" : "walking",
      "group" : "walking",
      "manual" : false,
      "startTime" : "20151022T172748-0400",
      "endTime" : "20151022T172825-0400",
      "duration" : 37.0,
      "distance" : 25.0,
      "steps" : 49
    } ],
    "lastUpdate" : "20151022T225800Z"
  }, {
    "type" : "move",
    "startTime" : "20151022T173605-0400",
    "endTime" : "20151022T175206-0400",
    "activities" : [ {
      "activity" : "walking",
      "group" : "walking",
      "manual" : false,
      "startTime" : "20151022T173605-0400",
      "endTime" : "20151022T175207-0400",
      "duration" : 962.0,
      "distance" : 1190.0,
      "steps" : 1198
    } ],
    "lastUpdate" : "20151022T225800Z"
  }, {
    "type" : "place",
    "startTime" : "20151022T175206-0400",
    "endTime" : "20151022T182456-0400",
    "activities" : [ {
      "activity" : "walking",
      "group" : "walking",
      "manual" : false,
      "startTime" : "20151022T175206-0400",
      "endTime" : "20151022T175207-0400",
      "duration" : 1.0,
      "distance" : 1.0,
      "steps" : 1
    }, {
      "activity" : "walking",
      "group" : "walking",
      "manual" : false,
      "startTime" : "20151022T182152-0400",
      "endTime" : "20151022T182159-0400",
      "duration" : 7.0,
      "distance" : 5.0,
      "steps" : 9
    } ],
    "lastUpdate" : "20151022T225800Z"
  }, {
    "type" : "move",
    "startTime" : "20151022T182456-0400",
    "endTime" : "20151022T182903-0400",
    "activities" : [ {
      "activity" : "walking",
      "group" : "walking",
      "manual" : false,
      "startTime" : "20151022T182456-0400",
      "endTime" : "20151022T182904-0400",
      "duration" : 248.0,
      "distance" : 312.0,
      "steps" : 260
    } ],
    "lastUpdate" : "20151022T225800Z"
  }, {
    "type" : "place",
    "startTime" : "20151022T182903-0400",
    "endTime" : "20151022T221215-0400",
    "activities" : [ {
      "activity" : "walking",
      "group" : "walking",
      "manual" : false,
      "startTime" : "20151022T183231-0400",
      "endTime" : "20151022T183431-0400",
      "duration" : 120.0,
      "distance" : 82.0,
      "steps" : 163
    }, {
      "activity" : "walking",
      "group" : "walking",
      "manual" : false,
      "startTime" : "20151022T191049-0400",
      "endTime" : "20151022T191351-0400",
      "duration" : 182.0,
      "distance" : 182.0,
      "steps" : 242
    }, {
      "activity" : "walking",
      "group" : "walking",
      "manual" : false,
      "startTime" : "20151022T200107-0400",
      "endTime" : "20151022T200331-0400",
      "duration" : 144.0,
      "distance" : 144.0,
      "steps" : 192
    }, {
      "activity" : "walking",
      "group" : "walking",
      "manual" : false,
      "startTime" : "20151022T210621-0400",
      "endTime" : "20151022T210657-0400",
      "duration" : 36.0,
      "distance" : 24.0,
      "steps" : 48
    } ],
    "lastUpdate" : "20151023T214925Z"
  }, {
    "type" : "move",
    "startTime" : "20151022T221215-0400",
    "endTime" : "20151022T230531-0400",
    "activities" : [ {
      "activity" : "walking",
      "group" : "walking",
      "manual" : false,
      "startTime" : "20151022T221215-0400",
      "endTime" : "20151022T230531-0400",
      "duration" : 3196.0,
      "distance" : 3401.0,
      "steps" : 4079
    } ],
    "lastUpdate" : "20151023T214925Z"
  }, {
    "type" : "place",
    "startTime" : "20151022T230531-0400",
    "endTime" : "20151022T233333-0400",
    "activities" : [ {
      "activity" : "walking",
      "group" : "walking",
      "manual" : false,
      "startTime" : "20151022T230531-0400",
      "endTime" : "20151022T230858-0400",
      "duration" : 207.0,
      "distance" : 228.0,
      "steps" : 304
    } ],
    "lastUpdate" : "20151023T214925Z"
  }, {
    "type" : "move",
    "startTime" : "20151022T233333-0400",
    "endTime" : "20151022T233644-0400",
    "activities" : [ {
      "activity" : "walking",
      "group" : "walking",
      "manual" : false,
      "startTime" : "20151022T233333-0400",
      "endTime" : "20151022T233644-0400",
      "duration" : 191.0,
      "distance" : 166.0,
      "steps" : 215
    } ],
    "lastUpdate" : "20151023T214925Z"
  }, {
    "type" : "place",
    "startTime" : "20151022T233644-0400",
    "endTime" : "20151023T080231-0400",
    "activities" : [ {
      "activity" : "walking",
      "group" : "walking",
      "manual" : false,
      "startTime" : "20151022T233730-0400",
      "endTime" : "20151022T233748-0400",
      "duration" : 18.0,
      "distance" : 12.0,
      "steps" : 24
    } ],
    "lastUpdate" : "20151023T214925Z"
  } ],
  "lastUpdate" : "20151023T214925Z"
}, {
  "date" : "20151023",
  "summary" : [ {
    "activity" : "walking",
    "group" : "walking",
    "duration" : 4896.0,
    "distance" : 4879.0,
    "steps" : 6582
  }, {
    "activity" : "transport",
    "group" : "transport",
    "duration" : 2164.0,
    "distance" : 13088.0
  } ],
  "segments" : [ {
    "type" : "place",
    "startTime" : "20151022T233644-0400",
    "endTime" : "20151023T080231-0400",
    "activities" : [ {
      "activity" : "walking",
      "group" : "walking",
      "manual" : false,
      "startTime" : "20151023T075304-0400",
      "endTime" : "20151023T075321-0400",
      "duration" : 17.0,
      "distance" : 11.0,
      "steps" : 22
    }, {
      "activity" : "walking",
      "group" : "walking",
      "manual" : false,
      "startTime" : "20151023T080221-0400",
      "endTime" : "20151023T080721-0400",
      "duration" : 300.0,
      "distance" : 300.0,
      "steps" : 400
    } ],
    "lastUpdate" : "20151023T214925Z"
  }, {
    "type" : "move",
    "startTime" : "20151023T080231-0400",
    "endTime" : "20151023T080606-0400",
    "activities" : [ {
      "activity" : "walking",
      "group" : "walking",
      "manual" : false,
      "startTime" : "20151023T080231-0400",
      "endTime" : "20151023T080606-0400",
      "duration" : 215.0,
      "distance" : 182.0,
      "steps" : 239
    } ],
    "lastUpdate" : "20151023T214925Z"
  }, {
    "type" : "place",
    "startTime" : "20151023T080606-0400",
    "endTime" : "20151023T085106-0400",
    "activities" : [ {
      "activity" : "walking",
      "group" : "walking",
      "manual" : false,
      "startTime" : "20151023T080606-0400",
      "endTime" : "20151023T080929-0400",
      "duration" : 203.0,
      "distance" : 236.0,
      "steps" : 315
    } ],
    "lastUpdate" : "20151023T214925Z"
  }, {
    "type" : "move",
    "startTime" : "20151023T085106-0400",
    "endTime" : "20151023T085654-0400",
    "activities" : [ {
      "activity" : "walking",
      "group" : "walking",
      "manual" : false,
      "startTime" : "20151023T085106-0400",
      "endTime" : "20151023T085654-0400",
      "duration" : 348.0,
      "distance" : 323.0,
      "steps" : 447
    } ],
    "lastUpdate" : "20151023T214925Z"
  }, {
    "type" : "place",
    "startTime" : "20151023T085654-0400",
    "endTime" : "20151023T093957-0400",
    "activities" : [ {
      "activity" : "walking",
      "group" : "walking",
      "manual" : false,
      "startTime" : "20151023T085654-0400",
      "endTime" : "20151023T085710-0400",
      "duration" : 16.0,
      "distance" : 11.0,
      "steps" : 22
    }, {
      "activity" : "walking",
      "group" : "walking",
      "manual" : false,
      "startTime" : "20151023T093940-0400",
      "endTime" : "20151023T093955-0400",
      "duration" : 15.0,
      "distance" : 10.0,
      "steps" : 20
    } ],
    "lastUpdate" : "20151023T214925Z"
  }, {
    "type" : "move",
    "startTime" : "20151023T093957-0400",
    "endTime" : "20151023T100359-0400",
    "activities" : [ {
      "activity" : "walking",
      "group" : "walking",
      "manual" : false,
      "startTime" : "20151023T093957-0400",
      "endTime" : "20151023T094427-0400",
      "duration" : 270.0,
      "distance" : 309.0,
      "steps" : 435
    }, {
      "activity" : "transport",
      "group" : "transport",
      "manual" : false,
      "startTime" : "20151023T094427-0400",
      "endTime" : "20151023T100400-0400",
      "duration" : 1173.0,
      "distance" : 6591.0
    } ],
    "lastUpdate" : "20151023T214925Z"
  }, {
    "type" : "place",
    "startTime" : "20151023T100400-0400",
    "endTime" : "20151023T145417-0400",
    "activities" : [ {
      "activity" : "walking",
      "group" : "walking",
      "manual" : false,
      "startTime" : "20151023T100409-0400",
      "endTime" : "20151023T100556-0400",
      "duration" : 107.0,
      "distance" : 81.0,
      "steps" : 162
    }, {
      "activity" : "walking",
      "group" : "walking",
      "manual" : false,
      "startTime" : "20151023T111245-0400",
      "endTime" : "20151023T111457-0400",
      "duration" : 132.0,
      "distance" : 132.0,
      "steps" : 176
    }, {
      "activity" : "walking",
      "group" : "walking",
      "manual" : false,
      "startTime" : "20151023T120453-0400",
      "endTime" : "20151023T120730-0400",
      "duration" : 157.0,
      "distance" : 164.0,
      "steps" : 219
    }, {
      "activity" : "walking",
      "group" : "walking",
      "manual" : false,
      "startTime" : "20151023T140058-0400",
      "endTime" : "20151023T140639-0400",
      "duration" : 341.0,
      "distance" : 350.0,
      "steps" : 466
    } ],
    "lastUpdate" : "20151023T214925Z"
  }, {
    "type" : "move",
    "startTime" : "20151023T145417-0400",
    "endTime" : "20151023T152442-0400",
    "activities" : [ {
      "activity" : "walking",
      "group" : "walking",
      "manual" : false,
      "startTime" : "20151023T145417-0400",
      "endTime" : "20151023T152443-0400",
      "duration" : 1826.0,
      "distance" : 1815.0,
      "steps" : 2347
    } ],
    "lastUpdate" : "20151023T214925Z"
  }, {
    "type" : "place",
    "startTime" : "20151023T152442-0400",
    "endTime" : "20151023T154518-0400",
    "activities" : [ {
      "activity" : "walking",
      "group" : "walking",
      "manual" : false,
      "startTime" : "20151023T154503-0400",
      "endTime" : "20151023T154520-0400",
      "duration" : 17.0,
      "distance" : 11.0,
      "steps" : 23
    } ],
    "lastUpdate" : "20151023T214925Z"
  }, {
    "type" : "move",
    "startTime" : "20151023T154518-0400",
    "endTime" : "20151023T154926-0400",
    "activities" : [ {
      "activity" : "walking",
      "group" : "walking",
      "manual" : false,
      "startTime" : "20151023T154518-0400",
      "endTime" : "20151023T154926-0400",
      "duration" : 248.0,
      "distance" : 332.0,
      "steps" : 345
    } ],
    "lastUpdate" : "20151023T214925Z"
  }, {
    "type" : "place",
    "startTime" : "20151023T154926-0400",
    "endTime" : "20151023T162733-0400",
    "activities" : [ {
      "activity" : "walking",
      "group" : "walking",
      "manual" : false,
      "startTime" : "20151023T154926-0400",
      "endTime" : "20151023T155019-0400",
      "duration" : 53.0,
      "distance" : 38.0,
      "steps" : 76
    }, {
      "activity" : "walking",
      "group" : "walking",
      "manual" : false,
      "startTime" : "20151023T160346-0400",
      "endTime" : "20151023T160520-0400",
      "duration" : 94.0,
      "distance" : 63.0,
      "steps" : 125
    } ],
    "lastUpdate" : "20151023T214925Z"
  }, {
    "type" : "move",
    "startTime" : "20151023T162733-0400",
    "endTime" : "20151023T165244-0400",
    "activities" : [ {
      "activity" : "walking",
      "group" : "walking",
      "manual" : false,
      "startTime" : "20151023T162733-0400",
      "endTime" : "20151023T163010-0400",
      "duration" : 157.0,
      "distance" : 87.0,
      "steps" : 170
    }, {
      "activity" : "transport",
      "group" : "transport",
      "manual" : false,
      "startTime" : "20151023T163010-0400",
      "endTime" : "20151023T164641-0400",
      "duration" : 991.0,
      "distance" : 6497.0
    }, {
      "activity" : "walking",
      "group" : "walking",
      "manual" : false,
      "startTime" : "20151023T164641-0400",
      "endTime" : "20151023T165244-0400",
      "duration" : 363.0,
      "distance" : 412.0,
      "steps" : 550
    } ],
    "lastUpdate" : "20151023T214925Z"
  }, {
    "type" : "place",
    "startTime" : "20151023T165244-0400",
    "endTime" : "20151023T175125-0400",
    "activities" : [ {
      "activity" : "walking",
      "group" : "walking",
      "manual" : false,
      "startTime" : "20151023T170204-0400",
      "endTime" : "20151023T170221-0400",
      "duration" : 17.0,
      "distance" : 12.0,
      "steps" : 23
    } ],
    "lastUpdate" : "20151025T021019Z"
  } ],
  "lastUpdate" : "20151025T021019Z"
}, {
  "date" : "20151024",
  "summary" : [ {
    "activity" : "walking",
    "group" : "walking",
    "duration" : 745.0,
    "distance" : 846.0,
    "steps" : 925
  } ],
  "segments" : [ {
    "type" : "move",
    "startTime" : "20151024T212257-0400",
    "endTime" : "20151024T212925-0400",
    "activities" : [ {
      "activity" : "walking",
      "group" : "walking",
      "manual" : false,
      "startTime" : "20151024T212257-0400",
      "endTime" : "20151024T212925-0400",
      "duration" : 388.0,
      "distance" : 394.0,
      "steps" : 439
    } ],
    "lastUpdate" : "20151025T021019Z"
  }, {
    "type" : "place",
    "startTime" : "20151024T212926-0400",
    "endTime" : "20151024T214004-0400",
    "activities" : [ {
      "activity" : "walking",
      "group" : "walking",
      "manual" : false,
      "startTime" : "20151024T212926-0400",
      "endTime" : "20151024T213001-0400",
      "duration" : 35.0,
      "distance" : 23.0,
      "steps" : 47
    } ],
    "lastUpdate" : "20151025T021019Z"
  }, {
    "type" : "move",
    "startTime" : "20151024T214004-0400",
    "endTime" : "20151024T214436-0400",
    "activities" : [ {
      "activity" : "walking",
      "group" : "walking",
      "manual" : false,
      "startTime" : "20151024T214004-0400",
      "endTime" : "20151024T214436-0400",
      "duration" : 272.0,
      "distance" : 395.0,
      "steps" : 372
    } ],
    "lastUpdate" : "20151025T021019Z"
  }, {
    "type" : "place",
    "startTime" : "20151024T214436-0400",
    "endTime" : "20151025T083635-0400",
    "activities" : [ {
      "activity" : "walking",
      "group" : "walking",
      "manual" : false,
      "startTime" : "20151024T214436-0400",
      "endTime" : "20151024T214503-0400",
      "duration" : 27.0,
      "distance" : 18.0,
      "steps" : 36
    }, {
      "activity" : "walking",
      "group" : "walking",
      "manual" : false,
      "startTime" : "20151024T231704-0400",
      "endTime" : "20151024T231727-0400",
      "duration" : 23.0,
      "distance" : 16.0,
      "steps" : 31
    } ],
    "lastUpdate" : "20151025T131029Z"
  } ],
  "lastUpdate" : "20151025T131029Z"
}, {
  "date" : "20151025",
  "summary" : [ {
    "activity" : "walking",
    "group" : "walking",
    "duration" : 4042.0,
    "distance" : 4608.0,
    "steps" : 5850
  }, {
    "activity" : "transport",
    "group" : "transport",
    "duration" : 2342.0,
    "distance" : 14014.0
  } ],
  "segments" : [ {
    "type" : "place",
    "startTime" : "20151024T214436-0400",
    "endTime" : "20151025T083635-0400",
    "activities" : [ {
      "activity" : "walking",
      "group" : "walking",
      "manual" : false,
      "startTime" : "20151025T083552-0400",
      "endTime" : "20151025T084230-0400",
      "duration" : 398.0,
      "distance" : 483.0,
      "steps" : 645
    } ],
    "lastUpdate" : "20151025T131029Z"
  }, {
    "type" : "move",
    "startTime" : "20151025T083635-0400",
    "endTime" : "20151025T084152-0400",
    "activities" : [ {
      "activity" : "walking",
      "group" : "walking",
      "manual" : false,
      "startTime" : "20151025T083635-0400",
      "endTime" : "20151025T084152-0400",
      "duration" : 317.0,
      "distance" : 272.0,
      "steps" : 437
    } ],
    "lastUpdate" : "20151025T131029Z"
  }, {
    "type" : "place",
    "startTime" : "20151025T084152-0400",
    "endTime" : "20151025T090759-0400",
    "activities" : [ {
      "activity" : "walking",
      "group" : "walking",
      "manual" : false,
      "startTime" : "20151025T084152-0400",
      "endTime" : "20151025T084154-0400",
      "duration" : 2.0,
      "distance" : 1.0,
      "steps" : 3
    }, {
      "activity" : "walking",
      "group" : "walking",
      "manual" : false,
      "startTime" : "20151025T090626-0400",
      "endTime" : "20151025T090753-0400",
      "duration" : 87.0,
      "distance" : 63.0,
      "steps" : 127
    } ],
    "lastUpdate" : "20151025T144251Z"
  }, {
    "type" : "move",
    "startTime" : "20151025T090759-0400",
    "endTime" : "20151025T091037-0400",
    "activities" : [ {
      "activity" : "walking",
      "group" : "walking",
      "manual" : false,
      "startTime" : "20151025T090759-0400",
      "endTime" : "20151025T091036-0400",
      "duration" : 157.0,
      "distance" : 228.0,
      "steps" : 190
    } ],
    "lastUpdate" : "20151025T144251Z"
  }, {
    "type" : "place",
    "startTime" : "20151025T091037-0400",
    "endTime" : "20151025T173610-0400",
    "activities" : [ {
      "activity" : "walking",
      "group" : "walking",
      "manual" : false,
      "startTime" : "20151025T091217-0400",
      "endTime" : "20151025T091950-0400",
      "duration" : 453.0,
      "distance" : 527.0,
      "steps" : 703
    }, {
      "activity" : "walking",
      "group" : "walking",
      "manual" : false,
      "startTime" : "20151025T102050-0400",
      "endTime" : "20151025T102118-0400",
      "duration" : 28.0,
      "distance" : 19.0,
      "steps" : 37
    }, {
      "activity" : "walking",
      "group" : "walking",
      "manual" : false,
      "startTime" : "20151025T172430-0400",
      "endTime" : "20151025T172500-0400",
      "duration" : 30.0,
      "distance" : 20.0,
      "steps" : 40
    } ],
    "lastUpdate" : "20151025T222911Z"
  }, {
    "type" : "move",
    "startTime" : "20151025T173610-0400",
    "endTime" : "20151025T174126-0400",
    "activities" : [ {
      "activity" : "walking",
      "group" : "walking",
      "manual" : false,
      "startTime" : "20151025T173610-0400",
      "endTime" : "20151025T174126-0400",
      "duration" : 316.0,
      "distance" : 275.0,
      "steps" : 432
    } ],
    "lastUpdate" : "20151025T222911Z"
  }, {
    "type" : "place",
    "startTime" : "20151025T174126-0400",
    "endTime" : "20151025T180916-0400",
    "activities" : [ {
      "activity" : "walking",
      "group" : "walking",
      "manual" : false,
      "startTime" : "20151025T174126-0400",
      "endTime" : "20151025T174154-0400",
      "duration" : 28.0,
      "distance" : 19.0,
      "steps" : 38
    } ],
    "lastUpdate" : "20151025T222911Z"
  }, {
    "type" : "move",
    "startTime" : "20151025T180916-0400",
    "endTime" : "20151025T181356-0400",
    "activities" : [ {
      "activity" : "walking",
      "group" : "walking",
      "manual" : false,
      "startTime" : "20151025T180916-0400",
      "endTime" : "20151025T181356-0400",
      "duration" : 280.0,
      "distance" : 242.0,
      "steps" : 366
    } ],
    "lastUpdate" : "20151025T222911Z"
  }, {
    "type" : "place",
    "startTime" : "20151025T181356-0400",
    "endTime" : "20151025T191936-0400",
    "activities" : [ {
      "activity" : "walking",
      "group" : "walking",
      "manual" : false,
      "startTime" : "20151025T181356-0400",
      "endTime" : "20151025T181537-0400",
      "duration" : 101.0,
      "distance" : 67.0,
      "steps" : 135
    }, {
      "activity" : "walking",
      "group" : "walking",
      "manual" : false,
      "startTime" : "20151025T190157-0400",
      "endTime" : "20151025T190922-0400",
      "duration" : 445.0,
      "distance" : 454.0,
      "steps" : 605
    } ],
    "lastUpdate" : "20151026T013319Z"
  }, {
    "type" : "move",
    "startTime" : "20151025T191936-0400",
    "endTime" : "20151025T192736-0400",
    "activities" : [ {
      "activity" : "transport",
      "group" : "transport",
      "manual" : false,
      "startTime" : "20151025T191936-0400",
      "endTime" : "20151025T192737-0400",
      "duration" : 481.0,
      "distance" : 1603.0
    } ],
    "lastUpdate" : "20151026T013319Z"
  }, {
    "type" : "move",
    "startTime" : "20151025T194611-0400",
    "endTime" : "20151025T195222-0400",
    "activities" : [ {
      "activity" : "transport",
      "group" : "transport",
      "manual" : false,
      "startTime" : "20151025T194611-0400",
      "endTime" : "20151025T195222-0400",
      "duration" : 371.0,
      "distance" : 1887.0
    } ],
    "lastUpdate" : "20151026T013319Z"
  }, {
    "type" : "place",
    "startTime" : "20151025T195222-0400",
    "endTime" : "20151025T210505-0400",
    "activities" : [ {
      "activity" : "walking",
      "group" : "walking",
      "manual" : false,
      "startTime" : "20151025T195222-0400",
      "endTime" : "20151025T195444-0400",
      "duration" : 142.0,
      "distance" : 153.0,
      "steps" : 203
    }, {
      "activity" : "walking",
      "group" : "walking",
      "manual" : false,
      "startTime" : "20151025T203826-0400",
      "endTime" : "20151025T204108-0400",
      "duration" : 162.0,
      "distance" : 199.0,
      "steps" : 265
    }, {
      "activity" : "walking",
      "group" : "walking",
      "manual" : false,
      "startTime" : "20151025T210028-0400",
      "endTime" : "20151025T210042-0400",
      "duration" : 14.0,
      "distance" : 10.0,
      "steps" : 19
    } ],
    "lastUpdate" : "20151026T103853Z"
  }, {
    "type" : "move",
    "startTime" : "20151025T210505-0400",
    "endTime" : "20151025T212719-0400",
    "activities" : [ {
      "activity" : "transport",
      "group" : "transport",
      "manual" : false,
      "startTime" : "20151025T210505-0400",
      "endTime" : "20151025T211706-0400",
      "duration" : 721.0,
      "distance" : 1107.0
    }, {
      "activity" : "walking",
      "group" : "walking",
      "manual" : false,
      "startTime" : "20151025T211706-0400",
      "endTime" : "20151025T212720-0400",
      "duration" : 614.0,
      "distance" : 1048.0,
      "steps" : 873
    } ],
    "lastUpdate" : "20151026T103853Z"
  }, {
    "type" : "place",
    "startTime" : "20151025T212719-0400",
    "endTime" : "20151025T220247-0400",
    "activities" : [ {
      "activity" : "walking",
      "group" : "walking",
      "manual" : false,
      "startTime" : "20151025T212800-0400",
      "endTime" : "20151025T213444-0400",
      "duration" : 404.0,
      "distance" : 485.0,
      "steps" : 647
    }, {
      "activity" : "walking",
      "group" : "walking",
      "manual" : false,
      "startTime" : "20151025T220239-0400",
      "endTime" : "20151025T220343-0400",
      "duration" : 64.0,
      "distance" : 43.0,
      "steps" : 85
    } ],
    "lastUpdate" : "20151026T121321Z"
  }, {
    "type" : "move",
    "startTime" : "20151025T220247-0400",
    "endTime" : "20151025T221535-0400",
    "activities" : [ {
      "activity" : "transport",
      "group" : "transport",
      "manual" : false,
      "startTime" : "20151025T220247-0400",
      "endTime" : "20151025T221536-0400",
      "duration" : 769.0,
      "distance" : 9417.0
    } ],
    "lastUpdate" : "20151026T121321Z"
  } ],
  "lastUpdate" : "20151026T121321Z"
}, {
  "date" : "20151026",
  "summary" : [ {
    "activity" : "walking",
    "group" : "walking",
    "duration" : 4813.0,
    "distance" : 5439.0,
    "steps" : 6246
  }, {
    "activity" : "transport",
    "group" : "transport",
    "duration" : 2252.0,
    "distance" : 14303.0
  } ],
  "segments" : [ {
    "type" : "move",
    "startTime" : "20151026T080903-0400",
    "endTime" : "20151026T081503-0400",
    "activities" : [ {
      "activity" : "walking",
      "group" : "walking",
      "manual" : false,
      "startTime" : "20151026T080903-0400",
      "endTime" : "20151026T081504-0400",
      "duration" : 361.0,
      "distance" : 203.0,
      "steps" : 405
    } ],
    "lastUpdate" : "20151026T134810Z"
  }, {
    "type" : "move",
    "startTime" : "20151026T090004-0400",
    "endTime" : "20151026T090618-0400",
    "activities" : [ {
      "activity" : "walking",
      "group" : "walking",
      "manual" : false,
      "startTime" : "20151026T090004-0400",
      "endTime" : "20151026T090619-0400",
      "duration" : 375.0,
      "distance" : 432.0,
      "steps" : 449
    } ],
    "lastUpdate" : "20151026T134810Z"
  }, {
    "type" : "place",
    "startTime" : "20151026T090619-0400",
    "endTime" : "20151026T092008-0400",
    "activities" : [ {
      "activity" : "walking",
      "group" : "walking",
      "manual" : false,
      "startTime" : "20151026T090619-0400",
      "endTime" : "20151026T090821-0400",
      "duration" : 122.0,
      "distance" : 125.0,
      "steps" : 167
    } ],
    "lastUpdate" : "20151026T134810Z"
  }, {
    "type" : "move",
    "startTime" : "20151026T092008-0400",
    "endTime" : "20151026T093009-0400",
    "activities" : [ {
      "activity" : "transport",
      "group" : "transport",
      "manual" : false,
      "startTime" : "20151026T092008-0400",
      "endTime" : "20151026T092319-0400",
      "duration" : 191.0,
      "distance" : 6364.0
    }, {
      "activity" : "walking",
      "group" : "walking",
      "manual" : false,
      "startTime" : "20151026T092319-0400",
      "endTime" : "20151026T093009-0400",
      "duration" : 410.0,
      "distance" : 618.0,
      "steps" : 515
    } ],
    "lastUpdate" : "20151026T134810Z"
  }, {
    "type" : "place",
    "startTime" : "20151026T093009-0400",
    "endTime" : "20151026T130126-0400",
    "activities" : [ {
      "activity" : "walking",
      "group" : "walking",
      "manual" : false,
      "startTime" : "20151026T093210-0400",
      "endTime" : "20151026T093303-0400",
      "duration" : 53.0,
      "distance" : 36.0,
      "steps" : 71
    }, {
      "activity" : "walking",
      "group" : "walking",
      "manual" : false,
      "startTime" : "20151026T114720-0400",
      "endTime" : "20151026T114805-0400",
      "duration" : 45.0,
      "distance" : 36.0,
      "steps" : 71
    }, {
      "activity" : "walking",
      "group" : "walking",
      "manual" : false,
      "startTime" : "20151026T120407-0400",
      "endTime" : "20151026T120551-0400",
      "duration" : 104.0,
      "distance" : 70.0,
      "steps" : 139
    } ],
    "lastUpdate" : "20151026T183035Z"
  }, {
    "type" : "move",
    "startTime" : "20151026T130126-0400",
    "endTime" : "20151026T130731-0400",
    "activities" : [ {
      "activity" : "walking",
      "group" : "walking",
      "manual" : false,
      "startTime" : "20151026T130126-0400",
      "endTime" : "20151026T130732-0400",
      "duration" : 366.0,
      "distance" : 474.0,
      "steps" : 461
    } ],
    "lastUpdate" : "20151026T183035Z"
  }, {
    "type" : "move",
    "startTime" : "20151026T131648-0400",
    "endTime" : "20151026T132330-0400",
    "activities" : [ {
      "activity" : "walking",
      "group" : "walking",
      "manual" : false,
      "startTime" : "20151026T131648-0400",
      "endTime" : "20151026T132330-0400",
      "duration" : 402.0,
      "distance" : 378.0,
      "steps" : 499
    } ],
    "lastUpdate" : "20151026T183035Z"
  }, {
    "type" : "place",
    "startTime" : "20151026T132330-0400",
    "endTime" : "20151026T162153-0400",
    "activities" : [ {
      "activity" : "walking",
      "group" : "walking",
      "manual" : false,
      "startTime" : "20151026T132540-0400",
      "endTime" : "20151026T132800-0400",
      "duration" : 140.0,
      "distance" : 164.0,
      "steps" : 219
    }, {
      "activity" : "walking",
      "group" : "walking",
      "manual" : false,
      "startTime" : "20151026T141614-0400",
      "endTime" : "20151026T141915-0400",
      "duration" : 181.0,
      "distance" : 203.0,
      "steps" : 271
    } ],
    "lastUpdate" : "20151026T233036Z"
  }, {
    "type" : "place",
    "startTime" : "20151026T175957-0400",
    "endTime" : "20151026T183357-0400",
    "activities" : [ {
      "activity" : "walking",
      "group" : "walking",
      "manual" : false,
      "startTime" : "20151026T181204-0400",
      "endTime" : "20151026T181505-0400",
      "duration" : 181.0,
      "distance" : 198.0,
      "steps" : 264
    } ],
    "lastUpdate" : "20151026T233036Z"
  }, {
    "type" : "move",
    "startTime" : "20151026T183357-0400",
    "endTime" : "20151026T190847-0400",
    "activities" : [ {
      "activity" : "transport",
      "group" : "transport",
      "manual" : false,
      "startTime" : "20151026T183357-0400",
      "endTime" : "20151026T184847-0400",
      "duration" : 890.0,
      "distance" : 4607.0
    }, {
      "activity" : "walking",
      "group" : "walking",
      "manual" : false,
      "startTime" : "20151026T184847-0400",
      "endTime" : "20151026T185247-0400",
      "duration" : 240.0,
      "distance" : 140.0,
      "steps" : 255
    }, {
      "activity" : "transport",
      "group" : "transport",
      "manual" : false,
      "startTime" : "20151026T185248-0400",
      "endTime" : "20151026T185818-0400",
      "duration" : 330.0,
      "distance" : 1390.0
    }, {
      "activity" : "walking",
      "group" : "walking",
      "manual" : false,
      "startTime" : "20151026T185818-0400",
      "endTime" : "20151026T190848-0400",
      "duration" : 630.0,
      "distance" : 612.0,
      "steps" : 724
    } ],
    "lastUpdate" : "20151026T233036Z"
  }, {
    "type" : "place",
    "startTime" : "20151026T190848-0400",
    "endTime" : "20151026T212454-0400",
    "activities" : [ {
      "activity" : "walking",
      "group" : "walking",
      "manual" : false,
      "startTime" : "20151026T211114-0400",
      "endTime" : "20151026T211320-0400",
      "duration" : 126.0,
      "distance" : 126.0,
      "steps" : 168
    } ],
    "lastUpdate" : "20151027T023523Z"
  }, {
    "type" : "move",
    "startTime" : "20151026T212454-0400",
    "endTime" : "20151026T215633-0400",
    "activities" : [ {
      "activity" : "walking",
      "group" : "walking",
      "manual" : false,
      "startTime" : "20151026T212454-0400",
      "endTime" : "20151026T213658-0400",
      "duration" : 724.0,
      "distance" : 1177.0,
      "steps" : 1058
    }, {
      "activity" : "transport",
      "group" : "transport",
      "manual" : false,
      "startTime" : "20151026T213658-0400",
      "endTime" : "20151026T215059-0400",
      "duration" : 841.0,
      "distance" : 1942.0
    }, {
      "activity" : "walking",
      "group" : "walking",
      "manual" : false,
      "startTime" : "20151026T215059-0400",
      "endTime" : "20151026T215633-0400",
      "duration" : 334.0,
      "distance" : 434.0,
      "steps" : 484
    } ],
    "lastUpdate" : "20151027T023523Z"
  }, {
    "type" : "place",
    "startTime" : "20151026T215633-0400",
    "endTime" : "20151027T085001-0400",
    "activities" : [ {
      "activity" : "walking",
      "group" : "walking",
      "manual" : false,
      "startTime" : "20151026T215633-0400",
      "endTime" : "20151026T215652-0400",
      "duration" : 19.0,
      "distance" : 13.0,
      "steps" : 26
    } ],
    "lastUpdate" : "20151027T162344Z"
  } ],
  "lastUpdate" : "20151027T162344Z"
}, {
  "date" : "20151027",
  "summary" : [ {
    "activity" : "walking",
    "group" : "walking",
    "duration" : 4766.0,
    "distance" : 5949.0,
    "steps" : 6274
  }, {
    "activity" : "transport",
    "group" : "transport",
    "duration" : 1402.0,
    "distance" : 11921.0
  }, {
    "activity" : "cycling",
    "group" : "cycling",
    "duration" : 465.0,
    "distance" : 1312.0
  } ],
  "segments" : [ {
    "type" : "place",
    "startTime" : "20151026T215633-0400",
    "endTime" : "20151027T085001-0400",
    "activities" : [ {
      "activity" : "walking",
      "group" : "walking",
      "manual" : false,
      "startTime" : "20151027T080544-0400",
      "endTime" : "20151027T081034-0400",
      "duration" : 290.0,
      "distance" : 312.0,
      "steps" : 416
    } ],
    "lastUpdate" : "20151027T162344Z"
  }, {
    "type" : "move",
    "startTime" : "20151027T085001-0400",
    "endTime" : "20151027T092344-0400",
    "activities" : [ {
      "activity" : "walking",
      "group" : "walking",
      "manual" : false,
      "startTime" : "20151027T085001-0400",
      "endTime" : "20151027T085715-0400",
      "duration" : 434.0,
      "distance" : 636.0,
      "steps" : 530
    }, {
      "activity" : "transport",
      "group" : "transport",
      "manual" : false,
      "startTime" : "20151027T085715-0400",
      "endTime" : "20151027T091316-0400",
      "duration" : 961.0,
      "distance" : 6502.0
    }, {
      "activity" : "walking",
      "group" : "walking",
      "manual" : false,
      "startTime" : "20151027T091315-0400",
      "endTime" : "20151027T092344-0400",
      "duration" : 629.0,
      "distance" : 848.0,
      "steps" : 706
    } ],
    "lastUpdate" : "20151027T162344Z"
  }, {
    "type" : "place",
    "startTime" : "20151027T092344-0400",
    "endTime" : "20151027T122537-0400",
    "activities" : [ {
      "activity" : "walking",
      "group" : "walking",
      "manual" : false,
      "startTime" : "20151027T092344-0400",
      "endTime" : "20151027T092407-0400",
      "duration" : 23.0,
      "distance" : 15.0,
      "steps" : 31
    }, {
      "activity" : "walking",
      "group" : "walking",
      "manual" : false,
      "startTime" : "20151027T100348-0400",
      "endTime" : "20151027T100559-0400",
      "duration" : 131.0,
      "distance" : 131.0,
      "steps" : 174
    }, {
      "activity" : "walking",
      "group" : "walking",
      "manual" : false,
      "startTime" : "20151027T113731-0400",
      "endTime" : "20151027T114010-0400",
      "duration" : 159.0,
      "distance" : 167.0,
      "steps" : 222
    } ],
    "lastUpdate" : "20151027T175413Z"
  }, {
    "type" : "place",
    "startTime" : "20151027T122537-0400",
    "endTime" : "20151027T155203-0400",
    "activities" : [ {
      "activity" : "walking",
      "group" : "walking",
      "manual" : false,
      "startTime" : "20151027T125809-0400",
      "endTime" : "20151027T125858-0400",
      "duration" : 49.0,
      "distance" : 33.0,
      "steps" : 65
    }, {
      "activity" : "walking",
      "group" : "walking",
      "manual" : false,
      "startTime" : "20151027T131840-0400",
      "endTime" : "20151027T132230-0400",
      "duration" : 230.0,
      "distance" : 248.0,
      "steps" : 331
    }, {
      "activity" : "walking",
      "group" : "walking",
      "manual" : false,
      "startTime" : "20151027T140018-0400",
      "endTime" : "20151027T140146-0400",
      "duration" : 88.0,
      "distance" : 61.0,
      "steps" : 121
    }, {
      "activity" : "walking",
      "group" : "walking",
      "manual" : false,
      "startTime" : "20151027T153103-0400",
      "endTime" : "20151027T153503-0400",
      "duration" : 240.0,
      "distance" : 251.0,
      "steps" : 334
    } ],
    "lastUpdate" : "20151027T212906Z"
  }, {
    "type" : "move",
    "startTime" : "20151027T155203-0400",
    "endTime" : "20151027T160338-0400",
    "activities" : [ {
      "activity" : "transport",
      "group" : "transport",
      "manual" : false,
      "startTime" : "20151027T155203-0400",
      "endTime" : "20151027T155924-0400",
      "duration" : 441.0,
      "distance" : 5419.0
    }, {
      "activity" : "walking",
      "group" : "walking",
      "manual" : false,
      "startTime" : "20151027T155924-0400",
      "endTime" : "20151027T160339-0400",
      "duration" : 255.0,
      "distance" : 409.0,
      "steps" : 342
    } ],
    "lastUpdate" : "20151027T212906Z"
  }, {
    "type" : "place",
    "startTime" : "20151027T160338-0400",
    "endTime" : "20151027T182819-0400",
    "activities" : [ {
      "activity" : "walking",
      "group" : "walking",
      "manual" : false,
      "startTime" : "20151027T160414-0400",
      "endTime" : "20151027T160429-0400",
      "duration" : 15.0,
      "distance" : 10.0,
      "steps" : 20
    }, {
      "activity" : "walking",
      "group" : "walking",
      "manual" : false,
      "startTime" : "20151027T182607-0400",
      "endTime" : "20151027T182934-0400",
      "duration" : 207.0,
      "distance" : 216.0,
      "steps" : 287
    } ],
    "lastUpdate" : "20151028T003206Z"
  }, {
    "type" : "move",
    "startTime" : "20151027T182819-0400",
    "endTime" : "20151027T184637-0400",
    "activities" : [ {
      "activity" : "cycling",
      "group" : "cycling",
      "manual" : false,
      "startTime" : "20151027T182819-0400",
      "endTime" : "20151027T183604-0400",
      "duration" : 465.0,
      "distance" : 1312.0
    }, {
      "activity" : "walking",
      "group" : "walking",
      "manual" : false,
      "startTime" : "20151027T183604-0400",
      "endTime" : "20151027T184637-0400",
      "duration" : 633.0,
      "distance" : 651.0,
      "steps" : 639
    } ],
    "lastUpdate" : "20151028T003206Z"
  }, {
    "type" : "place",
    "startTime" : "20151027T184638-0400",
    "endTime" : "20151027T214051-0400",
    "activities" : [ {
      "activity" : "walking",
      "group" : "walking",
      "manual" : false,
      "startTime" : "20151027T185145-0400",
      "endTime" : "20151027T185310-0400",
      "duration" : 85.0,
      "distance" : 57.0,
      "steps" : 113
    }, {
      "activity" : "walking",
      "group" : "walking",
      "manual" : false,
      "startTime" : "20151027T213612-0400",
      "endTime" : "20151027T213834-0400",
      "duration" : 142.0,
      "distance" : 142.0,
      "steps" : 189
    } ],
    "lastUpdate" : "20151028T033416Z"
  }, {
    "type" : "move",
    "startTime" : "20151027T214051-0400",
    "endTime" : "20151027T215843-0400",
    "activities" : [ {
      "activity" : "walking",
      "group" : "walking",
      "manual" : false,
      "startTime" : "20151027T214051-0400",
      "endTime" : "20151027T215844-0400",
      "duration" : 1073.0,
      "distance" : 1714.0,
      "steps" : 1658
    } ],
    "lastUpdate" : "20151028T033416Z"
  }, {
    "type" : "move",
    "startTime" : "20151027T215843-0400",
    "endTime" : "20151027T215939-0400",
    "activities" : [ {
      "activity" : "walking",
      "group" : "walking",
      "manual" : false,
      "startTime" : "20151027T215843-0400",
      "endTime" : "20151027T215940-0400",
      "duration" : 57.0,
      "distance" : 30.0,
      "steps" : 61
    } ],
    "lastUpdate" : "20151028T142623Z"
  }, {
    "type" : "place",
    "startTime" : "20151027T215939-0400",
    "endTime" : "20151028T092940-0400",
    "activities" : [ {
      "activity" : "walking",
      "group" : "walking",
      "manual" : false,
      "startTime" : "20151027T220347-0400",
      "endTime" : "20151027T220359-0400",
      "duration" : 12.0,
      "distance" : 8.0,
      "steps" : 16
    }, {
      "activity" : "walking",
      "group" : "walking",
      "manual" : false,
      "startTime" : "20151027T232846-0400",
      "endTime" : "20151027T232900-0400",
      "duration" : 14.0,
      "distance" : 10.0,
      "steps" : 19
    } ],
    "lastUpdate" : "20151028T142623Z"
  } ],
  "lastUpdate" : "20151028T142623Z"
}, {
  "date" : "20151028",
  "summary" : [ {
    "activity" : "walking",
    "group" : "walking",
    "duration" : 4138.0,
    "distance" : 4586.0,
    "steps" : 5658
  }, {
    "activity" : "transport",
    "group" : "transport",
    "duration" : 4438.0,
    "distance" : 46404.0
  } ],
  "segments" : [ {
    "type" : "place",
    "startTime" : "20151027T215939-0400",
    "endTime" : "20151028T092940-0400",
    "activities" : [ {
      "activity" : "walking",
      "group" : "walking",
      "manual" : false,
      "startTime" : "20151028T083934-0400",
      "endTime" : "20151028T084512-0400",
      "duration" : 338.0,
      "distance" : 387.0,
      "steps" : 516
    } ],
    "lastUpdate" : "20151028T142623Z"
  }, {
    "type" : "move",
    "startTime" : "20151028T092940-0400",
    "endTime" : "20151028T095657-0400",
    "activities" : [ {
      "activity" : "walking",
      "group" : "walking",
      "manual" : false,
      "startTime" : "20151028T092940-0400",
      "endTime" : "20151028T093623-0400",
      "duration" : 403.0,
      "distance" : 581.0,
      "steps" : 484
    }, {
      "activity" : "transport",
      "group" : "transport",
      "manual" : false,
      "startTime" : "20151028T093623-0400",
      "endTime" : "20151028T094924-0400",
      "duration" : 781.0,
      "distance" : 6376.0
    }, {
      "activity" : "walking",
      "group" : "walking",
      "manual" : false,
      "startTime" : "20151028T094923-0400",
      "endTime" : "20151028T095657-0400",
      "duration" : 454.0,
      "distance" : 741.0,
      "steps" : 618
    } ],
    "lastUpdate" : "20151028T142623Z"
  }, {
    "type" : "place",
    "startTime" : "20151028T095657-0400",
    "endTime" : "20151028T172624-0400",
    "activities" : [ {
      "activity" : "walking",
      "group" : "walking",
      "manual" : false,
      "startTime" : "20151028T095657-0400",
      "endTime" : "20151028T095742-0400",
      "duration" : 45.0,
      "distance" : 30.0,
      "steps" : 60
    }, {
      "activity" : "walking",
      "group" : "walking",
      "manual" : false,
      "startTime" : "20151028T100759-0400",
      "endTime" : "20151028T101005-0400",
      "duration" : 126.0,
      "distance" : 125.0,
      "steps" : 167
    }, {
      "activity" : "walking",
      "group" : "walking",
      "manual" : false,
      "startTime" : "20151028T113526-0400",
      "endTime" : "20151028T113813-0400",
      "duration" : 167.0,
      "distance" : 167.0,
      "steps" : 222
    }, {
      "activity" : "walking",
      "group" : "walking",
      "manual" : false,
      "startTime" : "20151028T130857-0400",
      "endTime" : "20151028T131055-0400",
      "duration" : 118.0,
      "distance" : 79.0,
      "steps" : 157
    }, {
      "activity" : "walking",
      "group" : "walking",
      "manual" : false,
      "startTime" : "20151028T143612-0400",
      "endTime" : "20151028T143957-0400",
      "duration" : 225.0,
      "distance" : 232.0,
      "steps" : 309
    }, {
      "activity" : "walking",
      "group" : "walking",
      "manual" : false,
      "startTime" : "20151028T170131-0400",
      "endTime" : "20151028T170157-0400",
      "duration" : 26.0,
      "distance" : 18.0,
      "steps" : 35
    } ],
    "lastUpdate" : "20151029T040551Z"
  }, {
    "type" : "move",
    "startTime" : "20151028T172624-0400",
    "endTime" : "20151028T173150-0400",
    "activities" : [ {
      "activity" : "walking",
      "group" : "walking",
      "manual" : false,
      "startTime" : "20151028T172624-0400",
      "endTime" : "20151028T173151-0400",
      "duration" : 327.0,
      "distance" : 163.0,
      "steps" : 215
    } ],
    "lastUpdate" : "20151029T040551Z"
  }, {
    "type" : "place",
    "startTime" : "20151028T173151-0400",
    "endTime" : "20151028T184154-0400",
    "activities" : [ {
      "activity" : "walking",
      "group" : "walking",
      "manual" : false,
      "startTime" : "20151028T183832-0400",
      "endTime" : "20151028T184016-0400",
      "duration" : 104.0,
      "distance" : 94.0,
      "steps" : 187
    } ],
    "lastUpdate" : "20151029T040551Z"
  }, {
    "type" : "move",
    "startTime" : "20151028T184154-0400",
    "endTime" : "20151028T190148-0400",
    "activities" : [ {
      "activity" : "transport",
      "group" : "transport",
      "manual" : false,
      "startTime" : "20151028T184154-0400",
      "endTime" : "20151028T185513-0400",
      "duration" : 799.0,
      "distance" : 6487.0
    }, {
      "activity" : "walking",
      "group" : "walking",
      "manual" : false,
      "startTime" : "20151028T185513-0400",
      "endTime" : "20151028T190149-0400",
      "duration" : 396.0,
      "distance" : 517.0,
      "steps" : 719
    } ],
    "lastUpdate" : "20151029T040551Z"
  }, {
    "type" : "place",
    "startTime" : "20151028T190148-0400",
    "endTime" : "20151028T200329-0400",
    "activities" : [ {
      "activity" : "walking",
      "group" : "walking",
      "manual" : false,
      "startTime" : "20151028T190148-0400",
      "endTime" : "20151028T190225-0400",
      "duration" : 37.0,
      "distance" : 25.0,
      "steps" : 49
    }, {
      "activity" : "walking",
      "group" : "walking",
      "manual" : false,
      "startTime" : "20151028T200012-0400",
      "endTime" : "20151028T200053-0400",
      "duration" : 41.0,
      "distance" : 28.0,
      "steps" : 55
    } ],
    "lastUpdate" : "20151029T142143Z"
  }, {
    "type" : "move",
    "startTime" : "20151028T200329-0400",
    "endTime" : "20151028T200547-0400",
    "activities" : [ {
      "activity" : "walking",
      "group" : "walking",
      "manual" : false,
      "startTime" : "20151028T200329-0400",
      "endTime" : "20151028T200548-0400",
      "duration" : 139.0,
      "distance" : 216.0,
      "steps" : 262
    } ],
    "lastUpdate" : "20151029T142143Z"
  }, {
    "type" : "place",
    "startTime" : "20151028T200547-0400",
    "endTime" : "20151028T205132-0400",
    "activities" : [ {
      "activity" : "walking",
      "group" : "walking",
      "manual" : false,
      "startTime" : "20151028T200547-0400",
      "endTime" : "20151028T200807-0400",
      "duration" : 140.0,
      "distance" : 161.0,
      "steps" : 214
    } ],
    "lastUpdate" : "20151029T142143Z"
  }, {
    "type" : "move",
    "startTime" : "20151028T205132-0400",
    "endTime" : "20151028T211111-0400",
    "activities" : [ {
      "activity" : "transport",
      "group" : "transport",
      "manual" : false,
      "startTime" : "20151028T205132-0400",
      "endTime" : "20151028T211112-0400",
      "duration" : 1180.0,
      "distance" : 14580.0
    } ],
    "lastUpdate" : "20151029T142143Z"
  }, {
    "type" : "place",
    "startTime" : "20151028T211111-0400",
    "endTime" : "20151028T221453-0400",
    "activities" : [ {
      "activity" : "walking",
      "group" : "walking",
      "manual" : false,
      "startTime" : "20151028T211111-0400",
      "endTime" : "20151028T211607-0400",
      "duration" : 296.0,
      "distance" : 323.0,
      "steps" : 431
    }, {
      "activity" : "walking",
      "group" : "walking",
      "manual" : false,
      "startTime" : "20151028T220019-0400",
      "endTime" : "20151028T220400-0400",
      "duration" : 221.0,
      "distance" : 239.0,
      "steps" : 318
    } ],
    "lastUpdate" : "20151029T142143Z"
  }, {
    "type" : "move",
    "startTime" : "20151028T221453-0400",
    "endTime" : "20151028T221652-0400",
    "activities" : [ {
      "activity" : "transport",
      "group" : "transport",
      "manual" : false,
      "startTime" : "20151028T221453-0400",
      "endTime" : "20151028T221653-0400",
      "duration" : 120.0,
      "distance" : 626.0
    } ],
    "lastUpdate" : "20151029T142143Z"
  }, {
    "type" : "place",
    "startTime" : "20151028T221653-0400",
    "endTime" : "20151028T223642-0400",
    "activities" : [ {
      "activity" : "walking",
      "group" : "walking",
      "manual" : false,
      "startTime" : "20151028T221731-0400",
      "endTime" : "20151028T221833-0400",
      "duration" : 62.0,
      "distance" : 41.0,
      "steps" : 82
    } ],
    "lastUpdate" : "20151029T142143Z"
  }, {
    "type" : "move",
    "startTime" : "20151028T223642-0400",
    "endTime" : "20151028T224511-0400",
    "activities" : [ {
      "activity" : "transport",
      "group" : "transport",
      "manual" : false,
      "startTime" : "20151028T223642-0400",
      "endTime" : "20151028T224512-0400",
      "duration" : 510.0,
      "distance" : 4117.0
    } ],
    "lastUpdate" : "20151029T142143Z"
  }, {
    "type" : "place",
    "startTime" : "20151028T224511-0400",
    "endTime" : "20151028T231128-0400",
    "activities" : [ {
      "activity" : "walking",
      "group" : "walking",
      "manual" : false,
      "startTime" : "20151028T224625-0400",
      "endTime" : "20151028T224859-0400",
      "duration" : 154.0,
      "distance" : 154.0,
      "steps" : 205
    }, {
      "activity" : "walking",
      "group" : "walking",
      "manual" : false,
      "startTime" : "20151028T230032-0400",
      "endTime" : "20151028T230551-0400",
      "duration" : 319.0,
      "distance" : 265.0,
      "steps" : 353
    } ],
    "lastUpdate" : "20151029T142143Z"
  }, {
    "type" : "move",
    "startTime" : "20151028T234131-0400",
    "endTime" : "20151028T235859-0400",
    "activities" : [ {
      "activity" : "transport",
      "group" : "transport",
      "manual" : false,
      "startTime" : "20151028T234131-0400",
      "endTime" : "20151028T235859-0400",
      "duration" : 1048.0,
      "distance" : 14218.0
    } ],
    "lastUpdate" : "20151029T142143Z"
  } ],
  "lastUpdate" : "20151029T142143Z"
}, {
  "date" : "20151029",
  "summary" : [ {
    "activity" : "walking",
    "group" : "walking",
    "duration" : 4861.0,
    "distance" : 4893.0,
    "steps" : 6402
  }, {
    "activity" : "transport",
    "group" : "transport",
    "duration" : 1702.0,
    "distance" : 12873.0
  } ],
  "segments" : [ {
    "type" : "place",
    "startTime" : "20151028T235859-0400",
    "endTime" : "20151029T092211-0400",
    "activities" : [ {
      "activity" : "walking",
      "group" : "walking",
      "manual" : false,
      "startTime" : "20151029T000314-0400",
      "endTime" : "20151029T000942-0400",
      "duration" : 388.0,
      "distance" : 429.0,
      "steps" : 572
    } ],
    "lastUpdate" : "20151029T142143Z"
  }, {
    "type" : "move",
    "startTime" : "20151029T092211-0400",
    "endTime" : "20151029T092632-0400",
    "activities" : [ {
      "activity" : "walking",
      "group" : "walking",
      "manual" : false,
      "startTime" : "20151029T092211-0400",
      "endTime" : "20151029T092632-0400",
      "duration" : 261.0,
      "distance" : 278.0,
      "steps" : 365
    } ],
    "lastUpdate" : "20151029T142143Z"
  }, {
    "type" : "place",
    "startTime" : "20151029T092632-0400",
    "endTime" : "20151029T094634-0400",
    "activities" : [ {
      "activity" : "walking",
      "group" : "walking",
      "manual" : false,
      "startTime" : "20151029T092632-0400",
      "endTime" : "20151029T092748-0400",
      "duration" : 76.0,
      "distance" : 57.0,
      "steps" : 114
    } ],
    "lastUpdate" : "20151029T161332Z"
  }, {
    "type" : "move",
    "startTime" : "20151029T094634-0400",
    "endTime" : "20151029T095207-0400",
    "activities" : [ {
      "activity" : "walking",
      "group" : "walking",
      "manual" : false,
      "startTime" : "20151029T094634-0400",
      "endTime" : "20151029T095207-0400",
      "duration" : 333.0,
      "distance" : 400.0,
      "steps" : 496
    } ],
    "lastUpdate" : "20151029T161332Z"
  }, {
    "type" : "place",
    "startTime" : "20151029T095207-0400",
    "endTime" : "20151029T100020-0400",
    "activities" : [ {
      "activity" : "walking",
      "group" : "walking",
      "manual" : false,
      "startTime" : "20151029T095207-0400",
      "endTime" : "20151029T095250-0400",
      "duration" : 43.0,
      "distance" : 31.0,
      "steps" : 62
    } ],
    "lastUpdate" : "20151029T161332Z"
  }, {
    "type" : "move",
    "startTime" : "20151029T100020-0400",
    "endTime" : "20151029T102107-0400",
    "activities" : [ {
      "activity" : "transport",
      "group" : "transport",
      "manual" : false,
      "startTime" : "20151029T100020-0400",
      "endTime" : "20151029T101332-0400",
      "duration" : 792.0,
      "distance" : 7022.0
    }, {
      "activity" : "walking",
      "group" : "walking",
      "manual" : false,
      "startTime" : "20151029T101333-0400",
      "endTime" : "20151029T102107-0400",
      "duration" : 454.0,
      "distance" : 523.0,
      "steps" : 662
    } ],
    "lastUpdate" : "20151029T161332Z"
  }, {
    "type" : "place",
    "startTime" : "20151029T102107-0400",
    "endTime" : "20151029T123254-0400",
    "activities" : [ {
      "activity" : "walking",
      "group" : "walking",
      "manual" : false,
      "startTime" : "20151029T102107-0400",
      "endTime" : "20151029T102111-0400",
      "duration" : 4.0,
      "distance" : 3.0,
      "steps" : 5
    }, {
      "activity" : "walking",
      "group" : "walking",
      "manual" : false,
      "startTime" : "20151029T113202-0400",
      "endTime" : "20151029T113301-0400",
      "duration" : 59.0,
      "distance" : 39.0,
      "steps" : 78
    }, {
      "activity" : "walking",
      "group" : "walking",
      "manual" : false,
      "startTime" : "20151029T120937-0400",
      "endTime" : "20151029T121208-0400",
      "duration" : 151.0,
      "distance" : 151.0,
      "steps" : 201
    } ],
    "lastUpdate" : "20151029T180243Z"
  }, {
    "type" : "move",
    "startTime" : "20151029T123254-0400",
    "endTime" : "20151029T124103-0400",
    "activities" : [ {
      "activity" : "walking",
      "group" : "walking",
      "manual" : false,
      "startTime" : "20151029T123254-0400",
      "endTime" : "20151029T124103-0400",
      "duration" : 489.0,
      "distance" : 536.0,
      "steps" : 543
    } ],
    "lastUpdate" : "20151029T180243Z"
  }, {
    "type" : "place",
    "startTime" : "20151029T124103-0400",
    "endTime" : "20151029T130345-0400",
    "activities" : [ {
      "activity" : "walking",
      "group" : "walking",
      "manual" : false,
      "startTime" : "20151029T130300-0400",
      "endTime" : "20151029T130346-0400",
      "duration" : 46.0,
      "distance" : 30.0,
      "steps" : 61
    } ],
    "lastUpdate" : "20151029T180246Z"
  }, {
    "type" : "move",
    "startTime" : "20151029T130345-0400",
    "endTime" : "20151029T130646-0400",
    "activities" : [ {
      "activity" : "walking",
      "group" : "walking",
      "manual" : false,
      "startTime" : "20151029T130345-0400",
      "endTime" : "20151029T130647-0400",
      "duration" : 182.0,
      "distance" : 179.0,
      "steps" : 281
    } ],
    "lastUpdate" : "20151029T180246Z"
  }, {
    "type" : "place",
    "startTime" : "20151029T130647-0400",
    "endTime" : "20151029T131452-0400",
    "activities" : [ {
      "activity" : "walking",
      "group" : "walking",
      "manual" : false,
      "startTime" : "20151029T130647-0400",
      "endTime" : "20151029T130656-0400",
      "duration" : 9.0,
      "distance" : 6.0,
      "steps" : 12
    } ],
    "lastUpdate" : "20151029T180246Z"
  }, {
    "type" : "move",
    "startTime" : "20151029T131452-0400",
    "endTime" : "20151029T132344-0400",
    "activities" : [ {
      "activity" : "walking",
      "group" : "walking",
      "manual" : false,
      "startTime" : "20151029T131452-0400",
      "endTime" : "20151029T132345-0400",
      "duration" : 533.0,
      "distance" : 490.0,
      "steps" : 670
    } ],
    "lastUpdate" : "20151029T180246Z"
  }, {
    "type" : "place",
    "startTime" : "20151029T132344-0400",
    "endTime" : "20151029T191819-0400",
    "activities" : [ {
      "activity" : "walking",
      "group" : "walking",
      "manual" : false,
      "startTime" : "20151029T132449-0400",
      "endTime" : "20151029T132853-0400",
      "duration" : 244.0,
      "distance" : 248.0,
      "steps" : 331
    }, {
      "activity" : "walking",
      "group" : "walking",
      "manual" : false,
      "startTime" : "20151029T140122-0400",
      "endTime" : "20151029T140239-0400",
      "duration" : 77.0,
      "distance" : 53.0,
      "steps" : 105
    }, {
      "activity" : "walking",
      "group" : "walking",
      "manual" : false,
      "startTime" : "20151029T150240-0400",
      "endTime" : "20151029T150606-0400",
      "duration" : 206.0,
      "distance" : 209.0,
      "steps" : 279
    }, {
      "activity" : "walking",
      "group" : "walking",
      "manual" : false,
      "startTime" : "20151029T163357-0400",
      "endTime" : "20151029T163415-0400",
      "duration" : 18.0,
      "distance" : 12.0,
      "steps" : 24
    }, {
      "activity" : "walking",
      "group" : "walking",
      "manual" : false,
      "startTime" : "20151029T170124-0400",
      "endTime" : "20151029T170356-0400",
      "duration" : 152.0,
      "distance" : 152.0,
      "steps" : 203
    }, {
      "activity" : "walking",
      "group" : "walking",
      "manual" : false,
      "startTime" : "20151029T180408-0400",
      "endTime" : "20151029T180605-0400",
      "duration" : 117.0,
      "distance" : 82.0,
      "steps" : 163
    } ],
    "lastUpdate" : "20151030T023428Z"
  }, {
    "type" : "move",
    "startTime" : "20151029T191819-0400",
    "endTime" : "20151029T193733-0400",
    "activities" : [ {
      "activity" : "walking",
      "group" : "walking",
      "manual" : false,
      "startTime" : "20151029T191819-0400",
      "endTime" : "20151029T192100-0400",
      "duration" : 161.0,
      "distance" : 143.0,
      "steps" : 132
    }, {
      "activity" : "transport",
      "group" : "transport",
      "manual" : false,
      "startTime" : "20151029T192100-0400",
      "endTime" : "20151029T193300-0400",
      "duration" : 720.0,
      "distance" : 4403.0
    }, {
      "activity" : "walking",
      "group" : "walking",
      "manual" : false,
      "startTime" : "20151029T193300-0400",
      "endTime" : "20151029T193733-0400",
      "duration" : 273.0,
      "distance" : 222.0,
      "steps" : 291
    } ],
    "lastUpdate" : "20151030T023428Z"
  }, {
    "type" : "place",
    "startTime" : "20151029T193733-0400",
    "endTime" : "20151029T194356-0400",
    "activities" : [ {
      "activity" : "walking",
      "group" : "walking",
      "manual" : false,
      "startTime" : "20151029T193733-0400",
      "endTime" : "20151029T193745-0400",
      "duration" : 12.0,
      "distance" : 10.0,
      "steps" : 20
    } ],
    "lastUpdate" : "20151030T023428Z"
  }, {
    "type" : "move",
    "startTime" : "20151029T194356-0400",
    "endTime" : "20151029T195618-0400",
    "activities" : [ {
      "activity" : "transport",
      "group" : "transport",
      "manual" : false,
      "startTime" : "20151029T194356-0400",
      "endTime" : "20151029T194706-0400",
      "duration" : 190.0,
      "distance" : 1448.0
    }, {
      "activity" : "walking",
      "group" : "walking",
      "manual" : false,
      "startTime" : "20151029T194707-0400",
      "endTime" : "20151029T195618-0400",
      "duration" : 551.0,
      "distance" : 595.0,
      "steps" : 703
    } ],
    "lastUpdate" : "20151030T023428Z"
  }, {
    "type" : "place",
    "startTime" : "20151029T195618-0400",
    "endTime" : "20151030T000833-0400",
    "activities" : [ {
      "activity" : "walking",
      "group" : "walking",
      "manual" : false,
      "startTime" : "20151029T204320-0400",
      "endTime" : "20151029T204332-0400",
      "duration" : 12.0,
      "distance" : 8.0,
      "steps" : 16
    }, {
      "activity" : "walking",
      "group" : "walking",
      "manual" : false,
      "startTime" : "20151029T221331-0400",
      "endTime" : "20151029T221341-0400",
      "duration" : 10.0,
      "distance" : 7.0,
      "steps" : 13
    } ],
    "lastUpdate" : "20151030T054627Z"
  } ],
  "lastUpdate" : "20151030T054627Z"
}, {
  "date" : "20151030",
  "summary" : [ {
    "activity" : "walking",
    "group" : "walking",
    "duration" : 4018.0,
    "distance" : 3947.0,
    "steps" : 4958
  }, {
    "activity" : "transport",
    "group" : "transport",
    "duration" : 1296.0,
    "distance" : 10007.0
  } ],
  "segments" : [ {
    "type" : "place",
    "startTime" : "20151029T195618-0400",
    "endTime" : "20151030T000833-0400",
    "activities" : [ {
      "activity" : "walking",
      "group" : "walking",
      "manual" : false,
      "startTime" : "20151030T000426-0400",
      "endTime" : "20151030T000458-0400",
      "duration" : 32.0,
      "distance" : 22.0,
      "steps" : 43
    } ],
    "lastUpdate" : "20151030T054627Z"
  }, {
    "type" : "move",
    "startTime" : "20151030T000833-0400",
    "endTime" : "20151030T001913-0400",
    "activities" : [ {
      "activity" : "transport",
      "group" : "transport",
      "manual" : false,
      "startTime" : "20151030T000833-0400",
      "endTime" : "20151030T001913-0400",
      "duration" : 640.0,
      "distance" : 2839.0
    } ],
    "lastUpdate" : "20151030T054627Z"
  }, {
    "type" : "place",
    "startTime" : "20151030T001913-0400",
    "endTime" : "20151030T083941-0400",
    "activities" : [ {
      "activity" : "walking",
      "group" : "walking",
      "manual" : false,
      "startTime" : "20151030T001928-0400",
      "endTime" : "20151030T001950-0400",
      "duration" : 22.0,
      "distance" : 15.0,
      "steps" : 29
    }, {
      "activity" : "walking",
      "group" : "walking",
      "manual" : false,
      "startTime" : "20151030T083446-0400",
      "endTime" : "20151030T084018-0400",
      "duration" : 332.0,
      "distance" : 332.0,
      "steps" : 443
    } ],
    "lastUpdate" : "20151030T133021Z"
  }, {
    "type" : "move",
    "startTime" : "20151030T083941-0400",
    "endTime" : "20151030T084457-0400",
    "activities" : [ {
      "activity" : "walking",
      "group" : "walking",
      "manual" : false,
      "startTime" : "20151030T083941-0400",
      "endTime" : "20151030T084457-0400",
      "duration" : 316.0,
      "distance" : 281.0,
      "steps" : 482
    } ],
    "lastUpdate" : "20151030T133021Z"
  }, {
    "type" : "place",
    "startTime" : "20151030T084457-0400",
    "endTime" : "20151030T091418-0400",
    "activities" : [ {
      "activity" : "walking",
      "group" : "walking",
      "manual" : false,
      "startTime" : "20151030T091128-0400",
      "endTime" : "20151030T091137-0400",
      "duration" : 9.0,
      "distance" : 6.0,
      "steps" : 12
    } ],
    "lastUpdate" : "20151030T163606Z"
  }, {
    "type" : "move",
    "startTime" : "20151030T091418-0400",
    "endTime" : "20151030T093052-0400",
    "activities" : [ {
      "activity" : "walking",
      "group" : "walking",
      "manual" : false,
      "startTime" : "20151030T091418-0400",
      "endTime" : "20151030T092005-0400",
      "duration" : 347.0,
      "distance" : 350.0,
      "steps" : 464
    }, {
      "activity" : "transport",
      "group" : "transport",
      "manual" : false,
      "startTime" : "20151030T092005-0400",
      "endTime" : "20151030T092435-0400",
      "duration" : 270.0,
      "distance" : 1143.0
    }, {
      "activity" : "walking",
      "group" : "walking",
      "manual" : false,
      "startTime" : "20151030T092435-0400",
      "endTime" : "20151030T093052-0400",
      "duration" : 377.0,
      "distance" : 281.0,
      "steps" : 510
    } ],
    "lastUpdate" : "20151030T163606Z"
  }, {
    "type" : "place",
    "startTime" : "20151030T093052-0400",
    "endTime" : "20151030T094256-0400",
    "activities" : [ {
      "activity" : "walking",
      "group" : "walking",
      "manual" : false,
      "startTime" : "20151030T093300-0400",
      "endTime" : "20151030T093306-0400",
      "duration" : 6.0,
      "distance" : 4.0,
      "steps" : 8
    } ],
    "lastUpdate" : "20151030T163606Z"
  }, {
    "type" : "move",
    "startTime" : "20151030T094256-0400",
    "endTime" : "20151030T100210-0400",
    "activities" : [ {
      "activity" : "walking",
      "group" : "walking",
      "manual" : false,
      "startTime" : "20151030T094256-0400",
      "endTime" : "20151030T094906-0400",
      "duration" : 370.0,
      "distance" : 224.0,
      "steps" : 353
    }, {
      "activity" : "transport",
      "group" : "transport",
      "manual" : false,
      "startTime" : "20151030T094906-0400",
      "endTime" : "20151030T095236-0400",
      "duration" : 210.0,
      "distance" : 1160.0
    }, {
      "activity" : "walking",
      "group" : "walking",
      "manual" : false,
      "startTime" : "20151030T095236-0400",
      "endTime" : "20151030T100211-0400",
      "duration" : 575.0,
      "distance" : 676.0,
      "steps" : 773
    } ],
    "lastUpdate" : "20151030T163606Z"
  }, {
    "type" : "place",
    "startTime" : "20151030T100211-0400",
    "endTime" : "20151030T113507-0400",
    "activities" : [ {
      "activity" : "walking",
      "group" : "walking",
      "manual" : false,
      "startTime" : "20151030T100211-0400",
      "endTime" : "20151030T100232-0400",
      "duration" : 21.0,
      "distance" : 14.0,
      "steps" : 27
    } ],
    "lastUpdate" : "20151030T163606Z"
  }, {
    "type" : "move",
    "startTime" : "20151030T113507-0400",
    "endTime" : "20151030T114146-0400",
    "activities" : [ {
      "activity" : "walking",
      "group" : "walking",
      "manual" : false,
      "startTime" : "20151030T113507-0400",
      "endTime" : "20151030T114145-0400",
      "duration" : 398.0,
      "distance" : 317.0,
      "steps" : 548
    } ],
    "lastUpdate" : "20151030T163606Z"
  }, {
    "type" : "place",
    "startTime" : "20151030T114146-0400",
    "endTime" : "20151030T120244-0400",
    "activities" : [ {
      "activity" : "walking",
      "group" : "walking",
      "manual" : false,
      "startTime" : "20151030T114650-0400",
      "endTime" : "20151030T114825-0400",
      "duration" : 95.0,
      "distance" : 65.0,
      "steps" : 130
    } ],
    "lastUpdate" : "20151030T163606Z"
  }, {
    "type" : "move",
    "startTime" : "20151030T120244-0400",
    "endTime" : "20151030T121229-0400",
    "activities" : [ {
      "activity" : "walking",
      "group" : "walking",
      "manual" : false,
      "startTime" : "20151030T120244-0400",
      "endTime" : "20151030T120934-0400",
      "duration" : 410.0,
      "distance" : 492.0,
      "steps" : 286
    }, {
      "activity" : "transport",
      "group" : "transport",
      "manual" : false,
      "startTime" : "20151030T120934-0400",
      "endTime" : "20151030T121230-0400",
      "duration" : 176.0,
      "distance" : 4865.0
    } ],
    "lastUpdate" : "20151030T163606Z"
  }, {
    "type" : "place",
    "startTime" : "20151030T121230-0400",
    "endTime" : "20151030T151017-0400",
    "activities" : [ {
      "activity" : "walking",
      "group" : "walking",
      "manual" : false,
      "startTime" : "20151030T150854-0400",
      "endTime" : "20151030T150938-0400",
      "duration" : 44.0,
      "distance" : 30.0,
      "steps" : 59
    } ],
    "lastUpdate" : "20151031T231617Z"
  }, {
    "type" : "move",
    "startTime" : "20151030T151017-0400",
    "endTime" : "20151030T151411-0400",
    "activities" : [ {
      "activity" : "walking",
      "group" : "walking",
      "manual" : false,
      "startTime" : "20151030T151017-0400",
      "endTime" : "20151030T151410-0400",
      "duration" : 233.0,
      "distance" : 157.0,
      "steps" : 186
    } ],
    "lastUpdate" : "20151031T231617Z"
  }, {
    "type" : "place",
    "startTime" : "20151030T151411-0400",
    "endTime" : "20151030T152709-0400",
    "activities" : [ {
      "activity" : "walking",
      "group" : "walking",
      "manual" : false,
      "startTime" : "20151030T152056-0400",
      "endTime" : "20151030T152107-0400",
      "duration" : 11.0,
      "distance" : 7.0,
      "steps" : 14
    } ],
    "lastUpdate" : "20151031T231617Z"
  }, {
    "type" : "move",
    "startTime" : "20151030T152709-0400",
    "endTime" : "20151030T153331-0400",
    "activities" : [ {
      "activity" : "walking",
      "group" : "walking",
      "manual" : false,
      "startTime" : "20151030T152709-0400",
      "endTime" : "20151030T153331-0400",
      "duration" : 382.0,
      "distance" : 648.0,
      "steps" : 540
    } ],
    "lastUpdate" : "20151031T231617Z"
  }, {
    "type" : "place",
    "startTime" : "20151030T153331-0400",
    "endTime" : "20151030T174016-0400",
    "activities" : [ {
      "activity" : "walking",
      "group" : "walking",
      "manual" : false,
      "startTime" : "20151030T153331-0400",
      "endTime" : "20151030T153409-0400",
      "duration" : 38.0,
      "distance" : 26.0,
      "steps" : 51
    } ],
    "lastUpdate" : "20151101T063835Z"
  } ],
  "lastUpdate" : "20151101T063835Z"
}, {
  "date" : "20151031",
  "summary" : [ {
    "activity" : "walking",
    "group" : "walking",
    "duration" : 327.0,
    "distance" : 273.0,
    "steps" : 435
  } ],
  "segments" : [ {
    "type" : "place",
    "startTime" : "20151031T191626-0400",
    "endTime" : "20151031T231059-0400",
    "activities" : [ {
      "activity" : "walking",
      "group" : "walking",
      "manual" : false,
      "startTime" : "20151031T194658-0400",
      "endTime" : "20151031T194757-0400",
      "duration" : 59.0,
      "distance" : 39.0,
      "steps" : 78
    }, {
      "activity" : "walking",
      "group" : "walking",
      "manual" : false,
      "startTime" : "20151031T200232-0400",
      "endTime" : "20151031T200517-0400",
      "duration" : 165.0,
      "distance" : 165.0,
      "steps" : 220
    }, {
      "activity" : "walking",
      "group" : "walking",
      "manual" : false,
      "startTime" : "20151031T210050-0400",
      "endTime" : "20151031T210122-0400",
      "duration" : 32.0,
      "distance" : 22.0,
      "steps" : 43
    }, {
      "activity" : "walking",
      "group" : "walking",
      "manual" : false,
      "startTime" : "20151031T220353-0400",
      "endTime" : "20151031T220504-0400",
      "duration" : 71.0,
      "distance" : 47.0,
      "steps" : 94
    } ],
    "lastUpdate" : "20151101T210356Z"
  } ],
  "lastUpdate" : "20151101T210356Z"
} ]