[ {
  "date" : "20151101",
  "summary" : [ {
    "activity" : "walking",
    "group" : "walking",
    "duration" : 6925.0,
    "distance" : 7453.0,
    "steps" : 9738
  }, {
    "activity" : "transport",
    "group" : "transport",
    "duration" : 3178.0,
    "distance" : 40889.0
  } ],
  "segments" : [ {
    "type" : "place",
    "startTime" : "20151101T010617-0400",
    "endTime" : "20151101T083420-0500",
    "activities" : [ {
      "activity" : "walking",
      "group" : "walking",
      "manual" : false,
      "startTime" : "20151101T083216-0500",
      "endTime" : "20151101T083222-0500",
      "duration" : 6.0,
      "distance" : 4.0,
      "steps" : 8
    } ],
    "lastUpdate" : "20151101T210356Z"
  }, {
    "type" : "move",
    "startTime" : "20151101T083420-0500",
    "endTime" : "20151101T084046-0500",
    "activities" : [ {
      "activity" : "walking",
      "group" : "walking",
      "manual" : false,
      "startTime" : "20151101T083420-0500",
      "endTime" : "20151101T084046-0500",
      "duration" : 386.0,
      "distance" : 270.0,
      "steps" : 494
    } ],
    "lastUpdate" : "20151101T210356Z"
  }, {
    "type" : "place",
    "startTime" : "20151101T084047-0500",
    "endTime" : "20151101T103046-0500",
    "activities" : [ {
      "activity" : "walking",
      "group" : "walking",
      "manual" : false,
      "startTime" : "20151101T084047-0500",
      "endTime" : "20151101T084113-0500",
      "duration" : 26.0,
      "distance" : 17.0,
      "steps" : 35
    }, {
      "activity" : "walking",
      "group" : "walking",
      "manual" : false,
      "startTime" : "20151101T090904-0500",
      "endTime" : "20151101T091406-0500",
      "duration" : 302.0,
      "distance" : 337.0,
      "steps" : 449
    } ],
    "lastUpdate" : "20151101T210356Z"
  }, {
    "type" : "place",
    "startTime" : "20151101T103047-0500",
    "endTime" : "20151101T124259-0500",
    "activities" : [ {
      "activity" : "walking",
      "group" : "walking",
      "manual" : false,
      "startTime" : "20151101T103309-0500",
      "endTime" : "20151101T103355-0500",
      "duration" : 46.0,
      "distance" : 31.0,
      "steps" : 61
    }, {
      "activity" : "walking",
      "group" : "walking",
      "manual" : false,
      "startTime" : "20151101T122627-0500",
      "endTime" : "20151101T123656-0500",
      "duration" : 629.0,
      "distance" : 698.0,
      "steps" : 931
    } ],
    "lastUpdate" : "20151101T210356Z"
  }, {
    "type" : "move",
    "startTime" : "20151101T124259-0500",
    "endTime" : "20151101T125612-0500",
    "activities" : [ {
      "activity" : "walking",
      "group" : "walking",
      "manual" : false,
      "startTime" : "20151101T124259-0500",
      "endTime" : "20151101T125612-0500",
      "duration" : 793.0,
      "distance" : 1113.0,
      "steps" : 1305
    } ],
    "lastUpdate" : "20151101T210356Z"
  }, {
    "type" : "place",
    "startTime" : "20151101T125612-0500",
    "endTime" : "20151101T130206-0500",
    "activities" : [ {
      "activity" : "walking",
      "group" : "walking",
      "manual" : false,
      "startTime" : "20151101T130021-0500",
      "endTime" : "20151101T130112-0500",
      "duration" : 51.0,
      "distance" : 36.0,
      "steps" : 71
    } ],
    "lastUpdate" : "20151101T210356Z"
  }, {
    "type" : "move",
    "startTime" : "20151101T130206-0500",
    "endTime" : "20151101T130812-0500",
    "activities" : [ {
      "activity" : "walking",
      "group" : "walking",
      "manual" : false,
      "startTime" : "20151101T130206-0500",
      "endTime" : "20151101T130813-0500",
      "duration" : 367.0,
      "distance" : 349.0,
      "steps" : 443
    } ],
    "lastUpdate" : "20151101T210356Z"
  }, {
    "type" : "place",
    "startTime" : "20151101T130812-0500",
    "endTime" : "20151101T132359-0500",
    "activities" : [ {
      "activity" : "walking",
      "group" : "walking",
      "manual" : false,
      "startTime" : "20151101T130812-0500",
      "endTime" : "20151101T131606-0500",
      "duration" : 474.0,
      "distance" : 486.0,
      "steps" : 648
    } ],
    "lastUpdate" : "20151101T210356Z"
  }, {
    "type" : "place",
    "startTime" : "20151101T132359-0500",
    "endTime" : "20151101T134604-0500",
    "activities" : [ {
      "activity" : "walking",
      "group" : "walking",
      "manual" : false,
      "startTime" : "20151101T132359-0500",
      "endTime" : "20151101T132943-0500",
      "duration" : 344.0,
      "distance" : 351.0,
      "steps" : 468
    } ],
    "lastUpdate" : "20151101T210356Z"
  }, {
    "type" : "place",
    "startTime" : "20151101T134720-0500",
    "endTime" : "20151101T135517-0500",
    "activities" : [ {
      "activity" : "walking",
      "group" : "walking",
      "manual" : false,
      "startTime" : "20151101T134720-0500",
      "endTime" : "20151101T135309-0500",
      "duration" : 349.0,
      "distance" : 353.0,
      "steps" : 470
    } ],
    "lastUpdate" : "20151101T210356Z"
  }, {
    "type" : "move",
    "startTime" : "20151101T135517-0500",
    "endTime" : "20151101T140626-0500",
    "activities" : [ {
      "activity" : "walking",
      "group" : "walking",
      "manual" : false,
      "startTime" : "20151101T135517-0500",
      "endTime" : "20151101T140627-0500",
      "duration" : 670.0,
      "distance" : 688.0,
      "steps" : 947
    } ],
    "lastUpdate" : "20151101T210356Z"
  }, {
    "type" : "place",
    "startTime" : "20151101T140626-0500",
    "endTime" : "20151101T143319-0500",
    "activities" : [ {
      "activity" : "walking",
      "group" : "walking",
      "manual" : false,
      "startTime" : "20151101T143141-0500",
      "endTime" : "20151101T143205-0500",
      "duration" : 24.0,
      "distance" : 15.0,
      "steps" : 31
    } ],
    "lastUpdate" : "20151101T210356Z"
  }, {
    "type" : "move",
    "startTime" : "20151101T143319-0500",
    "endTime" : "20151101T145234-0500",
    "activities" : [ {
      "activity" : "walking",
      "group" : "walking",
      "manual" : false,
      "startTime" : "20151101T143319-0500",
      "endTime" : "20151101T145234-0500",
      "duration" : 1155.0,
      "distance" : 1320.0,
      "steps" : 1654
    } ],
    "lastUpdate" : "20151101T210356Z"
  }, {
    "type" : "place",
    "startTime" : "20151101T145234-0500",
    "endTime" : "20151101T151341-0500",
    "activities" : [ {
      "activity" : "walking",
      "group" : "walking",
      "manual" : false,
      "startTime" : "20151101T145419-0500",
      "endTime" : "20151101T145432-0500",
      "duration" : 13.0,
      "distance" : 9.0,
      "steps" : 17
    } ],
    "lastUpdate" : "20151101T210356Z"
  }, {
    "type" : "move",
    "startTime" : "20151101T151341-0500",
    "endTime" : "20151101T151936-0500",
    "activities" : [ {
      "activity" : "walking",
      "group" : "walking",
      "manual" : false,
      "startTime" : "20151101T151341-0500",
      "endTime" : "20151101T151936-0500",
      "duration" : 355.0,
      "distance" : 254.0,
      "steps" : 479
    } ],
    "lastUpdate" : "20151101T210356Z"
  }, {
    "type" : "place",
    "startTime" : "20151101T151936-0500",
    "endTime" : "20151101T154938-0500",
    "activities" : [ {
      "activity" : "walking",
      "group" : "walking",
      "manual" : false,
      "startTime" : "20151101T151936-0500",
      "endTime" : "20151101T151958-0500",
      "duration" : 22.0,
      "distance" : 14.0,
      "steps" : 29
    } ],
    "lastUpdate" : "20151101T223805Z"
  }, {
    "type" : "move",
    "startTime" : "20151101T154938-0500",
    "endTime" : "20151101T163847-0500",
    "activities" : [ {
      "activity" : "transport",
      "group" : "transport",
      "manual" : false,
      "startTime" : "20151101T154938-0500",
      "endTime" : "20151101T155227-0500",
      "duration" : 169.0,
      "distance" : 7416.0
    }, {
      "activity" : "walking",
      "group" : "walking",
      "manual" : false,
      "startTime" : "20151101T155228-0500",
      "endTime" : "20151101T155658-0500",
      "duration" : 270.0,
      "distance" : 485.0,
      "steps" : 404
    }, {
      "activity" : "transport",
      "group" : "transport",
      "manual" : false,
      "startTime" : "20151101T155658-0500",
      "endTime" : "20151101T163612-0500",
      "duration" : 2354.0,
      "distance" : 21005.0
    }, {
      "activity" : "walking",
      "group" : "walking",
      "manual" : false,
      "startTime" : "20151101T163612-0500",
      "endTime" : "20151101T163848-0500",
      "duration" : 156.0,
      "distance" : 78.0,
      "steps" : 119
    } ],
    "lastUpdate" : "20151101T223805Z"
  }, {
    "type" : "place",
    "startTime" : "20151101T163848-0500",
    "endTime" : "20151101T170501-0500",
    "activities" : [ {
      "activity" : "walking",
      "group" : "walking",
      "manual" : false,
      "startTime" : "20151101T163848-0500",
      "endTime" : "20151101T163852-0500",
      "duration" : 4.0,
      "distance" : 3.0,
      "steps" : 6
    }, {
      "activity" : "walking",
      "group" : "walking",
      "manual" : false,
      "startTime" : "20151101T170346-0500",
      "endTime" : "20151101T170417-0500",
      "duration" : 31.0,
      "distance" : 21.0,
      "steps" : 41
    } ],
    "lastUpdate" : "20151101T223805Z"
  }, {
    "type" : "move",
    "startTime" : "20151101T170501-0500",
    "endTime" : "20151101T170715-0500",
    "activities" : [ {
      "activity" : "transport",
      "group" : "transport",
      "manual" : false,
      "startTime" : "20151101T170501-0500",
      "endTime" : "20151101T170716-0500",
      "duration" : 135.0,
      "distance" : 405.0
    } ],
    "lastUpdate" : "20151101T223805Z"
  }, {
    "type" : "place",
    "startTime" : "20151101T170715-0500",
    "endTime" : "20151101T184708-0500",
    "activities" : [ {
      "activity" : "walking",
      "group" : "walking",
      "manual" : false,
      "startTime" : "20151101T170846-0500",
      "endTime" : "20151101T171002-0500",
      "duration" : 76.0,
      "distance" : 51.0,
      "steps" : 101
    }, {
      "activity" : "walking",
      "group" : "walking",
      "manual" : false,
      "startTime" : "20151101T181806-0500",
      "endTime" : "20151101T181927-0500",
      "duration" : 81.0,
      "distance" : 54.0,
      "steps" : 108
    } ],
    "lastUpdate" : "20151102T161754Z"
  }, {
    "type" : "move",
    "startTime" : "20151101T184708-0500",
    "endTime" : "20151101T190032-0500",
    "activities" : [ {
      "activity" : "transport",
      "group" : "transport",
      "manual" : false,
      "startTime" : "20151101T184708-0500",
      "endTime" : "20151101T185548-0500",
      "duration" : 520.0,
      "distance" : 12063.0
    }, {
      "activity" : "walking",
      "group" : "walking",
      "manual" : false,
      "startTime" : "20151101T185547-0500",
      "endTime" : "20151101T190033-0500",
      "duration" : 286.0,
      "distance" : 410.0,
      "steps" : 407
    } ],
    "lastUpdate" : "20151102T161754Z"
  }, {
    "type" : "place",
    "startTime" : "20151101T190033-0500",
    "endTime" : "20151101T190348-0500",
    "activities" : [ {
      "activity" : "walking",
      "group" : "walking",
      "manual" : false,
      "startTime" : "20151101T190039-0500",
      "endTime" : "20151101T190048-0500",
      "duration" : 9.0,
      "distance" : 6.0,
      "steps" : 12
    } ],
    "lastUpdate" : "20151102T161754Z"
  } ],
  "lastUpdate" : "20151102T161754Z"
}, {
  "date" : "20151102",
  "summary" : [ {
    "activity" : "walking",
    "group" : "walking",
    "duration" : 2140.0,
    "distance" : 2618.0,
    "steps" : 2954
  } ],
  "segments" : [ {
    "type" : "place",
    "startTime" : "20151101T212707-0500",
    "endTime" : "20151102T091837-0500",
    "activities" : [ {
      "activity" : "walking",
      "group" : "walking",
      "manual" : false,
      "startTime" : "20151102T080845-0500",
      "endTime" : "20151102T081256-0500",
      "duration" : 251.0,
      "distance" : 290.0,
      "steps" : 386
    }, {
      "activity" : "walking",
      "group" : "walking",
      "manual" : false,
      "startTime" : "20151102T091646-0500",
      "endTime" : "20151102T091709-0500",
      "duration" : 23.0,
      "distance" : 16.0,
      "steps" : 31
    } ],
    "lastUpdate" : "20151102T161754Z"
  }, {
    "type" : "move",
    "startTime" : "20151102T091837-0500",
    "endTime" : "20151102T092438-0500",
    "activities" : [ {
      "activity" : "walking",
      "group" : "walking",
      "manual" : false,
      "startTime" : "20151102T091837-0500",
      "endTime" : "20151102T092437-0500",
      "duration" : 360.0,
      "distance" : 541.0,
      "steps" : 451
    } ],
    "lastUpdate" : "20151102T161754Z"
  }, {
    "type" : "place",
    "startTime" : "20151102T092438-0500",
    "endTime" : "20151102T095141-0500",
    "activities" : [ {
      "activity" : "walking",
      "group" : "walking",
      "manual" : false,
      "startTime" : "20151102T092438-0500",
      "endTime" : "20151102T092600-0500",
      "duration" : 82.0,
      "distance" : 64.0,
      "steps" : 128
    } ],
    "lastUpdate" : "20151102T161754Z"
  }, {
    "type" : "move",
    "startTime" : "20151102T095141-0500",
    "endTime" : "20151102T095919-0500",
    "activities" : [ {
      "activity" : "walking",
      "group" : "walking",
      "manual" : false,
      "startTime" : "20151102T095141-0500",
      "endTime" : "20151102T095919-0500",
      "duration" : 458.0,
      "distance" : 819.0,
      "steps" : 683
    } ],
    "lastUpdate" : "20151102T161754Z"
  }, {
    "type" : "place",
    "startTime" : "20151102T095919-0500",
    "endTime" : "20151103T145225-0500",
    "activities" : [ {
      "activity" : "walking",
      "group" : "walking",
      "manual" : false,
      "startTime" : "20151102T102852-0500",
      "endTime" : "20151102T103022-0500",
      "duration" : 90.0,
      "distance" : 79.0,
      "steps" : 157
    }, {
      "activity" : "walking",
      "group" : "walking",
      "manual" : false,
      "startTime" : "20151102T113014-0500",
      "endTime" : "20151102T113517-0500",
      "duration" : 303.0,
      "distance" : 250.0,
      "steps" : 334
    }, {
      "activity" : "walking",
      "group" : "walking",
      "manual" : false,
      "startTime" : "20151102T120404-0500",
      "endTime" : "20151102T120534-0500",
      "duration" : 90.0,
      "distance" : 45.0,
      "steps" : 84
    }, {
      "activity" : "walking",
      "group" : "walking",
      "manual" : false,
      "startTime" : "20151102T130006-0500",
      "endTime" : "20151102T130406-0500",
      "duration" : 240.0,
      "distance" : 244.0,
      "steps" : 326
    }, {
      "activity" : "walking",
      "group" : "walking",
      "manual" : false,
      "startTime" : "20151102T142305-0500",
      "endTime" : "20151102T142638-0500",
      "duration" : 213.0,
      "distance" : 250.0,
      "steps" : 334
    }, {
      "activity" : "walking",
      "group" : "walking",
      "manual" : false,
      "startTime" : "20151102T154730-0500",
      "endTime" : "20151102T154800-0500",
      "duration" : 30.0,
      "distance" : 20.0,
      "steps" : 40
    } ],
    "lastUpdate" : "20151103T212825Z"
  } ],
  "lastUpdate" : "20151103T212825Z"
}, {
  "date" : "20151103",
  "summary" : [ {
    "activity" : "walking",
    "group" : "walking",
    "duration" : 1686.0,
    "distance" : 2118.0,
    "steps" : 2421
  } ],
  "segments" : [ {
    "type" : "place",
    "startTime" : "20151102T095919-0500",
    "endTime" : "20151103T145225-0500",
    "activities" : [ {
      "activity" : "walking",
      "group" : "walking",
      "manual" : false,
      "startTime" : "20151103T121516-0500",
      "endTime" : "20151103T121546-0500",
      "duration" : 30.0,
      "distance" : 20.0,
      "steps" : 40
    } ],
    "lastUpdate" : "20151103T212825Z"
  }, {
    "type" : "place",
    "startTime" : "20151103T145226-0500",
    "endTime" : "20151103T181517-0500",
    "activities" : [ {
      "activity" : "walking",
      "group" : "walking",
      "manual" : false,
      "startTime" : "20151103T163512-0500",
      "endTime" : "20151103T163611-0500",
      "duration" : 59.0,
      "distance" : 44.0,
      "steps" : 89
    }, {
      "activity" : "walking",
      "group" : "walking",
      "manual" : false,
      "startTime" : "20151103T175604-0500",
      "endTime" : "20151103T175637-0500",
      "duration" : 33.0,
      "distance" : 30.0,
      "steps" : 61
    } ],
    "lastUpdate" : "20151103T234558Z"
  }, {
    "type" : "move",
    "startTime" : "20151103T181517-0500",
    "endTime" : "20151103T182110-0500",
    "activities" : [ {
      "activity" : "walking",
      "group" : "walking",
      "manual" : false,
      "startTime" : "20151103T181517-0500",
      "endTime" : "20151103T182110-0500",
      "duration" : 353.0,
      "distance" : 526.0,
      "steps" : 438
    } ],
    "lastUpdate" : "20151103T234558Z"
  }, {
    "type" : "move",
    "startTime" : "20151103T182110-0500",
    "endTime" : "20151103T182350-0500",
    "activities" : [ {
      "activity" : "walking",
      "group" : "walking",
      "manual" : false,
      "startTime" : "20151103T182110-0500",
      "endTime" : "20151103T182351-0500",
      "duration" : 161.0,
      "distance" : 80.0,
      "steps" : 124
    } ],
    "lastUpdate" : "20151104T011802Z"
  }, {
    "type" : "place",
    "startTime" : "20151103T182351-0500",
    "endTime" : "20151103T203822-0500",
    "activities" : [ {
      "activity" : "walking",
      "group" : "walking",
      "manual" : false,
      "startTime" : "20151103T182909-0500",
      "endTime" : "20151103T183009-0500",
      "duration" : 60.0,
      "distance" : 42.0,
      "steps" : 84
    }, {
      "activity" : "walking",
      "group" : "walking",
      "manual" : false,
      "startTime" : "20151103T203050-0500",
      "endTime" : "20151103T203420-0500",
      "duration" : 210.0,
      "distance" : 250.0,
      "steps" : 334
    } ],
    "lastUpdate" : "20151104T025040Z"
  }, {
    "type" : "move",
    "startTime" : "20151103T203822-0500",
    "endTime" : "20151103T205027-0500",
    "activities" : [ {
      "activity" : "walking",
      "group" : "walking",
      "manual" : false,
      "startTime" : "20151103T203822-0500",
      "endTime" : "20151103T205027-0500",
      "duration" : 725.0,
      "distance" : 1075.0,
      "steps" : 1150
    } ],
    "lastUpdate" : "20151104T025040Z"
  }, {
    "type" : "place",
    "startTime" : "20151103T205027-0500",
    "endTime" : "20151103T215842-0500",
    "activities" : [ {
      "activity" : "walking",
      "group" : "walking",
      "manual" : false,
      "startTime" : "20151103T205027-0500",
      "endTime" : "20151103T205122-0500",
      "duration" : 55.0,
      "distance" : 51.0,
      "steps" : 101
    } ],
    "lastUpdate" : "20151104T083443Z"
  } ],
  "lastUpdate" : "20151104T143722Z"
}, {
  "date" : "20151104",
  "summary" : [ {
    "activity" : "walking",
    "group" : "walking",
    "duration" : 3248.0,
    "distance" : 3643.0,
    "steps" : 4382
  }, {
    "activity" : "transport",
    "group" : "transport",
    "duration" : 2311.0,
    "distance" : 11961.0
  } ],
  "segments" : [ {
    "type" : "place",
    "startTime" : "20151103T225607-0500",
    "endTime" : "20151104T091312-0500",
    "activities" : [ {
      "activity" : "walking",
      "group" : "walking",
      "manual" : false,
      "startTime" : "20151104T081011-0500",
      "endTime" : "20151104T081411-0500",
      "duration" : 240.0,
      "distance" : 266.0,
      "steps" : 354
    } ],
    "lastUpdate" : "20151104T143722Z"
  }, {
    "type" : "move",
    "startTime" : "20151104T091312-0500",
    "endTime" : "20151104T091644-0500",
    "activities" : [ {
      "activity" : "walking",
      "group" : "walking",
      "manual" : false,
      "startTime" : "20151104T091312-0500",
      "endTime" : "20151104T091644-0500",
      "duration" : 212.0,
      "distance" : 394.0,
      "steps" : 329
    } ],
    "lastUpdate" : "20151104T143722Z"
  }, {
    "type" : "move",
    "startTime" : "20151104T091644-0500",
    "endTime" : "20151104T091837-0500",
    "activities" : [ {
      "activity" : "walking",
      "group" : "walking",
      "manual" : false,
      "startTime" : "20151104T091644-0500",
      "endTime" : "20151104T091838-0500",
      "duration" : 114.0,
      "distance" : 63.0,
      "steps" : 126
    } ],
    "lastUpdate" : "20151104T160712Z"
  }, {
    "type" : "place",
    "startTime" : "20151104T091838-0500",
    "endTime" : "20151104T093043-0500",
    "activities" : [ {
      "activity" : "walking",
      "group" : "walking",
      "manual" : false,
      "startTime" : "20151104T092053-0500",
      "endTime" : "20151104T092142-0500",
      "duration" : 49.0,
      "distance" : 24.0,
      "steps" : 0
    } ],
    "lastUpdate" : "20151104T160712Z"
  }, {
    "type" : "move",
    "startTime" : "20151104T093043-0500",
    "endTime" : "20151104T095455-0500",
    "activities" : [ {
      "activity" : "transport",
      "group" : "transport",
      "manual" : false,
      "startTime" : "20151104T093043-0500",
      "endTime" : "20151104T094723-0500",
      "duration" : 1000.0,
      "distance" : 5456.0
    }, {
      "activity" : "walking",
      "group" : "walking",
      "manual" : false,
      "startTime" : "20151104T094723-0500",
      "endTime" : "20151104T095455-0500",
      "duration" : 452.0,
      "distance" : 902.0,
      "steps" : 751
    } ],
    "lastUpdate" : "20151104T160712Z"
  }, {
    "type" : "place",
    "startTime" : "20151104T095456-0500",
    "endTime" : "20151104T181532-0500",
    "activities" : [ {
      "activity" : "walking",
      "group" : "walking",
      "manual" : false,
      "startTime" : "20151104T101430-0500",
      "endTime" : "20151104T101530-0500",
      "duration" : 60.0,
      "distance" : 41.0,
      "steps" : 83
    }, {
      "activity" : "walking",
      "group" : "walking",
      "manual" : false,
      "startTime" : "20151104T121430-0500",
      "endTime" : "20151104T121500-0500",
      "duration" : 30.0,
      "distance" : 25.0,
      "steps" : 50
    }, {
      "activity" : "walking",
      "group" : "walking",
      "manual" : false,
      "startTime" : "20151104T130820-0500",
      "endTime" : "20151104T131120-0500",
      "duration" : 180.0,
      "distance" : 228.0,
      "steps" : 304
    }, {
      "activity" : "walking",
      "group" : "walking",
      "manual" : false,
      "startTime" : "20151104T161138-0500",
      "endTime" : "20151104T161626-0500",
      "duration" : 288.0,
      "distance" : 265.0,
      "steps" : 354
    }, {
      "activity" : "walking",
      "group" : "walking",
      "manual" : false,
      "startTime" : "20151104T172751-0500",
      "endTime" : "20151104T173051-0500",
      "duration" : 180.0,
      "distance" : 135.0,
      "steps" : 152
    } ],
    "lastUpdate" : "20151105T011339Z"
  }, {
    "type" : "move",
    "startTime" : "20151104T181532-0500",
    "endTime" : "20151104T184230-0500",
    "activities" : [ {
      "activity" : "transport",
      "group" : "transport",
      "manual" : false,
      "startTime" : "20151104T181532-0500",
      "endTime" : "20151104T183723-0500",
      "duration" : 1311.0,
      "distance" : 6505.0
    }, {
      "activity" : "walking",
      "group" : "walking",
      "manual" : false,
      "startTime" : "20151104T183723-0500",
      "endTime" : "20151104T184231-0500",
      "duration" : 308.0,
      "distance" : 329.0,
      "steps" : 472
    } ],
    "lastUpdate" : "20151105T011339Z"
  }, {
    "type" : "move",
    "startTime" : "20151104T185033-0500",
    "endTime" : "20151104T185504-0500",
    "activities" : [ {
      "activity" : "walking",
      "group" : "walking",
      "manual" : false,
      "startTime" : "20151104T185033-0500",
      "endTime" : "20151104T185504-0500",
      "duration" : 271.0,
      "distance" : 217.0,
      "steps" : 396
    } ],
    "lastUpdate" : "20151105T011339Z"
  }, {
    "type" : "place",
    "startTime" : "20151104T185504-0500",
    "endTime" : "20151104T212843-0500",
    "activities" : [ {
      "activity" : "walking",
      "group" : "walking",
      "manual" : false,
      "startTime" : "20151104T185954-0500",
      "endTime" : "20151104T190336-0500",
      "duration" : 222.0,
      "distance" : 204.0,
      "steps" : 275
    }, {
      "activity" : "walking",
      "group" : "walking",
      "manual" : false,
      "startTime" : "20151104T200000-0500",
      "endTime" : "20151104T200253-0500",
      "duration" : 173.0,
      "distance" : 130.0,
      "steps" : 173
    } ],
    "lastUpdate" : "20151105T042114Z"
  }, {
    "type" : "move",
    "startTime" : "20151104T212843-0500",
    "endTime" : "20151104T213333-0500",
    "activities" : [ {
      "activity" : "walking",
      "group" : "walking",
      "manual" : false,
      "startTime" : "20151104T212843-0500",
      "endTime" : "20151104T213332-0500",
      "duration" : 289.0,
      "distance" : 254.0,
      "steps" : 331
    } ],
    "lastUpdate" : "20151105T042114Z"
  }, {
    "type" : "place",
    "startTime" : "20151104T213333-0500",
    "endTime" : "20151105T143649-0500",
    "activities" : [ {
      "activity" : "walking",
      "group" : "walking",
      "manual" : false,
      "startTime" : "20151104T213509-0500",
      "endTime" : "20151104T213739-0500",
      "duration" : 150.0,
      "distance" : 151.0,
      "steps" : 202
    }, {
      "activity" : "walking",
      "group" : "walking",
      "manual" : false,
      "startTime" : "20151104T231325-0500",
      "endTime" : "20151104T231355-0500",
      "duration" : 30.0,
      "distance" : 15.0,
      "steps" : 30
    } ],
    "lastUpdate" : "20151105T193651Z"
  } ],
  "lastUpdate" : "20151105T193651Z"
}, {
  "date" : "20151105",
  "summary" : null,
  "segments" : null,
  "lastUpdate" : "20151105T193651Z"
} ]