[ {
  "date" : "20151023",
  "summary" : [ {
    "activity" : "walking",
    "group" : "walking",
    "duration" : 6334.0,
    "distance" : 5716.0,
    "steps" : 8999
  }, {
    "activity" : "train",
    "group" : "transport",
    "duration" : 210.0,
    "distance" : 1199.0
  } ],
  "segments" : [ {
    "type" : "place",
    "startTime" : "20151023T104535-0400",
    "endTime" : "20151023T135155-0400",
    "activities" : [ {
      "activity" : "walking",
      "group" : "walking",
      "manual" : false,
      "startTime" : "20151023T104603-0400",
      "endTime" : "20151023T104648-0400",
      "duration" : 45.0,
      "distance" : 28.0,
      "steps" : 56
    }, {
      "activity" : "walking",
      "group" : "walking",
      "manual" : false,
      "startTime" : "20151023T113108-0400",
      "endTime" : "20151023T113241-0400",
      "duration" : 93.0,
      "distance" : 65.0,
      "steps" : 129
    } ],
    "lastUpdate" : "20151029T193822Z"
  }, {
    "type" : "move",
    "startTime" : "20151023T135155-0400",
    "endTime" : "20151023T140054-0400",
    "activities" : [ {
      "activity" : "walking",
      "group" : "walking",
      "manual" : false,
      "startTime" : "20151023T135155-0400",
      "endTime" : "20151023T140054-0400",
      "duration" : 539.0,
      "distance" : 557.0,
      "steps" : 746
    } ],
    "lastUpdate" : "20151023T183315Z"
  }, {
    "type" : "place",
    "startTime" : "20151023T140054-0400",
    "endTime" : "20151023T142619-0400",
    "activities" : [ {
      "activity" : "walking",
      "group" : "walking",
      "manual" : false,
      "startTime" : "20151023T141720-0400",
      "endTime" : "20151023T141820-0400",
      "duration" : 60.0,
      "distance" : 45.0,
      "steps" : 90
    } ],
    "lastUpdate" : "20151029T193554Z"
  }, {
    "type" : "move",
    "startTime" : "20151023T142619-0400",
    "endTime" : "20151023T143402-0400",
    "activities" : [ {
      "activity" : "walking",
      "group" : "walking",
      "manual" : false,
      "startTime" : "20151023T142619-0400",
      "endTime" : "20151023T143402-0400",
      "duration" : 463.0,
      "distance" : 426.0,
      "steps" : 689
    } ],
    "lastUpdate" : "20151023T201939Z"
  }, {
    "type" : "place",
    "startTime" : "20151023T143402-0400",
    "endTime" : "20151023T182658-0400",
    "activities" : [ {
      "activity" : "walking",
      "group" : "walking",
      "manual" : false,
      "startTime" : "20151023T155723-0400",
      "endTime" : "20151023T155753-0400",
      "duration" : 30.0,
      "distance" : 35.0,
      "steps" : 70
    }, {
      "activity" : "walking",
      "group" : "walking",
      "manual" : false,
      "startTime" : "20151023T171420-0400",
      "endTime" : "20151023T171850-0400",
      "duration" : 270.0,
      "distance" : 249.0,
      "steps" : 332
    }, {
      "activity" : "walking",
      "group" : "walking",
      "manual" : false,
      "startTime" : "20151023T180036-0400",
      "endTime" : "20151023T180205-0400",
      "duration" : 89.0,
      "distance" : 60.0,
      "steps" : 120
    } ],
    "lastUpdate" : "20151029T193822Z"
  }, {
    "type" : "move",
    "startTime" : "20151023T182658-0400",
    "endTime" : "20151023T184802-0400",
    "activities" : [ {
      "activity" : "walking",
      "group" : "walking",
      "manual" : false,
      "startTime" : "20151023T182658-0400",
      "endTime" : "20151023T183430-0400",
      "duration" : 452.0,
      "distance" : 308.0,
      "steps" : 616
    }, {
      "activity" : "train",
      "group" : "transport",
      "manual" : false,
      "startTime" : "20151023T183430-0400",
      "endTime" : "20151023T183800-0400",
      "duration" : 210.0,
      "distance" : 1199.0
    }, {
      "activity" : "walking",
      "group" : "walking",
      "manual" : false,
      "startTime" : "20151023T183800-0400",
      "endTime" : "20151023T184802-0400",
      "duration" : 602.0,
      "distance" : 546.0,
      "steps" : 858
    } ],
    "lastUpdate" : "20151024T223208Z"
  }, {
    "type" : "place",
    "startTime" : "20151023T184802-0400",
    "endTime" : "20151023T193159-0400",
    "activities" : [ {
      "activity" : "walking",
      "group" : "walking",
      "manual" : false,
      "startTime" : "20151023T185101-0400",
      "endTime" : "20151023T185201-0400",
      "duration" : 60.0,
      "distance" : 35.0,
      "steps" : 70
    }, {
      "activity" : "walking",
      "group" : "walking",
      "manual" : false,
      "startTime" : "20151023T191602-0400",
      "endTime" : "20151023T191732-0400",
      "duration" : 90.0,
      "distance" : 60.0,
      "steps" : 121
    } ],
    "lastUpdate" : "20151024T152718Z"
  }, {
    "type" : "move",
    "startTime" : "20151023T193159-0400",
    "endTime" : "20151023T193754-0400",
    "activities" : [ {
      "activity" : "walking",
      "group" : "walking",
      "manual" : false,
      "startTime" : "20151023T193159-0400",
      "endTime" : "20151023T193754-0400",
      "duration" : 355.0,
      "distance" : 377.0,
      "steps" : 347
    } ],
    "lastUpdate" : "20151024T152623Z"
  }, {
    "type" : "place",
    "startTime" : "20151023T193754-0400",
    "endTime" : "20151023T201845-0400",
    "activities" : [ {
      "activity" : "walking",
      "group" : "walking",
      "manual" : false,
      "startTime" : "20151023T193754-0400",
      "endTime" : "20151023T193901-0400",
      "duration" : 67.0,
      "distance" : 61.0,
      "steps" : 122
    }, {
      "activity" : "walking",
      "group" : "walking",
      "manual" : false,
      "startTime" : "20151023T200310-0400",
      "endTime" : "20151023T200705-0400",
      "duration" : 235.0,
      "distance" : 210.0,
      "steps" : 280
    } ],
    "lastUpdate" : "20151024T152739Z"
  }, {
    "type" : "move",
    "startTime" : "20151023T201845-0400",
    "endTime" : "20151023T202452-0400",
    "activities" : [ {
      "activity" : "walking",
      "group" : "walking",
      "manual" : false,
      "startTime" : "20151023T201845-0400",
      "endTime" : "20151023T202452-0400",
      "duration" : 367.0,
      "distance" : 338.0,
      "steps" : 475
    } ],
    "lastUpdate" : "20151024T152627Z"
  }, {
    "type" : "place",
    "startTime" : "20151023T202452-0400",
    "endTime" : "20151023T215654-0400",
    "activities" : [ {
      "activity" : "walking",
      "group" : "walking",
      "manual" : false,
      "startTime" : "20151023T203820-0400",
      "endTime" : "20151023T203950-0400",
      "duration" : 90.0,
      "distance" : 50.0,
      "steps" : 100
    }, {
      "activity" : "walking",
      "group" : "walking",
      "manual" : false,
      "startTime" : "20151023T210121-0400",
      "endTime" : "20151023T211328-0400",
      "duration" : 727.0,
      "distance" : 781.0,
      "steps" : 1042
    } ],
    "lastUpdate" : "20151024T152938Z"
  }, {
    "type" : "move",
    "startTime" : "20151023T215654-0400",
    "endTime" : "20151023T220710-0400",
    "activities" : [ {
      "activity" : "walking",
      "group" : "walking",
      "manual" : false,
      "startTime" : "20151023T215654-0400",
      "endTime" : "20151023T220710-0400",
      "duration" : 616.0,
      "distance" : 563.0,
      "steps" : 890
    } ],
    "lastUpdate" : "20151024T152631Z"
  }, {
    "type" : "place",
    "startTime" : "20151023T220710-0400",
    "endTime" : "20151023T223900-0400",
    "activities" : [ {
      "activity" : "walking",
      "group" : "walking",
      "manual" : false,
      "startTime" : "20151023T221125-0400",
      "endTime" : "20151023T221255-0400",
      "duration" : 90.0,
      "distance" : 65.0,
      "steps" : 131
    } ],
    "lastUpdate" : "20151024T152844Z"
  }, {
    "type" : "move",
    "startTime" : "20151023T223900-0400",
    "endTime" : "20151023T225404-0400",
    "activities" : [ {
      "activity" : "walking",
      "group" : "walking",
      "manual" : false,
      "startTime" : "20151023T223900-0400",
      "endTime" : "20151023T225404-0400",
      "duration" : 904.0,
      "distance" : 782.0,
      "steps" : 1564
    } ],
    "lastUpdate" : "20151024T152633Z"
  }, {
    "type" : "place",
    "startTime" : "20151023T225404-0400",
    "endTime" : "20151024T004058-0400",
    "activities" : [ {
      "activity" : "walking",
      "group" : "walking",
      "manual" : false,
      "startTime" : "20151023T225534-0400",
      "endTime" : "20151023T225704-0400",
      "duration" : 90.0,
      "distance" : 75.0,
      "steps" : 151
    } ],
    "lastUpdate" : "20151024T165931Z"
  } ],
  "lastUpdate" : "20151029T193822Z"
}, {
  "date" : "20151024",
  "summary" : [ {
    "activity" : "walking",
    "group" : "walking",
    "duration" : 2796.0,
    "distance" : 3173.0,
    "steps" : 4596
  }, {
    "activity" : "transport",
    "group" : "transport",
    "duration" : 477.0,
    "distance" : 3943.0
  } ],
  "segments" : [ {
    "type" : "move",
    "startTime" : "20151024T004058-0400",
    "endTime" : "20151024T004622-0400",
    "activities" : [ {
      "activity" : "walking",
      "group" : "walking",
      "manual" : false,
      "startTime" : "20151024T004058-0400",
      "endTime" : "20151024T004622-0400",
      "duration" : 324.0,
      "distance" : 255.0,
      "steps" : 510
    } ],
    "lastUpdate" : "20151024T165931Z"
  }, {
    "type" : "place",
    "startTime" : "20151024T112633-0400",
    "endTime" : "20151024T230012-0400",
    "activities" : [ {
      "activity" : "walking",
      "group" : "walking",
      "manual" : false,
      "startTime" : "20151024T145301-0400",
      "endTime" : "20151024T145331-0400",
      "duration" : 30.0,
      "distance" : 15.0,
      "steps" : 20
    }, {
      "activity" : "walking",
      "group" : "walking",
      "manual" : false,
      "startTime" : "20151024T151911-0400",
      "endTime" : "20151024T152041-0400",
      "duration" : 90.0,
      "distance" : 60.0,
      "steps" : 121
    }, {
      "activity" : "walking",
      "group" : "walking",
      "manual" : false,
      "startTime" : "20151024T161536-0400",
      "endTime" : "20151024T161636-0400",
      "duration" : 60.0,
      "distance" : 60.0,
      "steps" : 121
    }, {
      "activity" : "walking",
      "group" : "walking",
      "manual" : false,
      "startTime" : "20151024T171809-0400",
      "endTime" : "20151024T171939-0400",
      "duration" : 90.0,
      "distance" : 60.0,
      "steps" : 121
    }, {
      "activity" : "walking",
      "group" : "walking",
      "manual" : false,
      "startTime" : "20151024T184032-0400",
      "endTime" : "20151024T184102-0400",
      "duration" : 30.0,
      "distance" : 35.0,
      "steps" : 70
    }, {
      "activity" : "walking",
      "group" : "walking",
      "manual" : false,
      "startTime" : "20151024T192511-0400",
      "endTime" : "20151024T192855-0400",
      "duration" : 224.0,
      "distance" : 238.0,
      "steps" : 317
    }, {
      "activity" : "walking",
      "group" : "walking",
      "manual" : false,
      "startTime" : "20151024T213705-0400",
      "endTime" : "20151024T213935-0400",
      "duration" : 150.0,
      "distance" : 204.0,
      "steps" : 271
    }, {
      "activity" : "walking",
      "group" : "walking",
      "manual" : false,
      "startTime" : "20151024T223756-0400",
      "endTime" : "20151024T224156-0400",
      "duration" : 240.0,
      "distance" : 302.0,
      "steps" : 402
    } ],
    "lastUpdate" : "20151029T193822Z"
  }, {
    "type" : "move",
    "startTime" : "20151024T230012-0400",
    "endTime" : "20151024T232315-0400",
    "activities" : [ {
      "activity" : "transport",
      "group" : "transport",
      "manual" : false,
      "startTime" : "20151024T230012-0400",
      "endTime" : "20151024T230809-0400",
      "duration" : 477.0,
      "distance" : 3943.0
    }, {
      "activity" : "walking",
      "group" : "walking",
      "manual" : false,
      "startTime" : "20151024T230809-0400",
      "endTime" : "20151024T232315-0400",
      "duration" : 906.0,
      "distance" : 1097.0,
      "steps" : 1539
    } ],
    "lastUpdate" : "20151025T142836Z"
  }, {
    "type" : "move",
    "startTime" : "20151024T234345-0400",
    "endTime" : "20151024T235325-0400",
    "activities" : [ {
      "activity" : "walking",
      "group" : "walking",
      "manual" : false,
      "startTime" : "20151024T234345-0400",
      "endTime" : "20151024T235325-0400",
      "duration" : 580.0,
      "distance" : 781.0,
      "steps" : 972
    } ],
    "lastUpdate" : "20151025T142836Z"
  }, {
    "type" : "place",
    "startTime" : "20151024T235325-0400",
    "endTime" : "20151025T001824-0400",
    "activities" : [ {
      "activity" : "walking",
      "group" : "walking",
      "manual" : false,
      "startTime" : "20151024T235848-0400",
      "endTime" : "20151025T000000-0400",
      "duration" : 72.0,
      "distance" : 66.0,
      "steps" : 132
    } ],
    "lastUpdate" : "20151025T150323Z"
  } ],
  "lastUpdate" : "20151029T193822Z"
}, {
  "date" : "20151025",
  "summary" : [ {
    "activity" : "walking",
    "group" : "walking",
    "duration" : 4855.0,
    "distance" : 5832.0,
    "steps" : 8025
  }, {
    "activity" : "train",
    "group" : "transport",
    "duration" : 360.0,
    "distance" : 2363.0
  } ],
  "segments" : [ {
    "type" : "place",
    "startTime" : "20151024T235325-0400",
    "endTime" : "20151025T001824-0400",
    "activities" : [ {
      "activity" : "walking",
      "group" : "walking",
      "manual" : false,
      "startTime" : "20151025T000000-0400",
      "endTime" : "20151025T000118-0400",
      "duration" : 78.0,
      "distance" : 70.0,
      "steps" : 139
    } ],
    "lastUpdate" : "20151025T150323Z"
  }, {
    "type" : "move",
    "startTime" : "20151025T001824-0400",
    "endTime" : "20151025T002230-0400",
    "activities" : [ {
      "activity" : "walking",
      "group" : "walking",
      "manual" : false,
      "startTime" : "20151025T001824-0400",
      "endTime" : "20151025T002230-0400",
      "duration" : 246.0,
      "distance" : 374.0,
      "steps" : 485
    } ],
    "lastUpdate" : "20151025T150323Z"
  }, {
    "type" : "move",
    "startTime" : "20151025T002438-0400",
    "endTime" : "20151025T004408-0400",
    "activities" : [ {
      "activity" : "walking",
      "group" : "walking",
      "manual" : false,
      "startTime" : "20151025T002438-0400",
      "endTime" : "20151025T003330-0400",
      "duration" : 532.0,
      "distance" : 636.0,
      "steps" : 954
    }, {
      "activity" : "train",
      "group" : "transport",
      "manual" : false,
      "startTime" : "20151025T003330-0400",
      "endTime" : "20151025T003930-0400",
      "duration" : 360.0,
      "distance" : 2363.0
    }, {
      "activity" : "walking",
      "group" : "walking",
      "manual" : false,
      "startTime" : "20151025T003930-0400",
      "endTime" : "20151025T004408-0400",
      "duration" : 278.0,
      "distance" : 401.0,
      "steps" : 475
    } ],
    "lastUpdate" : "20151025T150411Z"
  }, {
    "type" : "place",
    "startTime" : "20151025T004408-0400",
    "endTime" : "20151025T004714-0400",
    "activities" : [ {
      "activity" : "walking",
      "group" : "walking",
      "manual" : false,
      "startTime" : "20151025T004600-0400",
      "endTime" : "20151025T004630-0400",
      "duration" : 30.0,
      "distance" : 30.0,
      "steps" : 60
    } ],
    "lastUpdate" : "20151026T145957Z"
  }, {
    "type" : "move",
    "startTime" : "20151025T101246-0400",
    "endTime" : "20151025T102941-0400",
    "activities" : [ {
      "activity" : "walking",
      "group" : "walking",
      "manual" : false,
      "startTime" : "20151025T101246-0400",
      "endTime" : "20151025T102941-0400",
      "duration" : 1015.0,
      "distance" : 1435.0,
      "steps" : 1797
    } ],
    "lastUpdate" : "20151025T150323Z"
  }, {
    "type" : "place",
    "startTime" : "20151025T102941-0400",
    "endTime" : "20151025T202911-0400",
    "activities" : [ {
      "activity" : "walking",
      "group" : "walking",
      "manual" : false,
      "startTime" : "20151025T103102-0400",
      "endTime" : "20151025T103132-0400",
      "duration" : 30.0,
      "distance" : 25.0,
      "steps" : 50
    }, {
      "activity" : "walking",
      "group" : "walking",
      "manual" : false,
      "startTime" : "20151025T111514-0400",
      "endTime" : "20151025T111544-0400",
      "duration" : 30.0,
      "distance" : 25.0,
      "steps" : 50
    }, {
      "activity" : "walking",
      "group" : "walking",
      "manual" : false,
      "startTime" : "20151025T120746-0400",
      "endTime" : "20151025T120916-0400",
      "duration" : 90.0,
      "distance" : 88.0,
      "steps" : 177
    }, {
      "activity" : "walking",
      "group" : "walking",
      "manual" : false,
      "startTime" : "20151025T131528-0400",
      "endTime" : "20151025T131756-0400",
      "duration" : 148.0,
      "distance" : 249.0,
      "steps" : 331
    }, {
      "activity" : "walking",
      "group" : "walking",
      "manual" : false,
      "startTime" : "20151025T140906-0400",
      "endTime" : "20151025T141538-0400",
      "duration" : 392.0,
      "distance" : 471.0,
      "steps" : 628
    }, {
      "activity" : "walking",
      "group" : "walking",
      "manual" : false,
      "startTime" : "20151025T160913-0400",
      "endTime" : "20151025T161345-0400",
      "duration" : 272.0,
      "distance" : 246.0,
      "steps" : 328
    }, {
      "activity" : "walking",
      "group" : "walking",
      "manual" : false,
      "startTime" : "20151025T172622-0400",
      "endTime" : "20151025T172943-0400",
      "duration" : 201.0,
      "distance" : 204.0,
      "steps" : 271
    }, {
      "activity" : "walking",
      "group" : "walking",
      "manual" : false,
      "startTime" : "20151025T180055-0400",
      "endTime" : "20151025T180425-0400",
      "duration" : 210.0,
      "distance" : 226.0,
      "steps" : 302
    }, {
      "activity" : "walking",
      "group" : "walking",
      "manual" : false,
      "startTime" : "20151025T193238-0400",
      "endTime" : "20151025T193341-0400",
      "duration" : 63.0,
      "distance" : 58.0,
      "steps" : 116
    }, {
      "activity" : "walking",
      "group" : "walking",
      "manual" : false,
      "startTime" : "20151025T200038-0400",
      "endTime" : "20151025T200611-0400",
      "duration" : 333.0,
      "distance" : 398.0,
      "steps" : 530
    } ],
    "lastUpdate" : "20151029T193822Z"
  }, {
    "type" : "move",
    "startTime" : "20151025T202911-0400",
    "endTime" : "20151025T203842-0400",
    "activities" : [ {
      "activity" : "walking",
      "group" : "walking",
      "manual" : false,
      "startTime" : "20151025T202911-0400",
      "endTime" : "20151025T203842-0400",
      "duration" : 571.0,
      "distance" : 538.0,
      "steps" : 835
    } ],
    "lastUpdate" : "20151026T145641Z"
  }, {
    "type" : "place",
    "startTime" : "20151025T203842-0400",
    "endTime" : "20151026T001801-0400",
    "activities" : [ {
      "activity" : "walking",
      "group" : "walking",
      "manual" : false,
      "startTime" : "20151025T204138-0400",
      "endTime" : "20151025T204644-0400",
      "duration" : 306.0,
      "distance" : 328.0,
      "steps" : 437
    }, {
      "activity" : "walking",
      "group" : "walking",
      "manual" : false,
      "startTime" : "20151025T233208-0400",
      "endTime" : "20151025T233238-0400",
      "duration" : 30.0,
      "distance" : 30.0,
      "steps" : 60
    } ],
    "lastUpdate" : "20151026T145957Z"
  } ],
  "lastUpdate" : "20151029T193822Z"
}, {
  "date" : "20151026",
  "summary" : [ {
    "activity" : "running",
    "group" : "running",
    "duration" : 1111.0,
    "distance" : 2562.0,
    "steps" : 2847
  }, {
    "activity" : "train",
    "group" : "transport",
    "duration" : 601.0,
    "distance" : 3510.0
  }, {
    "activity" : "cycling",
    "group" : "cycling",
    "duration" : 1200.0,
    "distance" : 0.0
  }, {
    "activity" : "walking",
    "group" : "walking",
    "duration" : 6219.0,
    "distance" : 7532.0,
    "steps" : 10040
  }, {
    "activity" : "bus",
    "group" : "transport",
    "duration" : 841.0,
    "distance" : 2399.0
  }, {
    "activity" : "rowing",
    "duration" : 1200.0,
    "distance" : 0.0
  } ],
  "segments" : [ {
    "type" : "place",
    "startTime" : "20151025T203842-0400",
    "endTime" : "20151026T001801-0400",
    "activities" : [ {
      "activity" : "walking",
      "group" : "walking",
      "manual" : false,
      "startTime" : "20151026T000209-0400",
      "endTime" : "20151026T000409-0400",
      "duration" : 120.0,
      "distance" : 60.0,
      "steps" : 111
    } ],
    "lastUpdate" : "20151026T145957Z"
  }, {
    "type" : "move",
    "startTime" : "20151026T082950-0400",
    "endTime" : "20151026T083614-0400",
    "activities" : [ {
      "activity" : "walking",
      "group" : "walking",
      "manual" : false,
      "startTime" : "20151026T082950-0400",
      "endTime" : "20151026T083614-0400",
      "duration" : 384.0,
      "distance" : 409.0,
      "steps" : 695
    } ],
    "lastUpdate" : "20151026T145649Z"
  }, {
    "type" : "place",
    "startTime" : "20151026T083615-0400",
    "endTime" : "20151026T093807-0400",
    "activities" : [ {
      "activity" : "walking",
      "group" : "walking",
      "manual" : false,
      "startTime" : "20151026T084537-0400",
      "endTime" : "20151026T084707-0400",
      "duration" : 90.0,
      "distance" : 85.0,
      "steps" : 171
    }, {
      "activity" : "running",
      "group" : "running",
      "manual" : false,
      "startTime" : "20151026T084837-0400",
      "endTime" : "20151026T090708-0400",
      "duration" : 1111.0,
      "distance" : 2562.0,
      "steps" : 2847
    }, {
      "activity" : "walking",
      "group" : "walking",
      "manual" : false,
      "startTime" : "20151026T090708-0400",
      "endTime" : "20151026T091424-0400",
      "duration" : 436.0,
      "distance" : 580.0,
      "steps" : 773
    }, {
      "activity" : "cycling",
      "group" : "cycling",
      "manual" : true,
      "duration" : 1200.0,
      "distance" : 0.0
    }, {
      "activity" : "rowing",
      "manual" : true,
      "duration" : 1200.0,
      "distance" : 0.0
    } ],
    "lastUpdate" : "20151027T161719Z"
  }, {
    "type" : "move",
    "startTime" : "20151026T093807-0400",
    "endTime" : "20151026T094350-0400",
    "activities" : [ {
      "activity" : "walking",
      "group" : "walking",
      "manual" : false,
      "startTime" : "20151026T093807-0400",
      "endTime" : "20151026T094351-0400",
      "duration" : 344.0,
      "distance" : 408.0,
      "steps" : 597
    } ],
    "lastUpdate" : "20151026T145650Z"
  }, {
    "type" : "place",
    "startTime" : "20151026T094350-0400",
    "endTime" : "20151026T105046-0400",
    "activities" : [ {
      "activity" : "walking",
      "group" : "walking",
      "manual" : false,
      "startTime" : "20151026T104551-0400",
      "endTime" : "20151026T104621-0400",
      "duration" : 30.0,
      "distance" : 25.0,
      "steps" : 50
    } ],
    "lastUpdate" : "20151026T151809Z"
  }, {
    "type" : "move",
    "startTime" : "20151026T105046-0400",
    "endTime" : "20151026T105700-0400",
    "activities" : [ {
      "activity" : "walking",
      "group" : "walking",
      "manual" : false,
      "startTime" : "20151026T105046-0400",
      "endTime" : "20151026T105700-0400",
      "duration" : 374.0,
      "distance" : 392.0,
      "steps" : 647
    } ],
    "lastUpdate" : "20151026T151809Z"
  }, {
    "type" : "place",
    "startTime" : "20151026T105700-0400",
    "endTime" : "20151026T191745-0400",
    "activities" : [ {
      "activity" : "walking",
      "group" : "walking",
      "manual" : false,
      "startTime" : "20151026T112052-0400",
      "endTime" : "20151026T112452-0400",
      "duration" : 240.0,
      "distance" : 241.0,
      "steps" : 322
    }, {
      "activity" : "walking",
      "group" : "walking",
      "manual" : false,
      "startTime" : "20151026T124053-0400",
      "endTime" : "20151026T124523-0400",
      "duration" : 270.0,
      "distance" : 302.0,
      "steps" : 403
    }, {
      "activity" : "walking",
      "group" : "walking",
      "manual" : false,
      "startTime" : "20151026T140526-0400",
      "endTime" : "20151026T140625-0400",
      "duration" : 59.0,
      "distance" : 41.0,
      "steps" : 83
    }, {
      "activity" : "walking",
      "group" : "walking",
      "manual" : false,
      "startTime" : "20151026T174222-0400",
      "endTime" : "20151026T174450-0400",
      "duration" : 148.0,
      "distance" : 138.0,
      "steps" : 184
    }, {
      "activity" : "walking",
      "group" : "walking",
      "manual" : false,
      "startTime" : "20151026T183712-0400",
      "endTime" : "20151026T183842-0400",
      "duration" : 90.0,
      "distance" : 70.0,
      "steps" : 141
    }, {
      "activity" : "walking",
      "group" : "walking",
      "manual" : false,
      "startTime" : "20151026T190414-0400",
      "endTime" : "20151026T192155-0400",
      "duration" : 1061.0,
      "distance" : 1352.0,
      "steps" : 1803
    } ],
    "lastUpdate" : "20151029T193822Z"
  }, {
    "type" : "move",
    "startTime" : "20151026T191745-0400",
    "endTime" : "20151026T193317-0400",
    "activities" : [ {
      "activity" : "train",
      "group" : "transport",
      "manual" : false,
      "startTime" : "20151026T191745-0400",
      "endTime" : "20151026T192746-0400",
      "duration" : 601.0,
      "distance" : 3510.0
    }, {
      "activity" : "walking",
      "group" : "walking",
      "manual" : false,
      "startTime" : "20151026T192746-0400",
      "endTime" : "20151026T193318-0400",
      "duration" : 332.0,
      "distance" : 364.0,
      "steps" : 515
    } ],
    "lastUpdate" : "20151027T162413Z"
  }, {
    "type" : "place",
    "startTime" : "20151026T193317-0400",
    "endTime" : "20151026T195606-0400",
    "activities" : [ {
      "activity" : "walking",
      "group" : "walking",
      "manual" : false,
      "startTime" : "20151026T195337-0400",
      "endTime" : "20151026T195351-0400",
      "duration" : 14.0,
      "distance" : 7.0,
      "steps" : 14
    } ],
    "lastUpdate" : "20151027T030451Z"
  }, {
    "type" : "move",
    "startTime" : "20151026T195606-0400",
    "endTime" : "20151026T201137-0400",
    "activities" : [ {
      "activity" : "walking",
      "group" : "walking",
      "manual" : false,
      "startTime" : "20151026T195606-0400",
      "endTime" : "20151026T201137-0400",
      "duration" : 931.0,
      "distance" : 1367.0,
      "steps" : 1584
    } ],
    "lastUpdate" : "20151027T030451Z"
  }, {
    "type" : "place",
    "startTime" : "20151026T201137-0400",
    "endTime" : "20151026T202958-0400",
    "activities" : [ {
      "activity" : "walking",
      "group" : "walking",
      "manual" : false,
      "startTime" : "20151026T201402-0400",
      "endTime" : "20151026T201502-0400",
      "duration" : 60.0,
      "distance" : 45.0,
      "steps" : 90
    } ],
    "lastUpdate" : "20151027T161804Z"
  }, {
    "type" : "move",
    "startTime" : "20151026T202958-0400",
    "endTime" : "20151026T210231-0400",
    "activities" : [ {
      "activity" : "walking",
      "group" : "walking",
      "manual" : false,
      "startTime" : "20151026T202958-0400",
      "endTime" : "20151026T204033-0400",
      "duration" : 635.0,
      "distance" : 1085.0,
      "steps" : 1043
    }, {
      "activity" : "bus",
      "group" : "transport",
      "manual" : false,
      "startTime" : "20151026T204033-0400",
      "endTime" : "20151026T205434-0400",
      "duration" : 841.0,
      "distance" : 2399.0
    }, {
      "activity" : "walking",
      "group" : "walking",
      "manual" : false,
      "startTime" : "20151026T205434-0400",
      "endTime" : "20151026T210232-0400",
      "duration" : 478.0,
      "distance" : 479.0,
      "steps" : 651
    } ],
    "lastUpdate" : "20151027T162359Z"
  }, {
    "type" : "place",
    "startTime" : "20151026T210232-0400",
    "endTime" : "20151027T010110-0400",
    "activities" : [ {
      "activity" : "walking",
      "group" : "walking",
      "manual" : false,
      "startTime" : "20151026T210232-0400",
      "endTime" : "20151026T210405-0400",
      "duration" : 93.0,
      "distance" : 67.0,
      "steps" : 133
    }, {
      "activity" : "walking",
      "group" : "walking",
      "manual" : false,
      "startTime" : "20151026T231846-0400",
      "endTime" : "20151026T231916-0400",
      "duration" : 30.0,
      "distance" : 15.0,
      "steps" : 30
    } ],
    "lastUpdate" : "20151029T193822Z"
  } ],
  "lastUpdate" : "20151029T193822Z"
}, {
  "date" : "20151027",
  "summary" : [ {
    "activity" : "walking",
    "group" : "walking",
    "duration" : 6667.0,
    "distance" : 7556.0,
    "steps" : 11174
  }, {
    "activity" : "transport",
    "group" : "transport",
    "duration" : 2011.0,
    "distance" : 5462.0
  } ],
  "segments" : [ {
    "type" : "move",
    "startTime" : "20151027T010110-0400",
    "endTime" : "20151027T011422-0400",
    "activities" : [ {
      "activity" : "walking",
      "group" : "walking",
      "manual" : false,
      "startTime" : "20151027T010110-0400",
      "endTime" : "20151027T011422-0400",
      "duration" : 792.0,
      "distance" : 965.0,
      "steps" : 1208
    } ],
    "lastUpdate" : "20151027T153944Z"
  }, {
    "type" : "move",
    "startTime" : "20151027T100815-0400",
    "endTime" : "20151027T101230-0400",
    "activities" : [ {
      "activity" : "walking",
      "group" : "walking",
      "manual" : false,
      "startTime" : "20151027T100815-0400",
      "endTime" : "20151027T101230-0400",
      "duration" : 255.0,
      "distance" : 285.0,
      "steps" : 416
    } ],
    "lastUpdate" : "20151027T153944Z"
  }, {
    "type" : "place",
    "startTime" : "20151027T101230-0400",
    "endTime" : "20151027T114850-0400",
    "activities" : [ {
      "activity" : "walking",
      "group" : "walking",
      "manual" : false,
      "startTime" : "20151027T101556-0400",
      "endTime" : "20151027T101626-0400",
      "duration" : 30.0,
      "distance" : 30.0,
      "steps" : 60
    }, {
      "activity" : "walking",
      "group" : "walking",
      "manual" : false,
      "startTime" : "20151027T113403-0400",
      "endTime" : "20151027T113603-0400",
      "duration" : 120.0,
      "distance" : 188.0,
      "steps" : 251
    } ],
    "lastUpdate" : "20151029T193822Z"
  }, {
    "type" : "move",
    "startTime" : "20151027T114850-0400",
    "endTime" : "20151027T120337-0400",
    "activities" : [ {
      "activity" : "walking",
      "group" : "walking",
      "manual" : false,
      "startTime" : "20151027T114850-0400",
      "endTime" : "20151027T120337-0400",
      "duration" : 887.0,
      "distance" : 1192.0,
      "steps" : 1564
    } ],
    "lastUpdate" : "20151027T162535Z"
  }, {
    "type" : "place",
    "startTime" : "20151027T120337-0400",
    "endTime" : "20151027T124639-0400",
    "activities" : [ {
      "activity" : "walking",
      "group" : "walking",
      "manual" : false,
      "startTime" : "20151027T120337-0400",
      "endTime" : "20151027T120403-0400",
      "duration" : 26.0,
      "distance" : 13.0,
      "steps" : 21
    } ],
    "lastUpdate" : "20151027T175742Z"
  }, {
    "type" : "move",
    "startTime" : "20151027T124639-0400",
    "endTime" : "20151027T125749-0400",
    "activities" : [ {
      "activity" : "walking",
      "group" : "walking",
      "manual" : false,
      "startTime" : "20151027T124639-0400",
      "endTime" : "20151027T125750-0400",
      "duration" : 671.0,
      "distance" : 878.0,
      "steps" : 1157
    } ],
    "lastUpdate" : "20151027T175742Z"
  }, {
    "type" : "place",
    "startTime" : "20151027T125750-0400",
    "endTime" : "20151027T182555-0400",
    "activities" : [ {
      "activity" : "walking",
      "group" : "walking",
      "manual" : false,
      "startTime" : "20151027T173438-0400",
      "endTime" : "20151027T173642-0400",
      "duration" : 124.0,
      "distance" : 155.0,
      "steps" : 206
    } ],
    "lastUpdate" : "20151029T193822Z"
  }, {
    "type" : "move",
    "startTime" : "20151027T182555-0400",
    "endTime" : "20151027T190619-0400",
    "activities" : [ {
      "activity" : "walking",
      "group" : "walking",
      "manual" : false,
      "startTime" : "20151027T182555-0400",
      "endTime" : "20151027T182815-0400",
      "duration" : 140.0,
      "distance" : 141.0,
      "steps" : 281
    }, {
      "activity" : "transport",
      "group" : "transport",
      "manual" : false,
      "startTime" : "20151027T182814-0400",
      "endTime" : "20151027T184915-0400",
      "duration" : 1261.0,
      "distance" : 2469.0
    }, {
      "activity" : "walking",
      "group" : "walking",
      "manual" : false,
      "startTime" : "20151027T184915-0400",
      "endTime" : "20151027T185315-0400",
      "duration" : 240.0,
      "distance" : 276.0,
      "steps" : 443
    }, {
      "activity" : "transport",
      "group" : "transport",
      "manual" : false,
      "startTime" : "20151027T185315-0400",
      "endTime" : "20151027T185715-0400",
      "duration" : 240.0,
      "distance" : 913.0
    }, {
      "activity" : "walking",
      "group" : "walking",
      "manual" : false,
      "startTime" : "20151027T185716-0400",
      "endTime" : "20151027T190619-0400",
      "duration" : 543.0,
      "distance" : 458.0,
      "steps" : 839
    } ],
    "lastUpdate" : "20151028T002208Z"
  }, {
    "type" : "move",
    "startTime" : "20151027T191916-0400",
    "endTime" : "20151027T192453-0400",
    "activities" : [ {
      "activity" : "walking",
      "group" : "walking",
      "manual" : false,
      "startTime" : "20151027T191916-0400",
      "endTime" : "20151027T192453-0400",
      "duration" : 337.0,
      "distance" : 333.0,
      "steps" : 666
    } ],
    "lastUpdate" : "20151028T002208Z"
  }, {
    "type" : "place",
    "startTime" : "20151027T192453-0400",
    "endTime" : "20151027T195552-0400",
    "activities" : [ {
      "activity" : "walking",
      "group" : "walking",
      "manual" : false,
      "startTime" : "20151027T192617-0400",
      "endTime" : "20151027T193133-0400",
      "duration" : 316.0,
      "distance" : 287.0,
      "steps" : 382
    } ],
    "lastUpdate" : "20151028T144529Z"
  }, {
    "type" : "move",
    "startTime" : "20151027T195552-0400",
    "endTime" : "20151027T200900-0400",
    "activities" : [ {
      "activity" : "walking",
      "group" : "walking",
      "manual" : false,
      "startTime" : "20151027T195552-0400",
      "endTime" : "20151027T200900-0400",
      "duration" : 788.0,
      "distance" : 902.0,
      "steps" : 1320
    } ],
    "lastUpdate" : "20151028T144529Z"
  }, {
    "type" : "place",
    "startTime" : "20151027T200900-0400",
    "endTime" : "20151027T222623-0400",
    "activities" : [ {
      "activity" : "walking",
      "group" : "walking",
      "manual" : false,
      "startTime" : "20151027T202631-0400",
      "endTime" : "20151027T202901-0400",
      "duration" : 150.0,
      "distance" : 143.0,
      "steps" : 191
    }, {
      "activity" : "walking",
      "group" : "walking",
      "manual" : false,
      "startTime" : "20151027T214043-0400",
      "endTime" : "20151027T214143-0400",
      "duration" : 60.0,
      "distance" : 60.0,
      "steps" : 121
    }, {
      "activity" : "walking",
      "group" : "walking",
      "manual" : false,
      "startTime" : "20151027T222507-0400",
      "endTime" : "20151027T222537-0400",
      "duration" : 30.0,
      "distance" : 35.0,
      "steps" : 70
    } ],
    "lastUpdate" : "20151029T193822Z"
  }, {
    "type" : "move",
    "startTime" : "20151027T222623-0400",
    "endTime" : "20151027T225311-0400",
    "activities" : [ {
      "activity" : "walking",
      "group" : "walking",
      "manual" : false,
      "startTime" : "20151027T222623-0400",
      "endTime" : "20151027T223107-0400",
      "duration" : 284.0,
      "distance" : 222.0,
      "steps" : 443
    }, {
      "activity" : "transport",
      "group" : "transport",
      "manual" : false,
      "startTime" : "20151027T223107-0400",
      "endTime" : "20151027T223937-0400",
      "duration" : 510.0,
      "distance" : 2080.0
    }, {
      "activity" : "walking",
      "group" : "walking",
      "manual" : false,
      "startTime" : "20151027T223937-0400",
      "endTime" : "20151027T225311-0400",
      "duration" : 814.0,
      "distance" : 953.0,
      "steps" : 1455
    } ],
    "lastUpdate" : "20151028T144529Z"
  }, {
    "type" : "place",
    "startTime" : "20151027T225311-0400",
    "endTime" : "20151028T014510-0400",
    "activities" : [ {
      "activity" : "walking",
      "group" : "walking",
      "manual" : false,
      "startTime" : "20151027T232939-0400",
      "endTime" : "20151027T233039-0400",
      "duration" : 60.0,
      "distance" : 40.0,
      "steps" : 80
    } ],
    "lastUpdate" : "20151028T203200Z"
  } ],
  "lastUpdate" : "20151029T193822Z"
}, {
  "date" : "20151028",
  "summary" : [ {
    "activity" : "walking",
    "group" : "walking",
    "duration" : 3182.0,
    "distance" : 3680.0,
    "steps" : 5286
  }, {
    "activity" : "transport",
    "group" : "transport",
    "duration" : 545.0,
    "distance" : 3446.0
  } ],
  "segments" : [ {
    "type" : "place",
    "startTime" : "20151027T225311-0400",
    "endTime" : "20151028T014510-0400",
    "activities" : [ {
      "activity" : "walking",
      "group" : "walking",
      "manual" : false,
      "startTime" : "20151028T000224-0400",
      "endTime" : "20151028T000527-0400",
      "duration" : 183.0,
      "distance" : 163.0,
      "steps" : 217
    }, {
      "activity" : "walking",
      "group" : "walking",
      "manual" : false,
      "startTime" : "20151028T010238-0400",
      "endTime" : "20151028T010246-0400",
      "duration" : 8.0,
      "distance" : 5.0,
      "steps" : 10
    } ],
    "lastUpdate" : "20151028T203200Z"
  }, {
    "type" : "move",
    "startTime" : "20151028T014510-0400",
    "endTime" : "20151028T015547-0400",
    "activities" : [ {
      "activity" : "walking",
      "group" : "walking",
      "manual" : false,
      "startTime" : "20151028T014510-0400",
      "endTime" : "20151028T015547-0400",
      "duration" : 637.0,
      "distance" : 794.0,
      "steps" : 1261
    } ],
    "lastUpdate" : "20151028T144529Z"
  }, {
    "type" : "place",
    "startTime" : "20151028T015547-0400",
    "endTime" : "20151028T021744-0400",
    "activities" : [ {
      "activity" : "walking",
      "group" : "walking",
      "manual" : false,
      "startTime" : "20151028T015842-0400",
      "endTime" : "20151028T015912-0400",
      "duration" : 30.0,
      "distance" : 25.0,
      "steps" : 50
    }, {
      "activity" : "walking",
      "group" : "walking",
      "manual" : false,
      "startTime" : "20151028T020012-0400",
      "endTime" : "20151028T020042-0400",
      "duration" : 30.0,
      "distance" : 25.0,
      "steps" : 50
    } ],
    "lastUpdate" : "20151028T203237Z"
  }, {
    "type" : "move",
    "startTime" : "20151028T021744-0400",
    "endTime" : "20151028T023154-0400",
    "activities" : [ {
      "activity" : "transport",
      "group" : "transport",
      "manual" : false,
      "startTime" : "20151028T021744-0400",
      "endTime" : "20151028T022649-0400",
      "duration" : 545.0,
      "distance" : 3446.0
    }, {
      "activity" : "walking",
      "group" : "walking",
      "manual" : false,
      "startTime" : "20151028T022649-0400",
      "endTime" : "20151028T023154-0400",
      "duration" : 305.0,
      "distance" : 388.0,
      "steps" : 500
    } ],
    "lastUpdate" : "20151028T191545Z"
  }, {
    "type" : "place",
    "startTime" : "20151028T104016-0400",
    "endTime" : "20151029T002400-0400",
    "activities" : [ {
      "activity" : "walking",
      "group" : "walking",
      "manual" : false,
      "startTime" : "20151028T104016-0400",
      "endTime" : "20151028T104453-0400",
      "duration" : 277.0,
      "distance" : 380.0,
      "steps" : 506
    }, {
      "activity" : "walking",
      "group" : "walking",
      "manual" : false,
      "startTime" : "20151028T110000-0400",
      "endTime" : "20151028T110033-0400",
      "duration" : 33.0,
      "distance" : 33.0,
      "steps" : 65
    }, {
      "activity" : "walking",
      "group" : "walking",
      "manual" : false,
      "startTime" : "20151028T123502-0400",
      "endTime" : "20151028T123735-0400",
      "duration" : 153.0,
      "distance" : 216.0,
      "steps" : 288
    }, {
      "activity" : "walking",
      "group" : "walking",
      "manual" : false,
      "startTime" : "20151028T130540-0400",
      "endTime" : "20151028T131040-0400",
      "duration" : 300.0,
      "distance" : 294.0,
      "steps" : 392
    }, {
      "activity" : "walking",
      "group" : "walking",
      "manual" : false,
      "startTime" : "20151028T140212-0400",
      "endTime" : "20151028T140412-0400",
      "duration" : 120.0,
      "distance" : 143.0,
      "steps" : 191
    }, {
      "activity" : "walking",
      "group" : "walking",
      "manual" : false,
      "startTime" : "20151028T155946-0400",
      "endTime" : "20151028T160247-0400",
      "duration" : 181.0,
      "distance" : 134.0,
      "steps" : 181
    }, {
      "activity" : "walking",
      "group" : "walking",
      "manual" : false,
      "startTime" : "20151028T172835-0400",
      "endTime" : "20151028T172938-0400",
      "duration" : 63.0,
      "distance" : 54.0,
      "steps" : 109
    }, {
      "activity" : "walking",
      "group" : "walking",
      "manual" : false,
      "startTime" : "20151028T184009-0400",
      "endTime" : "20151028T184139-0400",
      "duration" : 90.0,
      "distance" : 70.0,
      "steps" : 141
    }, {
      "activity" : "walking",
      "group" : "walking",
      "manual" : false,
      "startTime" : "20151028T192542-0400",
      "endTime" : "20151028T193401-0400",
      "duration" : 499.0,
      "distance" : 642.0,
      "steps" : 856
    }, {
      "activity" : "walking",
      "group" : "walking",
      "manual" : false,
      "startTime" : "20151028T200526-0400",
      "endTime" : "20151028T200656-0400",
      "duration" : 90.0,
      "distance" : 75.0,
      "steps" : 151
    }, {
      "activity" : "walking",
      "group" : "walking",
      "manual" : false,
      "startTime" : "20151028T211021-0400",
      "endTime" : "20151028T211324-0400",
      "duration" : 183.0,
      "distance" : 239.0,
      "steps" : 318
    } ],
    "lastUpdate" : "20151029T193822Z"
  } ],
  "lastUpdate" : "20151029T193822Z"
}, {
  "date" : "20151029",
  "summary" : [ {
    "activity" : "walking",
    "group" : "walking",
    "duration" : 3596.0,
    "distance" : 4085.0,
    "steps" : 6087
  } ],
  "segments" : [ {
    "type" : "place",
    "startTime" : "20151028T104016-0400",
    "endTime" : "20151029T002400-0400",
    "activities" : [ {
      "activity" : "walking",
      "group" : "walking",
      "manual" : false,
      "startTime" : "20151029T001610-0400",
      "endTime" : "20151029T001710-0400",
      "duration" : 60.0,
      "distance" : 50.0,
      "steps" : 101
    } ],
    "lastUpdate" : "20151029T193822Z"
  }, {
    "type" : "move",
    "startTime" : "20151029T002400-0400",
    "endTime" : "20151029T002919-0400",
    "activities" : [ {
      "activity" : "walking",
      "group" : "walking",
      "manual" : false,
      "startTime" : "20151029T002400-0400",
      "endTime" : "20151029T002918-0400",
      "duration" : 318.0,
      "distance" : 380.0,
      "steps" : 662
    } ],
    "lastUpdate" : "20151029T184025Z"
  }, {
    "type" : "move",
    "startTime" : "20151029T094154-0400",
    "endTime" : "20151029T094839-0400",
    "activities" : [ {
      "activity" : "walking",
      "group" : "walking",
      "manual" : false,
      "startTime" : "20151029T094154-0400",
      "endTime" : "20151029T094839-0400",
      "duration" : 405.0,
      "distance" : 453.0,
      "steps" : 657
    } ],
    "lastUpdate" : "20151029T184025Z"
  }, {
    "type" : "place",
    "startTime" : "20151029T094839-0400",
    "endTime" : "20151029T095808-0400",
    "activities" : [ {
      "activity" : "walking",
      "group" : "walking",
      "manual" : false,
      "startTime" : "20151029T095529-0400",
      "endTime" : "20151029T095531-0400",
      "duration" : 2.0,
      "distance" : 3.0,
      "steps" : 6
    } ],
    "lastUpdate" : "20151029T184025Z"
  }, {
    "type" : "move",
    "startTime" : "20151029T095808-0400",
    "endTime" : "20151029T101000-0400",
    "activities" : [ {
      "activity" : "walking",
      "group" : "walking",
      "manual" : false,
      "startTime" : "20151029T095808-0400",
      "endTime" : "20151029T101000-0400",
      "duration" : 712.0,
      "distance" : 957.0,
      "steps" : 1077
    } ],
    "lastUpdate" : "20151029T184025Z"
  }, {
    "type" : "place",
    "startTime" : "20151029T101000-0400",
    "endTime" : "20151029T113549-0400",
    "activities" : [ {
      "activity" : "walking",
      "group" : "walking",
      "manual" : false,
      "startTime" : "20151029T101025-0400",
      "endTime" : "20151029T101125-0400",
      "duration" : 60.0,
      "distance" : 75.0,
      "steps" : 151
    } ],
    "lastUpdate" : "20151029T193822Z"
  }, {
    "type" : "move",
    "startTime" : "20151029T113549-0400",
    "endTime" : "20151029T114634-0400",
    "activities" : [ {
      "activity" : "walking",
      "group" : "walking",
      "manual" : false,
      "startTime" : "20151029T113549-0400",
      "endTime" : "20151029T114633-0400",
      "duration" : 644.0,
      "distance" : 555.0,
      "steps" : 1110
    } ],
    "lastUpdate" : "20151029T184025Z"
  }, {
    "type" : "move",
    "startTime" : "20151029T115027-0400",
    "endTime" : "20151029T115738-0400",
    "activities" : [ {
      "activity" : "walking",
      "group" : "walking",
      "manual" : false,
      "startTime" : "20151029T115027-0400",
      "endTime" : "20151029T115738-0400",
      "duration" : 431.0,
      "distance" : 462.0,
      "steps" : 752
    } ],
    "lastUpdate" : "20151029T184025Z"
  }, {
    "type" : "place",
    "startTime" : "20151029T115738-0400",
    "endTime" : "20151029T155227-0400",
    "activities" : [ {
      "activity" : "walking",
      "group" : "walking",
      "manual" : false,
      "startTime" : "20151029T123906-0400",
      "endTime" : "20151029T124006-0400",
      "duration" : 60.0,
      "distance" : 55.0,
      "steps" : 111
    }, {
      "activity" : "walking",
      "group" : "walking",
      "manual" : false,
      "startTime" : "20151029T133236-0400",
      "endTime" : "20151029T133439-0400",
      "duration" : 123.0,
      "distance" : 186.0,
      "steps" : 248
    }, {
      "activity" : "walking",
      "group" : "walking",
      "manual" : false,
      "startTime" : "20151029T141623-0400",
      "endTime" : "20151029T142023-0400",
      "duration" : 240.0,
      "distance" : 317.0,
      "steps" : 423
    }, {
      "activity" : "walking",
      "group" : "walking",
      "manual" : false,
      "startTime" : "20151029T151915-0400",
      "endTime" : "20151029T152816-0400",
      "duration" : 541.0,
      "distance" : 592.0,
      "steps" : 789
    } ],
    "lastUpdate" : "20151029T195230Z"
  } ],
  "lastUpdate" : "20151029T195230Z"
} ]