Date,Name,Start,End,Duration,Latitude,Longitude,Category,Link
10/28/15,The Blind Barber,2015-10-28T00:00:00-04:00,2015-10-28T01:45:10-04:00,6310,40.72705648280683,-73.98041169261889,Speakeasy,http://foursquare.com/venue/4be367f82fc7d13aa08a083a
10/28/15,Horus Café & Kebab House,2015-10-28T01:55:47-04:00,2015-10-28T02:17:44-04:00,1317,40.72439748364204,-73.98165136086156,Hookah Bar,http://foursquare.com/venue/40fb0f00f964a520d80a1fe3
10/28/15,Home,2015-10-28T02:31:54-04:00,2015-10-28T02:33:33-04:00,99,40.7391834348,-73.9999108065,Home,
10/28/15,Cornell Tech,2015-10-28T10:40:16-04:00,2015-10-29T00:00:00-04:00,47984,40.74090046467149,-74.00221109390259,University,http://foursquare.com/venue/4fdf4038e4b044d93c4fae68
