Date,Name,Start,End,Duration,Latitude,Longitude,Category,Link
10/29/15,Cornell Tech,2015-10-29T00:00:00-04:00,2015-10-29T00:24:00-04:00,1440,40.74090046467149,-74.00221109390259,University,http://foursquare.com/venue/4fdf4038e4b044d93c4fae68
10/29/15,Home,2015-10-29T00:29:19-04:00,2015-10-29T00:32:25-04:00,186,40.7391834348,-73.9999108065,Home,
10/29/15,New York Doctors Walk-In Urgent Care,2015-10-29T09:48:39-04:00,2015-10-29T09:58:08-04:00,569,40.73651,-73.99691,Doctor's Office,http://foursquare.com/venue/4d3c518744f5a0930398cbbb
10/29/15,Cornell Tech,2015-10-29T10:10:00-04:00,2015-10-29T11:35:49-04:00,5149,40.74090046467149,-74.00221109390259,University,http://foursquare.com/venue/4fdf4038e4b044d93c4fae68
10/29/15,Chelsea Market,2015-10-29T11:46:34-04:00,2015-10-29T11:50:27-04:00,233,40.74224172008897,-74.00545120239258,Market,http://foursquare.com/venue/41390580f964a520dc1a1fe3
10/29/15,Cornell Tech,2015-10-29T11:57:38-04:00,2015-10-29T15:52:27-04:00,14089,40.74090046467149,-74.00221109390259,University,http://foursquare.com/venue/4fdf4038e4b044d93c4fae68
