Date,Name,Start,End,Duration,Latitude,Longitude,Category,Link
10/27/15,Cornell Tech,2015-10-27T00:00:00-04:00,2015-10-27T01:01:10-04:00,3670,40.74090046467149,-74.00221109390259,University,http://foursquare.com/venue/4fdf4038e4b044d93c4fae68
10/27/15,Cornell Tech,2015-10-27T10:12:30-04:00,2015-10-27T11:48:50-04:00,5780,40.74090046467149,-74.00221109390259,University,http://foursquare.com/venue/4fdf4038e4b044d93c4fae68
10/27/15,New York Doctors Walk-In Urgent Care,2015-10-27T12:03:37-04:00,2015-10-27T12:46:39-04:00,2582,40.73651,-73.99691,Doctor's Office,http://foursquare.com/venue/4d3c518744f5a0930398cbbb
10/27/15,Cornell Tech,2015-10-27T12:57:50-04:00,2015-10-27T18:25:55-04:00,19685,40.74090046467149,-74.00221109390259,University,http://foursquare.com/venue/4fdf4038e4b044d93c4fae68
10/27/15,Wendy's,2015-10-27T19:06:19-04:00,2015-10-27T19:19:16-04:00,777,40.73563273531996,-73.99258419960101,Fast Food Restaurant,http://foursquare.com/venue/4b32b549f964a520561225e3
10/27/15,Party City,2015-10-27T19:24:53-04:00,2015-10-27T19:55:52-04:00,1859,40.73698341524972,-73.99541917523608,Gift Shop,http://foursquare.com/venue/4a66352af964a52034c81fe3
10/27/15,Cornell Tech,2015-10-27T20:09:00-04:00,2015-10-27T22:26:23-04:00,8243,40.74090046467149,-74.00221109390259,University,http://foursquare.com/venue/4fdf4038e4b044d93c4fae68
10/27/15,The Blind Barber,2015-10-27T22:53:11-04:00,2015-10-28T00:00:00-04:00,4009,40.72705648280683,-73.98041169261889,Speakeasy,http://foursquare.com/venue/4be367f82fc7d13aa08a083a
