[ {
  "date" : "20151102",
  "summary" : [ {
    "activity" : "walking",
    "group" : "walking",
    "duration" : 4643.0,
    "distance" : 4926.0,
    "steps" : 7344
  }, {
    "activity" : "running",
    "group" : "running",
    "duration" : 841.0,
    "distance" : 1893.0,
    "steps" : 2103
  } ],
  "segments" : [ {
    "type" : "place",
    "startTime" : "20151101T203037-0500",
    "endTime" : "20151102T000106-0500",
    "place" : {
      "id" : 230455257,
      "name" : "Home",
      "type" : "home",
      "location" : {
        "lat" : 40.7391834348,
        "lon" : -73.9999108065
      }
    },
    "lastUpdate" : "20151102T160306Z"
  }, {
    "type" : "place",
    "startTime" : "20151102T081359-0500",
    "endTime" : "20151102T085906-0500",
    "place" : {
      "id" : 233405815,
      "type" : "unknown",
      "location" : {
        "lat" : 40.741208814,
        "lon" : -74.0014312226
      }
    },
    "activities" : [ {
      "activity" : "walking",
      "group" : "walking",
      "manual" : false,
      "startTime" : "20151102T081359-0500",
      "endTime" : "20151102T082309-0500",
      "duration" : 550.0,
      "distance" : 883.0,
      "steps" : 1177,
      "trackPoints" : [ ]
    }, {
      "activity" : "running",
      "group" : "running",
      "manual" : false,
      "startTime" : "20151102T081739-0500",
      "endTime" : "20151102T083140-0500",
      "duration" : 841.0,
      "distance" : 1893.0,
      "steps" : 2103,
      "trackPoints" : [ ]
    } ],
    "lastUpdate" : "20151103T143803Z"
  }, {
    "type" : "move",
    "startTime" : "20151102T085906-0500",
    "endTime" : "20151102T090442-0500",
    "activities" : [ {
      "activity" : "walking",
      "group" : "walking",
      "manual" : false,
      "startTime" : "20151102T085906-0500",
      "endTime" : "20151102T090443-0500",
      "duration" : 337.0,
      "distance" : 484.0,
      "steps" : 738,
      "trackPoints" : [ {
        "lat" : 40.7412186206,
        "lon" : -74.0014792254,
        "time" : "20151102T085906-0500"
      }, {
        "lat" : 40.7411308137,
        "lon" : -74.0016718247,
        "time" : "20151102T085926-0500"
      }, {
        "lat" : 40.7411402082,
        "lon" : -74.001642365,
        "time" : "20151102T085946-0500"
      }, {
        "lat" : 40.7411588029,
        "lon" : -74.0015944506,
        "time" : "20151102T085959-0500"
      }, {
        "lat" : 40.7411588168,
        "lon" : -74.0015944148,
        "time" : "20151102T090000-0500"
      }, {
        "lat" : 40.7411775427,
        "lon" : -74.0015461626,
        "time" : "20151102T090013-0500"
      }, {
        "lat" : 40.7411255769,
        "lon" : -74.0015586255,
        "time" : "20151102T090033-0500"
      }, {
        "lat" : 40.7411107561,
        "lon" : -74.0018378846,
        "time" : "20151102T090050-0500"
      }, {
        "lat" : 40.7409388038,
        "lon" : -74.0020830273,
        "time" : "20151102T090106-0500"
      }, {
        "lat" : 40.740591919,
        "lon" : -74.0021563885,
        "time" : "20151102T090124-0500"
      }, {
        "lat" : 40.7403737367,
        "lon" : -74.0018114176,
        "time" : "20151102T090140-0500"
      }, {
        "lat" : 40.7402032026,
        "lon" : -74.0014264332,
        "time" : "20151102T090202-0500"
      }, {
        "lat" : 40.7400566686,
        "lon" : -74.0010598595,
        "time" : "20151102T090223-0500"
      }, {
        "lat" : 40.739915555,
        "lon" : -74.0007288777,
        "time" : "20151102T090243-0500"
      }, {
        "lat" : 40.7397661059,
        "lon" : -74.0003683023,
        "time" : "20151102T090304-0500"
      }, {
        "lat" : 40.7394918397,
        "lon" : -73.9997983489,
        "time" : "20151102T090341-0500"
      }, {
        "lat" : 40.7393175713,
        "lon" : -73.9995182835,
        "time" : "20151102T090402-0500"
      }, {
        "lat" : 40.7391930122,
        "lon" : -73.999480592,
        "time" : "20151102T090422-0500"
      }, {
        "lat" : 40.7391834348,
        "lon" : -73.9999108065,
        "time" : "20151102T090442-0500"
      } ]
    } ],
    "lastUpdate" : "20151102T160306Z"
  }, {
    "type" : "place",
    "startTime" : "20151102T090442-0500",
    "endTime" : "20151102T101445-0500",
    "place" : {
      "id" : 230455257,
      "name" : "Home",
      "type" : "home",
      "location" : {
        "lat" : 40.7391834348,
        "lon" : -73.9999108065
      }
    },
    "activities" : [ {
      "activity" : "walking",
      "group" : "walking",
      "manual" : false,
      "startTime" : "20151102T100949-0500",
      "endTime" : "20151102T101019-0500",
      "duration" : 30.0,
      "distance" : 35.0,
      "steps" : 70,
      "trackPoints" : [ ]
    } ],
    "lastUpdate" : "20151102T160306Z"
  }, {
    "type" : "move",
    "startTime" : "20151102T101445-0500",
    "endTime" : "20151102T102356-0500",
    "activities" : [ {
      "activity" : "walking",
      "group" : "walking",
      "manual" : false,
      "startTime" : "20151102T101445-0500",
      "endTime" : "20151102T102356-0500",
      "duration" : 551.0,
      "distance" : 513.0,
      "steps" : 1026,
      "trackPoints" : [ {
        "lat" : 40.7391834348,
        "lon" : -73.9999108065,
        "time" : "20151102T101445-0500"
      }, {
        "lat" : 40.739201197,
        "lon" : -73.9995731071,
        "time" : "20151102T101509-0500"
      }, {
        "lat" : 40.7391722941,
        "lon" : -73.9995184461,
        "time" : "20151102T101531-0500"
      }, {
        "lat" : 40.7392403681,
        "lon" : -73.9995087652,
        "time" : "20151102T101550-0500"
      }, {
        "lat" : 40.7394860513,
        "lon" : -73.9997864853,
        "time" : "20151102T101612-0500"
      }, {
        "lat" : 40.7397220773,
        "lon" : -74.000225679,
        "time" : "20151102T101640-0500"
      }, {
        "lat" : 40.7399087748,
        "lon" : -74.0005320131,
        "time" : "20151102T101701-0500"
      }, {
        "lat" : 40.7401253772,
        "lon" : -74.0006863092,
        "time" : "20151102T101720-0500"
      }, {
        "lat" : 40.7401854805,
        "lon" : -74.0010956991,
        "time" : "20151102T101743-0500"
      }, {
        "lat" : 40.7402733705,
        "lon" : -74.0015296764,
        "time" : "20151102T101806-0500"
      }, {
        "lat" : 40.7403883183,
        "lon" : -74.001827856,
        "time" : "20151102T101826-0500"
      }, {
        "lat" : 40.740516463,
        "lon" : -74.0019386288,
        "time" : "20151102T101847-0500"
      }, {
        "lat" : 40.7407522931,
        "lon" : -74.0018464054,
        "time" : "20151102T101910-0500"
      }, {
        "lat" : 40.7409434025,
        "lon" : -74.0017641904,
        "time" : "20151102T101931-0500"
      }, {
        "lat" : 40.7410308831,
        "lon" : -74.0017970457,
        "time" : "20151102T101951-0500"
      }, {
        "lat" : 40.7410778143,
        "lon" : -74.0018261159,
        "time" : "20151102T102011-0500"
      }, {
        "lat" : 40.7410775093,
        "lon" : -74.0018031925,
        "time" : "20151102T102031-0500"
      }, {
        "lat" : 40.7410804025,
        "lon" : -74.0017788484,
        "time" : "20151102T102052-0500"
      }, {
        "lat" : 40.7411135474,
        "lon" : -74.0018136976,
        "time" : "20151102T102121-0500"
      }, {
        "lat" : 40.7411606298,
        "lon" : -74.00186403,
        "time" : "20151102T102137-0500"
      }, {
        "lat" : 40.7411932293,
        "lon" : -74.0019022681,
        "time" : "20151102T102159-0500"
      }, {
        "lat" : 40.7411830409,
        "lon" : -74.0018891824,
        "time" : "20151102T102221-0500"
      }, {
        "lat" : 40.7411695287,
        "lon" : -74.0018807962,
        "time" : "20151102T102243-0500"
      }, {
        "lat" : 40.7411557068,
        "lon" : -74.001862724,
        "time" : "20151102T102305-0500"
      }, {
        "lat" : 40.7411666474,
        "lon" : -74.0018663957,
        "time" : "20151102T102335-0500"
      }, {
        "lat" : 40.7412186206,
        "lon" : -74.0014792254,
        "time" : "20151102T102356-0500"
      } ]
    } ],
    "lastUpdate" : "20151102T160306Z"
  }, {
    "type" : "place",
    "startTime" : "20151102T102356-0500",
    "endTime" : "20151102T234144-0500",
    "place" : {
      "id" : 230084909,
      "name" : "Cornell Tech",
      "type" : "foursquare",
      "foursquareId" : "4fdf4038e4b044d93c4fae68",
      "foursquareCategoryIds" : [ "4bf58dd8d48988d1ae941735" ],
      "location" : {
        "lat" : 40.74090046467149,
        "lon" : -74.00221109390259
      }
    },
    "activities" : [ {
      "activity" : "walking",
      "group" : "walking",
      "manual" : false,
      "startTime" : "20151102T102550-0500",
      "endTime" : "20151102T102620-0500",
      "duration" : 30.0,
      "distance" : 25.0,
      "steps" : 50,
      "trackPoints" : [ ]
    }, {
      "activity" : "walking",
      "group" : "walking",
      "manual" : false,
      "startTime" : "20151102T110033-0500",
      "endTime" : "20151102T110103-0500",
      "duration" : 30.0,
      "distance" : 30.0,
      "steps" : 60,
      "trackPoints" : [ ]
    }, {
      "activity" : "walking",
      "group" : "walking",
      "manual" : false,
      "startTime" : "20151102T120313-0500",
      "endTime" : "20151102T120713-0500",
      "duration" : 240.0,
      "distance" : 317.0,
      "steps" : 423,
      "trackPoints" : [ ]
    }, {
      "activity" : "walking",
      "group" : "walking",
      "manual" : false,
      "startTime" : "20151102T131309-0500",
      "endTime" : "20151102T131439-0500",
      "duration" : 90.0,
      "distance" : 75.0,
      "steps" : 151,
      "trackPoints" : [ ]
    }, {
      "activity" : "walking",
      "group" : "walking",
      "manual" : false,
      "startTime" : "20151102T140453-0500",
      "endTime" : "20151102T141224-0500",
      "duration" : 451.0,
      "distance" : 514.0,
      "steps" : 685,
      "trackPoints" : [ ]
    }, {
      "activity" : "walking",
      "group" : "walking",
      "manual" : false,
      "startTime" : "20151102T154435-0500",
      "endTime" : "20151102T155205-0500",
      "duration" : 450.0,
      "distance" : 377.0,
      "steps" : 503,
      "trackPoints" : [ ]
    }, {
      "activity" : "walking",
      "group" : "walking",
      "manual" : false,
      "startTime" : "20151102T162907-0500",
      "endTime" : "20151102T163109-0500",
      "duration" : 122.0,
      "distance" : 122.0,
      "steps" : 163,
      "trackPoints" : [ ]
    }, {
      "activity" : "walking",
      "group" : "walking",
      "manual" : false,
      "startTime" : "20151102T173849-0500",
      "endTime" : "20151102T174249-0500",
      "duration" : 240.0,
      "distance" : 332.0,
      "steps" : 442,
      "trackPoints" : [ ]
    }, {
      "activity" : "walking",
      "group" : "walking",
      "manual" : false,
      "startTime" : "20151102T180050-0500",
      "endTime" : "20151102T180538-0500",
      "duration" : 288.0,
      "distance" : 273.0,
      "steps" : 364,
      "trackPoints" : [ ]
    }, {
      "activity" : "walking",
      "group" : "walking",
      "manual" : false,
      "startTime" : "20151102T201846-0500",
      "endTime" : "20151102T202748-0500",
      "duration" : 542.0,
      "distance" : 506.0,
      "steps" : 675,
      "trackPoints" : [ ]
    }, {
      "activity" : "walking",
      "group" : "walking",
      "manual" : false,
      "startTime" : "20151102T231838-0500",
      "endTime" : "20151102T231908-0500",
      "duration" : 30.0,
      "distance" : 20.0,
      "steps" : 40,
      "trackPoints" : [ ]
    } ],
    "lastUpdate" : "20151105T152209Z"
  }, {
    "type" : "move",
    "startTime" : "20151102T234144-0500",
    "endTime" : "20151102T235247-0500",
    "activities" : [ {
      "activity" : "walking",
      "group" : "walking",
      "manual" : false,
      "startTime" : "20151102T234144-0500",
      "endTime" : "20151102T235246-0500",
      "duration" : 662.0,
      "distance" : 420.0,
      "steps" : 777,
      "trackPoints" : [ {
        "lat" : 40.7409004647,
        "lon" : -74.0022110939,
        "time" : "20151102T234144-0500"
      }, {
        "lat" : 40.741078149,
        "lon" : -74.0019135446,
        "time" : "20151102T234240-0500"
      }, {
        "lat" : 40.7410709479,
        "lon" : -74.0019100403,
        "time" : "20151102T234300-0500"
      }, {
        "lat" : 40.7410430256,
        "lon" : -74.0018860732,
        "time" : "20151102T234432-0500"
      }, {
        "lat" : 40.7410679606,
        "lon" : -74.0018731984,
        "time" : "20151102T234512-0500"
      }, {
        "lat" : 40.7410392593,
        "lon" : -74.0018647669,
        "time" : "20151102T234530-0500"
      }, {
        "lat" : 40.740984308,
        "lon" : -74.0018598799,
        "time" : "20151102T234549-0500"
      }, {
        "lat" : 40.7407894153,
        "lon" : -74.0018597792,
        "time" : "20151102T234612-0500"
      }, {
        "lat" : 40.7407172803,
        "lon" : -74.0018461103,
        "time" : "20151102T234635-0500"
      }, {
        "lat" : 40.7406548946,
        "lon" : -74.0018222966,
        "time" : "20151102T234710-0500"
      }, {
        "lat" : 40.7404636424,
        "lon" : -74.0017537228,
        "time" : "20151102T234744-0500"
      }, {
        "lat" : 40.7403126793,
        "lon" : -74.0016000809,
        "time" : "20151102T234804-0500"
      }, {
        "lat" : 40.7402083632,
        "lon" : -74.0013537983,
        "time" : "20151102T234829-0500"
      }, {
        "lat" : 40.7400785167,
        "lon" : -74.0011782638,
        "time" : "20151102T234852-0500"
      }, {
        "lat" : 40.739929449,
        "lon" : -74.000700138,
        "time" : "20151102T234911-0500"
      }, {
        "lat" : 40.739728263,
        "lon" : -74.0002590553,
        "time" : "20151102T234932-0500"
      }, {
        "lat" : 40.7394640835,
        "lon" : -73.9997050402,
        "time" : "20151102T235000-0500"
      }, {
        "lat" : 40.7393311092,
        "lon" : -73.9994384118,
        "time" : "20151102T235020-0500"
      }, {
        "lat" : 40.7392226383,
        "lon" : -73.9994274597,
        "time" : "20151102T235047-0500"
      }, {
        "lat" : 40.7391403532,
        "lon" : -73.9994914213,
        "time" : "20151102T235106-0500"
      }, {
        "lat" : 40.7390834925,
        "lon" : -73.9996216693,
        "time" : "20151102T235126-0500"
      }, {
        "lat" : 40.7391145984,
        "lon" : -73.9997598086,
        "time" : "20151102T235146-0500"
      }, {
        "lat" : 40.7390927996,
        "lon" : -73.9997484206,
        "time" : "20151102T235206-0500"
      }, {
        "lat" : 40.7391013689,
        "lon" : -73.9997582255,
        "time" : "20151102T235226-0500"
      }, {
        "lat" : 40.7391834348,
        "lon" : -73.9999108065,
        "time" : "20151102T235247-0500"
      } ]
    } ],
    "lastUpdate" : "20151103T140053Z"
  }, {
    "type" : "place",
    "startTime" : "20151102T235247-0500",
    "endTime" : "20151103T074147-0500",
    "place" : {
      "id" : 230455257,
      "name" : "Home",
      "type" : "home",
      "location" : {
        "lat" : 40.7391834348,
        "lon" : -73.9999108065
      }
    },
    "lastUpdate" : "20151103T143742Z"
  } ],
  "lastUpdate" : "20151105T152209Z"
}, {
  "date" : "20151103",
  "summary" : [ {
    "activity" : "walking",
    "group" : "walking",
    "duration" : 654.0,
    "distance" : 723.0,
    "steps" : 1068
  } ],
  "segments" : [ {
    "type" : "place",
    "startTime" : "20151102T235247-0500",
    "endTime" : "20151103T074147-0500",
    "place" : {
      "id" : 230455257,
      "name" : "Home",
      "type" : "home",
      "location" : {
        "lat" : 40.7391834348,
        "lon" : -73.9999108065
      }
    },
    "lastUpdate" : "20151103T143742Z"
  }, {
    "type" : "place",
    "startTime" : "20151103T090110-0500",
    "endTime" : "20151104T010042-0500",
    "place" : {
      "id" : 230084909,
      "name" : "Cornell Tech",
      "type" : "foursquare",
      "foursquareId" : "4fdf4038e4b044d93c4fae68",
      "foursquareCategoryIds" : [ "4bf58dd8d48988d1ae941735" ],
      "location" : {
        "lat" : 40.74090046467149,
        "lon" : -74.00221109390259
      }
    },
    "activities" : [ {
      "activity" : "walking",
      "group" : "walking",
      "manual" : false,
      "startTime" : "20151103T093753-0500",
      "endTime" : "20151103T094247-0500",
      "duration" : 294.0,
      "distance" : 372.0,
      "steps" : 497,
      "trackPoints" : [ ]
    }, {
      "activity" : "walking",
      "group" : "walking",
      "manual" : false,
      "startTime" : "20151103T100413-0500",
      "endTime" : "20151103T100443-0500",
      "duration" : 30.0,
      "distance" : 25.0,
      "steps" : 50,
      "trackPoints" : [ ]
    }, {
      "activity" : "walking",
      "group" : "walking",
      "manual" : false,
      "startTime" : "20151103T133251-0500",
      "endTime" : "20151103T133321-0500",
      "duration" : 30.0,
      "distance" : 30.0,
      "steps" : 60,
      "trackPoints" : [ ]
    }, {
      "activity" : "walking",
      "group" : "walking",
      "manual" : false,
      "startTime" : "20151103T190030-0500",
      "endTime" : "20151103T190330-0500",
      "duration" : 180.0,
      "distance" : 196.0,
      "steps" : 261,
      "trackPoints" : [ ]
    }, {
      "activity" : "walking",
      "group" : "walking",
      "manual" : false,
      "startTime" : "20151103T201329-0500",
      "endTime" : "20151103T201359-0500",
      "duration" : 30.0,
      "distance" : 25.0,
      "steps" : 50,
      "trackPoints" : [ ]
    }, {
      "activity" : "walking",
      "group" : "walking",
      "manual" : false,
      "startTime" : "20151103T210720-0500",
      "endTime" : "20151103T210750-0500",
      "duration" : 30.0,
      "distance" : 20.0,
      "steps" : 40,
      "trackPoints" : [ ]
    }, {
      "activity" : "walking",
      "group" : "walking",
      "manual" : false,
      "startTime" : "20151103T234135-0500",
      "endTime" : "20151103T234235-0500",
      "duration" : 60.0,
      "distance" : 55.0,
      "steps" : 110,
      "trackPoints" : [ ]
    } ],
    "lastUpdate" : "20151104T160606Z"
  } ],
  "lastUpdate" : "20151104T160606Z"
}, {
  "date" : "20151104",
  "summary" : [ {
    "activity" : "walking",
    "group" : "walking",
    "duration" : 3086.0,
    "distance" : 3105.0,
    "steps" : 4721
  } ],
  "segments" : [ {
    "type" : "place",
    "startTime" : "20151103T090110-0500",
    "endTime" : "20151104T010042-0500",
    "place" : {
      "id" : 230084909,
      "name" : "Cornell Tech",
      "type" : "foursquare",
      "foursquareId" : "4fdf4038e4b044d93c4fae68",
      "foursquareCategoryIds" : [ "4bf58dd8d48988d1ae941735" ],
      "location" : {
        "lat" : 40.74090046467149,
        "lon" : -74.00221109390259
      }
    },
    "activities" : [ {
      "activity" : "walking",
      "group" : "walking",
      "manual" : false,
      "startTime" : "20151104T005610-0500",
      "endTime" : "20151104T005640-0500",
      "duration" : 30.0,
      "distance" : 20.0,
      "steps" : 40,
      "trackPoints" : [ ]
    } ],
    "lastUpdate" : "20151104T160606Z"
  }, {
    "type" : "move",
    "startTime" : "20151104T010042-0500",
    "endTime" : "20151104T011028-0500",
    "activities" : [ {
      "activity" : "walking",
      "group" : "walking",
      "manual" : false,
      "startTime" : "20151104T010042-0500",
      "endTime" : "20151104T011028-0500",
      "duration" : 586.0,
      "distance" : 516.0,
      "steps" : 746,
      "trackPoints" : [ {
        "lat" : 40.7412186206,
        "lon" : -74.0014792254,
        "time" : "20151104T010042-0500"
      }, {
        "lat" : 40.7410441434,
        "lon" : -74.0016903769,
        "time" : "20151104T010148-0500"
      }, {
        "lat" : 40.7410217257,
        "lon" : -74.0016596879,
        "time" : "20151104T010246-0500"
      }, {
        "lat" : 40.7410124003,
        "lon" : -74.0016782757,
        "time" : "20151104T010305-0500"
      }, {
        "lat" : 40.7408795198,
        "lon" : -74.0017614768,
        "time" : "20151104T010334-0500"
      }, {
        "lat" : 40.7408808989,
        "lon" : -74.0016372783,
        "time" : "20151104T010356-0500"
      }, {
        "lat" : 40.7413039954,
        "lon" : -74.0011371792,
        "time" : "20151104T010422-0500"
      }, {
        "lat" : 40.7408332406,
        "lon" : -74.0015024285,
        "time" : "20151104T010438-0500"
      }, {
        "lat" : 40.7404421243,
        "lon" : -74.0016434193,
        "time" : "20151104T010459-0500"
      }, {
        "lat" : 40.7402666031,
        "lon" : -74.0014993236,
        "time" : "20151104T010522-0500"
      }, {
        "lat" : 40.7401529767,
        "lon" : -74.0012786381,
        "time" : "20151104T010540-0500"
      }, {
        "lat" : 40.7400151345,
        "lon" : -74.0009467028,
        "time" : "20151104T010602-0500"
      }, {
        "lat" : 40.7398743237,
        "lon" : -74.0006228112,
        "time" : "20151104T010624-0500"
      }, {
        "lat" : 40.7396452319,
        "lon" : -74.0000820436,
        "time" : "20151104T010653-0500"
      }, {
        "lat" : 40.7394897696,
        "lon" : -73.9997570449,
        "time" : "20151104T010714-0500"
      }, {
        "lat" : 40.7393628795,
        "lon" : -73.999489601,
        "time" : "20151104T010734-0500"
      }, {
        "lat" : 40.7393012959,
        "lon" : -73.9994001517,
        "time" : "20151104T010757-0500"
      }, {
        "lat" : 40.7392639378,
        "lon" : -73.9993959281,
        "time" : "20151104T010812-0500"
      }, {
        "lat" : 40.739191772,
        "lon" : -73.9994538271,
        "time" : "20151104T010833-0500"
      }, {
        "lat" : 40.7391325525,
        "lon" : -73.9995418023,
        "time" : "20151104T010852-0500"
      }, {
        "lat" : 40.7391263391,
        "lon" : -73.9996727371,
        "time" : "20151104T010911-0500"
      }, {
        "lat" : 40.7391429769,
        "lon" : -73.9997394101,
        "time" : "20151104T010934-0500"
      }, {
        "lat" : 40.7391639462,
        "lon" : -73.9998261925,
        "time" : "20151104T010957-0500"
      }, {
        "lat" : 40.7391180253,
        "lon" : -73.9998431172,
        "time" : "20151104T011028-0500"
      } ]
    } ],
    "lastUpdate" : "20151104T160538Z"
  }, {
    "type" : "place",
    "startTime" : "20151104T094854-0500",
    "endTime" : "20151104T213932-0500",
    "place" : {
      "id" : 230084909,
      "name" : "Cornell Tech",
      "type" : "foursquare",
      "foursquareId" : "4fdf4038e4b044d93c4fae68",
      "foursquareCategoryIds" : [ "4bf58dd8d48988d1ae941735" ],
      "location" : {
        "lat" : 40.74090046467149,
        "lon" : -74.00221109390259
      }
    },
    "activities" : [ {
      "activity" : "walking",
      "group" : "walking",
      "manual" : false,
      "startTime" : "20151104T112335-0500",
      "endTime" : "20151104T112605-0500",
      "duration" : 150.0,
      "distance" : 196.0,
      "steps" : 262,
      "trackPoints" : [ ]
    }, {
      "activity" : "walking",
      "group" : "walking",
      "manual" : false,
      "startTime" : "20151104T121815-0500",
      "endTime" : "20151104T121945-0500",
      "duration" : 90.0,
      "distance" : 75.0,
      "steps" : 151,
      "trackPoints" : [ ]
    }, {
      "activity" : "walking",
      "group" : "walking",
      "manual" : false,
      "startTime" : "20151104T135204-0500",
      "endTime" : "20151104T135307-0500",
      "duration" : 63.0,
      "distance" : 42.0,
      "steps" : 85,
      "trackPoints" : [ ]
    }, {
      "activity" : "walking",
      "group" : "walking",
      "manual" : false,
      "startTime" : "20151104T140614-0500",
      "endTime" : "20151104T141014-0500",
      "duration" : 240.0,
      "distance" : 294.0,
      "steps" : 392,
      "trackPoints" : [ ]
    }, {
      "activity" : "walking",
      "group" : "walking",
      "manual" : false,
      "startTime" : "20151104T164817-0500",
      "endTime" : "20151104T164958-0500",
      "duration" : 101.0,
      "distance" : 93.0,
      "steps" : 186,
      "trackPoints" : [ ]
    }, {
      "activity" : "walking",
      "group" : "walking",
      "manual" : false,
      "startTime" : "20151104T170000-0500",
      "endTime" : "20151104T170549-0500",
      "duration" : 349.0,
      "distance" : 373.0,
      "steps" : 498,
      "trackPoints" : [ ]
    }, {
      "activity" : "walking",
      "group" : "walking",
      "manual" : false,
      "startTime" : "20151104T183347-0500",
      "endTime" : "20151104T183517-0500",
      "duration" : 90.0,
      "distance" : 65.0,
      "steps" : 131,
      "trackPoints" : [ ]
    }, {
      "activity" : "walking",
      "group" : "walking",
      "manual" : false,
      "startTime" : "20151104T200841-0500",
      "endTime" : "20151104T200911-0500",
      "duration" : 30.0,
      "distance" : 15.0,
      "steps" : 20,
      "trackPoints" : [ ]
    }, {
      "activity" : "walking",
      "group" : "walking",
      "manual" : false,
      "startTime" : "20151104T210626-0500",
      "endTime" : "20151104T210656-0500",
      "duration" : 30.0,
      "distance" : 25.0,
      "steps" : 50,
      "trackPoints" : [ ]
    } ],
    "lastUpdate" : "20151105T152209Z"
  }, {
    "type" : "move",
    "startTime" : "20151104T213932-0500",
    "endTime" : "20151104T214836-0500",
    "activities" : [ {
      "activity" : "walking",
      "group" : "walking",
      "manual" : false,
      "startTime" : "20151104T213932-0500",
      "endTime" : "20151104T214836-0500",
      "duration" : 544.0,
      "distance" : 552.0,
      "steps" : 860,
      "trackPoints" : [ {
        "lat" : 40.7409004647,
        "lon" : -74.0022110939,
        "time" : "20151104T213932-0500"
      }, {
        "lat" : 40.7409547814,
        "lon" : -74.0019824998,
        "time" : "20151104T213956-0500"
      }, {
        "lat" : 40.7408497754,
        "lon" : -74.001932042,
        "time" : "20151104T214016-0500"
      }, {
        "lat" : 40.7407028732,
        "lon" : -74.0018506894,
        "time" : "20151104T214042-0500"
      }, {
        "lat" : 40.7407313634,
        "lon" : -74.0018773142,
        "time" : "20151104T214058-0500"
      }, {
        "lat" : 40.7409025639,
        "lon" : -74.0019633638,
        "time" : "20151104T214118-0500"
      }, {
        "lat" : 40.7410618257,
        "lon" : -74.0021318393,
        "time" : "20151104T214143-0500"
      }, {
        "lat" : 40.7411758828,
        "lon" : -74.0017761508,
        "time" : "20151104T214202-0500"
      }, {
        "lat" : 40.741274104,
        "lon" : -74.001531026,
        "time" : "20151104T214222-0500"
      }, {
        "lat" : 40.7413984438,
        "lon" : -74.0013752534,
        "time" : "20151104T214242-0500"
      }, {
        "lat" : 40.7415086737,
        "lon" : -74.0012582244,
        "time" : "20151104T214259-0500"
      }, {
        "lat" : 40.7416686097,
        "lon" : -74.0011580365,
        "time" : "20151104T214319-0500"
      }, {
        "lat" : 40.7419619768,
        "lon" : -74.0009513471,
        "time" : "20151104T214347-0500"
      }, {
        "lat" : 40.7421192899,
        "lon" : -74.0008308179,
        "time" : "20151104T214407-0500"
      }, {
        "lat" : 40.7422393515,
        "lon" : -74.0007745735,
        "time" : "20151104T214427-0500"
      }, {
        "lat" : 40.7423681476,
        "lon" : -74.0005849636,
        "time" : "20151104T214447-0500"
      }, {
        "lat" : 40.7424673298,
        "lon" : -74.0003292643,
        "time" : "20151104T214508-0500"
      }, {
        "lat" : 40.7426620635,
        "lon" : -73.9999512526,
        "time" : "20151104T214528-0500"
      }, {
        "lat" : 40.7428642767,
        "lon" : -73.9998680167,
        "time" : "20151104T214546-0500"
      }, {
        "lat" : 40.7427933821,
        "lon" : -74.0001722143,
        "time" : "20151104T214604-0500"
      }, {
        "lat" : 40.7429413224,
        "lon" : -74.0001673109,
        "time" : "20151104T214624-0500"
      }, {
        "lat" : 40.7431112271,
        "lon" : -74.0000726009,
        "time" : "20151104T214644-0500"
      }, {
        "lat" : 40.7434067854,
        "lon" : -73.9998597134,
        "time" : "20151104T214713-0500"
      }, {
        "lat" : 40.7436091604,
        "lon" : -73.9996976994,
        "time" : "20151104T214735-0500"
      }, {
        "lat" : 40.7437454233,
        "lon" : -73.9995968539,
        "time" : "20151104T214755-0500"
      }, {
        "lat" : 40.7438344264,
        "lon" : -73.9995446147,
        "time" : "20151104T214816-0500"
      }, {
        "lat" : 40.7437626047,
        "lon" : -73.9995954129,
        "time" : "20151104T214836-0500"
      } ]
    } ],
    "lastUpdate" : "20151105T033612Z"
  }, {
    "type" : "place",
    "startTime" : "20151104T214836-0500",
    "endTime" : "20151104T215134-0500",
    "place" : {
      "id" : 233802877,
      "type" : "unknown",
      "location" : {
        "lat" : 40.7437626047,
        "lon" : -73.9995954129
      }
    },
    "lastUpdate" : "20151105T033612Z"
  }, {
    "type" : "move",
    "startTime" : "20151104T215134-0500",
    "endTime" : "20151104T215806-0500",
    "activities" : [ {
      "activity" : "walking",
      "group" : "walking",
      "manual" : false,
      "startTime" : "20151104T215134-0500",
      "endTime" : "20151104T215806-0500",
      "duration" : 392.0,
      "distance" : 389.0,
      "steps" : 687,
      "trackPoints" : [ {
        "lat" : 40.7437626047,
        "lon" : -73.9995954129,
        "time" : "20151104T215134-0500"
      }, {
        "lat" : 40.7436623652,
        "lon" : -73.9996535375,
        "time" : "20151104T215155-0500"
      }, {
        "lat" : 40.7434691735,
        "lon" : -73.9997452011,
        "time" : "20151104T215222-0500"
      }, {
        "lat" : 40.7434344327,
        "lon" : -73.9998442551,
        "time" : "20151104T215237-0500"
      }, {
        "lat" : 40.7434542091,
        "lon" : -73.9999691753,
        "time" : "20151104T215253-0500"
      }, {
        "lat" : 40.7432534988,
        "lon" : -74.0001055262,
        "time" : "20151104T215309-0500"
      }, {
        "lat" : 40.7430163868,
        "lon" : -74.0001921113,
        "time" : "20151104T215329-0500"
      }, {
        "lat" : 40.7428526081,
        "lon" : -74.000363832,
        "time" : "20151104T215349-0500"
      }, {
        "lat" : 40.7426318431,
        "lon" : -74.0004814134,
        "time" : "20151104T215409-0500"
      }, {
        "lat" : 40.7424500918,
        "lon" : -74.0005915288,
        "time" : "20151104T215429-0500"
      }, {
        "lat" : 40.7423287745,
        "lon" : -74.000733862,
        "time" : "20151104T215450-0500"
      }, {
        "lat" : 40.7422460204,
        "lon" : -74.0009010491,
        "time" : "20151104T215508-0500"
      }, {
        "lat" : 40.7419897168,
        "lon" : -74.0009649852,
        "time" : "20151104T215528-0500"
      }, {
        "lat" : 40.7417842306,
        "lon" : -74.0010885923,
        "time" : "20151104T215549-0500"
      }, {
        "lat" : 40.741577741,
        "lon" : -74.0012960696,
        "time" : "20151104T215609-0500"
      }, {
        "lat" : 40.7413390589,
        "lon" : -74.001341069,
        "time" : "20151104T215630-0500"
      }, {
        "lat" : 40.7411328256,
        "lon" : -74.0012476195,
        "time" : "20151104T215658-0500"
      }, {
        "lat" : 40.7410909726,
        "lon" : -74.001498192,
        "time" : "20151104T215714-0500"
      }, {
        "lat" : 40.7411212959,
        "lon" : -74.0015618023,
        "time" : "20151104T215739-0500"
      }, {
        "lat" : 40.7412186206,
        "lon" : -74.0014792254,
        "time" : "20151104T215806-0500"
      } ]
    } ],
    "lastUpdate" : "20151105T033612Z"
  }, {
    "type" : "place",
    "startTime" : "20151104T215806-0500",
    "endTime" : "20151105T024518-0500",
    "place" : {
      "id" : 230084909,
      "name" : "Cornell Tech",
      "type" : "foursquare",
      "foursquareId" : "4fdf4038e4b044d93c4fae68",
      "foursquareCategoryIds" : [ "4bf58dd8d48988d1ae941735" ],
      "location" : {
        "lat" : 40.74090046467149,
        "lon" : -74.00221109390259
      }
    },
    "activities" : [ {
      "activity" : "walking",
      "group" : "walking",
      "manual" : false,
      "startTime" : "20151104T215935-0500",
      "endTime" : "20151104T220336-0500",
      "duration" : 241.0,
      "distance" : 269.0,
      "steps" : 372,
      "trackPoints" : [ ]
    }, {
      "activity" : "walking",
      "group" : "walking",
      "manual" : false,
      "startTime" : "20151104T230540-0500",
      "endTime" : "20151104T230810-0500",
      "duration" : 150.0,
      "distance" : 181.0,
      "steps" : 241,
      "trackPoints" : [ ]
    } ],
    "lastUpdate" : "20151105T152209Z"
  } ],
  "lastUpdate" : "20151105T152209Z"
}, {
  "date" : "20151105",
  "summary" : [ {
    "activity" : "walking",
    "group" : "walking",
    "duration" : 812.0,
    "distance" : 971.0,
    "steps" : 1514
  } ],
  "segments" : [ {
    "type" : "place",
    "startTime" : "20151104T215806-0500",
    "endTime" : "20151105T024518-0500",
    "place" : {
      "id" : 230084909,
      "name" : "Cornell Tech",
      "type" : "foursquare",
      "foursquareId" : "4fdf4038e4b044d93c4fae68",
      "foursquareCategoryIds" : [ "4bf58dd8d48988d1ae941735" ],
      "location" : {
        "lat" : 40.74090046467149,
        "lon" : -74.00221109390259
      }
    },
    "activities" : [ {
      "activity" : "walking",
      "group" : "walking",
      "manual" : false,
      "startTime" : "20151105T001922-0500",
      "endTime" : "20151105T001952-0500",
      "duration" : 30.0,
      "distance" : 35.0,
      "steps" : 70,
      "trackPoints" : [ ]
    }, {
      "activity" : "walking",
      "group" : "walking",
      "manual" : false,
      "startTime" : "20151105T021928-0500",
      "endTime" : "20151105T022131-0500",
      "duration" : 123.0,
      "distance" : 163.0,
      "steps" : 217,
      "trackPoints" : [ ]
    } ],
    "lastUpdate" : "20151105T152209Z"
  }, {
    "type" : "move",
    "startTime" : "20151105T024518-0500",
    "endTime" : "20151105T024924-0500",
    "activities" : [ {
      "activity" : "walking",
      "group" : "walking",
      "manual" : false,
      "startTime" : "20151105T024518-0500",
      "endTime" : "20151105T024924-0500",
      "duration" : 246.0,
      "distance" : 354.0,
      "steps" : 463,
      "trackPoints" : [ {
        "lat" : 40.7412186206,
        "lon" : -74.0014792254,
        "time" : "20151105T024518-0500"
      }, {
        "lat" : 40.7408801934,
        "lon" : -74.0018921676,
        "time" : "20151105T024534-0500"
      }, {
        "lat" : 40.740660425,
        "lon" : -74.0018897151,
        "time" : "20151105T024552-0500"
      }, {
        "lat" : 40.7405109247,
        "lon" : -74.0018619009,
        "time" : "20151105T024608-0500"
      }, {
        "lat" : 40.7402994746,
        "lon" : -74.0017682713,
        "time" : "20151105T024628-0500"
      }, {
        "lat" : 40.7402828008,
        "lon" : -74.0017266427,
        "time" : "20151105T024645-0500"
      }, {
        "lat" : 40.7401318512,
        "lon" : -74.0012771642,
        "time" : "20151105T024719-0500"
      }, {
        "lat" : 40.7400083239,
        "lon" : -74.0009548176,
        "time" : "20151105T024740-0500"
      }, {
        "lat" : 40.7398935813,
        "lon" : -74.0006782683,
        "time" : "20151105T024759-0500"
      }, {
        "lat" : 40.7397642,
        "lon" : -74.0003552387,
        "time" : "20151105T024820-0500"
      }, {
        "lat" : 40.7396492423,
        "lon" : -74.0000918412,
        "time" : "20151105T024835-0500"
      }, {
        "lat" : 40.739477565,
        "lon" : -73.999731083,
        "time" : "20151105T024856-0500"
      }, {
        "lat" : 40.7391834348,
        "lon" : -73.9999108065,
        "time" : "20151105T024924-0500"
      } ]
    } ],
    "lastUpdate" : "20151105T152146Z"
  }, {
    "type" : "place",
    "startTime" : "20151105T024924-0500",
    "endTime" : "20151105T025421-0500",
    "place" : {
      "id" : 230455257,
      "name" : "Home",
      "type" : "home",
      "location" : {
        "lat" : 40.7391834348,
        "lon" : -73.9999108065
      }
    },
    "activities" : [ {
      "activity" : "walking",
      "group" : "walking",
      "manual" : false,
      "startTime" : "20151105T025152-0500",
      "endTime" : "20151105T025222-0500",
      "duration" : 30.0,
      "distance" : 15.0,
      "steps" : 30,
      "trackPoints" : [ ]
    } ],
    "lastUpdate" : "20151105T152146Z"
  }, {
    "type" : "move",
    "startTime" : "20151105T095315-0500",
    "endTime" : "20151105T095937-0500",
    "activities" : [ {
      "activity" : "walking",
      "group" : "walking",
      "manual" : false,
      "startTime" : "20151105T095315-0500",
      "endTime" : "20151105T095938-0500",
      "duration" : 383.0,
      "distance" : 404.0,
      "steps" : 734,
      "trackPoints" : [ {
        "lat" : 40.7392806727,
        "lon" : -73.9997279651,
        "time" : "20151105T095315-0500"
      }, {
        "lat" : 40.7392863717,
        "lon" : -73.9997244703,
        "time" : "20151105T095332-0500"
      }, {
        "lat" : 40.7392888958,
        "lon" : -73.9997250664,
        "time" : "20151105T095349-0500"
      }, {
        "lat" : 40.7391710893,
        "lon" : -73.9997111496,
        "time" : "20151105T095419-0500"
      }, {
        "lat" : 40.7393480993,
        "lon" : -73.9996866726,
        "time" : "20151105T095442-0500"
      }, {
        "lat" : 40.739703665,
        "lon" : -74.0002655092,
        "time" : "20151105T095514-0500"
      }, {
        "lat" : 40.7398767915,
        "lon" : -74.0006407467,
        "time" : "20151105T095535-0500"
      }, {
        "lat" : 40.7400179768,
        "lon" : -74.0009794618,
        "time" : "20151105T095554-0500"
      }, {
        "lat" : 40.7401619073,
        "lon" : -74.0013384134,
        "time" : "20151105T095615-0500"
      }, {
        "lat" : 40.7402874531,
        "lon" : -74.0016787694,
        "time" : "20151105T095635-0500"
      }, {
        "lat" : 40.7403931149,
        "lon" : -74.0019989749,
        "time" : "20151105T095657-0500"
      }, {
        "lat" : 40.7404230354,
        "lon" : -74.0020465388,
        "time" : "20151105T095715-0500"
      }, {
        "lat" : 40.7405947188,
        "lon" : -74.0020753606,
        "time" : "20151105T095734-0500"
      }, {
        "lat" : 40.7408323199,
        "lon" : -74.0019040622,
        "time" : "20151105T095753-0500"
      }, {
        "lat" : 40.7409819434,
        "lon" : -74.0018593147,
        "time" : "20151105T095809-0500"
      }, {
        "lat" : 40.7410929362,
        "lon" : -74.0019088431,
        "time" : "20151105T095830-0500"
      }, {
        "lat" : 40.7410944447,
        "lon" : -74.001914418,
        "time" : "20151105T095850-0500"
      }, {
        "lat" : 40.7411780937,
        "lon" : -74.0019597967,
        "time" : "20151105T095917-0500"
      }, {
        "lat" : 40.7409004647,
        "lon" : -74.0022110939,
        "time" : "20151105T095937-0500"
      } ]
    } ],
    "lastUpdate" : "20151105T152146Z"
  }, {
    "type" : "place",
    "startTime" : "20151105T095937-0500",
    "endTime" : "20151105T102139-0500",
    "place" : {
      "id" : 230084909,
      "name" : "Cornell Tech",
      "type" : "foursquare",
      "foursquareId" : "4fdf4038e4b044d93c4fae68",
      "foursquareCategoryIds" : [ "4bf58dd8d48988d1ae941735" ],
      "location" : {
        "lat" : 40.74090046467149,
        "lon" : -74.00221109390259
      }
    },
    "lastUpdate" : "20151105T152209Z"
  } ],
  "lastUpdate" : "20151105T152209Z"
} ]