[ {
  "date" : "20151030",
  "summary" : [ {
    "activity" : "walking",
    "group" : "walking",
    "duration" : 4018.0,
    "distance" : 3947.0,
    "steps" : 4958
  }, {
    "activity" : "transport",
    "group" : "transport",
    "duration" : 1296.0,
    "distance" : 10007.0
  } ],
  "segments" : [ {
    "type" : "place",
    "startTime" : "20151029T195618-0400",
    "endTime" : "20151030T000833-0400",
    "activities" : [ {
      "activity" : "walking",
      "group" : "walking",
      "manual" : false,
      "startTime" : "20151030T000426-0400",
      "endTime" : "20151030T000458-0400",
      "duration" : 32.0,
      "distance" : 22.0,
      "steps" : 43
    } ],
    "lastUpdate" : "20151030T054627Z"
  }, {
    "type" : "move",
    "startTime" : "20151030T000833-0400",
    "endTime" : "20151030T001913-0400",
    "activities" : [ {
      "activity" : "transport",
      "group" : "transport",
      "manual" : false,
      "startTime" : "20151030T000833-0400",
      "endTime" : "20151030T001913-0400",
      "duration" : 640.0,
      "distance" : 2839.0
    } ],
    "lastUpdate" : "20151030T054627Z"
  }, {
    "type" : "place",
    "startTime" : "20151030T001913-0400",
    "endTime" : "20151030T083941-0400",
    "activities" : [ {
      "activity" : "walking",
      "group" : "walking",
      "manual" : false,
      "startTime" : "20151030T001928-0400",
      "endTime" : "20151030T001950-0400",
      "duration" : 22.0,
      "distance" : 15.0,
      "steps" : 29
    }, {
      "activity" : "walking",
      "group" : "walking",
      "manual" : false,
      "startTime" : "20151030T083446-0400",
      "endTime" : "20151030T084018-0400",
      "duration" : 332.0,
      "distance" : 332.0,
      "steps" : 443
    } ],
    "lastUpdate" : "20151030T133021Z"
  }, {
    "type" : "move",
    "startTime" : "20151030T083941-0400",
    "endTime" : "20151030T084457-0400",
    "activities" : [ {
      "activity" : "walking",
      "group" : "walking",
      "manual" : false,
      "startTime" : "20151030T083941-0400",
      "endTime" : "20151030T084457-0400",
      "duration" : 316.0,
      "distance" : 281.0,
      "steps" : 482
    } ],
    "lastUpdate" : "20151030T133021Z"
  }, {
    "type" : "place",
    "startTime" : "20151030T084457-0400",
    "endTime" : "20151030T091418-0400",
    "activities" : [ {
      "activity" : "walking",
      "group" : "walking",
      "manual" : false,
      "startTime" : "20151030T091128-0400",
      "endTime" : "20151030T091137-0400",
      "duration" : 9.0,
      "distance" : 6.0,
      "steps" : 12
    } ],
    "lastUpdate" : "20151030T163606Z"
  }, {
    "type" : "move",
    "startTime" : "20151030T091418-0400",
    "endTime" : "20151030T093052-0400",
    "activities" : [ {
      "activity" : "walking",
      "group" : "walking",
      "manual" : false,
      "startTime" : "20151030T091418-0400",
      "endTime" : "20151030T092005-0400",
      "duration" : 347.0,
      "distance" : 350.0,
      "steps" : 464
    }, {
      "activity" : "transport",
      "group" : "transport",
      "manual" : false,
      "startTime" : "20151030T092005-0400",
      "endTime" : "20151030T092435-0400",
      "duration" : 270.0,
      "distance" : 1143.0
    }, {
      "activity" : "walking",
      "group" : "walking",
      "manual" : false,
      "startTime" : "20151030T092435-0400",
      "endTime" : "20151030T093052-0400",
      "duration" : 377.0,
      "distance" : 281.0,
      "steps" : 510
    } ],
    "lastUpdate" : "20151030T163606Z"
  }, {
    "type" : "place",
    "startTime" : "20151030T093052-0400",
    "endTime" : "20151030T094256-0400",
    "activities" : [ {
      "activity" : "walking",
      "group" : "walking",
      "manual" : false,
      "startTime" : "20151030T093300-0400",
      "endTime" : "20151030T093306-0400",
      "duration" : 6.0,
      "distance" : 4.0,
      "steps" : 8
    } ],
    "lastUpdate" : "20151030T163606Z"
  }, {
    "type" : "move",
    "startTime" : "20151030T094256-0400",
    "endTime" : "20151030T100210-0400",
    "activities" : [ {
      "activity" : "walking",
      "group" : "walking",
      "manual" : false,
      "startTime" : "20151030T094256-0400",
      "endTime" : "20151030T094906-0400",
      "duration" : 370.0,
      "distance" : 224.0,
      "steps" : 353
    }, {
      "activity" : "transport",
      "group" : "transport",
      "manual" : false,
      "startTime" : "20151030T094906-0400",
      "endTime" : "20151030T095236-0400",
      "duration" : 210.0,
      "distance" : 1160.0
    }, {
      "activity" : "walking",
      "group" : "walking",
      "manual" : false,
      "startTime" : "20151030T095236-0400",
      "endTime" : "20151030T100211-0400",
      "duration" : 575.0,
      "distance" : 676.0,
      "steps" : 773
    } ],
    "lastUpdate" : "20151030T163606Z"
  }, {
    "type" : "place",
    "startTime" : "20151030T100211-0400",
    "endTime" : "20151030T113507-0400",
    "activities" : [ {
      "activity" : "walking",
      "group" : "walking",
      "manual" : false,
      "startTime" : "20151030T100211-0400",
      "endTime" : "20151030T100232-0400",
      "duration" : 21.0,
      "distance" : 14.0,
      "steps" : 27
    } ],
    "lastUpdate" : "20151030T163606Z"
  }, {
    "type" : "move",
    "startTime" : "20151030T113507-0400",
    "endTime" : "20151030T114146-0400",
    "activities" : [ {
      "activity" : "walking",
      "group" : "walking",
      "manual" : false,
      "startTime" : "20151030T113507-0400",
      "endTime" : "20151030T114145-0400",
      "duration" : 398.0,
      "distance" : 317.0,
      "steps" : 548
    } ],
    "lastUpdate" : "20151030T163606Z"
  }, {
    "type" : "place",
    "startTime" : "20151030T114146-0400",
    "endTime" : "20151030T120244-0400",
    "activities" : [ {
      "activity" : "walking",
      "group" : "walking",
      "manual" : false,
      "startTime" : "20151030T114650-0400",
      "endTime" : "20151030T114825-0400",
      "duration" : 95.0,
      "distance" : 65.0,
      "steps" : 130
    } ],
    "lastUpdate" : "20151030T163606Z"
  }, {
    "type" : "move",
    "startTime" : "20151030T120244-0400",
    "endTime" : "20151030T121229-0400",
    "activities" : [ {
      "activity" : "walking",
      "group" : "walking",
      "manual" : false,
      "startTime" : "20151030T120244-0400",
      "endTime" : "20151030T120934-0400",
      "duration" : 410.0,
      "distance" : 492.0,
      "steps" : 286
    }, {
      "activity" : "transport",
      "group" : "transport",
      "manual" : false,
      "startTime" : "20151030T120934-0400",
      "endTime" : "20151030T121230-0400",
      "duration" : 176.0,
      "distance" : 4865.0
    } ],
    "lastUpdate" : "20151030T163606Z"
  }, {
    "type" : "place",
    "startTime" : "20151030T121230-0400",
    "endTime" : "20151030T151017-0400",
    "activities" : [ {
      "activity" : "walking",
      "group" : "walking",
      "manual" : false,
      "startTime" : "20151030T150854-0400",
      "endTime" : "20151030T150938-0400",
      "duration" : 44.0,
      "distance" : 30.0,
      "steps" : 59
    } ],
    "lastUpdate" : "20151031T231617Z"
  }, {
    "type" : "move",
    "startTime" : "20151030T151017-0400",
    "endTime" : "20151030T151411-0400",
    "activities" : [ {
      "activity" : "walking",
      "group" : "walking",
      "manual" : false,
      "startTime" : "20151030T151017-0400",
      "endTime" : "20151030T151410-0400",
      "duration" : 233.0,
      "distance" : 157.0,
      "steps" : 186
    } ],
    "lastUpdate" : "20151031T231617Z"
  }, {
    "type" : "place",
    "startTime" : "20151030T151411-0400",
    "endTime" : "20151030T152709-0400",
    "activities" : [ {
      "activity" : "walking",
      "group" : "walking",
      "manual" : false,
      "startTime" : "20151030T152056-0400",
      "endTime" : "20151030T152107-0400",
      "duration" : 11.0,
      "distance" : 7.0,
      "steps" : 14
    } ],
    "lastUpdate" : "20151031T231617Z"
  }, {
    "type" : "move",
    "startTime" : "20151030T152709-0400",
    "endTime" : "20151030T153331-0400",
    "activities" : [ {
      "activity" : "walking",
      "group" : "walking",
      "manual" : false,
      "startTime" : "20151030T152709-0400",
      "endTime" : "20151030T153331-0400",
      "duration" : 382.0,
      "distance" : 648.0,
      "steps" : 540
    } ],
    "lastUpdate" : "20151031T231617Z"
  }, {
    "type" : "place",
    "startTime" : "20151030T153331-0400",
    "endTime" : "20151030T174016-0400",
    "activities" : [ {
      "activity" : "walking",
      "group" : "walking",
      "manual" : false,
      "startTime" : "20151030T153331-0400",
      "endTime" : "20151030T153409-0400",
      "duration" : 38.0,
      "distance" : 26.0,
      "steps" : 51
    } ],
    "lastUpdate" : "20151101T063835Z"
  } ],
  "lastUpdate" : "20151101T063835Z"
} ]