[ {
  "date" : "20151104",
  "summary" : [ {
    "activity" : "walking",
    "group" : "walking",
    "duration" : 3248.0,
    "distance" : 3643.0,
    "steps" : 4382
  }, {
    "activity" : "transport",
    "group" : "transport",
    "duration" : 2311.0,
    "distance" : 11961.0
  } ],
  "segments" : [ {
    "type" : "place",
    "startTime" : "20151103T225607-0500",
    "endTime" : "20151104T091312-0500",
    "activities" : [ {
      "activity" : "walking",
      "group" : "walking",
      "manual" : false,
      "startTime" : "20151104T081011-0500",
      "endTime" : "20151104T081411-0500",
      "duration" : 240.0,
      "distance" : 266.0,
      "steps" : 354
    } ],
    "lastUpdate" : "20151104T143722Z"
  }, {
    "type" : "move",
    "startTime" : "20151104T091312-0500",
    "endTime" : "20151104T091644-0500",
    "activities" : [ {
      "activity" : "walking",
      "group" : "walking",
      "manual" : false,
      "startTime" : "20151104T091312-0500",
      "endTime" : "20151104T091644-0500",
      "duration" : 212.0,
      "distance" : 394.0,
      "steps" : 329
    } ],
    "lastUpdate" : "20151104T143722Z"
  }, {
    "type" : "move",
    "startTime" : "20151104T091644-0500",
    "endTime" : "20151104T091837-0500",
    "activities" : [ {
      "activity" : "walking",
      "group" : "walking",
      "manual" : false,
      "startTime" : "20151104T091644-0500",
      "endTime" : "20151104T091838-0500",
      "duration" : 114.0,
      "distance" : 63.0,
      "steps" : 126
    } ],
    "lastUpdate" : "20151104T160712Z"
  }, {
    "type" : "place",
    "startTime" : "20151104T091838-0500",
    "endTime" : "20151104T093043-0500",
    "activities" : [ {
      "activity" : "walking",
      "group" : "walking",
      "manual" : false,
      "startTime" : "20151104T092053-0500",
      "endTime" : "20151104T092142-0500",
      "duration" : 49.0,
      "distance" : 24.0,
      "steps" : 0
    } ],
    "lastUpdate" : "20151104T160712Z"
  }, {
    "type" : "move",
    "startTime" : "20151104T093043-0500",
    "endTime" : "20151104T095455-0500",
    "activities" : [ {
      "activity" : "transport",
      "group" : "transport",
      "manual" : false,
      "startTime" : "20151104T093043-0500",
      "endTime" : "20151104T094723-0500",
      "duration" : 1000.0,
      "distance" : 5456.0
    }, {
      "activity" : "walking",
      "group" : "walking",
      "manual" : false,
      "startTime" : "20151104T094723-0500",
      "endTime" : "20151104T095455-0500",
      "duration" : 452.0,
      "distance" : 902.0,
      "steps" : 751
    } ],
    "lastUpdate" : "20151104T160712Z"
  }, {
    "type" : "place",
    "startTime" : "20151104T095456-0500",
    "endTime" : "20151104T181532-0500",
    "activities" : [ {
      "activity" : "walking",
      "group" : "walking",
      "manual" : false,
      "startTime" : "20151104T101430-0500",
      "endTime" : "20151104T101530-0500",
      "duration" : 60.0,
      "distance" : 41.0,
      "steps" : 83
    }, {
      "activity" : "walking",
      "group" : "walking",
      "manual" : false,
      "startTime" : "20151104T121430-0500",
      "endTime" : "20151104T121500-0500",
      "duration" : 30.0,
      "distance" : 25.0,
      "steps" : 50
    }, {
      "activity" : "walking",
      "group" : "walking",
      "manual" : false,
      "startTime" : "20151104T130820-0500",
      "endTime" : "20151104T131120-0500",
      "duration" : 180.0,
      "distance" : 228.0,
      "steps" : 304
    }, {
      "activity" : "walking",
      "group" : "walking",
      "manual" : false,
      "startTime" : "20151104T161138-0500",
      "endTime" : "20151104T161626-0500",
      "duration" : 288.0,
      "distance" : 265.0,
      "steps" : 354
    }, {
      "activity" : "walking",
      "group" : "walking",
      "manual" : false,
      "startTime" : "20151104T172751-0500",
      "endTime" : "20151104T173051-0500",
      "duration" : 180.0,
      "distance" : 135.0,
      "steps" : 152
    } ],
    "lastUpdate" : "20151105T011339Z"
  }, {
    "type" : "move",
    "startTime" : "20151104T181532-0500",
    "endTime" : "20151104T184230-0500",
    "activities" : [ {
      "activity" : "transport",
      "group" : "transport",
      "manual" : false,
      "startTime" : "20151104T181532-0500",
      "endTime" : "20151104T183723-0500",
      "duration" : 1311.0,
      "distance" : 6505.0
    }, {
      "activity" : "walking",
      "group" : "walking",
      "manual" : false,
      "startTime" : "20151104T183723-0500",
      "endTime" : "20151104T184231-0500",
      "duration" : 308.0,
      "distance" : 329.0,
      "steps" : 472
    } ],
    "lastUpdate" : "20151105T011339Z"
  }, {
    "type" : "move",
    "startTime" : "20151104T185033-0500",
    "endTime" : "20151104T185504-0500",
    "activities" : [ {
      "activity" : "walking",
      "group" : "walking",
      "manual" : false,
      "startTime" : "20151104T185033-0500",
      "endTime" : "20151104T185504-0500",
      "duration" : 271.0,
      "distance" : 217.0,
      "steps" : 396
    } ],
    "lastUpdate" : "20151105T011339Z"
  }, {
    "type" : "place",
    "startTime" : "20151104T185504-0500",
    "endTime" : "20151104T212843-0500",
    "activities" : [ {
      "activity" : "walking",
      "group" : "walking",
      "manual" : false,
      "startTime" : "20151104T185954-0500",
      "endTime" : "20151104T190336-0500",
      "duration" : 222.0,
      "distance" : 204.0,
      "steps" : 275
    }, {
      "activity" : "walking",
      "group" : "walking",
      "manual" : false,
      "startTime" : "20151104T200000-0500",
      "endTime" : "20151104T200253-0500",
      "duration" : 173.0,
      "distance" : 130.0,
      "steps" : 173
    } ],
    "lastUpdate" : "20151105T042114Z"
  }, {
    "type" : "move",
    "startTime" : "20151104T212843-0500",
    "endTime" : "20151104T213333-0500",
    "activities" : [ {
      "activity" : "walking",
      "group" : "walking",
      "manual" : false,
      "startTime" : "20151104T212843-0500",
      "endTime" : "20151104T213332-0500",
      "duration" : 289.0,
      "distance" : 254.0,
      "steps" : 331
    } ],
    "lastUpdate" : "20151105T042114Z"
  }, {
    "type" : "place",
    "startTime" : "20151104T213333-0500",
    "endTime" : "20151105T143649-0500",
    "activities" : [ {
      "activity" : "walking",
      "group" : "walking",
      "manual" : false,
      "startTime" : "20151104T213509-0500",
      "endTime" : "20151104T213739-0500",
      "duration" : 150.0,
      "distance" : 151.0,
      "steps" : 202
    }, {
      "activity" : "walking",
      "group" : "walking",
      "manual" : false,
      "startTime" : "20151104T231325-0500",
      "endTime" : "20151104T231355-0500",
      "duration" : 30.0,
      "distance" : 15.0,
      "steps" : 30
    } ],
    "lastUpdate" : "20151105T193651Z"
  } ],
  "lastUpdate" : "20151105T193651Z"
} ]