[ {
  "date" : "20151027",
  "summary" : [ {
    "activity" : "walking",
    "group" : "walking",
    "duration" : 4766.0,
    "distance" : 5949.0,
    "steps" : 6274
  }, {
    "activity" : "transport",
    "group" : "transport",
    "duration" : 1402.0,
    "distance" : 11921.0
  }, {
    "activity" : "cycling",
    "group" : "cycling",
    "duration" : 465.0,
    "distance" : 1312.0
  } ],
  "segments" : [ {
    "type" : "place",
    "startTime" : "20151026T215633-0400",
    "endTime" : "20151027T085001-0400",
    "activities" : [ {
      "activity" : "walking",
      "group" : "walking",
      "manual" : false,
      "startTime" : "20151027T080544-0400",
      "endTime" : "20151027T081034-0400",
      "duration" : 290.0,
      "distance" : 312.0,
      "steps" : 416
    } ],
    "lastUpdate" : "20151027T162344Z"
  }, {
    "type" : "move",
    "startTime" : "20151027T085001-0400",
    "endTime" : "20151027T092344-0400",
    "activities" : [ {
      "activity" : "walking",
      "group" : "walking",
      "manual" : false,
      "startTime" : "20151027T085001-0400",
      "endTime" : "20151027T085715-0400",
      "duration" : 434.0,
      "distance" : 636.0,
      "steps" : 530
    }, {
      "activity" : "transport",
      "group" : "transport",
      "manual" : false,
      "startTime" : "20151027T085715-0400",
      "endTime" : "20151027T091316-0400",
      "duration" : 961.0,
      "distance" : 6502.0
    }, {
      "activity" : "walking",
      "group" : "walking",
      "manual" : false,
      "startTime" : "20151027T091315-0400",
      "endTime" : "20151027T092344-0400",
      "duration" : 629.0,
      "distance" : 848.0,
      "steps" : 706
    } ],
    "lastUpdate" : "20151027T162344Z"
  }, {
    "type" : "place",
    "startTime" : "20151027T092344-0400",
    "endTime" : "20151027T122537-0400",
    "activities" : [ {
      "activity" : "walking",
      "group" : "walking",
      "manual" : false,
      "startTime" : "20151027T092344-0400",
      "endTime" : "20151027T092407-0400",
      "duration" : 23.0,
      "distance" : 15.0,
      "steps" : 31
    }, {
      "activity" : "walking",
      "group" : "walking",
      "manual" : false,
      "startTime" : "20151027T100348-0400",
      "endTime" : "20151027T100559-0400",
      "duration" : 131.0,
      "distance" : 131.0,
      "steps" : 174
    }, {
      "activity" : "walking",
      "group" : "walking",
      "manual" : false,
      "startTime" : "20151027T113731-0400",
      "endTime" : "20151027T114010-0400",
      "duration" : 159.0,
      "distance" : 167.0,
      "steps" : 222
    } ],
    "lastUpdate" : "20151027T175413Z"
  }, {
    "type" : "place",
    "startTime" : "20151027T122537-0400",
    "endTime" : "20151027T155203-0400",
    "activities" : [ {
      "activity" : "walking",
      "group" : "walking",
      "manual" : false,
      "startTime" : "20151027T125809-0400",
      "endTime" : "20151027T125858-0400",
      "duration" : 49.0,
      "distance" : 33.0,
      "steps" : 65
    }, {
      "activity" : "walking",
      "group" : "walking",
      "manual" : false,
      "startTime" : "20151027T131840-0400",
      "endTime" : "20151027T132230-0400",
      "duration" : 230.0,
      "distance" : 248.0,
      "steps" : 331
    }, {
      "activity" : "walking",
      "group" : "walking",
      "manual" : false,
      "startTime" : "20151027T140018-0400",
      "endTime" : "20151027T140146-0400",
      "duration" : 88.0,
      "distance" : 61.0,
      "steps" : 121
    }, {
      "activity" : "walking",
      "group" : "walking",
      "manual" : false,
      "startTime" : "20151027T153103-0400",
      "endTime" : "20151027T153503-0400",
      "duration" : 240.0,
      "distance" : 251.0,
      "steps" : 334
    } ],
    "lastUpdate" : "20151027T212906Z"
  }, {
    "type" : "move",
    "startTime" : "20151027T155203-0400",
    "endTime" : "20151027T160338-0400",
    "activities" : [ {
      "activity" : "transport",
      "group" : "transport",
      "manual" : false,
      "startTime" : "20151027T155203-0400",
      "endTime" : "20151027T155924-0400",
      "duration" : 441.0,
      "distance" : 5419.0
    }, {
      "activity" : "walking",
      "group" : "walking",
      "manual" : false,
      "startTime" : "20151027T155924-0400",
      "endTime" : "20151027T160339-0400",
      "duration" : 255.0,
      "distance" : 409.0,
      "steps" : 342
    } ],
    "lastUpdate" : "20151027T212906Z"
  }, {
    "type" : "place",
    "startTime" : "20151027T160338-0400",
    "endTime" : "20151027T182819-0400",
    "activities" : [ {
      "activity" : "walking",
      "group" : "walking",
      "manual" : false,
      "startTime" : "20151027T160414-0400",
      "endTime" : "20151027T160429-0400",
      "duration" : 15.0,
      "distance" : 10.0,
      "steps" : 20
    }, {
      "activity" : "walking",
      "group" : "walking",
      "manual" : false,
      "startTime" : "20151027T182607-0400",
      "endTime" : "20151027T182934-0400",
      "duration" : 207.0,
      "distance" : 216.0,
      "steps" : 287
    } ],
    "lastUpdate" : "20151028T003206Z"
  }, {
    "type" : "move",
    "startTime" : "20151027T182819-0400",
    "endTime" : "20151027T184637-0400",
    "activities" : [ {
      "activity" : "cycling",
      "group" : "cycling",
      "manual" : false,
      "startTime" : "20151027T182819-0400",
      "endTime" : "20151027T183604-0400",
      "duration" : 465.0,
      "distance" : 1312.0
    }, {
      "activity" : "walking",
      "group" : "walking",
      "manual" : false,
      "startTime" : "20151027T183604-0400",
      "endTime" : "20151027T184637-0400",
      "duration" : 633.0,
      "distance" : 651.0,
      "steps" : 639
    } ],
    "lastUpdate" : "20151028T003206Z"
  }, {
    "type" : "place",
    "startTime" : "20151027T184638-0400",
    "endTime" : "20151027T214051-0400",
    "activities" : [ {
      "activity" : "walking",
      "group" : "walking",
      "manual" : false,
      "startTime" : "20151027T185145-0400",
      "endTime" : "20151027T185310-0400",
      "duration" : 85.0,
      "distance" : 57.0,
      "steps" : 113
    }, {
      "activity" : "walking",
      "group" : "walking",
      "manual" : false,
      "startTime" : "20151027T213612-0400",
      "endTime" : "20151027T213834-0400",
      "duration" : 142.0,
      "distance" : 142.0,
      "steps" : 189
    } ],
    "lastUpdate" : "20151028T033416Z"
  }, {
    "type" : "move",
    "startTime" : "20151027T214051-0400",
    "endTime" : "20151027T215843-0400",
    "activities" : [ {
      "activity" : "walking",
      "group" : "walking",
      "manual" : false,
      "startTime" : "20151027T214051-0400",
      "endTime" : "20151027T215844-0400",
      "duration" : 1073.0,
      "distance" : 1714.0,
      "steps" : 1658
    } ],
    "lastUpdate" : "20151028T033416Z"
  }, {
    "type" : "move",
    "startTime" : "20151027T215843-0400",
    "endTime" : "20151027T215939-0400",
    "activities" : [ {
      "activity" : "walking",
      "group" : "walking",
      "manual" : false,
      "startTime" : "20151027T215843-0400",
      "endTime" : "20151027T215940-0400",
      "duration" : 57.0,
      "distance" : 30.0,
      "steps" : 61
    } ],
    "lastUpdate" : "20151028T142623Z"
  }, {
    "type" : "place",
    "startTime" : "20151027T215939-0400",
    "endTime" : "20151028T092940-0400",
    "activities" : [ {
      "activity" : "walking",
      "group" : "walking",
      "manual" : false,
      "startTime" : "20151027T220347-0400",
      "endTime" : "20151027T220359-0400",
      "duration" : 12.0,
      "distance" : 8.0,
      "steps" : 16
    }, {
      "activity" : "walking",
      "group" : "walking",
      "manual" : false,
      "startTime" : "20151027T232846-0400",
      "endTime" : "20151027T232900-0400",
      "duration" : 14.0,
      "distance" : 10.0,
      "steps" : 19
    } ],
    "lastUpdate" : "20151028T142623Z"
  } ],
  "lastUpdate" : "20151028T142623Z"
} ]