[ {
  "date" : "20151029",
  "summary" : [ {
    "activity" : "walking",
    "group" : "walking",
    "duration" : 4861.0,
    "distance" : 4893.0,
    "steps" : 6402
  }, {
    "activity" : "transport",
    "group" : "transport",
    "duration" : 1702.0,
    "distance" : 12873.0
  } ],
  "segments" : [ {
    "type" : "place",
    "startTime" : "20151028T235859-0400",
    "endTime" : "20151029T092211-0400",
    "activities" : [ {
      "activity" : "walking",
      "group" : "walking",
      "manual" : false,
      "startTime" : "20151029T000314-0400",
      "endTime" : "20151029T000942-0400",
      "duration" : 388.0,
      "distance" : 429.0,
      "steps" : 572
    } ],
    "lastUpdate" : "20151029T142143Z"
  }, {
    "type" : "move",
    "startTime" : "20151029T092211-0400",
    "endTime" : "20151029T092632-0400",
    "activities" : [ {
      "activity" : "walking",
      "group" : "walking",
      "manual" : false,
      "startTime" : "20151029T092211-0400",
      "endTime" : "20151029T092632-0400",
      "duration" : 261.0,
      "distance" : 278.0,
      "steps" : 365
    } ],
    "lastUpdate" : "20151029T142143Z"
  }, {
    "type" : "place",
    "startTime" : "20151029T092632-0400",
    "endTime" : "20151029T094634-0400",
    "activities" : [ {
      "activity" : "walking",
      "group" : "walking",
      "manual" : false,
      "startTime" : "20151029T092632-0400",
      "endTime" : "20151029T092748-0400",
      "duration" : 76.0,
      "distance" : 57.0,
      "steps" : 114
    } ],
    "lastUpdate" : "20151029T161332Z"
  }, {
    "type" : "move",
    "startTime" : "20151029T094634-0400",
    "endTime" : "20151029T095207-0400",
    "activities" : [ {
      "activity" : "walking",
      "group" : "walking",
      "manual" : false,
      "startTime" : "20151029T094634-0400",
      "endTime" : "20151029T095207-0400",
      "duration" : 333.0,
      "distance" : 400.0,
      "steps" : 496
    } ],
    "lastUpdate" : "20151029T161332Z"
  }, {
    "type" : "place",
    "startTime" : "20151029T095207-0400",
    "endTime" : "20151029T100020-0400",
    "activities" : [ {
      "activity" : "walking",
      "group" : "walking",
      "manual" : false,
      "startTime" : "20151029T095207-0400",
      "endTime" : "20151029T095250-0400",
      "duration" : 43.0,
      "distance" : 31.0,
      "steps" : 62
    } ],
    "lastUpdate" : "20151029T161332Z"
  }, {
    "type" : "move",
    "startTime" : "20151029T100020-0400",
    "endTime" : "20151029T102107-0400",
    "activities" : [ {
      "activity" : "transport",
      "group" : "transport",
      "manual" : false,
      "startTime" : "20151029T100020-0400",
      "endTime" : "20151029T101332-0400",
      "duration" : 792.0,
      "distance" : 7022.0
    }, {
      "activity" : "walking",
      "group" : "walking",
      "manual" : false,
      "startTime" : "20151029T101333-0400",
      "endTime" : "20151029T102107-0400",
      "duration" : 454.0,
      "distance" : 523.0,
      "steps" : 662
    } ],
    "lastUpdate" : "20151029T161332Z"
  }, {
    "type" : "place",
    "startTime" : "20151029T102107-0400",
    "endTime" : "20151029T123254-0400",
    "activities" : [ {
      "activity" : "walking",
      "group" : "walking",
      "manual" : false,
      "startTime" : "20151029T102107-0400",
      "endTime" : "20151029T102111-0400",
      "duration" : 4.0,
      "distance" : 3.0,
      "steps" : 5
    }, {
      "activity" : "walking",
      "group" : "walking",
      "manual" : false,
      "startTime" : "20151029T113202-0400",
      "endTime" : "20151029T113301-0400",
      "duration" : 59.0,
      "distance" : 39.0,
      "steps" : 78
    }, {
      "activity" : "walking",
      "group" : "walking",
      "manual" : false,
      "startTime" : "20151029T120937-0400",
      "endTime" : "20151029T121208-0400",
      "duration" : 151.0,
      "distance" : 151.0,
      "steps" : 201
    } ],
    "lastUpdate" : "20151029T180243Z"
  }, {
    "type" : "move",
    "startTime" : "20151029T123254-0400",
    "endTime" : "20151029T124103-0400",
    "activities" : [ {
      "activity" : "walking",
      "group" : "walking",
      "manual" : false,
      "startTime" : "20151029T123254-0400",
      "endTime" : "20151029T124103-0400",
      "duration" : 489.0,
      "distance" : 536.0,
      "steps" : 543
    } ],
    "lastUpdate" : "20151029T180243Z"
  }, {
    "type" : "place",
    "startTime" : "20151029T124103-0400",
    "endTime" : "20151029T130345-0400",
    "activities" : [ {
      "activity" : "walking",
      "group" : "walking",
      "manual" : false,
      "startTime" : "20151029T130300-0400",
      "endTime" : "20151029T130346-0400",
      "duration" : 46.0,
      "distance" : 30.0,
      "steps" : 61
    } ],
    "lastUpdate" : "20151029T180246Z"
  }, {
    "type" : "move",
    "startTime" : "20151029T130345-0400",
    "endTime" : "20151029T130646-0400",
    "activities" : [ {
      "activity" : "walking",
      "group" : "walking",
      "manual" : false,
      "startTime" : "20151029T130345-0400",
      "endTime" : "20151029T130647-0400",
      "duration" : 182.0,
      "distance" : 179.0,
      "steps" : 281
    } ],
    "lastUpdate" : "20151029T180246Z"
  }, {
    "type" : "place",
    "startTime" : "20151029T130647-0400",
    "endTime" : "20151029T131452-0400",
    "activities" : [ {
      "activity" : "walking",
      "group" : "walking",
      "manual" : false,
      "startTime" : "20151029T130647-0400",
      "endTime" : "20151029T130656-0400",
      "duration" : 9.0,
      "distance" : 6.0,
      "steps" : 12
    } ],
    "lastUpdate" : "20151029T180246Z"
  }, {
    "type" : "move",
    "startTime" : "20151029T131452-0400",
    "endTime" : "20151029T132344-0400",
    "activities" : [ {
      "activity" : "walking",
      "group" : "walking",
      "manual" : false,
      "startTime" : "20151029T131452-0400",
      "endTime" : "20151029T132345-0400",
      "duration" : 533.0,
      "distance" : 490.0,
      "steps" : 670
    } ],
    "lastUpdate" : "20151029T180246Z"
  }, {
    "type" : "place",
    "startTime" : "20151029T132344-0400",
    "endTime" : "20151029T191819-0400",
    "activities" : [ {
      "activity" : "walking",
      "group" : "walking",
      "manual" : false,
      "startTime" : "20151029T132449-0400",
      "endTime" : "20151029T132853-0400",
      "duration" : 244.0,
      "distance" : 248.0,
      "steps" : 331
    }, {
      "activity" : "walking",
      "group" : "walking",
      "manual" : false,
      "startTime" : "20151029T140122-0400",
      "endTime" : "20151029T140239-0400",
      "duration" : 77.0,
      "distance" : 53.0,
      "steps" : 105
    }, {
      "activity" : "walking",
      "group" : "walking",
      "manual" : false,
      "startTime" : "20151029T150240-0400",
      "endTime" : "20151029T150606-0400",
      "duration" : 206.0,
      "distance" : 209.0,
      "steps" : 279
    }, {
      "activity" : "walking",
      "group" : "walking",
      "manual" : false,
      "startTime" : "20151029T163357-0400",
      "endTime" : "20151029T163415-0400",
      "duration" : 18.0,
      "distance" : 12.0,
      "steps" : 24
    }, {
      "activity" : "walking",
      "group" : "walking",
      "manual" : false,
      "startTime" : "20151029T170124-0400",
      "endTime" : "20151029T170356-0400",
      "duration" : 152.0,
      "distance" : 152.0,
      "steps" : 203
    }, {
      "activity" : "walking",
      "group" : "walking",
      "manual" : false,
      "startTime" : "20151029T180408-0400",
      "endTime" : "20151029T180605-0400",
      "duration" : 117.0,
      "distance" : 82.0,
      "steps" : 163
    } ],
    "lastUpdate" : "20151030T023428Z"
  }, {
    "type" : "move",
    "startTime" : "20151029T191819-0400",
    "endTime" : "20151029T193733-0400",
    "activities" : [ {
      "activity" : "walking",
      "group" : "walking",
      "manual" : false,
      "startTime" : "20151029T191819-0400",
      "endTime" : "20151029T192100-0400",
      "duration" : 161.0,
      "distance" : 143.0,
      "steps" : 132
    }, {
      "activity" : "transport",
      "group" : "transport",
      "manual" : false,
      "startTime" : "20151029T192100-0400",
      "endTime" : "20151029T193300-0400",
      "duration" : 720.0,
      "distance" : 4403.0
    }, {
      "activity" : "walking",
      "group" : "walking",
      "manual" : false,
      "startTime" : "20151029T193300-0400",
      "endTime" : "20151029T193733-0400",
      "duration" : 273.0,
      "distance" : 222.0,
      "steps" : 291
    } ],
    "lastUpdate" : "20151030T023428Z"
  }, {
    "type" : "place",
    "startTime" : "20151029T193733-0400",
    "endTime" : "20151029T194356-0400",
    "activities" : [ {
      "activity" : "walking",
      "group" : "walking",
      "manual" : false,
      "startTime" : "20151029T193733-0400",
      "endTime" : "20151029T193745-0400",
      "duration" : 12.0,
      "distance" : 10.0,
      "steps" : 20
    } ],
    "lastUpdate" : "20151030T023428Z"
  }, {
    "type" : "move",
    "startTime" : "20151029T194356-0400",
    "endTime" : "20151029T195618-0400",
    "activities" : [ {
      "activity" : "transport",
      "group" : "transport",
      "manual" : false,
      "startTime" : "20151029T194356-0400",
      "endTime" : "20151029T194706-0400",
      "duration" : 190.0,
      "distance" : 1448.0
    }, {
      "activity" : "walking",
      "group" : "walking",
      "manual" : false,
      "startTime" : "20151029T194707-0400",
      "endTime" : "20151029T195618-0400",
      "duration" : 551.0,
      "distance" : 595.0,
      "steps" : 703
    } ],
    "lastUpdate" : "20151030T023428Z"
  }, {
    "type" : "place",
    "startTime" : "20151029T195618-0400",
    "endTime" : "20151030T000833-0400",
    "activities" : [ {
      "activity" : "walking",
      "group" : "walking",
      "manual" : false,
      "startTime" : "20151029T204320-0400",
      "endTime" : "20151029T204332-0400",
      "duration" : 12.0,
      "distance" : 8.0,
      "steps" : 16
    }, {
      "activity" : "walking",
      "group" : "walking",
      "manual" : false,
      "startTime" : "20151029T221331-0400",
      "endTime" : "20151029T221341-0400",
      "duration" : 10.0,
      "distance" : 7.0,
      "steps" : 13
    } ],
    "lastUpdate" : "20151030T054627Z"
  } ],
  "lastUpdate" : "20151030T054627Z"
} ]