[ {
  "date" : "20151102",
  "summary" : [ {
    "activity" : "walking",
    "group" : "walking",
    "duration" : 2140.0,
    "distance" : 2618.0,
    "steps" : 2954
  } ],
  "segments" : [ {
    "type" : "place",
    "startTime" : "20151101T212707-0500",
    "endTime" : "20151102T091837-0500",
    "activities" : [ {
      "activity" : "walking",
      "group" : "walking",
      "manual" : false,
      "startTime" : "20151102T080845-0500",
      "endTime" : "20151102T081256-0500",
      "duration" : 251.0,
      "distance" : 290.0,
      "steps" : 386
    }, {
      "activity" : "walking",
      "group" : "walking",
      "manual" : false,
      "startTime" : "20151102T091646-0500",
      "endTime" : "20151102T091709-0500",
      "duration" : 23.0,
      "distance" : 16.0,
      "steps" : 31
    } ],
    "lastUpdate" : "20151102T161754Z"
  }, {
    "type" : "move",
    "startTime" : "20151102T091837-0500",
    "endTime" : "20151102T092438-0500",
    "activities" : [ {
      "activity" : "walking",
      "group" : "walking",
      "manual" : false,
      "startTime" : "20151102T091837-0500",
      "endTime" : "20151102T092437-0500",
      "duration" : 360.0,
      "distance" : 541.0,
      "steps" : 451
    } ],
    "lastUpdate" : "20151102T161754Z"
  }, {
    "type" : "place",
    "startTime" : "20151102T092438-0500",
    "endTime" : "20151102T095141-0500",
    "activities" : [ {
      "activity" : "walking",
      "group" : "walking",
      "manual" : false,
      "startTime" : "20151102T092438-0500",
      "endTime" : "20151102T092600-0500",
      "duration" : 82.0,
      "distance" : 64.0,
      "steps" : 128
    } ],
    "lastUpdate" : "20151102T161754Z"
  }, {
    "type" : "move",
    "startTime" : "20151102T095141-0500",
    "endTime" : "20151102T095919-0500",
    "activities" : [ {
      "activity" : "walking",
      "group" : "walking",
      "manual" : false,
      "startTime" : "20151102T095141-0500",
      "endTime" : "20151102T095919-0500",
      "duration" : 458.0,
      "distance" : 819.0,
      "steps" : 683
    } ],
    "lastUpdate" : "20151102T161754Z"
  }, {
    "type" : "place",
    "startTime" : "20151102T095919-0500",
    "endTime" : "20151103T145225-0500",
    "activities" : [ {
      "activity" : "walking",
      "group" : "walking",
      "manual" : false,
      "startTime" : "20151102T102852-0500",
      "endTime" : "20151102T103022-0500",
      "duration" : 90.0,
      "distance" : 79.0,
      "steps" : 157
    }, {
      "activity" : "walking",
      "group" : "walking",
      "manual" : false,
      "startTime" : "20151102T113014-0500",
      "endTime" : "20151102T113517-0500",
      "duration" : 303.0,
      "distance" : 250.0,
      "steps" : 334
    }, {
      "activity" : "walking",
      "group" : "walking",
      "manual" : false,
      "startTime" : "20151102T120404-0500",
      "endTime" : "20151102T120534-0500",
      "duration" : 90.0,
      "distance" : 45.0,
      "steps" : 84
    }, {
      "activity" : "walking",
      "group" : "walking",
      "manual" : false,
      "startTime" : "20151102T130006-0500",
      "endTime" : "20151102T130406-0500",
      "duration" : 240.0,
      "distance" : 244.0,
      "steps" : 326
    }, {
      "activity" : "walking",
      "group" : "walking",
      "manual" : false,
      "startTime" : "20151102T142305-0500",
      "endTime" : "20151102T142638-0500",
      "duration" : 213.0,
      "distance" : 250.0,
      "steps" : 334
    }, {
      "activity" : "walking",
      "group" : "walking",
      "manual" : false,
      "startTime" : "20151102T154730-0500",
      "endTime" : "20151102T154800-0500",
      "duration" : 30.0,
      "distance" : 20.0,
      "steps" : 40
    } ],
    "lastUpdate" : "20151103T212825Z"
  } ],
  "lastUpdate" : "20151103T212825Z"
} ]