[ {
  "date" : "20151028",
  "summary" : [ {
    "activity" : "walking",
    "group" : "walking",
    "duration" : 4138.0,
    "distance" : 4586.0,
    "steps" : 5658
  }, {
    "activity" : "transport",
    "group" : "transport",
    "duration" : 4438.0,
    "distance" : 46404.0
  } ],
  "segments" : [ {
    "type" : "place",
    "startTime" : "20151027T215939-0400",
    "endTime" : "20151028T092940-0400",
    "activities" : [ {
      "activity" : "walking",
      "group" : "walking",
      "manual" : false,
      "startTime" : "20151028T083934-0400",
      "endTime" : "20151028T084512-0400",
      "duration" : 338.0,
      "distance" : 387.0,
      "steps" : 516
    } ],
    "lastUpdate" : "20151028T142623Z"
  }, {
    "type" : "move",
    "startTime" : "20151028T092940-0400",
    "endTime" : "20151028T095657-0400",
    "activities" : [ {
      "activity" : "walking",
      "group" : "walking",
      "manual" : false,
      "startTime" : "20151028T092940-0400",
      "endTime" : "20151028T093623-0400",
      "duration" : 403.0,
      "distance" : 581.0,
      "steps" : 484
    }, {
      "activity" : "transport",
      "group" : "transport",
      "manual" : false,
      "startTime" : "20151028T093623-0400",
      "endTime" : "20151028T094924-0400",
      "duration" : 781.0,
      "distance" : 6376.0
    }, {
      "activity" : "walking",
      "group" : "walking",
      "manual" : false,
      "startTime" : "20151028T094923-0400",
      "endTime" : "20151028T095657-0400",
      "duration" : 454.0,
      "distance" : 741.0,
      "steps" : 618
    } ],
    "lastUpdate" : "20151028T142623Z"
  }, {
    "type" : "place",
    "startTime" : "20151028T095657-0400",
    "endTime" : "20151028T172624-0400",
    "activities" : [ {
      "activity" : "walking",
      "group" : "walking",
      "manual" : false,
      "startTime" : "20151028T095657-0400",
      "endTime" : "20151028T095742-0400",
      "duration" : 45.0,
      "distance" : 30.0,
      "steps" : 60
    }, {
      "activity" : "walking",
      "group" : "walking",
      "manual" : false,
      "startTime" : "20151028T100759-0400",
      "endTime" : "20151028T101005-0400",
      "duration" : 126.0,
      "distance" : 125.0,
      "steps" : 167
    }, {
      "activity" : "walking",
      "group" : "walking",
      "manual" : false,
      "startTime" : "20151028T113526-0400",
      "endTime" : "20151028T113813-0400",
      "duration" : 167.0,
      "distance" : 167.0,
      "steps" : 222
    }, {
      "activity" : "walking",
      "group" : "walking",
      "manual" : false,
      "startTime" : "20151028T130857-0400",
      "endTime" : "20151028T131055-0400",
      "duration" : 118.0,
      "distance" : 79.0,
      "steps" : 157
    }, {
      "activity" : "walking",
      "group" : "walking",
      "manual" : false,
      "startTime" : "20151028T143612-0400",
      "endTime" : "20151028T143957-0400",
      "duration" : 225.0,
      "distance" : 232.0,
      "steps" : 309
    }, {
      "activity" : "walking",
      "group" : "walking",
      "manual" : false,
      "startTime" : "20151028T170131-0400",
      "endTime" : "20151028T170157-0400",
      "duration" : 26.0,
      "distance" : 18.0,
      "steps" : 35
    } ],
    "lastUpdate" : "20151029T040551Z"
  }, {
    "type" : "move",
    "startTime" : "20151028T172624-0400",
    "endTime" : "20151028T173150-0400",
    "activities" : [ {
      "activity" : "walking",
      "group" : "walking",
      "manual" : false,
      "startTime" : "20151028T172624-0400",
      "endTime" : "20151028T173151-0400",
      "duration" : 327.0,
      "distance" : 163.0,
      "steps" : 215
    } ],
    "lastUpdate" : "20151029T040551Z"
  }, {
    "type" : "place",
    "startTime" : "20151028T173151-0400",
    "endTime" : "20151028T184154-0400",
    "activities" : [ {
      "activity" : "walking",
      "group" : "walking",
      "manual" : false,
      "startTime" : "20151028T183832-0400",
      "endTime" : "20151028T184016-0400",
      "duration" : 104.0,
      "distance" : 94.0,
      "steps" : 187
    } ],
    "lastUpdate" : "20151029T040551Z"
  }, {
    "type" : "move",
    "startTime" : "20151028T184154-0400",
    "endTime" : "20151028T190148-0400",
    "activities" : [ {
      "activity" : "transport",
      "group" : "transport",
      "manual" : false,
      "startTime" : "20151028T184154-0400",
      "endTime" : "20151028T185513-0400",
      "duration" : 799.0,
      "distance" : 6487.0
    }, {
      "activity" : "walking",
      "group" : "walking",
      "manual" : false,
      "startTime" : "20151028T185513-0400",
      "endTime" : "20151028T190149-0400",
      "duration" : 396.0,
      "distance" : 517.0,
      "steps" : 719
    } ],
    "lastUpdate" : "20151029T040551Z"
  }, {
    "type" : "place",
    "startTime" : "20151028T190148-0400",
    "endTime" : "20151028T200329-0400",
    "activities" : [ {
      "activity" : "walking",
      "group" : "walking",
      "manual" : false,
      "startTime" : "20151028T190148-0400",
      "endTime" : "20151028T190225-0400",
      "duration" : 37.0,
      "distance" : 25.0,
      "steps" : 49
    }, {
      "activity" : "walking",
      "group" : "walking",
      "manual" : false,
      "startTime" : "20151028T200012-0400",
      "endTime" : "20151028T200053-0400",
      "duration" : 41.0,
      "distance" : 28.0,
      "steps" : 55
    } ],
    "lastUpdate" : "20151029T142143Z"
  }, {
    "type" : "move",
    "startTime" : "20151028T200329-0400",
    "endTime" : "20151028T200547-0400",
    "activities" : [ {
      "activity" : "walking",
      "group" : "walking",
      "manual" : false,
      "startTime" : "20151028T200329-0400",
      "endTime" : "20151028T200548-0400",
      "duration" : 139.0,
      "distance" : 216.0,
      "steps" : 262
    } ],
    "lastUpdate" : "20151029T142143Z"
  }, {
    "type" : "place",
    "startTime" : "20151028T200547-0400",
    "endTime" : "20151028T205132-0400",
    "activities" : [ {
      "activity" : "walking",
      "group" : "walking",
      "manual" : false,
      "startTime" : "20151028T200547-0400",
      "endTime" : "20151028T200807-0400",
      "duration" : 140.0,
      "distance" : 161.0,
      "steps" : 214
    } ],
    "lastUpdate" : "20151029T142143Z"
  }, {
    "type" : "move",
    "startTime" : "20151028T205132-0400",
    "endTime" : "20151028T211111-0400",
    "activities" : [ {
      "activity" : "transport",
      "group" : "transport",
      "manual" : false,
      "startTime" : "20151028T205132-0400",
      "endTime" : "20151028T211112-0400",
      "duration" : 1180.0,
      "distance" : 14580.0
    } ],
    "lastUpdate" : "20151029T142143Z"
  }, {
    "type" : "place",
    "startTime" : "20151028T211111-0400",
    "endTime" : "20151028T221453-0400",
    "activities" : [ {
      "activity" : "walking",
      "group" : "walking",
      "manual" : false,
      "startTime" : "20151028T211111-0400",
      "endTime" : "20151028T211607-0400",
      "duration" : 296.0,
      "distance" : 323.0,
      "steps" : 431
    }, {
      "activity" : "walking",
      "group" : "walking",
      "manual" : false,
      "startTime" : "20151028T220019-0400",
      "endTime" : "20151028T220400-0400",
      "duration" : 221.0,
      "distance" : 239.0,
      "steps" : 318
    } ],
    "lastUpdate" : "20151029T142143Z"
  }, {
    "type" : "move",
    "startTime" : "20151028T221453-0400",
    "endTime" : "20151028T221652-0400",
    "activities" : [ {
      "activity" : "transport",
      "group" : "transport",
      "manual" : false,
      "startTime" : "20151028T221453-0400",
      "endTime" : "20151028T221653-0400",
      "duration" : 120.0,
      "distance" : 626.0
    } ],
    "lastUpdate" : "20151029T142143Z"
  }, {
    "type" : "place",
    "startTime" : "20151028T221653-0400",
    "endTime" : "20151028T223642-0400",
    "activities" : [ {
      "activity" : "walking",
      "group" : "walking",
      "manual" : false,
      "startTime" : "20151028T221731-0400",
      "endTime" : "20151028T221833-0400",
      "duration" : 62.0,
      "distance" : 41.0,
      "steps" : 82
    } ],
    "lastUpdate" : "20151029T142143Z"
  }, {
    "type" : "move",
    "startTime" : "20151028T223642-0400",
    "endTime" : "20151028T224511-0400",
    "activities" : [ {
      "activity" : "transport",
      "group" : "transport",
      "manual" : false,
      "startTime" : "20151028T223642-0400",
      "endTime" : "20151028T224512-0400",
      "duration" : 510.0,
      "distance" : 4117.0
    } ],
    "lastUpdate" : "20151029T142143Z"
  }, {
    "type" : "place",
    "startTime" : "20151028T224511-0400",
    "endTime" : "20151028T231128-0400",
    "activities" : [ {
      "activity" : "walking",
      "group" : "walking",
      "manual" : false,
      "startTime" : "20151028T224625-0400",
      "endTime" : "20151028T224859-0400",
      "duration" : 154.0,
      "distance" : 154.0,
      "steps" : 205
    }, {
      "activity" : "walking",
      "group" : "walking",
      "manual" : false,
      "startTime" : "20151028T230032-0400",
      "endTime" : "20151028T230551-0400",
      "duration" : 319.0,
      "distance" : 265.0,
      "steps" : 353
    } ],
    "lastUpdate" : "20151029T142143Z"
  }, {
    "type" : "move",
    "startTime" : "20151028T234131-0400",
    "endTime" : "20151028T235859-0400",
    "activities" : [ {
      "activity" : "transport",
      "group" : "transport",
      "manual" : false,
      "startTime" : "20151028T234131-0400",
      "endTime" : "20151028T235859-0400",
      "duration" : 1048.0,
      "distance" : 14218.0
    } ],
    "lastUpdate" : "20151029T142143Z"
  } ],
  "lastUpdate" : "20151029T142143Z"
} ]