[ {
  "date" : "20151020",
  "summary" : [ {
    "activity" : "walking",
    "group" : "walking",
    "duration" : 1327.0,
    "distance" : 1572.0,
    "steps" : 1327
  }, {
    "activity" : "transport",
    "group" : "transport",
    "duration" : 1251.0,
    "distance" : 6556.0
  } ],
  "segments" : [ {
    "type" : "move",
    "startTime" : "20151020T172207-0400",
    "endTime" : "20151020T174829-0400",
    "activities" : [ {
      "activity" : "transport",
      "group" : "transport",
      "manual" : false,
      "startTime" : "20151020T172207-0400",
      "endTime" : "20151020T174258-0400",
      "duration" : 1251.0,
      "distance" : 6556.0
    }, {
      "activity" : "walking",
      "group" : "walking",
      "manual" : false,
      "startTime" : "20151020T174257-0400",
      "endTime" : "20151020T174828-0400",
      "duration" : 331.0,
      "distance" : 398.0,
      "steps" : 331
    } ],
    "lastUpdate" : "20151020T230501Z"
  }, {
    "type" : "move",
    "startTime" : "20151020T180954-0400",
    "endTime" : "20151020T181834-0400",
    "activities" : [ {
      "activity" : "walking",
      "group" : "walking",
      "manual" : false,
      "startTime" : "20151020T180954-0400",
      "endTime" : "20151020T181834-0400",
      "duration" : 520.0,
      "distance" : 603.0,
      "steps" : 520
    } ],
    "lastUpdate" : "20151020T230501Z"
  }, {
    "type" : "move",
    "startTime" : "20151020T183547-0400",
    "endTime" : "20151020T184343-0400",
    "activities" : [ {
      "activity" : "walking",
      "group" : "walking",
      "manual" : false,
      "startTime" : "20151020T183547-0400",
      "endTime" : "20151020T184343-0400",
      "duration" : 476.0,
      "distance" : 571.0,
      "steps" : 476
    } ],
    "lastUpdate" : "20151021T082513Z"
  } ],
  "lastUpdate" : "20151021T130338Z"
} ]