[ {
  "date" : "20151021",
  "summary" : [ {
    "activity" : "walking",
    "group" : "walking",
    "duration" : 3901.0,
    "distance" : 3769.0,
    "steps" : 4902
  }, {
    "activity" : "transport",
    "group" : "transport",
    "duration" : 1650.0,
    "distance" : 15414.0
  }, {
    "activity" : "cycling",
    "group" : "cycling",
    "duration" : 537.0,
    "distance" : 2392.0
  } ],
  "segments" : [ {
    "type" : "move",
    "startTime" : "20151021T071339-0400",
    "endTime" : "20151021T071844-0400",
    "activities" : [ {
      "activity" : "walking",
      "group" : "walking",
      "manual" : false,
      "startTime" : "20151021T071339-0400",
      "endTime" : "20151021T071845-0400",
      "duration" : 306.0,
      "distance" : 240.0,
      "steps" : 306
    } ],
    "lastUpdate" : "20151021T130338Z"
  }, {
    "type" : "move",
    "startTime" : "20151021T080615-0400",
    "endTime" : "20151021T081327-0400",
    "activities" : [ {
      "activity" : "transport",
      "group" : "transport",
      "manual" : false,
      "startTime" : "20151021T080615-0400",
      "endTime" : "20151021T081327-0400",
      "duration" : 432.0,
      "distance" : 6807.0
    } ],
    "lastUpdate" : "20151021T130338Z"
  }, {
    "type" : "move",
    "startTime" : "20151021T125642-0400",
    "endTime" : "20151021T130539-0400",
    "activities" : [ {
      "activity" : "cycling",
      "group" : "cycling",
      "manual" : false,
      "startTime" : "20151021T125642-0400",
      "endTime" : "20151021T130539-0400",
      "duration" : 537.0,
      "distance" : 2392.0
    } ],
    "lastUpdate" : "20151021T174741Z"
  }, {
    "type" : "place",
    "startTime" : "20151021T130539-0400",
    "endTime" : "20151021T135730-0400",
    "activities" : [ {
      "activity" : "walking",
      "group" : "walking",
      "manual" : false,
      "startTime" : "20151021T131108-0400",
      "endTime" : "20151021T131926-0400",
      "duration" : 498.0,
      "distance" : 435.0,
      "steps" : 580
    } ],
    "lastUpdate" : "20151021T194613Z"
  }, {
    "type" : "move",
    "startTime" : "20151021T135730-0400",
    "endTime" : "20151021T141813-0400",
    "activities" : [ {
      "activity" : "transport",
      "group" : "transport",
      "manual" : false,
      "startTime" : "20151021T135730-0400",
      "endTime" : "20151021T141410-0400",
      "duration" : 1000.0,
      "distance" : 2131.0
    }, {
      "activity" : "walking",
      "group" : "walking",
      "manual" : false,
      "startTime" : "20151021T141410-0400",
      "endTime" : "20151021T141814-0400",
      "duration" : 244.0,
      "distance" : 293.0,
      "steps" : 244
    } ],
    "lastUpdate" : "20151021T194613Z"
  }, {
    "type" : "place",
    "startTime" : "20151021T141813-0400",
    "endTime" : "20151021T150029-0400",
    "activities" : [ {
      "activity" : "walking",
      "group" : "walking",
      "manual" : false,
      "startTime" : "20151021T145835-0400",
      "endTime" : "20151021T145924-0400",
      "duration" : 49.0,
      "distance" : 33.0,
      "steps" : 66
    }, {
      "activity" : "walking",
      "group" : "walking",
      "manual" : false,
      "startTime" : "20151021T150000-0400",
      "endTime" : "20151021T150036-0400",
      "duration" : 36.0,
      "distance" : 25.0,
      "steps" : 50
    } ],
    "lastUpdate" : "20151021T194614Z"
  }, {
    "type" : "move",
    "startTime" : "20151021T150029-0400",
    "endTime" : "20151021T150822-0400",
    "activities" : [ {
      "activity" : "walking",
      "group" : "walking",
      "manual" : false,
      "startTime" : "20151021T150029-0400",
      "endTime" : "20151021T150821-0400",
      "duration" : 472.0,
      "distance" : 427.0,
      "steps" : 549
    } ],
    "lastUpdate" : "20151021T194614Z"
  }, {
    "type" : "place",
    "startTime" : "20151021T150822-0400",
    "endTime" : "20151021T185548-0400",
    "activities" : [ {
      "activity" : "walking",
      "group" : "walking",
      "manual" : false,
      "startTime" : "20151021T150822-0400",
      "endTime" : "20151021T151139-0400",
      "duration" : 197.0,
      "distance" : 213.0,
      "steps" : 285
    }, {
      "activity" : "walking",
      "group" : "walking",
      "manual" : false,
      "startTime" : "20151021T163425-0400",
      "endTime" : "20151021T163601-0400",
      "duration" : 96.0,
      "distance" : 64.0,
      "steps" : 128
    }, {
      "activity" : "walking",
      "group" : "walking",
      "manual" : false,
      "startTime" : "20151021T170311-0400",
      "endTime" : "20151021T170519-0400",
      "duration" : 128.0,
      "distance" : 131.0,
      "steps" : 174
    }, {
      "activity" : "walking",
      "group" : "walking",
      "manual" : false,
      "startTime" : "20151021T180112-0400",
      "endTime" : "20151021T180551-0400",
      "duration" : 279.0,
      "distance" : 299.0,
      "steps" : 398
    } ],
    "lastUpdate" : "20151022T001909Z"
  }, {
    "type" : "move",
    "startTime" : "20151021T185548-0400",
    "endTime" : "20151021T185926-0400",
    "activities" : [ {
      "activity" : "transport",
      "group" : "transport",
      "manual" : false,
      "startTime" : "20151021T185548-0400",
      "endTime" : "20151021T185926-0400",
      "duration" : 218.0,
      "distance" : 6476.0
    } ],
    "lastUpdate" : "20151022T001909Z"
  }, {
    "type" : "place",
    "startTime" : "20151021T185926-0400",
    "endTime" : "20151021T220211-0400",
    "activities" : [ {
      "activity" : "walking",
      "group" : "walking",
      "manual" : false,
      "startTime" : "20151021T190025-0400",
      "endTime" : "20151021T190252-0400",
      "duration" : 147.0,
      "distance" : 152.0,
      "steps" : 202
    }, {
      "activity" : "walking",
      "group" : "walking",
      "manual" : false,
      "startTime" : "20151021T200933-0400",
      "endTime" : "20151021T201025-0400",
      "duration" : 52.0,
      "distance" : 35.0,
      "steps" : 69
    }, {
      "activity" : "walking",
      "group" : "walking",
      "manual" : false,
      "startTime" : "20151021T215724-0400",
      "endTime" : "20151021T215949-0400",
      "duration" : 145.0,
      "distance" : 172.0,
      "steps" : 230
    }, {
      "activity" : "walking",
      "group" : "walking",
      "manual" : false,
      "startTime" : "20151021T220000-0400",
      "endTime" : "20151021T220022-0400",
      "duration" : 22.0,
      "distance" : 15.0,
      "steps" : 29
    } ],
    "lastUpdate" : "20151022T032542Z"
  }, {
    "type" : "move",
    "startTime" : "20151021T220211-0400",
    "endTime" : "20151021T220647-0400",
    "activities" : [ {
      "activity" : "walking",
      "group" : "walking",
      "manual" : false,
      "startTime" : "20151021T220211-0400",
      "endTime" : "20151021T220647-0400",
      "duration" : 276.0,
      "distance" : 263.0,
      "steps" : 388
    } ],
    "lastUpdate" : "20151022T032542Z"
  }, {
    "type" : "place",
    "startTime" : "20151021T220647-0400",
    "endTime" : "20151021T223835-0400",
    "activities" : [ {
      "activity" : "walking",
      "group" : "walking",
      "manual" : false,
      "startTime" : "20151021T220647-0400",
      "endTime" : "20151021T220749-0400",
      "duration" : 62.0,
      "distance" : 42.0,
      "steps" : 85
    } ],
    "lastUpdate" : "20151022T032542Z"
  }, {
    "type" : "move",
    "startTime" : "20151021T223835-0400",
    "endTime" : "20151021T224608-0400",
    "activities" : [ {
      "activity" : "walking",
      "group" : "walking",
      "manual" : false,
      "startTime" : "20151021T223835-0400",
      "endTime" : "20151021T224609-0400",
      "duration" : 454.0,
      "distance" : 523.0,
      "steps" : 567
    } ],
    "lastUpdate" : "20151022T032542Z"
  }, {
    "type" : "place",
    "startTime" : "20151021T224608-0400",
    "endTime" : "20151021T225022-0400",
    "activities" : [ {
      "activity" : "walking",
      "group" : "walking",
      "manual" : false,
      "startTime" : "20151021T224944-0400",
      "endTime" : "20151021T224954-0400",
      "duration" : 10.0,
      "distance" : 7.0,
      "steps" : 13
    } ],
    "lastUpdate" : "20151022T032542Z"
  }, {
    "type" : "move",
    "startTime" : "20151021T225022-0400",
    "endTime" : "20151021T225713-0400",
    "activities" : [ {
      "activity" : "walking",
      "group" : "walking",
      "manual" : false,
      "startTime" : "20151021T225022-0400",
      "endTime" : "20151021T225713-0400",
      "duration" : 411.0,
      "distance" : 389.0,
      "steps" : 516
    } ],
    "lastUpdate" : "20151022T032542Z"
  }, {
    "type" : "place",
    "startTime" : "20151021T225713-0400",
    "endTime" : "20151022T064417-0400",
    "activities" : [ {
      "activity" : "walking",
      "group" : "walking",
      "manual" : false,
      "startTime" : "20151021T225713-0400",
      "endTime" : "20151021T225730-0400",
      "duration" : 17.0,
      "distance" : 11.0,
      "steps" : 23
    } ],
    "lastUpdate" : "20151022T155216Z"
  } ],
  "lastUpdate" : "20151022T155216Z"
} ]