[ {
  "date" : "20151023",
  "summary" : [ {
    "activity" : "walking",
    "group" : "walking",
    "duration" : 4896.0,
    "distance" : 4879.0,
    "steps" : 6582
  }, {
    "activity" : "transport",
    "group" : "transport",
    "duration" : 2164.0,
    "distance" : 13088.0
  } ],
  "segments" : [ {
    "type" : "place",
    "startTime" : "20151022T233644-0400",
    "endTime" : "20151023T080231-0400",
    "activities" : [ {
      "activity" : "walking",
      "group" : "walking",
      "manual" : false,
      "startTime" : "20151023T075304-0400",
      "endTime" : "20151023T075321-0400",
      "duration" : 17.0,
      "distance" : 11.0,
      "steps" : 22
    }, {
      "activity" : "walking",
      "group" : "walking",
      "manual" : false,
      "startTime" : "20151023T080221-0400",
      "endTime" : "20151023T080721-0400",
      "duration" : 300.0,
      "distance" : 300.0,
      "steps" : 400
    } ],
    "lastUpdate" : "20151023T214925Z"
  }, {
    "type" : "move",
    "startTime" : "20151023T080231-0400",
    "endTime" : "20151023T080606-0400",
    "activities" : [ {
      "activity" : "walking",
      "group" : "walking",
      "manual" : false,
      "startTime" : "20151023T080231-0400",
      "endTime" : "20151023T080606-0400",
      "duration" : 215.0,
      "distance" : 182.0,
      "steps" : 239
    } ],
    "lastUpdate" : "20151023T214925Z"
  }, {
    "type" : "place",
    "startTime" : "20151023T080606-0400",
    "endTime" : "20151023T085106-0400",
    "activities" : [ {
      "activity" : "walking",
      "group" : "walking",
      "manual" : false,
      "startTime" : "20151023T080606-0400",
      "endTime" : "20151023T080929-0400",
      "duration" : 203.0,
      "distance" : 236.0,
      "steps" : 315
    } ],
    "lastUpdate" : "20151023T214925Z"
  }, {
    "type" : "move",
    "startTime" : "20151023T085106-0400",
    "endTime" : "20151023T085654-0400",
    "activities" : [ {
      "activity" : "walking",
      "group" : "walking",
      "manual" : false,
      "startTime" : "20151023T085106-0400",
      "endTime" : "20151023T085654-0400",
      "duration" : 348.0,
      "distance" : 323.0,
      "steps" : 447
    } ],
    "lastUpdate" : "20151023T214925Z"
  }, {
    "type" : "place",
    "startTime" : "20151023T085654-0400",
    "endTime" : "20151023T093957-0400",
    "activities" : [ {
      "activity" : "walking",
      "group" : "walking",
      "manual" : false,
      "startTime" : "20151023T085654-0400",
      "endTime" : "20151023T085710-0400",
      "duration" : 16.0,
      "distance" : 11.0,
      "steps" : 22
    }, {
      "activity" : "walking",
      "group" : "walking",
      "manual" : false,
      "startTime" : "20151023T093940-0400",
      "endTime" : "20151023T093955-0400",
      "duration" : 15.0,
      "distance" : 10.0,
      "steps" : 20
    } ],
    "lastUpdate" : "20151023T214925Z"
  }, {
    "type" : "move",
    "startTime" : "20151023T093957-0400",
    "endTime" : "20151023T100359-0400",
    "activities" : [ {
      "activity" : "walking",
      "group" : "walking",
      "manual" : false,
      "startTime" : "20151023T093957-0400",
      "endTime" : "20151023T094427-0400",
      "duration" : 270.0,
      "distance" : 309.0,
      "steps" : 435
    }, {
      "activity" : "transport",
      "group" : "transport",
      "manual" : false,
      "startTime" : "20151023T094427-0400",
      "endTime" : "20151023T100400-0400",
      "duration" : 1173.0,
      "distance" : 6591.0
    } ],
    "lastUpdate" : "20151023T214925Z"
  }, {
    "type" : "place",
    "startTime" : "20151023T100400-0400",
    "endTime" : "20151023T145417-0400",
    "activities" : [ {
      "activity" : "walking",
      "group" : "walking",
      "manual" : false,
      "startTime" : "20151023T100409-0400",
      "endTime" : "20151023T100556-0400",
      "duration" : 107.0,
      "distance" : 81.0,
      "steps" : 162
    }, {
      "activity" : "walking",
      "group" : "walking",
      "manual" : false,
      "startTime" : "20151023T111245-0400",
      "endTime" : "20151023T111457-0400",
      "duration" : 132.0,
      "distance" : 132.0,
      "steps" : 176
    }, {
      "activity" : "walking",
      "group" : "walking",
      "manual" : false,
      "startTime" : "20151023T120453-0400",
      "endTime" : "20151023T120730-0400",
      "duration" : 157.0,
      "distance" : 164.0,
      "steps" : 219
    }, {
      "activity" : "walking",
      "group" : "walking",
      "manual" : false,
      "startTime" : "20151023T140058-0400",
      "endTime" : "20151023T140639-0400",
      "duration" : 341.0,
      "distance" : 350.0,
      "steps" : 466
    } ],
    "lastUpdate" : "20151023T214925Z"
  }, {
    "type" : "move",
    "startTime" : "20151023T145417-0400",
    "endTime" : "20151023T152442-0400",
    "activities" : [ {
      "activity" : "walking",
      "group" : "walking",
      "manual" : false,
      "startTime" : "20151023T145417-0400",
      "endTime" : "20151023T152443-0400",
      "duration" : 1826.0,
      "distance" : 1815.0,
      "steps" : 2347
    } ],
    "lastUpdate" : "20151023T214925Z"
  }, {
    "type" : "place",
    "startTime" : "20151023T152442-0400",
    "endTime" : "20151023T154518-0400",
    "activities" : [ {
      "activity" : "walking",
      "group" : "walking",
      "manual" : false,
      "startTime" : "20151023T154503-0400",
      "endTime" : "20151023T154520-0400",
      "duration" : 17.0,
      "distance" : 11.0,
      "steps" : 23
    } ],
    "lastUpdate" : "20151023T214925Z"
  }, {
    "type" : "move",
    "startTime" : "20151023T154518-0400",
    "endTime" : "20151023T154926-0400",
    "activities" : [ {
      "activity" : "walking",
      "group" : "walking",
      "manual" : false,
      "startTime" : "20151023T154518-0400",
      "endTime" : "20151023T154926-0400",
      "duration" : 248.0,
      "distance" : 332.0,
      "steps" : 345
    } ],
    "lastUpdate" : "20151023T214925Z"
  }, {
    "type" : "place",
    "startTime" : "20151023T154926-0400",
    "endTime" : "20151023T162733-0400",
    "activities" : [ {
      "activity" : "walking",
      "group" : "walking",
      "manual" : false,
      "startTime" : "20151023T154926-0400",
      "endTime" : "20151023T155019-0400",
      "duration" : 53.0,
      "distance" : 38.0,
      "steps" : 76
    }, {
      "activity" : "walking",
      "group" : "walking",
      "manual" : false,
      "startTime" : "20151023T160346-0400",
      "endTime" : "20151023T160520-0400",
      "duration" : 94.0,
      "distance" : 63.0,
      "steps" : 125
    } ],
    "lastUpdate" : "20151023T214925Z"
  }, {
    "type" : "move",
    "startTime" : "20151023T162733-0400",
    "endTime" : "20151023T165244-0400",
    "activities" : [ {
      "activity" : "walking",
      "group" : "walking",
      "manual" : false,
      "startTime" : "20151023T162733-0400",
      "endTime" : "20151023T163010-0400",
      "duration" : 157.0,
      "distance" : 87.0,
      "steps" : 170
    }, {
      "activity" : "transport",
      "group" : "transport",
      "manual" : false,
      "startTime" : "20151023T163010-0400",
      "endTime" : "20151023T164641-0400",
      "duration" : 991.0,
      "distance" : 6497.0
    }, {
      "activity" : "walking",
      "group" : "walking",
      "manual" : false,
      "startTime" : "20151023T164641-0400",
      "endTime" : "20151023T165244-0400",
      "duration" : 363.0,
      "distance" : 412.0,
      "steps" : 550
    } ],
    "lastUpdate" : "20151023T214925Z"
  }, {
    "type" : "place",
    "startTime" : "20151023T165244-0400",
    "endTime" : "20151023T175125-0400",
    "activities" : [ {
      "activity" : "walking",
      "group" : "walking",
      "manual" : false,
      "startTime" : "20151023T170204-0400",
      "endTime" : "20151023T170221-0400",
      "duration" : 17.0,
      "distance" : 12.0,
      "steps" : 23
    } ],
    "lastUpdate" : "20151025T021019Z"
  } ],
  "lastUpdate" : "20151025T021019Z"
} ]