[ {
  "date" : "20151024",
  "summary" : [ {
    "activity" : "walking",
    "group" : "walking",
    "duration" : 745.0,
    "distance" : 846.0,
    "steps" : 925
  } ],
  "segments" : [ {
    "type" : "move",
    "startTime" : "20151024T212257-0400",
    "endTime" : "20151024T212925-0400",
    "activities" : [ {
      "activity" : "walking",
      "group" : "walking",
      "manual" : false,
      "startTime" : "20151024T212257-0400",
      "endTime" : "20151024T212925-0400",
      "duration" : 388.0,
      "distance" : 394.0,
      "steps" : 439
    } ],
    "lastUpdate" : "20151025T021019Z"
  }, {
    "type" : "place",
    "startTime" : "20151024T212926-0400",
    "endTime" : "20151024T214004-0400",
    "activities" : [ {
      "activity" : "walking",
      "group" : "walking",
      "manual" : false,
      "startTime" : "20151024T212926-0400",
      "endTime" : "20151024T213001-0400",
      "duration" : 35.0,
      "distance" : 23.0,
      "steps" : 47
    } ],
    "lastUpdate" : "20151025T021019Z"
  }, {
    "type" : "move",
    "startTime" : "20151024T214004-0400",
    "endTime" : "20151024T214436-0400",
    "activities" : [ {
      "activity" : "walking",
      "group" : "walking",
      "manual" : false,
      "startTime" : "20151024T214004-0400",
      "endTime" : "20151024T214436-0400",
      "duration" : 272.0,
      "distance" : 395.0,
      "steps" : 372
    } ],
    "lastUpdate" : "20151025T021019Z"
  }, {
    "type" : "place",
    "startTime" : "20151024T214436-0400",
    "endTime" : "20151025T083635-0400",
    "activities" : [ {
      "activity" : "walking",
      "group" : "walking",
      "manual" : false,
      "startTime" : "20151024T214436-0400",
      "endTime" : "20151024T214503-0400",
      "duration" : 27.0,
      "distance" : 18.0,
      "steps" : 36
    }, {
      "activity" : "walking",
      "group" : "walking",
      "manual" : false,
      "startTime" : "20151024T231704-0400",
      "endTime" : "20151024T231727-0400",
      "duration" : 23.0,
      "distance" : 16.0,
      "steps" : 31
    } ],
    "lastUpdate" : "20151025T131029Z"
  } ],
  "lastUpdate" : "20151025T131029Z"
} ]