[ {
  "date" : "20151022",
  "summary" : [ {
    "activity" : "walking",
    "group" : "walking",
    "duration" : 8737.0,
    "distance" : 9373.0,
    "steps" : 11676
  }, {
    "activity" : "transport",
    "group" : "transport",
    "duration" : 5578.0,
    "distance" : 45169.0
  } ],
  "segments" : [ {
    "type" : "place",
    "startTime" : "20151021T225713-0400",
    "endTime" : "20151022T064417-0400",
    "activities" : [ {
      "activity" : "walking",
      "group" : "walking",
      "manual" : false,
      "startTime" : "20151022T063817-0400",
      "endTime" : "20151022T064031-0400",
      "duration" : 134.0,
      "distance" : 147.0,
      "steps" : 196
    } ],
    "lastUpdate" : "20151022T155216Z"
  }, {
    "type" : "move",
    "startTime" : "20151022T064417-0400",
    "endTime" : "20151022T072744-0400",
    "activities" : [ {
      "activity" : "transport",
      "group" : "transport",
      "manual" : false,
      "startTime" : "20151022T064417-0400",
      "endTime" : "20151022T072543-0400",
      "duration" : 2486.0,
      "distance" : 22273.0
    }, {
      "activity" : "walking",
      "group" : "walking",
      "manual" : false,
      "startTime" : "20151022T072543-0400",
      "endTime" : "20151022T072745-0400",
      "duration" : 122.0,
      "distance" : 245.0,
      "steps" : 245
    } ],
    "lastUpdate" : "20151022T155216Z"
  }, {
    "type" : "place",
    "startTime" : "20151022T072745-0400",
    "endTime" : "20151022T080924-0400",
    "activities" : [ {
      "activity" : "walking",
      "group" : "walking",
      "manual" : false,
      "startTime" : "20151022T072745-0400",
      "endTime" : "20151022T073347-0400",
      "duration" : 362.0,
      "distance" : 371.0,
      "steps" : 494
    }, {
      "activity" : "walking",
      "group" : "walking",
      "manual" : false,
      "startTime" : "20151022T080159-0400",
      "endTime" : "20151022T080349-0400",
      "duration" : 110.0,
      "distance" : 73.0,
      "steps" : 146
    } ],
    "lastUpdate" : "20151022T155216Z"
  }, {
    "type" : "move",
    "startTime" : "20151022T080924-0400",
    "endTime" : "20151022T091116-0400",
    "activities" : [ {
      "activity" : "walking",
      "group" : "walking",
      "manual" : false,
      "startTime" : "20151022T080924-0400",
      "endTime" : "20151022T082146-0400",
      "duration" : 742.0,
      "distance" : 958.0,
      "steps" : 1086
    }, {
      "activity" : "transport",
      "group" : "transport",
      "manual" : false,
      "startTime" : "20151022T082146-0400",
      "endTime" : "20151022T091117-0400",
      "duration" : 2971.0,
      "distance" : 15413.0
    } ],
    "lastUpdate" : "20151022T155216Z"
  }, {
    "type" : "place",
    "startTime" : "20151022T091117-0400",
    "endTime" : "20151022T170319-0400",
    "activities" : [ {
      "activity" : "walking",
      "group" : "walking",
      "manual" : false,
      "startTime" : "20151022T091117-0400",
      "endTime" : "20151022T091823-0400",
      "duration" : 426.0,
      "distance" : 486.0,
      "steps" : 648
    }, {
      "activity" : "walking",
      "group" : "walking",
      "manual" : false,
      "startTime" : "20151022T101510-0400",
      "endTime" : "20151022T101557-0400",
      "duration" : 47.0,
      "distance" : 32.0,
      "steps" : 63
    }, {
      "activity" : "walking",
      "group" : "walking",
      "manual" : false,
      "startTime" : "20151022T114442-0400",
      "endTime" : "20151022T114747-0400",
      "duration" : 185.0,
      "distance" : 190.0,
      "steps" : 253
    }, {
      "activity" : "walking",
      "group" : "walking",
      "manual" : false,
      "startTime" : "20151022T122611-0400",
      "endTime" : "20151022T122758-0400",
      "duration" : 107.0,
      "distance" : 72.0,
      "steps" : 143
    }, {
      "activity" : "walking",
      "group" : "walking",
      "manual" : false,
      "startTime" : "20151022T130125-0400",
      "endTime" : "20151022T130444-0400",
      "duration" : 199.0,
      "distance" : 247.0,
      "steps" : 329
    }, {
      "activity" : "walking",
      "group" : "walking",
      "manual" : false,
      "startTime" : "20151022T140548-0400",
      "endTime" : "20151022T140719-0400",
      "duration" : 91.0,
      "distance" : 66.0,
      "steps" : 131
    }, {
      "activity" : "walking",
      "group" : "walking",
      "manual" : false,
      "startTime" : "20151022T152206-0400",
      "endTime" : "20151022T152638-0400",
      "duration" : 272.0,
      "distance" : 258.0,
      "steps" : 344
    }, {
      "activity" : "walking",
      "group" : "walking",
      "manual" : false,
      "startTime" : "20151022T170040-0400",
      "endTime" : "20151022T170125-0400",
      "duration" : 45.0,
      "distance" : 46.0,
      "steps" : 92
    } ],
    "lastUpdate" : "20151022T225800Z"
  }, {
    "type" : "move",
    "startTime" : "20151022T170319-0400",
    "endTime" : "20151022T171116-0400",
    "activities" : [ {
      "activity" : "walking",
      "group" : "walking",
      "manual" : false,
      "startTime" : "20151022T170319-0400",
      "endTime" : "20151022T171116-0400",
      "duration" : 477.0,
      "distance" : 364.0,
      "steps" : 630
    } ],
    "lastUpdate" : "20151022T225800Z"
  }, {
    "type" : "place",
    "startTime" : "20151022T171116-0400",
    "endTime" : "20151022T172546-0400",
    "activities" : [ {
      "activity" : "walking",
      "group" : "walking",
      "manual" : false,
      "startTime" : "20151022T171122-0400",
      "endTime" : "20151022T171231-0400",
      "duration" : 69.0,
      "distance" : 46.0,
      "steps" : 92
    } ],
    "lastUpdate" : "20151022T225800Z"
  }, {
    "type" : "move",
    "startTime" : "20151022T172546-0400",
    "endTime" : "20151022T172747-0400",
    "activities" : [ {
      "activity" : "transport",
      "group" : "transport",
      "manual" : false,
      "startTime" : "20151022T172546-0400",
      "endTime" : "20151022T172747-0400",
      "duration" : 121.0,
      "distance" : 7483.0
    } ],
    "lastUpdate" : "20151022T225800Z"
  }, {
    "type" : "place",
    "startTime" : "20151022T172748-0400",
    "endTime" : "20151022T173605-0400",
    "activities" : [ {
      "activity" : "walking",
      "group" : "walking",
      "manual" : false,
      "startTime" : "20151022T172748-0400",
      "endTime" : "20151022T172825-0400",
      "duration" : 37.0,
      "distance" : 25.0,
      "steps" : 49
    } ],
    "lastUpdate" : "20151022T225800Z"
  }, {
    "type" : "move",
    "startTime" : "20151022T173605-0400",
    "endTime" : "20151022T175206-0400",
    "activities" : [ {
      "activity" : "walking",
      "group" : "walking",
      "manual" : false,
      "startTime" : "20151022T173605-0400",
      "endTime" : "20151022T175207-0400",
      "duration" : 962.0,
      "distance" : 1190.0,
      "steps" : 1198
    } ],
    "lastUpdate" : "20151022T225800Z"
  }, {
    "type" : "place",
    "startTime" : "20151022T175206-0400",
    "endTime" : "20151022T182456-0400",
    "activities" : [ {
      "activity" : "walking",
      "group" : "walking",
      "manual" : false,
      "startTime" : "20151022T175206-0400",
      "endTime" : "20151022T175207-0400",
      "duration" : 1.0,
      "distance" : 1.0,
      "steps" : 1
    }, {
      "activity" : "walking",
      "group" : "walking",
      "manual" : false,
      "startTime" : "20151022T182152-0400",
      "endTime" : "20151022T182159-0400",
      "duration" : 7.0,
      "distance" : 5.0,
      "steps" : 9
    } ],
    "lastUpdate" : "20151022T225800Z"
  }, {
    "type" : "move",
    "startTime" : "20151022T182456-0400",
    "endTime" : "20151022T182903-0400",
    "activities" : [ {
      "activity" : "walking",
      "group" : "walking",
      "manual" : false,
      "startTime" : "20151022T182456-0400",
      "endTime" : "20151022T182904-0400",
      "duration" : 248.0,
      "distance" : 312.0,
      "steps" : 260
    } ],
    "lastUpdate" : "20151022T225800Z"
  }, {
    "type" : "place",
    "startTime" : "20151022T182903-0400",
    "endTime" : "20151022T221215-0400",
    "activities" : [ {
      "activity" : "walking",
      "group" : "walking",
      "manual" : false,
      "startTime" : "20151022T183231-0400",
      "endTime" : "20151022T183431-0400",
      "duration" : 120.0,
      "distance" : 82.0,
      "steps" : 163
    }, {
      "activity" : "walking",
      "group" : "walking",
      "manual" : false,
      "startTime" : "20151022T191049-0400",
      "endTime" : "20151022T191351-0400",
      "duration" : 182.0,
      "distance" : 182.0,
      "steps" : 242
    }, {
      "activity" : "walking",
      "group" : "walking",
      "manual" : false,
      "startTime" : "20151022T200107-0400",
      "endTime" : "20151022T200331-0400",
      "duration" : 144.0,
      "distance" : 144.0,
      "steps" : 192
    }, {
      "activity" : "walking",
      "group" : "walking",
      "manual" : false,
      "startTime" : "20151022T210621-0400",
      "endTime" : "20151022T210657-0400",
      "duration" : 36.0,
      "distance" : 24.0,
      "steps" : 48
    } ],
    "lastUpdate" : "20151023T214925Z"
  }, {
    "type" : "move",
    "startTime" : "20151022T221215-0400",
    "endTime" : "20151022T230531-0400",
    "activities" : [ {
      "activity" : "walking",
      "group" : "walking",
      "manual" : false,
      "startTime" : "20151022T221215-0400",
      "endTime" : "20151022T230531-0400",
      "duration" : 3196.0,
      "distance" : 3401.0,
      "steps" : 4079
    } ],
    "lastUpdate" : "20151023T214925Z"
  }, {
    "type" : "place",
    "startTime" : "20151022T230531-0400",
    "endTime" : "20151022T233333-0400",
    "activities" : [ {
      "activity" : "walking",
      "group" : "walking",
      "manual" : false,
      "startTime" : "20151022T230531-0400",
      "endTime" : "20151022T230858-0400",
      "duration" : 207.0,
      "distance" : 228.0,
      "steps" : 304
    } ],
    "lastUpdate" : "20151023T214925Z"
  }, {
    "type" : "move",
    "startTime" : "20151022T233333-0400",
    "endTime" : "20151022T233644-0400",
    "activities" : [ {
      "activity" : "walking",
      "group" : "walking",
      "manual" : false,
      "startTime" : "20151022T233333-0400",
      "endTime" : "20151022T233644-0400",
      "duration" : 191.0,
      "distance" : 166.0,
      "steps" : 215
    } ],
    "lastUpdate" : "20151023T214925Z"
  }, {
    "type" : "place",
    "startTime" : "20151022T233644-0400",
    "endTime" : "20151023T080231-0400",
    "activities" : [ {
      "activity" : "walking",
      "group" : "walking",
      "manual" : false,
      "startTime" : "20151022T233730-0400",
      "endTime" : "20151022T233748-0400",
      "duration" : 18.0,
      "distance" : 12.0,
      "steps" : 24
    } ],
    "lastUpdate" : "20151023T214925Z"
  } ],
  "lastUpdate" : "20151023T214925Z"
} ]