[ {
  "date" : "20151025",
  "summary" : [ {
    "activity" : "walking",
    "group" : "walking",
    "duration" : 4042.0,
    "distance" : 4608.0,
    "steps" : 5850
  }, {
    "activity" : "transport",
    "group" : "transport",
    "duration" : 2342.0,
    "distance" : 14014.0
  } ],
  "segments" : [ {
    "type" : "place",
    "startTime" : "20151024T214436-0400",
    "endTime" : "20151025T083635-0400",
    "activities" : [ {
      "activity" : "walking",
      "group" : "walking",
      "manual" : false,
      "startTime" : "20151025T083552-0400",
      "endTime" : "20151025T084230-0400",
      "duration" : 398.0,
      "distance" : 483.0,
      "steps" : 645
    } ],
    "lastUpdate" : "20151025T131029Z"
  }, {
    "type" : "move",
    "startTime" : "20151025T083635-0400",
    "endTime" : "20151025T084152-0400",
    "activities" : [ {
      "activity" : "walking",
      "group" : "walking",
      "manual" : false,
      "startTime" : "20151025T083635-0400",
      "endTime" : "20151025T084152-0400",
      "duration" : 317.0,
      "distance" : 272.0,
      "steps" : 437
    } ],
    "lastUpdate" : "20151025T131029Z"
  }, {
    "type" : "place",
    "startTime" : "20151025T084152-0400",
    "endTime" : "20151025T090759-0400",
    "activities" : [ {
      "activity" : "walking",
      "group" : "walking",
      "manual" : false,
      "startTime" : "20151025T084152-0400",
      "endTime" : "20151025T084154-0400",
      "duration" : 2.0,
      "distance" : 1.0,
      "steps" : 3
    }, {
      "activity" : "walking",
      "group" : "walking",
      "manual" : false,
      "startTime" : "20151025T090626-0400",
      "endTime" : "20151025T090753-0400",
      "duration" : 87.0,
      "distance" : 63.0,
      "steps" : 127
    } ],
    "lastUpdate" : "20151025T144251Z"
  }, {
    "type" : "move",
    "startTime" : "20151025T090759-0400",
    "endTime" : "20151025T091037-0400",
    "activities" : [ {
      "activity" : "walking",
      "group" : "walking",
      "manual" : false,
      "startTime" : "20151025T090759-0400",
      "endTime" : "20151025T091036-0400",
      "duration" : 157.0,
      "distance" : 228.0,
      "steps" : 190
    } ],
    "lastUpdate" : "20151025T144251Z"
  }, {
    "type" : "place",
    "startTime" : "20151025T091037-0400",
    "endTime" : "20151025T173610-0400",
    "activities" : [ {
      "activity" : "walking",
      "group" : "walking",
      "manual" : false,
      "startTime" : "20151025T091217-0400",
      "endTime" : "20151025T091950-0400",
      "duration" : 453.0,
      "distance" : 527.0,
      "steps" : 703
    }, {
      "activity" : "walking",
      "group" : "walking",
      "manual" : false,
      "startTime" : "20151025T102050-0400",
      "endTime" : "20151025T102118-0400",
      "duration" : 28.0,
      "distance" : 19.0,
      "steps" : 37
    }, {
      "activity" : "walking",
      "group" : "walking",
      "manual" : false,
      "startTime" : "20151025T172430-0400",
      "endTime" : "20151025T172500-0400",
      "duration" : 30.0,
      "distance" : 20.0,
      "steps" : 40
    } ],
    "lastUpdate" : "20151025T222911Z"
  }, {
    "type" : "move",
    "startTime" : "20151025T173610-0400",
    "endTime" : "20151025T174126-0400",
    "activities" : [ {
      "activity" : "walking",
      "group" : "walking",
      "manual" : false,
      "startTime" : "20151025T173610-0400",
      "endTime" : "20151025T174126-0400",
      "duration" : 316.0,
      "distance" : 275.0,
      "steps" : 432
    } ],
    "lastUpdate" : "20151025T222911Z"
  }, {
    "type" : "place",
    "startTime" : "20151025T174126-0400",
    "endTime" : "20151025T180916-0400",
    "activities" : [ {
      "activity" : "walking",
      "group" : "walking",
      "manual" : false,
      "startTime" : "20151025T174126-0400",
      "endTime" : "20151025T174154-0400",
      "duration" : 28.0,
      "distance" : 19.0,
      "steps" : 38
    } ],
    "lastUpdate" : "20151025T222911Z"
  }, {
    "type" : "move",
    "startTime" : "20151025T180916-0400",
    "endTime" : "20151025T181356-0400",
    "activities" : [ {
      "activity" : "walking",
      "group" : "walking",
      "manual" : false,
      "startTime" : "20151025T180916-0400",
      "endTime" : "20151025T181356-0400",
      "duration" : 280.0,
      "distance" : 242.0,
      "steps" : 366
    } ],
    "lastUpdate" : "20151025T222911Z"
  }, {
    "type" : "place",
    "startTime" : "20151025T181356-0400",
    "endTime" : "20151025T191936-0400",
    "activities" : [ {
      "activity" : "walking",
      "group" : "walking",
      "manual" : false,
      "startTime" : "20151025T181356-0400",
      "endTime" : "20151025T181537-0400",
      "duration" : 101.0,
      "distance" : 67.0,
      "steps" : 135
    }, {
      "activity" : "walking",
      "group" : "walking",
      "manual" : false,
      "startTime" : "20151025T190157-0400",
      "endTime" : "20151025T190922-0400",
      "duration" : 445.0,
      "distance" : 454.0,
      "steps" : 605
    } ],
    "lastUpdate" : "20151026T013319Z"
  }, {
    "type" : "move",
    "startTime" : "20151025T191936-0400",
    "endTime" : "20151025T192736-0400",
    "activities" : [ {
      "activity" : "transport",
      "group" : "transport",
      "manual" : false,
      "startTime" : "20151025T191936-0400",
      "endTime" : "20151025T192737-0400",
      "duration" : 481.0,
      "distance" : 1603.0
    } ],
    "lastUpdate" : "20151026T013319Z"
  }, {
    "type" : "move",
    "startTime" : "20151025T194611-0400",
    "endTime" : "20151025T195222-0400",
    "activities" : [ {
      "activity" : "transport",
      "group" : "transport",
      "manual" : false,
      "startTime" : "20151025T194611-0400",
      "endTime" : "20151025T195222-0400",
      "duration" : 371.0,
      "distance" : 1887.0
    } ],
    "lastUpdate" : "20151026T013319Z"
  }, {
    "type" : "place",
    "startTime" : "20151025T195222-0400",
    "endTime" : "20151025T210505-0400",
    "activities" : [ {
      "activity" : "walking",
      "group" : "walking",
      "manual" : false,
      "startTime" : "20151025T195222-0400",
      "endTime" : "20151025T195444-0400",
      "duration" : 142.0,
      "distance" : 153.0,
      "steps" : 203
    }, {
      "activity" : "walking",
      "group" : "walking",
      "manual" : false,
      "startTime" : "20151025T203826-0400",
      "endTime" : "20151025T204108-0400",
      "duration" : 162.0,
      "distance" : 199.0,
      "steps" : 265
    }, {
      "activity" : "walking",
      "group" : "walking",
      "manual" : false,
      "startTime" : "20151025T210028-0400",
      "endTime" : "20151025T210042-0400",
      "duration" : 14.0,
      "distance" : 10.0,
      "steps" : 19
    } ],
    "lastUpdate" : "20151026T103853Z"
  }, {
    "type" : "move",
    "startTime" : "20151025T210505-0400",
    "endTime" : "20151025T212719-0400",
    "activities" : [ {
      "activity" : "transport",
      "group" : "transport",
      "manual" : false,
      "startTime" : "20151025T210505-0400",
      "endTime" : "20151025T211706-0400",
      "duration" : 721.0,
      "distance" : 1107.0
    }, {
      "activity" : "walking",
      "group" : "walking",
      "manual" : false,
      "startTime" : "20151025T211706-0400",
      "endTime" : "20151025T212720-0400",
      "duration" : 614.0,
      "distance" : 1048.0,
      "steps" : 873
    } ],
    "lastUpdate" : "20151026T103853Z"
  }, {
    "type" : "place",
    "startTime" : "20151025T212719-0400",
    "endTime" : "20151025T220247-0400",
    "activities" : [ {
      "activity" : "walking",
      "group" : "walking",
      "manual" : false,
      "startTime" : "20151025T212800-0400",
      "endTime" : "20151025T213444-0400",
      "duration" : 404.0,
      "distance" : 485.0,
      "steps" : 647
    }, {
      "activity" : "walking",
      "group" : "walking",
      "manual" : false,
      "startTime" : "20151025T220239-0400",
      "endTime" : "20151025T220343-0400",
      "duration" : 64.0,
      "distance" : 43.0,
      "steps" : 85
    } ],
    "lastUpdate" : "20151026T121321Z"
  }, {
    "type" : "move",
    "startTime" : "20151025T220247-0400",
    "endTime" : "20151025T221535-0400",
    "activities" : [ {
      "activity" : "transport",
      "group" : "transport",
      "manual" : false,
      "startTime" : "20151025T220247-0400",
      "endTime" : "20151025T221536-0400",
      "duration" : 769.0,
      "distance" : 9417.0
    } ],
    "lastUpdate" : "20151026T121321Z"
  } ],
  "lastUpdate" : "20151026T121321Z"
} ]