[ {
  "date" : "20151026",
  "summary" : [ {
    "activity" : "walking",
    "group" : "walking",
    "duration" : 4813.0,
    "distance" : 5439.0,
    "steps" : 6246
  }, {
    "activity" : "transport",
    "group" : "transport",
    "duration" : 2252.0,
    "distance" : 14303.0
  } ],
  "segments" : [ {
    "type" : "move",
    "startTime" : "20151026T080903-0400",
    "endTime" : "20151026T081503-0400",
    "activities" : [ {
      "activity" : "walking",
      "group" : "walking",
      "manual" : false,
      "startTime" : "20151026T080903-0400",
      "endTime" : "20151026T081504-0400",
      "duration" : 361.0,
      "distance" : 203.0,
      "steps" : 405
    } ],
    "lastUpdate" : "20151026T134810Z"
  }, {
    "type" : "move",
    "startTime" : "20151026T090004-0400",
    "endTime" : "20151026T090618-0400",
    "activities" : [ {
      "activity" : "walking",
      "group" : "walking",
      "manual" : false,
      "startTime" : "20151026T090004-0400",
      "endTime" : "20151026T090619-0400",
      "duration" : 375.0,
      "distance" : 432.0,
      "steps" : 449
    } ],
    "lastUpdate" : "20151026T134810Z"
  }, {
    "type" : "place",
    "startTime" : "20151026T090619-0400",
    "endTime" : "20151026T092008-0400",
    "activities" : [ {
      "activity" : "walking",
      "group" : "walking",
      "manual" : false,
      "startTime" : "20151026T090619-0400",
      "endTime" : "20151026T090821-0400",
      "duration" : 122.0,
      "distance" : 125.0,
      "steps" : 167
    } ],
    "lastUpdate" : "20151026T134810Z"
  }, {
    "type" : "move",
    "startTime" : "20151026T092008-0400",
    "endTime" : "20151026T093009-0400",
    "activities" : [ {
      "activity" : "transport",
      "group" : "transport",
      "manual" : false,
      "startTime" : "20151026T092008-0400",
      "endTime" : "20151026T092319-0400",
      "duration" : 191.0,
      "distance" : 6364.0
    }, {
      "activity" : "walking",
      "group" : "walking",
      "manual" : false,
      "startTime" : "20151026T092319-0400",
      "endTime" : "20151026T093009-0400",
      "duration" : 410.0,
      "distance" : 618.0,
      "steps" : 515
    } ],
    "lastUpdate" : "20151026T134810Z"
  }, {
    "type" : "place",
    "startTime" : "20151026T093009-0400",
    "endTime" : "20151026T130126-0400",
    "activities" : [ {
      "activity" : "walking",
      "group" : "walking",
      "manual" : false,
      "startTime" : "20151026T093210-0400",
      "endTime" : "20151026T093303-0400",
      "duration" : 53.0,
      "distance" : 36.0,
      "steps" : 71
    }, {
      "activity" : "walking",
      "group" : "walking",
      "manual" : false,
      "startTime" : "20151026T114720-0400",
      "endTime" : "20151026T114805-0400",
      "duration" : 45.0,
      "distance" : 36.0,
      "steps" : 71
    }, {
      "activity" : "walking",
      "group" : "walking",
      "manual" : false,
      "startTime" : "20151026T120407-0400",
      "endTime" : "20151026T120551-0400",
      "duration" : 104.0,
      "distance" : 70.0,
      "steps" : 139
    } ],
    "lastUpdate" : "20151026T183035Z"
  }, {
    "type" : "move",
    "startTime" : "20151026T130126-0400",
    "endTime" : "20151026T130731-0400",
    "activities" : [ {
      "activity" : "walking",
      "group" : "walking",
      "manual" : false,
      "startTime" : "20151026T130126-0400",
      "endTime" : "20151026T130732-0400",
      "duration" : 366.0,
      "distance" : 474.0,
      "steps" : 461
    } ],
    "lastUpdate" : "20151026T183035Z"
  }, {
    "type" : "move",
    "startTime" : "20151026T131648-0400",
    "endTime" : "20151026T132330-0400",
    "activities" : [ {
      "activity" : "walking",
      "group" : "walking",
      "manual" : false,
      "startTime" : "20151026T131648-0400",
      "endTime" : "20151026T132330-0400",
      "duration" : 402.0,
      "distance" : 378.0,
      "steps" : 499
    } ],
    "lastUpdate" : "20151026T183035Z"
  }, {
    "type" : "place",
    "startTime" : "20151026T132330-0400",
    "endTime" : "20151026T162153-0400",
    "activities" : [ {
      "activity" : "walking",
      "group" : "walking",
      "manual" : false,
      "startTime" : "20151026T132540-0400",
      "endTime" : "20151026T132800-0400",
      "duration" : 140.0,
      "distance" : 164.0,
      "steps" : 219
    }, {
      "activity" : "walking",
      "group" : "walking",
      "manual" : false,
      "startTime" : "20151026T141614-0400",
      "endTime" : "20151026T141915-0400",
      "duration" : 181.0,
      "distance" : 203.0,
      "steps" : 271
    } ],
    "lastUpdate" : "20151026T233036Z"
  }, {
    "type" : "place",
    "startTime" : "20151026T175957-0400",
    "endTime" : "20151026T183357-0400",
    "activities" : [ {
      "activity" : "walking",
      "group" : "walking",
      "manual" : false,
      "startTime" : "20151026T181204-0400",
      "endTime" : "20151026T181505-0400",
      "duration" : 181.0,
      "distance" : 198.0,
      "steps" : 264
    } ],
    "lastUpdate" : "20151026T233036Z"
  }, {
    "type" : "move",
    "startTime" : "20151026T183357-0400",
    "endTime" : "20151026T190847-0400",
    "activities" : [ {
      "activity" : "transport",
      "group" : "transport",
      "manual" : false,
      "startTime" : "20151026T183357-0400",
      "endTime" : "20151026T184847-0400",
      "duration" : 890.0,
      "distance" : 4607.0
    }, {
      "activity" : "walking",
      "group" : "walking",
      "manual" : false,
      "startTime" : "20151026T184847-0400",
      "endTime" : "20151026T185247-0400",
      "duration" : 240.0,
      "distance" : 140.0,
      "steps" : 255
    }, {
      "activity" : "transport",
      "group" : "transport",
      "manual" : false,
      "startTime" : "20151026T185248-0400",
      "endTime" : "20151026T185818-0400",
      "duration" : 330.0,
      "distance" : 1390.0
    }, {
      "activity" : "walking",
      "group" : "walking",
      "manual" : false,
      "startTime" : "20151026T185818-0400",
      "endTime" : "20151026T190848-0400",
      "duration" : 630.0,
      "distance" : 612.0,
      "steps" : 724
    } ],
    "lastUpdate" : "20151026T233036Z"
  }, {
    "type" : "place",
    "startTime" : "20151026T190848-0400",
    "endTime" : "20151026T212454-0400",
    "activities" : [ {
      "activity" : "walking",
      "group" : "walking",
      "manual" : false,
      "startTime" : "20151026T211114-0400",
      "endTime" : "20151026T211320-0400",
      "duration" : 126.0,
      "distance" : 126.0,
      "steps" : 168
    } ],
    "lastUpdate" : "20151027T023523Z"
  }, {
    "type" : "move",
    "startTime" : "20151026T212454-0400",
    "endTime" : "20151026T215633-0400",
    "activities" : [ {
      "activity" : "walking",
      "group" : "walking",
      "manual" : false,
      "startTime" : "20151026T212454-0400",
      "endTime" : "20151026T213658-0400",
      "duration" : 724.0,
      "distance" : 1177.0,
      "steps" : 1058
    }, {
      "activity" : "transport",
      "group" : "transport",
      "manual" : false,
      "startTime" : "20151026T213658-0400",
      "endTime" : "20151026T215059-0400",
      "duration" : 841.0,
      "distance" : 1942.0
    }, {
      "activity" : "walking",
      "group" : "walking",
      "manual" : false,
      "startTime" : "20151026T215059-0400",
      "endTime" : "20151026T215633-0400",
      "duration" : 334.0,
      "distance" : 434.0,
      "steps" : 484
    } ],
    "lastUpdate" : "20151027T023523Z"
  }, {
    "type" : "place",
    "startTime" : "20151026T215633-0400",
    "endTime" : "20151027T085001-0400",
    "activities" : [ {
      "activity" : "walking",
      "group" : "walking",
      "manual" : false,
      "startTime" : "20151026T215633-0400",
      "endTime" : "20151026T215652-0400",
      "duration" : 19.0,
      "distance" : 13.0,
      "steps" : 26
    } ],
    "lastUpdate" : "20151027T162344Z"
  } ],
  "lastUpdate" : "20151027T162344Z"
} ]