[ {
  "date" : "20151103",
  "summary" : [ {
    "activity" : "walking",
    "group" : "walking",
    "duration" : 1686.0,
    "distance" : 2118.0,
    "steps" : 2421
  } ],
  "segments" : [ {
    "type" : "place",
    "startTime" : "20151102T095919-0500",
    "endTime" : "20151103T145225-0500",
    "activities" : [ {
      "activity" : "walking",
      "group" : "walking",
      "manual" : false,
      "startTime" : "20151103T121516-0500",
      "endTime" : "20151103T121546-0500",
      "duration" : 30.0,
      "distance" : 20.0,
      "steps" : 40
    } ],
    "lastUpdate" : "20151103T212825Z"
  }, {
    "type" : "place",
    "startTime" : "20151103T145226-0500",
    "endTime" : "20151103T181517-0500",
    "activities" : [ {
      "activity" : "walking",
      "group" : "walking",
      "manual" : false,
      "startTime" : "20151103T163512-0500",
      "endTime" : "20151103T163611-0500",
      "duration" : 59.0,
      "distance" : 44.0,
      "steps" : 89
    }, {
      "activity" : "walking",
      "group" : "walking",
      "manual" : false,
      "startTime" : "20151103T175604-0500",
      "endTime" : "20151103T175637-0500",
      "duration" : 33.0,
      "distance" : 30.0,
      "steps" : 61
    } ],
    "lastUpdate" : "20151103T234558Z"
  }, {
    "type" : "move",
    "startTime" : "20151103T181517-0500",
    "endTime" : "20151103T182110-0500",
    "activities" : [ {
      "activity" : "walking",
      "group" : "walking",
      "manual" : false,
      "startTime" : "20151103T181517-0500",
      "endTime" : "20151103T182110-0500",
      "duration" : 353.0,
      "distance" : 526.0,
      "steps" : 438
    } ],
    "lastUpdate" : "20151103T234558Z"
  }, {
    "type" : "move",
    "startTime" : "20151103T182110-0500",
    "endTime" : "20151103T182350-0500",
    "activities" : [ {
      "activity" : "walking",
      "group" : "walking",
      "manual" : false,
      "startTime" : "20151103T182110-0500",
      "endTime" : "20151103T182351-0500",
      "duration" : 161.0,
      "distance" : 80.0,
      "steps" : 124
    } ],
    "lastUpdate" : "20151104T011802Z"
  }, {
    "type" : "place",
    "startTime" : "20151103T182351-0500",
    "endTime" : "20151103T203822-0500",
    "activities" : [ {
      "activity" : "walking",
      "group" : "walking",
      "manual" : false,
      "startTime" : "20151103T182909-0500",
      "endTime" : "20151103T183009-0500",
      "duration" : 60.0,
      "distance" : 42.0,
      "steps" : 84
    }, {
      "activity" : "walking",
      "group" : "walking",
      "manual" : false,
      "startTime" : "20151103T203050-0500",
      "endTime" : "20151103T203420-0500",
      "duration" : 210.0,
      "distance" : 250.0,
      "steps" : 334
    } ],
    "lastUpdate" : "20151104T025040Z"
  }, {
    "type" : "move",
    "startTime" : "20151103T203822-0500",
    "endTime" : "20151103T205027-0500",
    "activities" : [ {
      "activity" : "walking",
      "group" : "walking",
      "manual" : false,
      "startTime" : "20151103T203822-0500",
      "endTime" : "20151103T205027-0500",
      "duration" : 725.0,
      "distance" : 1075.0,
      "steps" : 1150
    } ],
    "lastUpdate" : "20151104T025040Z"
  }, {
    "type" : "place",
    "startTime" : "20151103T205027-0500",
    "endTime" : "20151103T215842-0500",
    "activities" : [ {
      "activity" : "walking",
      "group" : "walking",
      "manual" : false,
      "startTime" : "20151103T205027-0500",
      "endTime" : "20151103T205122-0500",
      "duration" : 55.0,
      "distance" : 51.0,
      "steps" : 101
    } ],
    "lastUpdate" : "20151104T083443Z"
  } ],
  "lastUpdate" : "20151104T143722Z"
} ]