[ {
  "date" : "20151101",
  "summary" : [ {
    "activity" : "walking",
    "group" : "walking",
    "duration" : 6925.0,
    "distance" : 7453.0,
    "steps" : 9738
  }, {
    "activity" : "transport",
    "group" : "transport",
    "duration" : 3178.0,
    "distance" : 40889.0
  } ],
  "segments" : [ {
    "type" : "place",
    "startTime" : "20151101T010617-0400",
    "endTime" : "20151101T083420-0500",
    "activities" : [ {
      "activity" : "walking",
      "group" : "walking",
      "manual" : false,
      "startTime" : "20151101T083216-0500",
      "endTime" : "20151101T083222-0500",
      "duration" : 6.0,
      "distance" : 4.0,
      "steps" : 8
    } ],
    "lastUpdate" : "20151101T210356Z"
  }, {
    "type" : "move",
    "startTime" : "20151101T083420-0500",
    "endTime" : "20151101T084046-0500",
    "activities" : [ {
      "activity" : "walking",
      "group" : "walking",
      "manual" : false,
      "startTime" : "20151101T083420-0500",
      "endTime" : "20151101T084046-0500",
      "duration" : 386.0,
      "distance" : 270.0,
      "steps" : 494
    } ],
    "lastUpdate" : "20151101T210356Z"
  }, {
    "type" : "place",
    "startTime" : "20151101T084047-0500",
    "endTime" : "20151101T103046-0500",
    "activities" : [ {
      "activity" : "walking",
      "group" : "walking",
      "manual" : false,
      "startTime" : "20151101T084047-0500",
      "endTime" : "20151101T084113-0500",
      "duration" : 26.0,
      "distance" : 17.0,
      "steps" : 35
    }, {
      "activity" : "walking",
      "group" : "walking",
      "manual" : false,
      "startTime" : "20151101T090904-0500",
      "endTime" : "20151101T091406-0500",
      "duration" : 302.0,
      "distance" : 337.0,
      "steps" : 449
    } ],
    "lastUpdate" : "20151101T210356Z"
  }, {
    "type" : "place",
    "startTime" : "20151101T103047-0500",
    "endTime" : "20151101T124259-0500",
    "activities" : [ {
      "activity" : "walking",
      "group" : "walking",
      "manual" : false,
      "startTime" : "20151101T103309-0500",
      "endTime" : "20151101T103355-0500",
      "duration" : 46.0,
      "distance" : 31.0,
      "steps" : 61
    }, {
      "activity" : "walking",
      "group" : "walking",
      "manual" : false,
      "startTime" : "20151101T122627-0500",
      "endTime" : "20151101T123656-0500",
      "duration" : 629.0,
      "distance" : 698.0,
      "steps" : 931
    } ],
    "lastUpdate" : "20151101T210356Z"
  }, {
    "type" : "move",
    "startTime" : "20151101T124259-0500",
    "endTime" : "20151101T125612-0500",
    "activities" : [ {
      "activity" : "walking",
      "group" : "walking",
      "manual" : false,
      "startTime" : "20151101T124259-0500",
      "endTime" : "20151101T125612-0500",
      "duration" : 793.0,
      "distance" : 1113.0,
      "steps" : 1305
    } ],
    "lastUpdate" : "20151101T210356Z"
  }, {
    "type" : "place",
    "startTime" : "20151101T125612-0500",
    "endTime" : "20151101T130206-0500",
    "activities" : [ {
      "activity" : "walking",
      "group" : "walking",
      "manual" : false,
      "startTime" : "20151101T130021-0500",
      "endTime" : "20151101T130112-0500",
      "duration" : 51.0,
      "distance" : 36.0,
      "steps" : 71
    } ],
    "lastUpdate" : "20151101T210356Z"
  }, {
    "type" : "move",
    "startTime" : "20151101T130206-0500",
    "endTime" : "20151101T130812-0500",
    "activities" : [ {
      "activity" : "walking",
      "group" : "walking",
      "manual" : false,
      "startTime" : "20151101T130206-0500",
      "endTime" : "20151101T130813-0500",
      "duration" : 367.0,
      "distance" : 349.0,
      "steps" : 443
    } ],
    "lastUpdate" : "20151101T210356Z"
  }, {
    "type" : "place",
    "startTime" : "20151101T130812-0500",
    "endTime" : "20151101T132359-0500",
    "activities" : [ {
      "activity" : "walking",
      "group" : "walking",
      "manual" : false,
      "startTime" : "20151101T130812-0500",
      "endTime" : "20151101T131606-0500",
      "duration" : 474.0,
      "distance" : 486.0,
      "steps" : 648
    } ],
    "lastUpdate" : "20151101T210356Z"
  }, {
    "type" : "place",
    "startTime" : "20151101T132359-0500",
    "endTime" : "20151101T134604-0500",
    "activities" : [ {
      "activity" : "walking",
      "group" : "walking",
      "manual" : false,
      "startTime" : "20151101T132359-0500",
      "endTime" : "20151101T132943-0500",
      "duration" : 344.0,
      "distance" : 351.0,
      "steps" : 468
    } ],
    "lastUpdate" : "20151101T210356Z"
  }, {
    "type" : "place",
    "startTime" : "20151101T134720-0500",
    "endTime" : "20151101T135517-0500",
    "activities" : [ {
      "activity" : "walking",
      "group" : "walking",
      "manual" : false,
      "startTime" : "20151101T134720-0500",
      "endTime" : "20151101T135309-0500",
      "duration" : 349.0,
      "distance" : 353.0,
      "steps" : 470
    } ],
    "lastUpdate" : "20151101T210356Z"
  }, {
    "type" : "move",
    "startTime" : "20151101T135517-0500",
    "endTime" : "20151101T140626-0500",
    "activities" : [ {
      "activity" : "walking",
      "group" : "walking",
      "manual" : false,
      "startTime" : "20151101T135517-0500",
      "endTime" : "20151101T140627-0500",
      "duration" : 670.0,
      "distance" : 688.0,
      "steps" : 947
    } ],
    "lastUpdate" : "20151101T210356Z"
  }, {
    "type" : "place",
    "startTime" : "20151101T140626-0500",
    "endTime" : "20151101T143319-0500",
    "activities" : [ {
      "activity" : "walking",
      "group" : "walking",
      "manual" : false,
      "startTime" : "20151101T143141-0500",
      "endTime" : "20151101T143205-0500",
      "duration" : 24.0,
      "distance" : 15.0,
      "steps" : 31
    } ],
    "lastUpdate" : "20151101T210356Z"
  }, {
    "type" : "move",
    "startTime" : "20151101T143319-0500",
    "endTime" : "20151101T145234-0500",
    "activities" : [ {
      "activity" : "walking",
      "group" : "walking",
      "manual" : false,
      "startTime" : "20151101T143319-0500",
      "endTime" : "20151101T145234-0500",
      "duration" : 1155.0,
      "distance" : 1320.0,
      "steps" : 1654
    } ],
    "lastUpdate" : "20151101T210356Z"
  }, {
    "type" : "place",
    "startTime" : "20151101T145234-0500",
    "endTime" : "20151101T151341-0500",
    "activities" : [ {
      "activity" : "walking",
      "group" : "walking",
      "manual" : false,
      "startTime" : "20151101T145419-0500",
      "endTime" : "20151101T145432-0500",
      "duration" : 13.0,
      "distance" : 9.0,
      "steps" : 17
    } ],
    "lastUpdate" : "20151101T210356Z"
  }, {
    "type" : "move",
    "startTime" : "20151101T151341-0500",
    "endTime" : "20151101T151936-0500",
    "activities" : [ {
      "activity" : "walking",
      "group" : "walking",
      "manual" : false,
      "startTime" : "20151101T151341-0500",
      "endTime" : "20151101T151936-0500",
      "duration" : 355.0,
      "distance" : 254.0,
      "steps" : 479
    } ],
    "lastUpdate" : "20151101T210356Z"
  }, {
    "type" : "place",
    "startTime" : "20151101T151936-0500",
    "endTime" : "20151101T154938-0500",
    "activities" : [ {
      "activity" : "walking",
      "group" : "walking",
      "manual" : false,
      "startTime" : "20151101T151936-0500",
      "endTime" : "20151101T151958-0500",
      "duration" : 22.0,
      "distance" : 14.0,
      "steps" : 29
    } ],
    "lastUpdate" : "20151101T223805Z"
  }, {
    "type" : "move",
    "startTime" : "20151101T154938-0500",
    "endTime" : "20151101T163847-0500",
    "activities" : [ {
      "activity" : "transport",
      "group" : "transport",
      "manual" : false,
      "startTime" : "20151101T154938-0500",
      "endTime" : "20151101T155227-0500",
      "duration" : 169.0,
      "distance" : 7416.0
    }, {
      "activity" : "walking",
      "group" : "walking",
      "manual" : false,
      "startTime" : "20151101T155228-0500",
      "endTime" : "20151101T155658-0500",
      "duration" : 270.0,
      "distance" : 485.0,
      "steps" : 404
    }, {
      "activity" : "transport",
      "group" : "transport",
      "manual" : false,
      "startTime" : "20151101T155658-0500",
      "endTime" : "20151101T163612-0500",
      "duration" : 2354.0,
      "distance" : 21005.0
    }, {
      "activity" : "walking",
      "group" : "walking",
      "manual" : false,
      "startTime" : "20151101T163612-0500",
      "endTime" : "20151101T163848-0500",
      "duration" : 156.0,
      "distance" : 78.0,
      "steps" : 119
    } ],
    "lastUpdate" : "20151101T223805Z"
  }, {
    "type" : "place",
    "startTime" : "20151101T163848-0500",
    "endTime" : "20151101T170501-0500",
    "activities" : [ {
      "activity" : "walking",
      "group" : "walking",
      "manual" : false,
      "startTime" : "20151101T163848-0500",
      "endTime" : "20151101T163852-0500",
      "duration" : 4.0,
      "distance" : 3.0,
      "steps" : 6
    }, {
      "activity" : "walking",
      "group" : "walking",
      "manual" : false,
      "startTime" : "20151101T170346-0500",
      "endTime" : "20151101T170417-0500",
      "duration" : 31.0,
      "distance" : 21.0,
      "steps" : 41
    } ],
    "lastUpdate" : "20151101T223805Z"
  }, {
    "type" : "move",
    "startTime" : "20151101T170501-0500",
    "endTime" : "20151101T170715-0500",
    "activities" : [ {
      "activity" : "transport",
      "group" : "transport",
      "manual" : false,
      "startTime" : "20151101T170501-0500",
      "endTime" : "20151101T170716-0500",
      "duration" : 135.0,
      "distance" : 405.0
    } ],
    "lastUpdate" : "20151101T223805Z"
  }, {
    "type" : "place",
    "startTime" : "20151101T170715-0500",
    "endTime" : "20151101T184708-0500",
    "activities" : [ {
      "activity" : "walking",
      "group" : "walking",
      "manual" : false,
      "startTime" : "20151101T170846-0500",
      "endTime" : "20151101T171002-0500",
      "duration" : 76.0,
      "distance" : 51.0,
      "steps" : 101
    }, {
      "activity" : "walking",
      "group" : "walking",
      "manual" : false,
      "startTime" : "20151101T181806-0500",
      "endTime" : "20151101T181927-0500",
      "duration" : 81.0,
      "distance" : 54.0,
      "steps" : 108
    } ],
    "lastUpdate" : "20151102T161754Z"
  }, {
    "type" : "move",
    "startTime" : "20151101T184708-0500",
    "endTime" : "20151101T190032-0500",
    "activities" : [ {
      "activity" : "transport",
      "group" : "transport",
      "manual" : false,
      "startTime" : "20151101T184708-0500",
      "endTime" : "20151101T185548-0500",
      "duration" : 520.0,
      "distance" : 12063.0
    }, {
      "activity" : "walking",
      "group" : "walking",
      "manual" : false,
      "startTime" : "20151101T185547-0500",
      "endTime" : "20151101T190033-0500",
      "duration" : 286.0,
      "distance" : 410.0,
      "steps" : 407
    } ],
    "lastUpdate" : "20151102T161754Z"
  }, {
    "type" : "place",
    "startTime" : "20151101T190033-0500",
    "endTime" : "20151101T190348-0500",
    "activities" : [ {
      "activity" : "walking",
      "group" : "walking",
      "manual" : false,
      "startTime" : "20151101T190039-0500",
      "endTime" : "20151101T190048-0500",
      "duration" : 9.0,
      "distance" : 6.0,
      "steps" : 12
    } ],
    "lastUpdate" : "20151102T161754Z"
  } ],
  "lastUpdate" : "20151102T161754Z"
} ]