[ {
  "date" : "20151024",
  "summary" : [ {
    "activity" : "walking",
    "group" : "walking",
    "duration" : 2796.0,
    "distance" : 3173.0,
    "steps" : 4596
  }, {
    "activity" : "transport",
    "group" : "transport",
    "duration" : 477.0,
    "distance" : 3943.0
  } ],
  "segments" : [ {
    "type" : "place",
    "startTime" : "20151023T225404-0400",
    "endTime" : "20151024T004058-0400",
    "place" : {
      "id" : 230455172,
      "name" : "Bunga's Den",
      "type" : "foursquare",
      "foursquareId" : "4af4f840f964a520c1f721e3",
      "foursquareCategoryIds" : [ "4bf58dd8d48988d116941735" ],
      "location" : {
        "lat" : 40.738143,
        "lon" : -73.998552
      }
    },
    "lastUpdate" : "20151024T165931Z"
  }, {
    "type" : "move",
    "startTime" : "20151024T004058-0400",
    "endTime" : "20151024T004622-0400",
    "activities" : [ {
      "activity" : "walking",
      "group" : "walking",
      "manual" : false,
      "startTime" : "20151024T004058-0400",
      "endTime" : "20151024T004622-0400",
      "duration" : 324.0,
      "distance" : 255.0,
      "steps" : 510,
      "trackPoints" : [ {
        "lat" : 40.738143,
        "lon" : -73.998552,
        "time" : "20151024T004058-0400"
      }, {
        "lat" : 40.7382431926,
        "lon" : -73.9988110149,
        "time" : "20151024T004120-0400"
      }, {
        "lat" : 40.7382514629,
        "lon" : -73.9988847854,
        "time" : "20151024T004154-0400"
      }, {
        "lat" : 40.7383026598,
        "lon" : -73.9990119093,
        "time" : "20151024T004210-0400"
      }, {
        "lat" : 40.7384590983,
        "lon" : -73.9994204254,
        "time" : "20151024T004232-0400"
      }, {
        "lat" : 40.738636327,
        "lon" : -73.9995546994,
        "time" : "20151024T004300-0400"
      }, {
        "lat" : 40.7387179512,
        "lon" : -73.9996004747,
        "time" : "20151024T004334-0400"
      }, {
        "lat" : 40.738811326,
        "lon" : -73.9995367471,
        "time" : "20151024T004354-0400"
      }, {
        "lat" : 40.738989897,
        "lon" : -73.9993981023,
        "time" : "20151024T004415-0400"
      }, {
        "lat" : 40.7392007855,
        "lon" : -73.9993629078,
        "time" : "20151024T004450-0400"
      }, {
        "lat" : 40.7391743803,
        "lon" : -73.9993425297,
        "time" : "20151024T004511-0400"
      }, {
        "lat" : 40.7391625312,
        "lon" : -73.9993637829,
        "time" : "20151024T004531-0400"
      }, {
        "lat" : 40.7391230332,
        "lon" : -73.9994271623,
        "time" : "20151024T004549-0400"
      }, {
        "lat" : 40.7390927998,
        "lon" : -73.9995217103,
        "time" : "20151024T004605-0400"
      }, {
        "lat" : 40.7391834348,
        "lon" : -73.9999108065,
        "time" : "20151024T004622-0400"
      } ]
    } ],
    "lastUpdate" : "20151024T165931Z"
  }, {
    "type" : "place",
    "startTime" : "20151024T004622-0400",
    "endTime" : "20151024T004757-0400",
    "place" : {
      "id" : 230455257,
      "name" : "Home",
      "type" : "home",
      "location" : {
        "lat" : 40.7391834348,
        "lon" : -73.9999108065
      }
    },
    "lastUpdate" : "20151026T145957Z"
  }, {
    "type" : "place",
    "startTime" : "20151024T112633-0400",
    "endTime" : "20151024T230012-0400",
    "place" : {
      "id" : 230084909,
      "name" : "Cornell Tech",
      "type" : "foursquare",
      "foursquareId" : "4fdf4038e4b044d93c4fae68",
      "foursquareCategoryIds" : [ "4bf58dd8d48988d1ae941735" ],
      "location" : {
        "lat" : 40.74090046467149,
        "lon" : -74.00221109390259
      }
    },
    "activities" : [ {
      "activity" : "walking",
      "group" : "walking",
      "manual" : false,
      "startTime" : "20151024T145301-0400",
      "endTime" : "20151024T145331-0400",
      "duration" : 30.0,
      "distance" : 15.0,
      "steps" : 20,
      "trackPoints" : [ ]
    }, {
      "activity" : "walking",
      "group" : "walking",
      "manual" : false,
      "startTime" : "20151024T151911-0400",
      "endTime" : "20151024T152041-0400",
      "duration" : 90.0,
      "distance" : 60.0,
      "steps" : 121,
      "trackPoints" : [ ]
    }, {
      "activity" : "walking",
      "group" : "walking",
      "manual" : false,
      "startTime" : "20151024T161536-0400",
      "endTime" : "20151024T161636-0400",
      "duration" : 60.0,
      "distance" : 60.0,
      "steps" : 121,
      "trackPoints" : [ ]
    }, {
      "activity" : "walking",
      "group" : "walking",
      "manual" : false,
      "startTime" : "20151024T171809-0400",
      "endTime" : "20151024T171939-0400",
      "duration" : 90.0,
      "distance" : 60.0,
      "steps" : 121,
      "trackPoints" : [ ]
    }, {
      "activity" : "walking",
      "group" : "walking",
      "manual" : false,
      "startTime" : "20151024T184032-0400",
      "endTime" : "20151024T184102-0400",
      "duration" : 30.0,
      "distance" : 35.0,
      "steps" : 70,
      "trackPoints" : [ ]
    }, {
      "activity" : "walking",
      "group" : "walking",
      "manual" : false,
      "startTime" : "20151024T192511-0400",
      "endTime" : "20151024T192855-0400",
      "duration" : 224.0,
      "distance" : 238.0,
      "steps" : 317,
      "trackPoints" : [ ]
    }, {
      "activity" : "walking",
      "group" : "walking",
      "manual" : false,
      "startTime" : "20151024T213705-0400",
      "endTime" : "20151024T213935-0400",
      "duration" : 150.0,
      "distance" : 204.0,
      "steps" : 271,
      "trackPoints" : [ ]
    }, {
      "activity" : "walking",
      "group" : "walking",
      "manual" : false,
      "startTime" : "20151024T223756-0400",
      "endTime" : "20151024T224156-0400",
      "duration" : 240.0,
      "distance" : 302.0,
      "steps" : 402,
      "trackPoints" : [ ]
    } ],
    "lastUpdate" : "20151029T193822Z"
  }, {
    "type" : "move",
    "startTime" : "20151024T230012-0400",
    "endTime" : "20151024T232315-0400",
    "activities" : [ {
      "activity" : "transport",
      "group" : "transport",
      "manual" : false,
      "startTime" : "20151024T230012-0400",
      "endTime" : "20151024T230809-0400",
      "duration" : 477.0,
      "distance" : 3943.0,
      "trackPoints" : [ {
        "lat" : 40.7409004647,
        "lon" : -74.0022110939,
        "time" : "20151024T230012-0400"
      }, {
        "lat" : 40.7453470161,
        "lon" : -73.9986601787,
        "time" : "20151024T230104-0400"
      }, {
        "lat" : 40.7579284261,
        "lon" : -73.9893917326,
        "time" : "20151024T230513-0400"
      }, {
        "lat" : 40.7622399694,
        "lon" : -73.9862285679,
        "time" : "20151024T230632-0400"
      }, {
        "lat" : 40.7676543961,
        "lon" : -73.9824984158,
        "time" : "20151024T230750-0400"
      }, {
        "lat" : 40.7678123484,
        "lon" : -73.9823521765,
        "time" : "20151024T230809-0400"
      } ]
    }, {
      "activity" : "walking",
      "group" : "walking",
      "manual" : false,
      "startTime" : "20151024T230809-0400",
      "endTime" : "20151024T232315-0400",
      "duration" : 906.0,
      "distance" : 1097.0,
      "steps" : 1539,
      "trackPoints" : [ {
        "lat" : 40.7678123484,
        "lon" : -73.9823521765,
        "time" : "20151024T230809-0400"
      }, {
        "lat" : 40.7678071228,
        "lon" : -73.9824120746,
        "time" : "20151024T230836-0400"
      }, {
        "lat" : 40.7677787922,
        "lon" : -73.9824224517,
        "time" : "20151024T230854-0400"
      }, {
        "lat" : 40.7676649066,
        "lon" : -73.982450586,
        "time" : "20151024T230914-0400"
      }, {
        "lat" : 40.7675170116,
        "lon" : -73.9824111218,
        "time" : "20151024T230939-0400"
      }, {
        "lat" : 40.767378138,
        "lon" : -73.9823640959,
        "time" : "20151024T230959-0400"
      }, {
        "lat" : 40.7672970576,
        "lon" : -73.9822143436,
        "time" : "20151024T231019-0400"
      }, {
        "lat" : 40.7671363726,
        "lon" : -73.9820552185,
        "time" : "20151024T231039-0400"
      }, {
        "lat" : 40.7670762487,
        "lon" : -73.9819726444,
        "time" : "20151024T231059-0400"
      }, {
        "lat" : 40.7668108825,
        "lon" : -73.9818612083,
        "time" : "20151024T231119-0400"
      }, {
        "lat" : 40.7666821838,
        "lon" : -73.9813955809,
        "time" : "20151024T231147-0400"
      }, {
        "lat" : 40.7664387137,
        "lon" : -73.981055602,
        "time" : "20151024T231208-0400"
      }, {
        "lat" : 40.7663663523,
        "lon" : -73.9806350279,
        "time" : "20151024T231228-0400"
      }, {
        "lat" : 40.7663451483,
        "lon" : -73.9801419606,
        "time" : "20151024T231248-0400"
      }, {
        "lat" : 40.7662766715,
        "lon" : -73.9798983065,
        "time" : "20151024T231310-0400"
      }, {
        "lat" : 40.7661720727,
        "lon" : -73.9797866067,
        "time" : "20151024T231330-0400"
      }, {
        "lat" : 40.7660977176,
        "lon" : -73.9797815546,
        "time" : "20151024T231351-0400"
      }, {
        "lat" : 40.7657280084,
        "lon" : -73.9799104313,
        "time" : "20151024T231425-0400"
      }, {
        "lat" : 40.7655809594,
        "lon" : -73.9800181608,
        "time" : "20151024T231445-0400"
      }, {
        "lat" : 40.7654085329,
        "lon" : -73.9800874642,
        "time" : "20151024T231505-0400"
      }, {
        "lat" : 40.765313431,
        "lon" : -73.9802173578,
        "time" : "20151024T231526-0400"
      }, {
        "lat" : 40.7651105869,
        "lon" : -73.9804148418,
        "time" : "20151024T231553-0400"
      }, {
        "lat" : 40.7650471388,
        "lon" : -73.980512269,
        "time" : "20151024T231609-0400"
      }, {
        "lat" : 40.7653266438,
        "lon" : -73.980516711,
        "time" : "20151024T231635-0400"
      }, {
        "lat" : 40.7648219512,
        "lon" : -73.980670517,
        "time" : "20151024T231702-0400"
      }, {
        "lat" : 40.7646076882,
        "lon" : -73.9807919672,
        "time" : "20151024T231726-0400"
      }, {
        "lat" : 40.7644119874,
        "lon" : -73.9809103528,
        "time" : "20151024T231747-0400"
      }, {
        "lat" : 40.7642825757,
        "lon" : -73.9810105394,
        "time" : "20151024T231806-0400"
      }, {
        "lat" : 40.7640722711,
        "lon" : -73.9811981379,
        "time" : "20151024T231840-0400"
      }, {
        "lat" : 40.7638739525,
        "lon" : -73.9813975744,
        "time" : "20151024T231900-0400"
      }, {
        "lat" : 40.763637518,
        "lon" : -73.9816083029,
        "time" : "20151024T231920-0400"
      }, {
        "lat" : 40.7635426904,
        "lon" : -73.981689819,
        "time" : "20151024T231940-0400"
      }, {
        "lat" : 40.7632706854,
        "lon" : -73.9818897815,
        "time" : "20151024T232016-0400"
      }, {
        "lat" : 40.763065082,
        "lon" : -73.9820270226,
        "time" : "20151024T232036-0400"
      }, {
        "lat" : 40.7628880892,
        "lon" : -73.9819076579,
        "time" : "20151024T232056-0400"
      }, {
        "lat" : 40.7627597248,
        "lon" : -73.981527444,
        "time" : "20151024T232116-0400"
      }, {
        "lat" : 40.7625932098,
        "lon" : -73.9810879778,
        "time" : "20151024T232135-0400"
      }, {
        "lat" : 40.7624841177,
        "lon" : -73.9807630642,
        "time" : "20151024T232152-0400"
      }, {
        "lat" : 40.7623926407,
        "lon" : -73.9804635053,
        "time" : "20151024T232212-0400"
      }, {
        "lat" : 40.7622024622,
        "lon" : -73.9799834966,
        "time" : "20151024T232230-0400"
      }, {
        "lat" : 40.7621156744,
        "lon" : -73.9796673566,
        "time" : "20151024T232249-0400"
      }, {
        "lat" : 40.7618593701,
        "lon" : -73.9791739371,
        "time" : "20151024T232315-0400"
      } ]
    } ],
    "lastUpdate" : "20151025T142836Z"
  }, {
    "type" : "place",
    "startTime" : "20151024T232315-0400",
    "endTime" : "20151024T234344-0400",
    "place" : {
      "id" : 230793610,
      "name" : "The Halal Guys",
      "type" : "foursquare",
      "foursquareId" : "4a19d1edf964a5205a7a1fe3",
      "foursquareCategoryIds" : [ "4bf58dd8d48988d1cb941735" ],
      "location" : {
        "lat" : 40.76172693352597,
        "lon" : -73.97885061753348
      }
    },
    "lastUpdate" : "20151025T150440Z"
  }, {
    "type" : "move",
    "startTime" : "20151024T234345-0400",
    "endTime" : "20151024T235325-0400",
    "activities" : [ {
      "activity" : "walking",
      "group" : "walking",
      "manual" : false,
      "startTime" : "20151024T234345-0400",
      "endTime" : "20151024T235325-0400",
      "duration" : 580.0,
      "distance" : 781.0,
      "steps" : 972,
      "trackPoints" : [ {
        "lat" : 40.7618593701,
        "lon" : -73.9791739371,
        "time" : "20151024T234345-0400"
      }, {
        "lat" : 40.7617761867,
        "lon" : -73.9791246455,
        "time" : "20151024T234400-0400"
      }, {
        "lat" : 40.7614437497,
        "lon" : -73.9791808555,
        "time" : "20151024T234420-0400"
      }, {
        "lat" : 40.7611652708,
        "lon" : -73.9795066953,
        "time" : "20151024T234436-0400"
      }, {
        "lat" : 40.7611298052,
        "lon" : -73.9798233152,
        "time" : "20151024T234505-0400"
      }, {
        "lat" : 40.761036996,
        "lon" : -73.9798209865,
        "time" : "20151024T234522-0400"
      }, {
        "lat" : 40.7608523464,
        "lon" : -73.9799543199,
        "time" : "20151024T234541-0400"
      }, {
        "lat" : 40.7606682712,
        "lon" : -73.9801224696,
        "time" : "20151024T234601-0400"
      }, {
        "lat" : 40.7605393636,
        "lon" : -73.9803208758,
        "time" : "20151024T234620-0400"
      }, {
        "lat" : 40.7603980886,
        "lon" : -73.9803961307,
        "time" : "20151024T234640-0400"
      }, {
        "lat" : 40.7603346805,
        "lon" : -73.9804862097,
        "time" : "20151024T234700-0400"
      }, {
        "lat" : 40.760043601,
        "lon" : -73.9806330857,
        "time" : "20151024T234733-0400"
      }, {
        "lat" : 40.7598408794,
        "lon" : -73.9807741143,
        "time" : "20151024T234751-0400"
      }, {
        "lat" : 40.7596282606,
        "lon" : -73.9809345238,
        "time" : "20151024T234806-0400"
      }, {
        "lat" : 40.7597122414,
        "lon" : -73.9812031305,
        "time" : "20151024T234828-0400"
      }, {
        "lat" : 40.7594694101,
        "lon" : -73.9812070363,
        "time" : "20151024T234850-0400"
      }, {
        "lat" : 40.759247808,
        "lon" : -73.9813174768,
        "time" : "20151024T234910-0400"
      }, {
        "lat" : 40.7591840424,
        "lon" : -73.9813621134,
        "time" : "20151024T234930-0400"
      }, {
        "lat" : 40.7588891163,
        "lon" : -73.9816043199,
        "time" : "20151024T234957-0400"
      }, {
        "lat" : 40.7587987954,
        "lon" : -73.9816451718,
        "time" : "20151024T235017-0400"
      }, {
        "lat" : 40.7586679004,
        "lon" : -73.9817449947,
        "time" : "20151024T235037-0400"
      }, {
        "lat" : 40.7586341997,
        "lon" : -73.9817882615,
        "time" : "20151024T235057-0400"
      }, {
        "lat" : 40.758582649,
        "lon" : -73.9816803575,
        "time" : "20151024T235117-0400"
      }, {
        "lat" : 40.758475901,
        "lon" : -73.9813888249,
        "time" : "20151024T235134-0400"
      }, {
        "lat" : 40.7581589101,
        "lon" : -73.9819921473,
        "time" : "20151024T235153-0400"
      }, {
        "lat" : 40.7579622553,
        "lon" : -73.9824810646,
        "time" : "20151024T235227-0400"
      }, {
        "lat" : 40.7580106821,
        "lon" : -73.9821999337,
        "time" : "20151024T235244-0400"
      }, {
        "lat" : 40.7579357803,
        "lon" : -73.9821435819,
        "time" : "20151024T235304-0400"
      }, {
        "lat" : 40.7570204024,
        "lon" : -73.9829117837,
        "time" : "20151024T235325-0400"
      } ]
    } ],
    "lastUpdate" : "20151025T142836Z"
  }, {
    "type" : "place",
    "startTime" : "20151024T235325-0400",
    "endTime" : "20151025T001824-0400",
    "place" : {
      "id" : 230793611,
      "type" : "unknown",
      "location" : {
        "lat" : 40.7570204024,
        "lon" : -73.9829117837
      }
    },
    "activities" : [ {
      "activity" : "walking",
      "group" : "walking",
      "manual" : false,
      "startTime" : "20151024T235848-0400",
      "endTime" : "20151025T000000-0400",
      "duration" : 72.0,
      "distance" : 66.0,
      "steps" : 132,
      "trackPoints" : [ ]
    } ],
    "lastUpdate" : "20151025T150323Z"
  } ],
  "lastUpdate" : "20151029T193822Z"
} ]