[ {
  "date" : "20151026",
  "summary" : [ {
    "activity" : "running",
    "group" : "running",
    "duration" : 1111.0,
    "distance" : 2562.0,
    "steps" : 2847
  }, {
    "activity" : "train",
    "group" : "transport",
    "duration" : 601.0,
    "distance" : 3510.0
  }, {
    "activity" : "cycling",
    "group" : "cycling",
    "duration" : 1200.0,
    "distance" : 0.0
  }, {
    "activity" : "walking",
    "group" : "walking",
    "duration" : 6219.0,
    "distance" : 7532.0,
    "steps" : 10040
  }, {
    "activity" : "bus",
    "group" : "transport",
    "duration" : 841.0,
    "distance" : 2399.0
  }, {
    "activity" : "rowing",
    "duration" : 1200.0,
    "distance" : 0.0
  } ],
  "segments" : [ {
    "type" : "place",
    "startTime" : "20151025T203842-0400",
    "endTime" : "20151026T001801-0400",
    "place" : {
      "id" : 230455257,
      "name" : "Home",
      "type" : "home",
      "location" : {
        "lat" : 40.7391834348,
        "lon" : -73.9999108065
      }
    },
    "activities" : [ {
      "activity" : "walking",
      "group" : "walking",
      "manual" : false,
      "startTime" : "20151026T000209-0400",
      "endTime" : "20151026T000409-0400",
      "duration" : 120.0,
      "distance" : 60.0,
      "steps" : 111,
      "trackPoints" : [ ]
    } ],
    "lastUpdate" : "20151026T145957Z"
  }, {
    "type" : "move",
    "startTime" : "20151026T082950-0400",
    "endTime" : "20151026T083614-0400",
    "activities" : [ {
      "activity" : "walking",
      "group" : "walking",
      "manual" : false,
      "startTime" : "20151026T082950-0400",
      "endTime" : "20151026T083614-0400",
      "duration" : 384.0,
      "distance" : 409.0,
      "steps" : 695,
      "trackPoints" : [ {
        "lat" : 40.7393419666,
        "lon" : -73.999705608,
        "time" : "20151026T082950-0400"
      }, {
        "lat" : 40.7393501749,
        "lon" : -73.9997163794,
        "time" : "20151026T083009-0400"
      }, {
        "lat" : 40.7393010443,
        "lon" : -73.9996014762,
        "time" : "20151026T083033-0400"
      }, {
        "lat" : 40.7394677512,
        "lon" : -73.9998443577,
        "time" : "20151026T083054-0400"
      }, {
        "lat" : 40.7396751143,
        "lon" : -74.0002485663,
        "time" : "20151026T083112-0400"
      }, {
        "lat" : 40.7399644202,
        "lon" : -74.0008870533,
        "time" : "20151026T083150-0400"
      }, {
        "lat" : 40.7401049276,
        "lon" : -74.0012133707,
        "time" : "20151026T083211-0400"
      }, {
        "lat" : 40.7402334985,
        "lon" : -74.0015303805,
        "time" : "20151026T083230-0400"
      }, {
        "lat" : 40.740324257,
        "lon" : -74.0017743184,
        "time" : "20151026T083252-0400"
      }, {
        "lat" : 40.7403299789,
        "lon" : -74.001881229,
        "time" : "20151026T083312-0400"
      }, {
        "lat" : 40.7401989272,
        "lon" : -74.0019394781,
        "time" : "20151026T083331-0400"
      }, {
        "lat" : 40.7401381336,
        "lon" : -74.0018703591,
        "time" : "20151026T083351-0400"
      }, {
        "lat" : 40.7402248897,
        "lon" : -74.001774376,
        "time" : "20151026T083409-0400"
      }, {
        "lat" : 40.7407782609,
        "lon" : -74.0016765784,
        "time" : "20151026T083427-0400"
      }, {
        "lat" : 40.7410589394,
        "lon" : -74.001532683,
        "time" : "20151026T083446-0400"
      }, {
        "lat" : 40.7412148036,
        "lon" : -74.001469705,
        "time" : "20151026T083505-0400"
      }, {
        "lat" : 40.7411989644,
        "lon" : -74.0014776157,
        "time" : "20151026T083528-0400"
      }, {
        "lat" : 40.7412004636,
        "lon" : -74.0014319037,
        "time" : "20151026T083559-0400"
      }, {
        "lat" : 40.7411696461,
        "lon" : -74.0014769063,
        "time" : "20151026T083614-0400"
      } ]
    } ],
    "lastUpdate" : "20151026T145649Z"
  }, {
    "type" : "place",
    "startTime" : "20151026T083615-0400",
    "endTime" : "20151026T093807-0400",
    "place" : {
      "id" : 231086419,
      "name" : "New York Sports Club",
      "type" : "foursquare",
      "foursquareId" : "4a71e6e8f964a520d2d91fe3",
      "foursquareCategoryIds" : [ "4bf58dd8d48988d176941735" ],
      "location" : {
        "lat" : 40.74121862055951,
        "lon" : -74.00147922543175
      }
    },
    "activities" : [ {
      "activity" : "walking",
      "group" : "walking",
      "manual" : false,
      "startTime" : "20151026T084537-0400",
      "endTime" : "20151026T084707-0400",
      "duration" : 90.0,
      "distance" : 85.0,
      "steps" : 171,
      "trackPoints" : [ ]
    }, {
      "activity" : "running",
      "group" : "running",
      "manual" : false,
      "startTime" : "20151026T084837-0400",
      "endTime" : "20151026T090708-0400",
      "duration" : 1111.0,
      "distance" : 2562.0,
      "steps" : 2847,
      "trackPoints" : [ ]
    }, {
      "activity" : "walking",
      "group" : "walking",
      "manual" : false,
      "startTime" : "20151026T090708-0400",
      "endTime" : "20151026T091424-0400",
      "duration" : 436.0,
      "distance" : 580.0,
      "steps" : 773,
      "trackPoints" : [ ]
    }, {
      "activity" : "cycling",
      "group" : "cycling",
      "manual" : true,
      "duration" : 1200.0,
      "distance" : 0.0,
      "trackPoints" : [ ]
    }, {
      "activity" : "rowing",
      "manual" : true,
      "duration" : 1200.0,
      "distance" : 0.0,
      "trackPoints" : [ ]
    } ],
    "lastUpdate" : "20151027T161719Z"
  }, {
    "type" : "move",
    "startTime" : "20151026T093807-0400",
    "endTime" : "20151026T094350-0400",
    "activities" : [ {
      "activity" : "walking",
      "group" : "walking",
      "manual" : false,
      "startTime" : "20151026T093807-0400",
      "endTime" : "20151026T094351-0400",
      "duration" : 344.0,
      "distance" : 408.0,
      "steps" : 597,
      "trackPoints" : [ {
        "lat" : 40.7411696461,
        "lon" : -74.0014769063,
        "time" : "20151026T093807-0400"
      }, {
        "lat" : 40.7411176094,
        "lon" : -74.0015821331,
        "time" : "20151026T093830-0400"
      }, {
        "lat" : 40.7412047107,
        "lon" : -74.0015288671,
        "time" : "20151026T093856-0400"
      }, {
        "lat" : 40.741106986,
        "lon" : -74.0016161387,
        "time" : "20151026T093915-0400"
      }, {
        "lat" : 40.7409191995,
        "lon" : -74.0017677478,
        "time" : "20151026T093935-0400"
      }, {
        "lat" : 40.7405788696,
        "lon" : -74.0018982818,
        "time" : "20151026T094002-0400"
      }, {
        "lat" : 40.7403512757,
        "lon" : -74.0018762445,
        "time" : "20151026T094022-0400"
      }, {
        "lat" : 40.7401639969,
        "lon" : -74.0013709568,
        "time" : "20151026T094058-0400"
      }, {
        "lat" : 40.7400201769,
        "lon" : -74.0010175951,
        "time" : "20151026T094119-0400"
      }, {
        "lat" : 40.7398063023,
        "lon" : -74.0005087542,
        "time" : "20151026T094147-0400"
      }, {
        "lat" : 40.7395929862,
        "lon" : -74.0000568793,
        "time" : "20151026T094208-0400"
      }, {
        "lat" : 40.7393824569,
        "lon" : -73.9996801483,
        "time" : "20151026T094229-0400"
      }, {
        "lat" : 40.7392286885,
        "lon" : -73.9995300706,
        "time" : "20151026T094249-0400"
      }, {
        "lat" : 40.7391299392,
        "lon" : -73.9995717471,
        "time" : "20151026T094311-0400"
      }, {
        "lat" : 40.7391310883,
        "lon" : -73.9997173205,
        "time" : "20151026T094330-0400"
      }, {
        "lat" : 40.7391834348,
        "lon" : -73.9999108065,
        "time" : "20151026T094350-0400"
      } ]
    } ],
    "lastUpdate" : "20151026T145650Z"
  }, {
    "type" : "place",
    "startTime" : "20151026T094350-0400",
    "endTime" : "20151026T105046-0400",
    "place" : {
      "id" : 230455257,
      "name" : "Home",
      "type" : "home",
      "location" : {
        "lat" : 40.7391834348,
        "lon" : -73.9999108065
      }
    },
    "activities" : [ {
      "activity" : "walking",
      "group" : "walking",
      "manual" : false,
      "startTime" : "20151026T104551-0400",
      "endTime" : "20151026T104621-0400",
      "duration" : 30.0,
      "distance" : 25.0,
      "steps" : 50,
      "trackPoints" : [ ]
    } ],
    "lastUpdate" : "20151026T151809Z"
  }, {
    "type" : "move",
    "startTime" : "20151026T105046-0400",
    "endTime" : "20151026T105700-0400",
    "activities" : [ {
      "activity" : "walking",
      "group" : "walking",
      "manual" : false,
      "startTime" : "20151026T105046-0400",
      "endTime" : "20151026T105700-0400",
      "duration" : 374.0,
      "distance" : 392.0,
      "steps" : 647,
      "trackPoints" : [ {
        "lat" : 40.7391834348,
        "lon" : -73.9999108065,
        "time" : "20151026T105046-0400"
      }, {
        "lat" : 40.7392975674,
        "lon" : -73.9996100078,
        "time" : "20151026T105106-0400"
      }, {
        "lat" : 40.7395273857,
        "lon" : -73.9999674209,
        "time" : "20151026T105127-0400"
      }, {
        "lat" : 40.7397265152,
        "lon" : -74.0003391858,
        "time" : "20151026T105148-0400"
      }, {
        "lat" : 40.7398941698,
        "lon" : -74.0007068224,
        "time" : "20151026T105210-0400"
      }, {
        "lat" : 40.7400170008,
        "lon" : -74.0010131519,
        "time" : "20151026T105231-0400"
      }, {
        "lat" : 40.7402485503,
        "lon" : -74.0015479659,
        "time" : "20151026T105307-0400"
      }, {
        "lat" : 40.7403794034,
        "lon" : -74.0017878501,
        "time" : "20151026T105328-0400"
      }, {
        "lat" : 40.7406429488,
        "lon" : -74.0018725758,
        "time" : "20151026T105356-0400"
      }, {
        "lat" : 40.7407421485,
        "lon" : -74.0019071937,
        "time" : "20151026T105430-0400"
      }, {
        "lat" : 40.7408176898,
        "lon" : -74.0018949313,
        "time" : "20151026T105459-0400"
      }, {
        "lat" : 40.7408754913,
        "lon" : -74.0018727181,
        "time" : "20151026T105519-0400"
      }, {
        "lat" : 40.7410593275,
        "lon" : -74.0018742857,
        "time" : "20151026T105538-0400"
      }, {
        "lat" : 40.7411661048,
        "lon" : -74.0019102042,
        "time" : "20151026T105559-0400"
      }, {
        "lat" : 40.7411980022,
        "lon" : -74.0019325776,
        "time" : "20151026T105620-0400"
      }, {
        "lat" : 40.7411919966,
        "lon" : -74.0019447187,
        "time" : "20151026T105639-0400"
      }, {
        "lat" : 40.7409004647,
        "lon" : -74.0022110939,
        "time" : "20151026T105700-0400"
      } ]
    } ],
    "lastUpdate" : "20151026T151809Z"
  }, {
    "type" : "place",
    "startTime" : "20151026T105700-0400",
    "endTime" : "20151026T191745-0400",
    "place" : {
      "id" : 230084909,
      "name" : "Cornell Tech",
      "type" : "foursquare",
      "foursquareId" : "4fdf4038e4b044d93c4fae68",
      "foursquareCategoryIds" : [ "4bf58dd8d48988d1ae941735" ],
      "location" : {
        "lat" : 40.74090046467149,
        "lon" : -74.00221109390259
      }
    },
    "activities" : [ {
      "activity" : "walking",
      "group" : "walking",
      "manual" : false,
      "startTime" : "20151026T112052-0400",
      "endTime" : "20151026T112452-0400",
      "duration" : 240.0,
      "distance" : 241.0,
      "steps" : 322,
      "trackPoints" : [ ]
    }, {
      "activity" : "walking",
      "group" : "walking",
      "manual" : false,
      "startTime" : "20151026T124053-0400",
      "endTime" : "20151026T124523-0400",
      "duration" : 270.0,
      "distance" : 302.0,
      "steps" : 403,
      "trackPoints" : [ ]
    }, {
      "activity" : "walking",
      "group" : "walking",
      "manual" : false,
      "startTime" : "20151026T140526-0400",
      "endTime" : "20151026T140625-0400",
      "duration" : 59.0,
      "distance" : 41.0,
      "steps" : 83,
      "trackPoints" : [ ]
    }, {
      "activity" : "walking",
      "group" : "walking",
      "manual" : false,
      "startTime" : "20151026T174222-0400",
      "endTime" : "20151026T174450-0400",
      "duration" : 148.0,
      "distance" : 138.0,
      "steps" : 184,
      "trackPoints" : [ ]
    }, {
      "activity" : "walking",
      "group" : "walking",
      "manual" : false,
      "startTime" : "20151026T183712-0400",
      "endTime" : "20151026T183842-0400",
      "duration" : 90.0,
      "distance" : 70.0,
      "steps" : 141,
      "trackPoints" : [ ]
    }, {
      "activity" : "walking",
      "group" : "walking",
      "manual" : false,
      "startTime" : "20151026T190414-0400",
      "endTime" : "20151026T192155-0400",
      "duration" : 1061.0,
      "distance" : 1352.0,
      "steps" : 1803,
      "trackPoints" : [ ]
    } ],
    "lastUpdate" : "20151029T193822Z"
  }, {
    "type" : "move",
    "startTime" : "20151026T191745-0400",
    "endTime" : "20151026T193317-0400",
    "activities" : [ {
      "activity" : "train",
      "group" : "transport",
      "manual" : false,
      "startTime" : "20151026T191745-0400",
      "endTime" : "20151026T192746-0400",
      "duration" : 601.0,
      "distance" : 3510.0,
      "trackPoints" : [ {
        "lat" : 40.7409004647,
        "lon" : -74.0022110939,
        "time" : "20151026T191745-0400"
      }, {
        "lat" : 40.7452811559,
        "lon" : -73.9985535336,
        "time" : "20151026T191928-0400"
      }, {
        "lat" : 40.746919347,
        "lon" : -73.9973267542,
        "time" : "20151026T192022-0400"
      }, {
        "lat" : 40.7620165983,
        "lon" : -73.9861403706,
        "time" : "20151026T192544-0400"
      }, {
        "lat" : 40.7628828321,
        "lon" : -73.9822562141,
        "time" : "20151026T192746-0400"
      } ]
    }, {
      "activity" : "walking",
      "group" : "walking",
      "manual" : false,
      "startTime" : "20151026T192746-0400",
      "endTime" : "20151026T193318-0400",
      "duration" : 332.0,
      "distance" : 364.0,
      "steps" : 515,
      "trackPoints" : [ {
        "lat" : 40.7628828321,
        "lon" : -73.9822562141,
        "time" : "20151026T192746-0400"
      }, {
        "lat" : 40.762928371,
        "lon" : -73.9820110537,
        "time" : "20151026T192817-0400"
      }, {
        "lat" : 40.7629635381,
        "lon" : -73.9819359724,
        "time" : "20151026T192846-0400"
      }, {
        "lat" : 40.7629836618,
        "lon" : -73.9819449225,
        "time" : "20151026T192905-0400"
      }, {
        "lat" : 40.7630188638,
        "lon" : -73.9819915819,
        "time" : "20151026T192924-0400"
      }, {
        "lat" : 40.7629930633,
        "lon" : -73.9820290322,
        "time" : "20151026T192945-0400"
      }, {
        "lat" : 40.7629891735,
        "lon" : -73.9820782895,
        "time" : "20151026T193004-0400"
      }, {
        "lat" : 40.7629601826,
        "lon" : -73.9819126995,
        "time" : "20151026T193024-0400"
      }, {
        "lat" : 40.762878423,
        "lon" : -73.9817350926,
        "time" : "20151026T193044-0400"
      }, {
        "lat" : 40.7627960301,
        "lon" : -73.9815748899,
        "time" : "20151026T193104-0400"
      }, {
        "lat" : 40.7626626659,
        "lon" : -73.9812584182,
        "time" : "20151026T193124-0400"
      }, {
        "lat" : 40.762507627,
        "lon" : -73.9808686728,
        "time" : "20151026T193145-0400"
      }, {
        "lat" : 40.7622948043,
        "lon" : -73.9803273375,
        "time" : "20151026T193205-0400"
      }, {
        "lat" : 40.7621779957,
        "lon" : -73.9800132427,
        "time" : "20151026T193225-0400"
      }, {
        "lat" : 40.7619654466,
        "lon" : -73.9794392732,
        "time" : "20151026T193258-0400"
      }, {
        "lat" : 40.7617269335,
        "lon" : -73.9788506175,
        "time" : "20151026T193317-0400"
      } ]
    } ],
    "lastUpdate" : "20151027T162413Z"
  }, {
    "type" : "place",
    "startTime" : "20151026T193317-0400",
    "endTime" : "20151026T195606-0400",
    "place" : {
      "id" : 230793610,
      "name" : "The Halal Guys",
      "type" : "foursquare",
      "foursquareId" : "4a19d1edf964a5205a7a1fe3",
      "foursquareCategoryIds" : [ "4bf58dd8d48988d1cb941735" ],
      "location" : {
        "lat" : 40.76172693352597,
        "lon" : -73.97885061753348
      }
    },
    "activities" : [ {
      "activity" : "walking",
      "group" : "walking",
      "manual" : false,
      "startTime" : "20151026T195337-0400",
      "endTime" : "20151026T195351-0400",
      "duration" : 14.0,
      "distance" : 7.0,
      "steps" : 14,
      "trackPoints" : [ ]
    } ],
    "lastUpdate" : "20151027T030451Z"
  }, {
    "type" : "move",
    "startTime" : "20151026T195606-0400",
    "endTime" : "20151026T201137-0400",
    "activities" : [ {
      "activity" : "walking",
      "group" : "walking",
      "manual" : false,
      "startTime" : "20151026T195606-0400",
      "endTime" : "20151026T201137-0400",
      "duration" : 931.0,
      "distance" : 1367.0,
      "steps" : 1584,
      "trackPoints" : [ {
        "lat" : 40.7617269335,
        "lon" : -73.9788506175,
        "time" : "20151026T195606-0400"
      }, {
        "lat" : 40.7603417255,
        "lon" : -73.977929834,
        "time" : "20151026T195651-0400"
      }, {
        "lat" : 40.7608158566,
        "lon" : -73.9791699053,
        "time" : "20151026T195709-0400"
      }, {
        "lat" : 40.7609627345,
        "lon" : -73.9797859179,
        "time" : "20151026T195746-0400"
      }, {
        "lat" : 40.7606482423,
        "lon" : -73.980090527,
        "time" : "20151026T195818-0400"
      }, {
        "lat" : 40.7605478156,
        "lon" : -73.9801821534,
        "time" : "20151026T195834-0400"
      }, {
        "lat" : 40.7605657415,
        "lon" : -73.9802060178,
        "time" : "20151026T195850-0400"
      }, {
        "lat" : 40.7605168016,
        "lon" : -73.9802896831,
        "time" : "20151026T195908-0400"
      }, {
        "lat" : 40.7602371684,
        "lon" : -73.9804853477,
        "time" : "20151026T195934-0400"
      }, {
        "lat" : 40.7601129046,
        "lon" : -73.9806264514,
        "time" : "20151026T195952-0400"
      }, {
        "lat" : 40.760069421,
        "lon" : -73.9807101424,
        "time" : "20151026T195959-0400"
      }, {
        "lat" : 40.7600693633,
        "lon" : -73.9807102534,
        "time" : "20151026T200000-0400"
      }, {
        "lat" : 40.7599111871,
        "lon" : -73.9810146885,
        "time" : "20151026T200027-0400"
      }, {
        "lat" : 40.7598162245,
        "lon" : -73.981017458,
        "time" : "20151026T200046-0400"
      }, {
        "lat" : 40.7596163452,
        "lon" : -73.9810754175,
        "time" : "20151026T200102-0400"
      }, {
        "lat" : 40.7593033713,
        "lon" : -73.9812258356,
        "time" : "20151026T200127-0400"
      }, {
        "lat" : 40.7593046681,
        "lon" : -73.9812085222,
        "time" : "20151026T200144-0400"
      }, {
        "lat" : 40.7591776944,
        "lon" : -73.9813725688,
        "time" : "20151026T200204-0400"
      }, {
        "lat" : 40.7589866968,
        "lon" : -73.9814765079,
        "time" : "20151026T200224-0400"
      }, {
        "lat" : 40.7588107051,
        "lon" : -73.9815678377,
        "time" : "20151026T200244-0400"
      }, {
        "lat" : 40.7586486895,
        "lon" : -73.9817551791,
        "time" : "20151026T200312-0400"
      }, {
        "lat" : 40.7584776483,
        "lon" : -73.9818125173,
        "time" : "20151026T200332-0400"
      }, {
        "lat" : 40.7582682998,
        "lon" : -73.9817546001,
        "time" : "20151026T200352-0400"
      }, {
        "lat" : 40.7578948671,
        "lon" : -73.9815818714,
        "time" : "20151026T200408-0400"
      }, {
        "lat" : 40.757577508,
        "lon" : -73.981776426,
        "time" : "20151026T200440-0400"
      }, {
        "lat" : 40.7578053052,
        "lon" : -73.9820258998,
        "time" : "20151026T200500-0400"
      }, {
        "lat" : 40.7577210226,
        "lon" : -73.9821898588,
        "time" : "20151026T200520-0400"
      }, {
        "lat" : 40.75743764,
        "lon" : -73.9824123156,
        "time" : "20151026T200539-0400"
      }, {
        "lat" : 40.7570221064,
        "lon" : -73.9826287462,
        "time" : "20151026T200612-0400"
      }, {
        "lat" : 40.7568652041,
        "lon" : -73.9827507667,
        "time" : "20151026T200631-0400"
      }, {
        "lat" : 40.756767449,
        "lon" : -73.9828766775,
        "time" : "20151026T200651-0400"
      }, {
        "lat" : 40.7565903617,
        "lon" : -73.9829340307,
        "time" : "20151026T200711-0400"
      }, {
        "lat" : 40.7563489898,
        "lon" : -73.983012175,
        "time" : "20151026T200731-0400"
      }, {
        "lat" : 40.7559746493,
        "lon" : -73.9831205785,
        "time" : "20151026T200750-0400"
      }, {
        "lat" : 40.7554784423,
        "lon" : -73.9830210959,
        "time" : "20151026T200808-0400"
      }, {
        "lat" : 40.7552350523,
        "lon" : -73.9829965148,
        "time" : "20151026T200824-0400"
      }, {
        "lat" : 40.7551780885,
        "lon" : -73.9831320595,
        "time" : "20151026T200843-0400"
      }, {
        "lat" : 40.7551248654,
        "lon" : -73.9836559981,
        "time" : "20151026T200900-0400"
      }, {
        "lat" : 40.755038856,
        "lon" : -73.9837596789,
        "time" : "20151026T200920-0400"
      }, {
        "lat" : 40.7546535469,
        "lon" : -73.9840470333,
        "time" : "20151026T200939-0400"
      }, {
        "lat" : 40.7546217919,
        "lon" : -73.9841299652,
        "time" : "20151026T201006-0400"
      }, {
        "lat" : 40.7544679757,
        "lon" : -73.9840991472,
        "time" : "20151026T201026-0400"
      }, {
        "lat" : 40.7542854352,
        "lon" : -73.983995186,
        "time" : "20151026T201052-0400"
      }, {
        "lat" : 40.7543062693,
        "lon" : -73.9839527369,
        "time" : "20151026T201111-0400"
      }, {
        "lat" : 40.7546696889,
        "lon" : -73.9839693281,
        "time" : "20151026T201137-0400"
      } ]
    } ],
    "lastUpdate" : "20151027T030451Z"
  }, {
    "type" : "place",
    "startTime" : "20151026T201137-0400",
    "endTime" : "20151026T202958-0400",
    "place" : {
      "id" : 231221644,
      "name" : "Breads Bakery",
      "type" : "foursquare",
      "foursquareId" : "5581f0a3498ebf2e88c9f849",
      "foursquareCategoryIds" : [ "4bf58dd8d48988d16a941735" ],
      "location" : {
        "lat" : 40.75448855313416,
        "lon" : -73.98402736930704
      }
    },
    "activities" : [ {
      "activity" : "walking",
      "group" : "walking",
      "manual" : false,
      "startTime" : "20151026T201402-0400",
      "endTime" : "20151026T201502-0400",
      "duration" : 60.0,
      "distance" : 45.0,
      "steps" : 90,
      "trackPoints" : [ ]
    } ],
    "lastUpdate" : "20151027T161804Z"
  }, {
    "type" : "move",
    "startTime" : "20151026T202958-0400",
    "endTime" : "20151026T210231-0400",
    "activities" : [ {
      "activity" : "walking",
      "group" : "walking",
      "manual" : false,
      "startTime" : "20151026T202958-0400",
      "endTime" : "20151026T204033-0400",
      "duration" : 635.0,
      "distance" : 1085.0,
      "steps" : 1043,
      "trackPoints" : [ {
        "lat" : 40.7546696889,
        "lon" : -73.9839693281,
        "time" : "20151026T202958-0400"
      }, {
        "lat" : 40.7546726013,
        "lon" : -73.9837486583,
        "time" : "20151026T203018-0400"
      }, {
        "lat" : 40.7549399124,
        "lon" : -73.9838524181,
        "time" : "20151026T203037-0400"
      }, {
        "lat" : 40.755238798,
        "lon" : -73.9837969996,
        "time" : "20151026T203057-0400"
      }, {
        "lat" : 40.7557195185,
        "lon" : -73.9836883462,
        "time" : "20151026T203123-0400"
      }, {
        "lat" : 40.7558084271,
        "lon" : -73.9841316886,
        "time" : "20151026T203142-0400"
      }, {
        "lat" : 40.7556017487,
        "lon" : -73.9844816537,
        "time" : "20151026T203157-0400"
      }, {
        "lat" : 40.7554688214,
        "lon" : -73.984561477,
        "time" : "20151026T203214-0400"
      }, {
        "lat" : 40.7553665251,
        "lon" : -73.9844905245,
        "time" : "20151026T203229-0400"
      }, {
        "lat" : 40.7553779032,
        "lon" : -73.9845008038,
        "time" : "20151026T203245-0400"
      }, {
        "lat" : 40.7559799833,
        "lon" : -73.9851246234,
        "time" : "20151026T203306-0400"
      }, {
        "lat" : 40.7561678507,
        "lon" : -73.9853206515,
        "time" : "20151026T203326-0400"
      }, {
        "lat" : 40.7562488668,
        "lon" : -73.9855155712,
        "time" : "20151026T203345-0400"
      }, {
        "lat" : 40.7564241316,
        "lon" : -73.9859715602,
        "time" : "20151026T203418-0400"
      }, {
        "lat" : 40.7564525011,
        "lon" : -73.986115856,
        "time" : "20151026T203438-0400"
      }, {
        "lat" : 40.7564561967,
        "lon" : -73.9862259573,
        "time" : "20151026T203458-0400"
      }, {
        "lat" : 40.7563663288,
        "lon" : -73.9863242675,
        "time" : "20151026T203517-0400"
      }, {
        "lat" : 40.7562422044,
        "lon" : -73.9863854725,
        "time" : "20151026T203537-0400"
      }, {
        "lat" : 40.7550730005,
        "lon" : -73.9882659584,
        "time" : "20151026T203615-0400"
      }, {
        "lat" : 40.7556611846,
        "lon" : -73.9870884489,
        "time" : "20151026T203631-0400"
      }, {
        "lat" : 40.7560905262,
        "lon" : -73.9866395813,
        "time" : "20151026T203701-0400"
      }, {
        "lat" : 40.7560849194,
        "lon" : -73.9866695672,
        "time" : "20151026T203720-0400"
      }, {
        "lat" : 40.756274342,
        "lon" : -73.9865546668,
        "time" : "20151026T203753-0400"
      }, {
        "lat" : 40.7561974171,
        "lon" : -73.9866390805,
        "time" : "20151026T203813-0400"
      }, {
        "lat" : 40.7558625293,
        "lon" : -73.9868901568,
        "time" : "20151026T203832-0400"
      }, {
        "lat" : 40.7557139369,
        "lon" : -73.9870963015,
        "time" : "20151026T203851-0400"
      }, {
        "lat" : 40.7556589767,
        "lon" : -73.9872094032,
        "time" : "20151026T203918-0400"
      }, {
        "lat" : 40.7557783141,
        "lon" : -73.9872150614,
        "time" : "20151026T203937-0400"
      }, {
        "lat" : 40.7559010014,
        "lon" : -73.9874328921,
        "time" : "20151026T203957-0400"
      }, {
        "lat" : 40.7557208185,
        "lon" : -73.9873726548,
        "time" : "20151026T204016-0400"
      }, {
        "lat" : 40.7555399367,
        "lon" : -73.9873133172,
        "time" : "20151026T204033-0400"
      } ]
    }, {
      "activity" : "bus",
      "group" : "transport",
      "manual" : false,
      "startTime" : "20151026T204033-0400",
      "endTime" : "20151026T205434-0400",
      "duration" : 841.0,
      "distance" : 2399.0,
      "trackPoints" : [ {
        "lat" : 40.7555399367,
        "lon" : -73.9873133172,
        "time" : "20151026T204033-0400"
      }, {
        "lat" : 40.7555415634,
        "lon" : -73.9872643882,
        "time" : "20151026T204059-0400"
      }, {
        "lat" : 40.7555486093,
        "lon" : -73.9872581237,
        "time" : "20151026T204118-0400"
      }, {
        "lat" : 40.75555054,
        "lon" : -73.9872519236,
        "time" : "20151026T204137-0400"
      }, {
        "lat" : 40.7555466656,
        "lon" : -73.9872500344,
        "time" : "20151026T204157-0400"
      }, {
        "lat" : 40.7555371657,
        "lon" : -73.9872560989,
        "time" : "20151026T204216-0400"
      }, {
        "lat" : 40.755531863,
        "lon" : -73.9872606085,
        "time" : "20151026T204236-0400"
      }, {
        "lat" : 40.7555279357,
        "lon" : -73.9872652391,
        "time" : "20151026T204257-0400"
      }, {
        "lat" : 40.7555199856,
        "lon" : -73.9872758286,
        "time" : "20151026T204317-0400"
      }, {
        "lat" : 40.7555038262,
        "lon" : -73.9872952888,
        "time" : "20151026T204337-0400"
      }, {
        "lat" : 40.7551978361,
        "lon" : -73.9875382917,
        "time" : "20151026T204357-0400"
      }, {
        "lat" : 40.7544216314,
        "lon" : -73.9880181695,
        "time" : "20151026T204416-0400"
      }, {
        "lat" : 40.7537388916,
        "lon" : -73.9885847858,
        "time" : "20151026T204439-0400"
      }, {
        "lat" : 40.7525774695,
        "lon" : -73.9895220002,
        "time" : "20151026T204500-0400"
      }, {
        "lat" : 40.7511848314,
        "lon" : -73.9905317953,
        "time" : "20151026T204527-0400"
      }, {
        "lat" : 40.7510739814,
        "lon" : -73.9906575971,
        "time" : "20151026T204547-0400"
      }, {
        "lat" : 40.7509555524,
        "lon" : -73.990772053,
        "time" : "20151026T204606-0400"
      }, {
        "lat" : 40.7508467222,
        "lon" : -73.9908687643,
        "time" : "20151026T204627-0400"
      }, {
        "lat" : 40.7507598909,
        "lon" : -73.9909472827,
        "time" : "20151026T204647-0400"
      }, {
        "lat" : 40.7503014358,
        "lon" : -73.9913751841,
        "time" : "20151026T204706-0400"
      }, {
        "lat" : 40.749965319,
        "lon" : -73.9916153093,
        "time" : "20151026T204739-0400"
      }, {
        "lat" : 40.749000683,
        "lon" : -73.9922498379,
        "time" : "20151026T204802-0400"
      }, {
        "lat" : 40.748012776,
        "lon" : -73.9929126968,
        "time" : "20151026T204823-0400"
      }, {
        "lat" : 40.7468440345,
        "lon" : -73.9936462104,
        "time" : "20151026T204843-0400"
      }, {
        "lat" : 40.7455856773,
        "lon" : -73.9945625631,
        "time" : "20151026T204903-0400"
      }, {
        "lat" : 40.7451558564,
        "lon" : -73.994865794,
        "time" : "20151026T204924-0400"
      }, {
        "lat" : 40.7449172544,
        "lon" : -73.9950594048,
        "time" : "20151026T204944-0400"
      }, {
        "lat" : 40.7447171803,
        "lon" : -73.9952239061,
        "time" : "20151026T205005-0400"
      }, {
        "lat" : 40.7439477092,
        "lon" : -73.9957318411,
        "time" : "20151026T205038-0400"
      }, {
        "lat" : 40.7438596303,
        "lon" : -73.9958419673,
        "time" : "20151026T205058-0400"
      }, {
        "lat" : 40.743672333,
        "lon" : -73.9959664776,
        "time" : "20151026T205118-0400"
      }, {
        "lat" : 40.743549652,
        "lon" : -73.9960644662,
        "time" : "20151026T205139-0400"
      }, {
        "lat" : 40.7424809336,
        "lon" : -73.9968290389,
        "time" : "20151026T205206-0400"
      }, {
        "lat" : 40.7419951514,
        "lon" : -73.997178313,
        "time" : "20151026T205233-0400"
      }, {
        "lat" : 40.7417979558,
        "lon" : -73.9973051781,
        "time" : "20151026T205253-0400"
      }, {
        "lat" : 40.7416797125,
        "lon" : -73.9974202626,
        "time" : "20151026T205319-0400"
      }, {
        "lat" : 40.7412587723,
        "lon" : -73.9977323416,
        "time" : "20151026T205339-0400"
      }, {
        "lat" : 40.7403248689,
        "lon" : -73.9984703409,
        "time" : "20151026T205359-0400"
      }, {
        "lat" : 40.7385632932,
        "lon" : -73.9999348056,
        "time" : "20151026T205434-0400"
      } ]
    }, {
      "activity" : "walking",
      "group" : "walking",
      "manual" : false,
      "startTime" : "20151026T205434-0400",
      "endTime" : "20151026T210232-0400",
      "duration" : 478.0,
      "distance" : 479.0,
      "steps" : 651,
      "trackPoints" : [ {
        "lat" : 40.7385632932,
        "lon" : -73.9999348056,
        "time" : "20151026T205434-0400"
      }, {
        "lat" : 40.7386674283,
        "lon" : -73.9999501169,
        "time" : "20151026T205453-0400"
      }, {
        "lat" : 40.7388398386,
        "lon" : -74.0002066163,
        "time" : "20151026T205514-0400"
      }, {
        "lat" : 40.7388797894,
        "lon" : -74.0005365281,
        "time" : "20151026T205531-0400"
      }, {
        "lat" : 40.7390333073,
        "lon" : -74.000778352,
        "time" : "20151026T205554-0400"
      }, {
        "lat" : 40.7391588981,
        "lon" : -74.0010610964,
        "time" : "20151026T205610-0400"
      }, {
        "lat" : 40.7393370187,
        "lon" : -74.0014701266,
        "time" : "20151026T205630-0400"
      }, {
        "lat" : 40.7395515277,
        "lon" : -74.0019577677,
        "time" : "20151026T205657-0400"
      }, {
        "lat" : 40.7396444137,
        "lon" : -74.0021608788,
        "time" : "20151026T205717-0400"
      }, {
        "lat" : 40.7397392674,
        "lon" : -74.0022733265,
        "time" : "20151026T205737-0400"
      }, {
        "lat" : 40.7398756632,
        "lon" : -74.0022859806,
        "time" : "20151026T205757-0400"
      }, {
        "lat" : 40.7401737187,
        "lon" : -74.0022047129,
        "time" : "20151026T205817-0400"
      }, {
        "lat" : 40.7403748521,
        "lon" : -74.0021580273,
        "time" : "20151026T205837-0400"
      }, {
        "lat" : 40.7405355506,
        "lon" : -74.0022371578,
        "time" : "20151026T205857-0400"
      }, {
        "lat" : 40.7405649863,
        "lon" : -74.0021580287,
        "time" : "20151026T205916-0400"
      }, {
        "lat" : 40.7407103367,
        "lon" : -74.0020411505,
        "time" : "20151026T205932-0400"
      }, {
        "lat" : 40.7407887528,
        "lon" : -74.0019410177,
        "time" : "20151026T205957-0400"
      }, {
        "lat" : 40.7407965494,
        "lon" : -74.001932775,
        "time" : "20151026T205959-0400"
      }, {
        "lat" : 40.7407965809,
        "lon" : -74.0019327418,
        "time" : "20151026T210000-0400"
      }, {
        "lat" : 40.7408534365,
        "lon" : -74.0018726333,
        "time" : "20151026T210018-0400"
      }, {
        "lat" : 40.7409609927,
        "lon" : -74.0018698181,
        "time" : "20151026T210038-0400"
      }, {
        "lat" : 40.7411370198,
        "lon" : -74.0019067065,
        "time" : "20151026T210100-0400"
      }, {
        "lat" : 40.7411754626,
        "lon" : -74.0019272838,
        "time" : "20151026T210115-0400"
      }, {
        "lat" : 40.7411829616,
        "lon" : -74.0019327475,
        "time" : "20151026T210132-0400"
      }, {
        "lat" : 40.7412186206,
        "lon" : -74.0014792254,
        "time" : "20151026T210231-0400"
      } ]
    } ],
    "lastUpdate" : "20151027T162359Z"
  }, {
    "type" : "place",
    "startTime" : "20151026T210232-0400",
    "endTime" : "20151027T010110-0400",
    "place" : {
      "id" : 230084909,
      "name" : "Cornell Tech",
      "type" : "foursquare",
      "foursquareId" : "4fdf4038e4b044d93c4fae68",
      "foursquareCategoryIds" : [ "4bf58dd8d48988d1ae941735" ],
      "location" : {
        "lat" : 40.74090046467149,
        "lon" : -74.00221109390259
      }
    },
    "activities" : [ {
      "activity" : "walking",
      "group" : "walking",
      "manual" : false,
      "startTime" : "20151026T210232-0400",
      "endTime" : "20151026T210405-0400",
      "duration" : 93.0,
      "distance" : 67.0,
      "steps" : 133,
      "trackPoints" : [ ]
    }, {
      "activity" : "walking",
      "group" : "walking",
      "manual" : false,
      "startTime" : "20151026T231846-0400",
      "endTime" : "20151026T231916-0400",
      "duration" : 30.0,
      "distance" : 15.0,
      "steps" : 30,
      "trackPoints" : [ ]
    } ],
    "lastUpdate" : "20151029T193822Z"
  } ],
  "lastUpdate" : "20151029T193822Z"
} ]