[ {
  "date" : "20151023",
  "summary" : [ {
    "activity" : "walking",
    "group" : "walking",
    "duration" : 6334.0,
    "distance" : 5716.0,
    "steps" : 8999
  }, {
    "activity" : "train",
    "group" : "transport",
    "duration" : 210.0,
    "distance" : 1199.0
  } ],
  "segments" : [ {
    "type" : "place",
    "startTime" : "20151023T104535-0400",
    "endTime" : "20151023T135155-0400",
    "place" : {
      "id" : 230084909,
      "name" : "Cornell Tech",
      "type" : "foursquare",
      "foursquareId" : "4fdf4038e4b044d93c4fae68",
      "foursquareCategoryIds" : [ "4bf58dd8d48988d1ae941735" ],
      "location" : {
        "lat" : 40.74090046467149,
        "lon" : -74.00221109390259
      }
    },
    "activities" : [ {
      "activity" : "walking",
      "group" : "walking",
      "manual" : false,
      "startTime" : "20151023T104603-0400",
      "endTime" : "20151023T104648-0400",
      "duration" : 45.0,
      "distance" : 28.0,
      "steps" : 56,
      "trackPoints" : [ ]
    }, {
      "activity" : "walking",
      "group" : "walking",
      "manual" : false,
      "startTime" : "20151023T113108-0400",
      "endTime" : "20151023T113241-0400",
      "duration" : 93.0,
      "distance" : 65.0,
      "steps" : 129,
      "trackPoints" : [ ]
    } ],
    "lastUpdate" : "20151029T193822Z"
  }, {
    "type" : "move",
    "startTime" : "20151023T135155-0400",
    "endTime" : "20151023T140054-0400",
    "activities" : [ {
      "activity" : "walking",
      "group" : "walking",
      "manual" : false,
      "startTime" : "20151023T135155-0400",
      "endTime" : "20151023T140054-0400",
      "duration" : 539.0,
      "distance" : 557.0,
      "steps" : 746,
      "trackPoints" : [ {
        "lat" : 40.7409004647,
        "lon" : -74.0022110939,
        "time" : "20151023T135155-0400"
      }, {
        "lat" : 40.7410326092,
        "lon" : -74.0020630215,
        "time" : "20151023T135214-0400"
      }, {
        "lat" : 40.7408512378,
        "lon" : -74.0023512401,
        "time" : "20151023T135254-0400"
      }, {
        "lat" : 40.7409217028,
        "lon" : -74.0025778635,
        "time" : "20151023T135314-0400"
      }, {
        "lat" : 40.7411229083,
        "lon" : -74.0026822019,
        "time" : "20151023T135332-0400"
      }, {
        "lat" : 40.7414504195,
        "lon" : -74.0031863677,
        "time" : "20151023T135408-0400"
      }, {
        "lat" : 40.7415313708,
        "lon" : -74.0034992449,
        "time" : "20151023T135427-0400"
      }, {
        "lat" : 40.7416008351,
        "lon" : -74.003747951,
        "time" : "20151023T135450-0400"
      }, {
        "lat" : 40.7416489019,
        "lon" : -74.0038319969,
        "time" : "20151023T135506-0400"
      }, {
        "lat" : 40.7417454354,
        "lon" : -74.0038999986,
        "time" : "20151023T135526-0400"
      }, {
        "lat" : 40.7418657476,
        "lon" : -74.0040283259,
        "time" : "20151023T135544-0400"
      }, {
        "lat" : 40.7419011842,
        "lon" : -74.0042249483,
        "time" : "20151023T135601-0400"
      }, {
        "lat" : 40.7419548217,
        "lon" : -74.0042962045,
        "time" : "20151023T135623-0400"
      }, {
        "lat" : 40.7420540864,
        "lon" : -74.0043053504,
        "time" : "20151023T135652-0400"
      }, {
        "lat" : 40.7421489813,
        "lon" : -74.0043182233,
        "time" : "20151023T135722-0400"
      }, {
        "lat" : 40.7423608167,
        "lon" : -74.004354662,
        "time" : "20151023T135743-0400"
      }, {
        "lat" : 40.7423340595,
        "lon" : -74.0043085145,
        "time" : "20151023T135806-0400"
      }, {
        "lat" : 40.7422400459,
        "lon" : -74.0042523617,
        "time" : "20151023T135826-0400"
      }, {
        "lat" : 40.7420287524,
        "lon" : -74.0045089597,
        "time" : "20151023T135843-0400"
      }, {
        "lat" : 40.7418905969,
        "lon" : -74.0047074342,
        "time" : "20151023T135904-0400"
      }, {
        "lat" : 40.7418558215,
        "lon" : -74.0048349171,
        "time" : "20151023T135921-0400"
      }, {
        "lat" : 40.741907456,
        "lon" : -74.0050156238,
        "time" : "20151023T135939-0400"
      }, {
        "lat" : 40.7419999238,
        "lon" : -74.0054562037,
        "time" : "20151023T135958-0400"
      }, {
        "lat" : 40.7420122499,
        "lon" : -74.005495622,
        "time" : "20151023T135959-0400"
      }, {
        "lat" : 40.7420123205,
        "lon" : -74.0054958479,
        "time" : "20151023T140000-0400"
      }, {
        "lat" : 40.7421298906,
        "lon" : -74.0058718316,
        "time" : "20151023T140016-0400"
      }, {
        "lat" : 40.7419537136,
        "lon" : -74.0051819715,
        "time" : "20151023T140054-0400"
      } ]
    } ],
    "lastUpdate" : "20151023T183315Z"
  }, {
    "type" : "place",
    "startTime" : "20151023T140054-0400",
    "endTime" : "20151023T142619-0400",
    "place" : {
      "id" : 230153948,
      "name" : "Chelsea Market",
      "type" : "foursquare",
      "foursquareId" : "41390580f964a520dc1a1fe3",
      "foursquareCategoryIds" : [ "50be8ee891d4fa8dcc7199a7" ],
      "location" : {
        "lat" : 40.74224172008897,
        "lon" : -74.00545120239258
      }
    },
    "activities" : [ {
      "activity" : "walking",
      "group" : "walking",
      "manual" : false,
      "startTime" : "20151023T141720-0400",
      "endTime" : "20151023T141820-0400",
      "duration" : 60.0,
      "distance" : 45.0,
      "steps" : 90,
      "trackPoints" : [ ]
    } ],
    "lastUpdate" : "20151029T193554Z"
  }, {
    "type" : "move",
    "startTime" : "20151023T142619-0400",
    "endTime" : "20151023T143402-0400",
    "activities" : [ {
      "activity" : "walking",
      "group" : "walking",
      "manual" : false,
      "startTime" : "20151023T142619-0400",
      "endTime" : "20151023T143402-0400",
      "duration" : 463.0,
      "distance" : 426.0,
      "steps" : 689,
      "trackPoints" : [ {
        "lat" : 40.7422417201,
        "lon" : -74.0054512024,
        "time" : "20151023T142619-0400"
      }, {
        "lat" : 40.7418683169,
        "lon" : -74.0047459527,
        "time" : "20151023T142639-0400"
      }, {
        "lat" : 40.7418499375,
        "lon" : -74.0047007401,
        "time" : "20151023T142659-0400"
      }, {
        "lat" : 40.7419196604,
        "lon" : -74.0044985147,
        "time" : "20151023T142721-0400"
      }, {
        "lat" : 40.7420291646,
        "lon" : -74.0041888341,
        "time" : "20151023T142740-0400"
      }, {
        "lat" : 40.7420824154,
        "lon" : -74.0041828821,
        "time" : "20151023T142803-0400"
      }, {
        "lat" : 40.7420341833,
        "lon" : -74.0043053989,
        "time" : "20151023T142819-0400"
      }, {
        "lat" : 40.7420077016,
        "lon" : -74.0043900449,
        "time" : "20151023T142837-0400"
      }, {
        "lat" : 40.7420229831,
        "lon" : -74.0043716653,
        "time" : "20151023T142853-0400"
      }, {
        "lat" : 40.74201765,
        "lon" : -74.004340487,
        "time" : "20151023T142909-0400"
      }, {
        "lat" : 40.7419120934,
        "lon" : -74.0042203894,
        "time" : "20151023T142940-0400"
      }, {
        "lat" : 40.7418221562,
        "lon" : -74.0041025642,
        "time" : "20151023T143004-0400"
      }, {
        "lat" : 40.7416926385,
        "lon" : -74.0038809345,
        "time" : "20151023T143038-0400"
      }, {
        "lat" : 40.7416250974,
        "lon" : -74.0037557781,
        "time" : "20151023T143059-0400"
      }, {
        "lat" : 40.7415365582,
        "lon" : -74.0034829242,
        "time" : "20151023T143120-0400"
      }, {
        "lat" : 40.7414665201,
        "lon" : -74.0031530019,
        "time" : "20151023T143142-0400"
      }, {
        "lat" : 40.7413778732,
        "lon" : -74.0027268392,
        "time" : "20151023T143202-0400"
      }, {
        "lat" : 40.7412902192,
        "lon" : -74.0025181869,
        "time" : "20151023T143224-0400"
      }, {
        "lat" : 40.7413239561,
        "lon" : -74.0022806531,
        "time" : "20151023T143245-0400"
      }, {
        "lat" : 40.7412672618,
        "lon" : -74.0020788621,
        "time" : "20151023T143308-0400"
      }, {
        "lat" : 40.7412628237,
        "lon" : -74.002033673,
        "time" : "20151023T143338-0400"
      }, {
        "lat" : 40.7409004647,
        "lon" : -74.0022110939,
        "time" : "20151023T143402-0400"
      } ]
    } ],
    "lastUpdate" : "20151023T201939Z"
  }, {
    "type" : "place",
    "startTime" : "20151023T143402-0400",
    "endTime" : "20151023T182658-0400",
    "place" : {
      "id" : 230084909,
      "name" : "Cornell Tech",
      "type" : "foursquare",
      "foursquareId" : "4fdf4038e4b044d93c4fae68",
      "foursquareCategoryIds" : [ "4bf58dd8d48988d1ae941735" ],
      "location" : {
        "lat" : 40.74090046467149,
        "lon" : -74.00221109390259
      }
    },
    "activities" : [ {
      "activity" : "walking",
      "group" : "walking",
      "manual" : false,
      "startTime" : "20151023T155723-0400",
      "endTime" : "20151023T155753-0400",
      "duration" : 30.0,
      "distance" : 35.0,
      "steps" : 70,
      "trackPoints" : [ ]
    }, {
      "activity" : "walking",
      "group" : "walking",
      "manual" : false,
      "startTime" : "20151023T171420-0400",
      "endTime" : "20151023T171850-0400",
      "duration" : 270.0,
      "distance" : 249.0,
      "steps" : 332,
      "trackPoints" : [ ]
    }, {
      "activity" : "walking",
      "group" : "walking",
      "manual" : false,
      "startTime" : "20151023T180036-0400",
      "endTime" : "20151023T180205-0400",
      "duration" : 89.0,
      "distance" : 60.0,
      "steps" : 120,
      "trackPoints" : [ ]
    } ],
    "lastUpdate" : "20151029T193822Z"
  }, {
    "type" : "move",
    "startTime" : "20151023T182658-0400",
    "endTime" : "20151023T184802-0400",
    "activities" : [ {
      "activity" : "walking",
      "group" : "walking",
      "manual" : false,
      "startTime" : "20151023T182658-0400",
      "endTime" : "20151023T183430-0400",
      "duration" : 452.0,
      "distance" : 308.0,
      "steps" : 616,
      "trackPoints" : [ {
        "lat" : 40.7409004647,
        "lon" : -74.0022110939,
        "time" : "20151023T182658-0400"
      }, {
        "lat" : 40.740998167,
        "lon" : -74.0018594989,
        "time" : "20151023T182714-0400"
      }, {
        "lat" : 40.7410567094,
        "lon" : -74.0018782657,
        "time" : "20151023T182735-0400"
      }, {
        "lat" : 40.7410447955,
        "lon" : -74.0018672473,
        "time" : "20151023T182751-0400"
      }, {
        "lat" : 40.7410122484,
        "lon" : -74.0018434608,
        "time" : "20151023T182809-0400"
      }, {
        "lat" : 40.7409974365,
        "lon" : -74.0018459379,
        "time" : "20151023T182829-0400"
      }, {
        "lat" : 40.7409626174,
        "lon" : -74.0018037961,
        "time" : "20151023T182849-0400"
      }, {
        "lat" : 40.740947139,
        "lon" : -74.0017840113,
        "time" : "20151023T182911-0400"
      }, {
        "lat" : 40.7408886213,
        "lon" : -74.0018327488,
        "time" : "20151023T182931-0400"
      }, {
        "lat" : 40.7406399434,
        "lon" : -74.0020337193,
        "time" : "20151023T183009-0400"
      }, {
        "lat" : 40.7405172547,
        "lon" : -74.0021342725,
        "time" : "20151023T183028-0400"
      }, {
        "lat" : 40.7404674136,
        "lon" : -74.002170199,
        "time" : "20151023T183049-0400"
      }, {
        "lat" : 40.7404190303,
        "lon" : -74.002209868,
        "time" : "20151023T183117-0400"
      }, {
        "lat" : 40.7403925745,
        "lon" : -74.0022309542,
        "time" : "20151023T183136-0400"
      }, {
        "lat" : 40.7403457019,
        "lon" : -74.0022623152,
        "time" : "20151023T183156-0400"
      }, {
        "lat" : 40.7401313866,
        "lon" : -74.0024007316,
        "time" : "20151023T183221-0400"
      }, {
        "lat" : 40.739873599,
        "lon" : -74.0025104464,
        "time" : "20151023T183248-0400"
      }, {
        "lat" : 40.7397722464,
        "lon" : -74.0023856032,
        "time" : "20151023T183307-0400"
      }, {
        "lat" : 40.7395035186,
        "lon" : -74.0018012331,
        "time" : "20151023T183430-0400"
      } ]
    }, {
      "activity" : "train",
      "group" : "transport",
      "manual" : false,
      "startTime" : "20151023T183430-0400",
      "endTime" : "20151023T183800-0400",
      "duration" : 210.0,
      "distance" : 1199.0,
      "trackPoints" : [ {
        "lat" : 40.7395035186,
        "lon" : -74.0018012331,
        "time" : "20151023T183430-0400"
      }, {
        "lat" : 40.7349102224,
        "lon" : -73.991014736,
        "time" : "20151023T183800-0400"
      } ]
    }, {
      "activity" : "walking",
      "group" : "walking",
      "manual" : false,
      "startTime" : "20151023T183800-0400",
      "endTime" : "20151023T184802-0400",
      "duration" : 602.0,
      "distance" : 546.0,
      "steps" : 858,
      "trackPoints" : [ {
        "lat" : 40.7349102224,
        "lon" : -73.991014736,
        "time" : "20151023T183800-0400"
      }, {
        "lat" : 40.7346427375,
        "lon" : -73.9903865978,
        "time" : "20151023T183932-0400"
      }, {
        "lat" : 40.7345479279,
        "lon" : -73.9902229031,
        "time" : "20151023T183951-0400"
      }, {
        "lat" : 40.7343707977,
        "lon" : -73.990007021,
        "time" : "20151023T184011-0400"
      }, {
        "lat" : 40.7341196833,
        "lon" : -73.9899178881,
        "time" : "20151023T184031-0400"
      }, {
        "lat" : 40.7338449822,
        "lon" : -73.9899148128,
        "time" : "20151023T184104-0400"
      }, {
        "lat" : 40.7337969983,
        "lon" : -73.9899681424,
        "time" : "20151023T184124-0400"
      }, {
        "lat" : 40.7337385532,
        "lon" : -73.9901385065,
        "time" : "20151023T184142-0400"
      }, {
        "lat" : 40.7335441496,
        "lon" : -73.990212777,
        "time" : "20151023T184202-0400"
      }, {
        "lat" : 40.7334669571,
        "lon" : -73.9901429677,
        "time" : "20151023T184223-0400"
      }, {
        "lat" : 40.7332491774,
        "lon" : -73.9900458968,
        "time" : "20151023T184240-0400"
      }, {
        "lat" : 40.7329809176,
        "lon" : -73.9901159486,
        "time" : "20151023T184313-0400"
      }, {
        "lat" : 40.7329641891,
        "lon" : -73.9903255151,
        "time" : "20151023T184339-0400"
      }, {
        "lat" : 40.7328918171,
        "lon" : -73.9902410051,
        "time" : "20151023T184359-0400"
      }, {
        "lat" : 40.7327120269,
        "lon" : -73.9900793326,
        "time" : "20151023T184419-0400"
      }, {
        "lat" : 40.7324588603,
        "lon" : -73.990063194,
        "time" : "20151023T184439-0400"
      }, {
        "lat" : 40.7320465941,
        "lon" : -73.9901333589,
        "time" : "20151023T184505-0400"
      }, {
        "lat" : 40.7317598444,
        "lon" : -73.9901674272,
        "time" : "20151023T184526-0400"
      }, {
        "lat" : 40.7315919989,
        "lon" : -73.9900771308,
        "time" : "20151023T184545-0400"
      }, {
        "lat" : 40.7315987425,
        "lon" : -73.9901097279,
        "time" : "20151023T184602-0400"
      }, {
        "lat" : 40.7316710105,
        "lon" : -73.9899839215,
        "time" : "20151023T184623-0400"
      }, {
        "lat" : 40.7317194321,
        "lon" : -73.9896648965,
        "time" : "20151023T184641-0400"
      }, {
        "lat" : 40.7317284215,
        "lon" : -73.9895551938,
        "time" : "20151023T184702-0400"
      }, {
        "lat" : 40.7317202641,
        "lon" : -73.9895160727,
        "time" : "20151023T184729-0400"
      }, {
        "lat" : 40.7317618426,
        "lon" : -73.9896429067,
        "time" : "20151023T184802-0400"
      } ]
    } ],
    "lastUpdate" : "20151024T223208Z"
  }, {
    "type" : "place",
    "startTime" : "20151023T184802-0400",
    "endTime" : "20151023T193159-0400",
    "place" : {
      "id" : 230455069,
      "name" : "Amsterdam Billiards & Bar",
      "type" : "foursquare",
      "foursquareId" : "4a91a619f964a520271b20e3",
      "foursquareCategoryIds" : [ "4bf58dd8d48988d1e3931735" ],
      "location" : {
        "lat" : 40.731823,
        "lon" : -73.9898
      }
    },
    "activities" : [ {
      "activity" : "walking",
      "group" : "walking",
      "manual" : false,
      "startTime" : "20151023T185101-0400",
      "endTime" : "20151023T185201-0400",
      "duration" : 60.0,
      "distance" : 35.0,
      "steps" : 70,
      "trackPoints" : [ ]
    }, {
      "activity" : "walking",
      "group" : "walking",
      "manual" : false,
      "startTime" : "20151023T191602-0400",
      "endTime" : "20151023T191732-0400",
      "duration" : 90.0,
      "distance" : 60.0,
      "steps" : 121,
      "trackPoints" : [ ]
    } ],
    "lastUpdate" : "20151024T152718Z"
  }, {
    "type" : "move",
    "startTime" : "20151023T193159-0400",
    "endTime" : "20151023T193754-0400",
    "activities" : [ {
      "activity" : "walking",
      "group" : "walking",
      "manual" : false,
      "startTime" : "20151023T193159-0400",
      "endTime" : "20151023T193754-0400",
      "duration" : 355.0,
      "distance" : 377.0,
      "steps" : 347,
      "trackPoints" : [ {
        "lat" : 40.7317618426,
        "lon" : -73.9896429067,
        "time" : "20151023T193159-0400"
      }, {
        "lat" : 40.732093703,
        "lon" : -73.9900765384,
        "time" : "20151023T193218-0400"
      }, {
        "lat" : 40.7322470727,
        "lon" : -73.9902517172,
        "time" : "20151023T193238-0400"
      }, {
        "lat" : 40.7322743986,
        "lon" : -73.9901234973,
        "time" : "20151023T193259-0400"
      }, {
        "lat" : 40.7325385343,
        "lon" : -73.9902344954,
        "time" : "20151023T193318-0400"
      }, {
        "lat" : 40.7328256051,
        "lon" : -73.9901136284,
        "time" : "20151023T193339-0400"
      }, {
        "lat" : 40.7330291808,
        "lon" : -73.9900370605,
        "time" : "20151023T193359-0400"
      }, {
        "lat" : 40.7332578887,
        "lon" : -73.9899766417,
        "time" : "20151023T193426-0400"
      }, {
        "lat" : 40.7334805494,
        "lon" : -73.9899277942,
        "time" : "20151023T193445-0400"
      }, {
        "lat" : 40.7336685382,
        "lon" : -73.9899081564,
        "time" : "20151023T193505-0400"
      }, {
        "lat" : 40.7338516831,
        "lon" : -73.9898947753,
        "time" : "20151023T193533-0400"
      }, {
        "lat" : 40.7339709245,
        "lon" : -73.9898816441,
        "time" : "20151023T193551-0400"
      }, {
        "lat" : 40.7343010095,
        "lon" : -73.9898701426,
        "time" : "20151023T193616-0400"
      }, {
        "lat" : 40.7343806576,
        "lon" : -73.9899176071,
        "time" : "20151023T193633-0400"
      }, {
        "lat" : 40.7342884073,
        "lon" : -73.9899072694,
        "time" : "20151023T193652-0400"
      }, {
        "lat" : 40.73430001,
        "lon" : -73.9898923373,
        "time" : "20151023T193709-0400"
      }, {
        "lat" : 40.7343544501,
        "lon" : -73.9898807088,
        "time" : "20151023T193727-0400"
      }, {
        "lat" : 40.7345435247,
        "lon" : -73.9901821041,
        "time" : "20151023T193754-0400"
      } ]
    } ],
    "lastUpdate" : "20151024T152623Z"
  }, {
    "type" : "place",
    "startTime" : "20151023T193754-0400",
    "endTime" : "20151023T201845-0400",
    "place" : {
      "id" : 230455084,
      "name" : "Best Buy",
      "type" : "foursquare",
      "foursquareId" : "4afd738bf964a520e92722e3",
      "foursquareCategoryIds" : [ "4bf58dd8d48988d122951735" ],
      "location" : {
        "lat" : 40.734269,
        "lon" : -73.990084
      }
    },
    "activities" : [ {
      "activity" : "walking",
      "group" : "walking",
      "manual" : false,
      "startTime" : "20151023T193754-0400",
      "endTime" : "20151023T193901-0400",
      "duration" : 67.0,
      "distance" : 61.0,
      "steps" : 122,
      "trackPoints" : [ ]
    }, {
      "activity" : "walking",
      "group" : "walking",
      "manual" : false,
      "startTime" : "20151023T200310-0400",
      "endTime" : "20151023T200705-0400",
      "duration" : 235.0,
      "distance" : 210.0,
      "steps" : 280,
      "trackPoints" : [ ]
    } ],
    "lastUpdate" : "20151024T152739Z"
  }, {
    "type" : "move",
    "startTime" : "20151023T201845-0400",
    "endTime" : "20151023T202452-0400",
    "activities" : [ {
      "activity" : "walking",
      "group" : "walking",
      "manual" : false,
      "startTime" : "20151023T201845-0400",
      "endTime" : "20151023T202452-0400",
      "duration" : 367.0,
      "distance" : 338.0,
      "steps" : 475,
      "trackPoints" : [ {
        "lat" : 40.7345435247,
        "lon" : -73.9901821041,
        "time" : "20151023T201845-0400"
      }, {
        "lat" : 40.7346364398,
        "lon" : -73.9903139853,
        "time" : "20151023T201902-0400"
      }, {
        "lat" : 40.734620926,
        "lon" : -73.99028098,
        "time" : "20151023T201924-0400"
      }, {
        "lat" : 40.734551828,
        "lon" : -73.9901309999,
        "time" : "20151023T201945-0400"
      }, {
        "lat" : 40.7345264585,
        "lon" : -73.9900506036,
        "time" : "20151023T202003-0400"
      }, {
        "lat" : 40.7346719907,
        "lon" : -73.9903555546,
        "time" : "20151023T202036-0400"
      }, {
        "lat" : 40.7348299748,
        "lon" : -73.9906661148,
        "time" : "20151023T202111-0400"
      }, {
        "lat" : 40.7349288739,
        "lon" : -73.9907691325,
        "time" : "20151023T202143-0400"
      }, {
        "lat" : 40.7351013261,
        "lon" : -73.9909644096,
        "time" : "20151023T202204-0400"
      }, {
        "lat" : 40.7351523524,
        "lon" : -73.9912437472,
        "time" : "20151023T202225-0400"
      }, {
        "lat" : 40.735217094,
        "lon" : -73.9917666562,
        "time" : "20151023T202248-0400"
      }, {
        "lat" : 40.7352772884,
        "lon" : -73.991685492,
        "time" : "20151023T202305-0400"
      }, {
        "lat" : 40.7353195897,
        "lon" : -73.9917593535,
        "time" : "20151023T202324-0400"
      }, {
        "lat" : 40.735395146,
        "lon" : -73.9920682169,
        "time" : "20151023T202351-0400"
      }, {
        "lat" : 40.7354488561,
        "lon" : -73.9921949512,
        "time" : "20151023T202411-0400"
      }, {
        "lat" : 40.7354565648,
        "lon" : -73.9921809591,
        "time" : "20151023T202431-0400"
      }, {
        "lat" : 40.7351909576,
        "lon" : -73.9915939447,
        "time" : "20151023T202452-0400"
      } ]
    } ],
    "lastUpdate" : "20151024T152627Z"
  }, {
    "type" : "place",
    "startTime" : "20151023T202452-0400",
    "endTime" : "20151023T215654-0400",
    "place" : {
      "id" : 230455145,
      "name" : "Burlington Coat Factory",
      "type" : "foursquare",
      "foursquareId" : "505a0a7ee4b0fbd8289d86fc",
      "foursquareCategoryIds" : [ "4bf58dd8d48988d103951735" ],
      "location" : {
        "lat" : 40.73522624860998,
        "lon" : -73.99116039276123
      }
    },
    "activities" : [ {
      "activity" : "walking",
      "group" : "walking",
      "manual" : false,
      "startTime" : "20151023T203820-0400",
      "endTime" : "20151023T203950-0400",
      "duration" : 90.0,
      "distance" : 50.0,
      "steps" : 100,
      "trackPoints" : [ ]
    }, {
      "activity" : "walking",
      "group" : "walking",
      "manual" : false,
      "startTime" : "20151023T210121-0400",
      "endTime" : "20151023T211328-0400",
      "duration" : 727.0,
      "distance" : 781.0,
      "steps" : 1042,
      "trackPoints" : [ ]
    } ],
    "lastUpdate" : "20151024T152938Z"
  }, {
    "type" : "move",
    "startTime" : "20151023T215654-0400",
    "endTime" : "20151023T220710-0400",
    "activities" : [ {
      "activity" : "walking",
      "group" : "walking",
      "manual" : false,
      "startTime" : "20151023T215654-0400",
      "endTime" : "20151023T220710-0400",
      "duration" : 616.0,
      "distance" : 563.0,
      "steps" : 890,
      "trackPoints" : [ {
        "lat" : 40.7351909576,
        "lon" : -73.9915939447,
        "time" : "20151023T215654-0400"
      }, {
        "lat" : 40.735122282,
        "lon" : -73.9915713927,
        "time" : "20151023T215710-0400"
      }, {
        "lat" : 40.7351346693,
        "lon" : -73.9915779115,
        "time" : "20151023T215727-0400"
      }, {
        "lat" : 40.7351232145,
        "lon" : -73.9915071716,
        "time" : "20151023T215746-0400"
      }, {
        "lat" : 40.7350822075,
        "lon" : -73.991399597,
        "time" : "20151023T215803-0400"
      }, {
        "lat" : 40.73505476,
        "lon" : -73.9913795928,
        "time" : "20151023T215819-0400"
      }, {
        "lat" : 40.7350743135,
        "lon" : -73.9913919728,
        "time" : "20151023T215842-0400"
      }, {
        "lat" : 40.7351211364,
        "lon" : -73.9914437173,
        "time" : "20151023T215906-0400"
      }, {
        "lat" : 40.7351805265,
        "lon" : -73.991537137,
        "time" : "20151023T215923-0400"
      }, {
        "lat" : 40.7352706511,
        "lon" : -73.9917047663,
        "time" : "20151023T215945-0400"
      }, {
        "lat" : 40.7353009998,
        "lon" : -73.9918148156,
        "time" : "20151023T215959-0400"
      }, {
        "lat" : 40.7353010206,
        "lon" : -73.991814891,
        "time" : "20151023T220000-0400"
      }, {
        "lat" : 40.7353119668,
        "lon" : -73.9918545834,
        "time" : "20151023T220005-0400"
      }, {
        "lat" : 40.7353913744,
        "lon" : -73.9920508067,
        "time" : "20151023T220024-0400"
      }, {
        "lat" : 40.7354807728,
        "lon" : -73.9922403258,
        "time" : "20151023T220045-0400"
      }, {
        "lat" : 40.7356059059,
        "lon" : -73.9925342819,
        "time" : "20151023T220105-0400"
      }, {
        "lat" : 40.7357496347,
        "lon" : -73.9928391543,
        "time" : "20151023T220124-0400"
      }, {
        "lat" : 40.7359095444,
        "lon" : -73.9931252902,
        "time" : "20151023T220145-0400"
      }, {
        "lat" : 40.7361833865,
        "lon" : -73.9931901914,
        "time" : "20151023T220201-0400"
      }, {
        "lat" : 40.7362129209,
        "lon" : -73.9933956541,
        "time" : "20151023T220217-0400"
      }, {
        "lat" : 40.7361337767,
        "lon" : -73.9935431253,
        "time" : "20151023T220233-0400"
      }, {
        "lat" : 40.7361475638,
        "lon" : -73.993656671,
        "time" : "20151023T220249-0400"
      }, {
        "lat" : 40.7361939846,
        "lon" : -73.9938876696,
        "time" : "20151023T220310-0400"
      }, {
        "lat" : 40.7363105521,
        "lon" : -73.9942024959,
        "time" : "20151023T220337-0400"
      }, {
        "lat" : 40.7364891386,
        "lon" : -73.9946074632,
        "time" : "20151023T220357-0400"
      }, {
        "lat" : 40.7366375429,
        "lon" : -73.9949594787,
        "time" : "20151023T220417-0400"
      }, {
        "lat" : 40.7368064382,
        "lon" : -73.9953945148,
        "time" : "20151023T220451-0400"
      }, {
        "lat" : 40.7368678689,
        "lon" : -73.9955953949,
        "time" : "20151023T220511-0400"
      }, {
        "lat" : 40.7368079821,
        "lon" : -73.9957672647,
        "time" : "20151023T220547-0400"
      }, {
        "lat" : 40.7368369781,
        "lon" : -73.9957455207,
        "time" : "20151023T220604-0400"
      }, {
        "lat" : 40.7367458075,
        "lon" : -73.9957764971,
        "time" : "20151023T220641-0400"
      }, {
        "lat" : 40.7367388892,
        "lon" : -73.9957469558,
        "time" : "20151023T220710-0400"
      } ]
    } ],
    "lastUpdate" : "20151024T152631Z"
  }, {
    "type" : "place",
    "startTime" : "20151023T220710-0400",
    "endTime" : "20151023T223900-0400",
    "place" : {
      "id" : 230455171,
      "name" : "Party City",
      "type" : "foursquare",
      "foursquareId" : "4a66352af964a52034c81fe3",
      "foursquareCategoryIds" : [ "4bf58dd8d48988d128951735" ],
      "location" : {
        "lat" : 40.73698341524972,
        "lon" : -73.99541917523608
      }
    },
    "activities" : [ {
      "activity" : "walking",
      "group" : "walking",
      "manual" : false,
      "startTime" : "20151023T221125-0400",
      "endTime" : "20151023T221255-0400",
      "duration" : 90.0,
      "distance" : 65.0,
      "steps" : 131,
      "trackPoints" : [ ]
    } ],
    "lastUpdate" : "20151024T152844Z"
  }, {
    "type" : "move",
    "startTime" : "20151023T223900-0400",
    "endTime" : "20151023T225404-0400",
    "activities" : [ {
      "activity" : "walking",
      "group" : "walking",
      "manual" : false,
      "startTime" : "20151023T223900-0400",
      "endTime" : "20151023T225404-0400",
      "duration" : 904.0,
      "distance" : 782.0,
      "steps" : 1564,
      "trackPoints" : [ {
        "lat" : 40.7367388892,
        "lon" : -73.9957469558,
        "time" : "20151023T223900-0400"
      }, {
        "lat" : 40.736937391,
        "lon" : -73.9957787802,
        "time" : "20151023T223917-0400"
      }, {
        "lat" : 40.7369496763,
        "lon" : -73.9958079903,
        "time" : "20151023T223933-0400"
      }, {
        "lat" : 40.7369589675,
        "lon" : -73.9958240849,
        "time" : "20151023T223949-0400"
      }, {
        "lat" : 40.7369547351,
        "lon" : -73.9957904363,
        "time" : "20151023T224012-0400"
      }, {
        "lat" : 40.7369268134,
        "lon" : -73.9956976011,
        "time" : "20151023T224033-0400"
      }, {
        "lat" : 40.7369656993,
        "lon" : -73.9958071227,
        "time" : "20151023T224053-0400"
      }, {
        "lat" : 40.7370967863,
        "lon" : -73.9961730329,
        "time" : "20151023T224121-0400"
      }, {
        "lat" : 40.7371879969,
        "lon" : -73.9964138977,
        "time" : "20151023T224141-0400"
      }, {
        "lat" : 40.7372379452,
        "lon" : -73.996581612,
        "time" : "20151023T224201-0400"
      }, {
        "lat" : 40.7372905163,
        "lon" : -73.9968024931,
        "time" : "20151023T224227-0400"
      }, {
        "lat" : 40.737327633,
        "lon" : -73.9969485472,
        "time" : "20151023T224247-0400"
      }, {
        "lat" : 40.7372198332,
        "lon" : -73.9970096177,
        "time" : "20151023T224306-0400"
      }, {
        "lat" : 40.7373124363,
        "lon" : -73.9969764913,
        "time" : "20151023T224323-0400"
      }, {
        "lat" : 40.7374766227,
        "lon" : -73.9968577153,
        "time" : "20151023T224343-0400"
      }, {
        "lat" : 40.7378100918,
        "lon" : -73.9966301252,
        "time" : "20151023T224404-0400"
      }, {
        "lat" : 40.7381040087,
        "lon" : -73.9966772641,
        "time" : "20151023T224425-0400"
      }, {
        "lat" : 40.7383691266,
        "lon" : -73.9971125704,
        "time" : "20151023T224453-0400"
      }, {
        "lat" : 40.7385217366,
        "lon" : -73.9974605095,
        "time" : "20151023T224514-0400"
      }, {
        "lat" : 40.7387208397,
        "lon" : -73.9979757931,
        "time" : "20151023T224542-0400"
      }, {
        "lat" : 40.7388774235,
        "lon" : -73.998402831,
        "time" : "20151023T224603-0400"
      }, {
        "lat" : 40.7389913192,
        "lon" : -73.9987678,
        "time" : "20151023T224624-0400"
      }, {
        "lat" : 40.7390684941,
        "lon" : -73.9990407582,
        "time" : "20151023T224644-0400"
      }, {
        "lat" : 40.7390917159,
        "lon" : -73.9991431798,
        "time" : "20151023T224703-0400"
      }, {
        "lat" : 40.7390134979,
        "lon" : -73.9991613454,
        "time" : "20151023T224730-0400"
      }, {
        "lat" : 40.7389741679,
        "lon" : -73.9992108039,
        "time" : "20151023T224757-0400"
      }, {
        "lat" : 40.7389381617,
        "lon" : -73.9992407984,
        "time" : "20151023T224816-0400"
      }, {
        "lat" : 40.7386576202,
        "lon" : -73.9992880941,
        "time" : "20151023T224859-0400"
      }, {
        "lat" : 40.7390143614,
        "lon" : -73.9992526888,
        "time" : "20151023T224955-0400"
      }, {
        "lat" : 40.7390570356,
        "lon" : -73.9992528097,
        "time" : "20151023T225022-0400"
      }, {
        "lat" : 40.7390676938,
        "lon" : -73.9992545287,
        "time" : "20151023T225042-0400"
      }, {
        "lat" : 40.7390717403,
        "lon" : -73.9992536165,
        "time" : "20151023T225057-0400"
      }, {
        "lat" : 40.7390705694,
        "lon" : -73.9992568881,
        "time" : "20151023T225118-0400"
      }, {
        "lat" : 40.7390779984,
        "lon" : -73.9992522674,
        "time" : "20151023T225137-0400"
      }, {
        "lat" : 40.7390688178,
        "lon" : -73.9992581994,
        "time" : "20151023T225156-0400"
      }, {
        "lat" : 40.7390286197,
        "lon" : -73.9992897853,
        "time" : "20151023T225215-0400"
      }, {
        "lat" : 40.7389137008,
        "lon" : -73.9993839958,
        "time" : "20151023T225235-0400"
      }, {
        "lat" : 40.7387797334,
        "lon" : -73.9994687265,
        "time" : "20151023T225255-0400"
      }, {
        "lat" : 40.738609745,
        "lon" : -73.9994334212,
        "time" : "20151023T225316-0400"
      }, {
        "lat" : 40.7383699388,
        "lon" : -73.9990457231,
        "time" : "20151023T225343-0400"
      }, {
        "lat" : 40.7382168972,
        "lon" : -73.9986316224,
        "time" : "20151023T225404-0400"
      } ]
    } ],
    "lastUpdate" : "20151024T152633Z"
  }, {
    "type" : "place",
    "startTime" : "20151023T225404-0400",
    "endTime" : "20151024T004058-0400",
    "place" : {
      "id" : 230455172,
      "name" : "Bunga's Den",
      "type" : "foursquare",
      "foursquareId" : "4af4f840f964a520c1f721e3",
      "foursquareCategoryIds" : [ "4bf58dd8d48988d116941735" ],
      "location" : {
        "lat" : 40.738143,
        "lon" : -73.998552
      }
    },
    "activities" : [ {
      "activity" : "walking",
      "group" : "walking",
      "manual" : false,
      "startTime" : "20151023T225534-0400",
      "endTime" : "20151023T225704-0400",
      "duration" : 90.0,
      "distance" : 75.0,
      "steps" : 151,
      "trackPoints" : [ ]
    } ],
    "lastUpdate" : "20151024T165931Z"
  } ],
  "lastUpdate" : "20151029T193822Z"
} ]