[ {
  "date" : "20151029",
  "summary" : [ {
    "activity" : "walking",
    "group" : "walking",
    "duration" : 3596.0,
    "distance" : 4085.0,
    "steps" : 6087
  } ],
  "segments" : [ {
    "type" : "place",
    "startTime" : "20151028T104016-0400",
    "endTime" : "20151029T002400-0400",
    "place" : {
      "id" : 230084909,
      "name" : "Cornell Tech",
      "type" : "foursquare",
      "foursquareId" : "4fdf4038e4b044d93c4fae68",
      "foursquareCategoryIds" : [ "4bf58dd8d48988d1ae941735" ],
      "location" : {
        "lat" : 40.74090046467149,
        "lon" : -74.00221109390259
      }
    },
    "activities" : [ {
      "activity" : "walking",
      "group" : "walking",
      "manual" : false,
      "startTime" : "20151029T001610-0400",
      "endTime" : "20151029T001710-0400",
      "duration" : 60.0,
      "distance" : 50.0,
      "steps" : 101,
      "trackPoints" : [ ]
    } ],
    "lastUpdate" : "20151029T193822Z"
  }, {
    "type" : "move",
    "startTime" : "20151029T002400-0400",
    "endTime" : "20151029T002919-0400",
    "activities" : [ {
      "activity" : "walking",
      "group" : "walking",
      "manual" : false,
      "startTime" : "20151029T002400-0400",
      "endTime" : "20151029T002918-0400",
      "duration" : 318.0,
      "distance" : 380.0,
      "steps" : 662,
      "trackPoints" : [ {
        "lat" : 40.7409004647,
        "lon" : -74.0022110939,
        "time" : "20151029T002400-0400"
      }, {
        "lat" : 40.7410253392,
        "lon" : -74.001872925,
        "time" : "20151029T002430-0400"
      }, {
        "lat" : 40.7409194427,
        "lon" : -74.0018807731,
        "time" : "20151029T002448-0400"
      }, {
        "lat" : 40.7406975822,
        "lon" : -74.0019231723,
        "time" : "20151029T002507-0400"
      }, {
        "lat" : 40.7405056892,
        "lon" : -74.0019538355,
        "time" : "20151029T002537-0400"
      }, {
        "lat" : 40.7404634357,
        "lon" : -74.0019099589,
        "time" : "20151029T002553-0400"
      }, {
        "lat" : 40.7402984835,
        "lon" : -74.0018168933,
        "time" : "20151029T002625-0400"
      }, {
        "lat" : 40.7401790586,
        "lon" : -74.0013618481,
        "time" : "20151029T002703-0400"
      }, {
        "lat" : 40.7400546696,
        "lon" : -74.0009579174,
        "time" : "20151029T002725-0400"
      }, {
        "lat" : 40.7399442727,
        "lon" : -74.0004827411,
        "time" : "20151029T002744-0400"
      }, {
        "lat" : 40.7398781914,
        "lon" : -74.0003777645,
        "time" : "20151029T002800-0400"
      }, {
        "lat" : 40.739662626,
        "lon" : -74.0000211392,
        "time" : "20151029T002825-0400"
      }, {
        "lat" : 40.7394215118,
        "lon" : -73.9996123419,
        "time" : "20151029T002844-0400"
      }, {
        "lat" : 40.7391834348,
        "lon" : -73.9999108065,
        "time" : "20151029T002919-0400"
      } ]
    } ],
    "lastUpdate" : "20151029T184025Z"
  }, {
    "type" : "place",
    "startTime" : "20151029T002919-0400",
    "endTime" : "20151029T003225-0400",
    "place" : {
      "id" : 230455257,
      "name" : "Home",
      "type" : "home",
      "location" : {
        "lat" : 40.7391834348,
        "lon" : -73.9999108065
      }
    },
    "lastUpdate" : "20151029T184025Z"
  }, {
    "type" : "move",
    "startTime" : "20151029T094154-0400",
    "endTime" : "20151029T094839-0400",
    "activities" : [ {
      "activity" : "walking",
      "group" : "walking",
      "manual" : false,
      "startTime" : "20151029T094154-0400",
      "endTime" : "20151029T094839-0400",
      "duration" : 405.0,
      "distance" : 453.0,
      "steps" : 657,
      "trackPoints" : [ {
        "lat" : 40.7387420131,
        "lon" : -73.9993376392,
        "time" : "20151029T094154-0400"
      }, {
        "lat" : 40.7386363073,
        "lon" : -73.9995022513,
        "time" : "20151029T094228-0400"
      }, {
        "lat" : 40.7384678825,
        "lon" : -73.9996774282,
        "time" : "20151029T094251-0400"
      }, {
        "lat" : 40.7382852953,
        "lon" : -73.9997991951,
        "time" : "20151029T094311-0400"
      }, {
        "lat" : 40.7378992569,
        "lon" : -73.9998540931,
        "time" : "20151029T094341-0400"
      }, {
        "lat" : 40.7376865578,
        "lon" : -73.9995586682,
        "time" : "20151029T094402-0400"
      }, {
        "lat" : 40.7374501115,
        "lon" : -73.9990861365,
        "time" : "20151029T094430-0400"
      }, {
        "lat" : 40.7373005506,
        "lon" : -73.9987622776,
        "time" : "20151029T094451-0400"
      }, {
        "lat" : 40.7370683134,
        "lon" : -73.9982857853,
        "time" : "20151029T094520-0400"
      }, {
        "lat" : 40.7368412769,
        "lon" : -73.9979038073,
        "time" : "20151029T094541-0400"
      }, {
        "lat" : 40.7365428302,
        "lon" : -73.9976204747,
        "time" : "20151029T094602-0400"
      }, {
        "lat" : 40.7365911567,
        "lon" : -73.9976135308,
        "time" : "20151029T094618-0400"
      }, {
        "lat" : 40.7364154179,
        "lon" : -73.9972796431,
        "time" : "20151029T094638-0400"
      }, {
        "lat" : 40.7364606707,
        "lon" : -73.9969874249,
        "time" : "20151029T094700-0400"
      }, {
        "lat" : 40.7364933326,
        "lon" : -73.9969088967,
        "time" : "20151029T094720-0400"
      }, {
        "lat" : 40.7365129518,
        "lon" : -73.99688841,
        "time" : "20151029T094740-0400"
      }, {
        "lat" : 40.7365738571,
        "lon" : -73.9968511183,
        "time" : "20151029T094818-0400"
      }, {
        "lat" : 40.73651,
        "lon" : -73.99691,
        "time" : "20151029T094839-0400"
      } ]
    } ],
    "lastUpdate" : "20151029T184025Z"
  }, {
    "type" : "place",
    "startTime" : "20151029T094839-0400",
    "endTime" : "20151029T095808-0400",
    "place" : {
      "id" : 231360124,
      "name" : "New York Doctors Walk-In Urgent Care",
      "type" : "foursquare",
      "foursquareId" : "4d3c518744f5a0930398cbbb",
      "foursquareCategoryIds" : [ "4bf58dd8d48988d177941735" ],
      "location" : {
        "lat" : 40.73651,
        "lon" : -73.99691
      }
    },
    "activities" : [ {
      "activity" : "walking",
      "group" : "walking",
      "manual" : false,
      "startTime" : "20151029T095529-0400",
      "endTime" : "20151029T095531-0400",
      "duration" : 2.0,
      "distance" : 3.0,
      "steps" : 6,
      "trackPoints" : [ ]
    } ],
    "lastUpdate" : "20151029T184025Z"
  }, {
    "type" : "move",
    "startTime" : "20151029T095808-0400",
    "endTime" : "20151029T101000-0400",
    "activities" : [ {
      "activity" : "walking",
      "group" : "walking",
      "manual" : false,
      "startTime" : "20151029T095808-0400",
      "endTime" : "20151029T101000-0400",
      "duration" : 712.0,
      "distance" : 957.0,
      "steps" : 1077,
      "trackPoints" : [ {
        "lat" : 40.73651,
        "lon" : -73.99691,
        "time" : "20151029T095808-0400"
      }, {
        "lat" : 40.7365513666,
        "lon" : -73.9976150376,
        "time" : "20151029T095908-0400"
      }, {
        "lat" : 40.7370178316,
        "lon" : -73.9971238618,
        "time" : "20151029T095926-0400"
      }, {
        "lat" : 40.7372569955,
        "lon" : -73.9968995827,
        "time" : "20151029T095942-0400"
      }, {
        "lat" : 40.7374005107,
        "lon" : -73.9967270503,
        "time" : "20151029T095958-0400"
      }, {
        "lat" : 40.7374161995,
        "lon" : -73.9967196584,
        "time" : "20151029T095959-0400"
      }, {
        "lat" : 40.7374163344,
        "lon" : -73.9967195949,
        "time" : "20151029T100000-0400"
      }, {
        "lat" : 40.737637907,
        "lon" : -73.9966152001,
        "time" : "20151029T100016-0400"
      }, {
        "lat" : 40.7379824368,
        "lon" : -73.9964759683,
        "time" : "20151029T100043-0400"
      }, {
        "lat" : 40.7381908043,
        "lon" : -73.9965259806,
        "time" : "20151029T100100-0400"
      }, {
        "lat" : 40.7382886311,
        "lon" : -73.9968553523,
        "time" : "20151029T100121-0400"
      }, {
        "lat" : 40.7384420348,
        "lon" : -73.9972070428,
        "time" : "20151029T100142-0400"
      }, {
        "lat" : 40.7386314725,
        "lon" : -73.9975679194,
        "time" : "20151029T100203-0400"
      }, {
        "lat" : 40.7388065509,
        "lon" : -73.9977333183,
        "time" : "20151029T100218-0400"
      }, {
        "lat" : 40.7389651211,
        "lon" : -73.9980910956,
        "time" : "20151029T100238-0400"
      }, {
        "lat" : 40.7390985312,
        "lon" : -73.9986118556,
        "time" : "20151029T100305-0400"
      }, {
        "lat" : 40.7391451088,
        "lon" : -73.9990998484,
        "time" : "20151029T100327-0400"
      }, {
        "lat" : 40.7392369672,
        "lon" : -73.9993609277,
        "time" : "20151029T100346-0400"
      }, {
        "lat" : 40.7393689784,
        "lon" : -73.9995974052,
        "time" : "20151029T100402-0400"
      }, {
        "lat" : 40.7395614912,
        "lon" : -73.9999626816,
        "time" : "20151029T100423-0400"
      }, {
        "lat" : 40.7397464817,
        "lon" : -74.0003631734,
        "time" : "20151029T100444-0400"
      }, {
        "lat" : 40.7398768342,
        "lon" : -74.0006569421,
        "time" : "20151029T100459-0400"
      }, {
        "lat" : 40.7400425708,
        "lon" : -74.0010484301,
        "time" : "20151029T100520-0400"
      }, {
        "lat" : 40.7401988423,
        "lon" : -74.0014248146,
        "time" : "20151029T100542-0400"
      }, {
        "lat" : 40.740378656,
        "lon" : -74.0018097093,
        "time" : "20151029T100603-0400"
      }, {
        "lat" : 40.7405922221,
        "lon" : -74.0021082456,
        "time" : "20151029T100622-0400"
      }, {
        "lat" : 40.7406814023,
        "lon" : -74.002074652,
        "time" : "20151029T100643-0400"
      }, {
        "lat" : 40.7406762815,
        "lon" : -74.001913932,
        "time" : "20151029T100703-0400"
      }, {
        "lat" : 40.7409053883,
        "lon" : -74.0018213961,
        "time" : "20151029T100724-0400"
      }, {
        "lat" : 40.7410592708,
        "lon" : -74.0018779182,
        "time" : "20151029T100750-0400"
      }, {
        "lat" : 40.7410790853,
        "lon" : -74.0018798546,
        "time" : "20151029T100810-0400"
      }, {
        "lat" : 40.7411096024,
        "lon" : -74.0018528043,
        "time" : "20151029T100832-0400"
      }, {
        "lat" : 40.7411364235,
        "lon" : -74.0018560753,
        "time" : "20151029T100908-0400"
      }, {
        "lat" : 40.7411693646,
        "lon" : -74.0018952944,
        "time" : "20151029T100930-0400"
      }, {
        "lat" : 40.7409004647,
        "lon" : -74.0022110939,
        "time" : "20151029T101000-0400"
      } ]
    } ],
    "lastUpdate" : "20151029T184025Z"
  }, {
    "type" : "place",
    "startTime" : "20151029T101000-0400",
    "endTime" : "20151029T113549-0400",
    "place" : {
      "id" : 230084909,
      "name" : "Cornell Tech",
      "type" : "foursquare",
      "foursquareId" : "4fdf4038e4b044d93c4fae68",
      "foursquareCategoryIds" : [ "4bf58dd8d48988d1ae941735" ],
      "location" : {
        "lat" : 40.74090046467149,
        "lon" : -74.00221109390259
      }
    },
    "activities" : [ {
      "activity" : "walking",
      "group" : "walking",
      "manual" : false,
      "startTime" : "20151029T101025-0400",
      "endTime" : "20151029T101125-0400",
      "duration" : 60.0,
      "distance" : 75.0,
      "steps" : 151,
      "trackPoints" : [ ]
    } ],
    "lastUpdate" : "20151029T193822Z"
  }, {
    "type" : "move",
    "startTime" : "20151029T113549-0400",
    "endTime" : "20151029T114634-0400",
    "activities" : [ {
      "activity" : "walking",
      "group" : "walking",
      "manual" : false,
      "startTime" : "20151029T113549-0400",
      "endTime" : "20151029T114633-0400",
      "duration" : 644.0,
      "distance" : 555.0,
      "steps" : 1110,
      "trackPoints" : [ {
        "lat" : 40.7409004647,
        "lon" : -74.0022110939,
        "time" : "20151029T113549-0400"
      }, {
        "lat" : 40.7413136298,
        "lon" : -74.0020930513,
        "time" : "20151029T113630-0400"
      }, {
        "lat" : 40.7413202197,
        "lon" : -74.0021248025,
        "time" : "20151029T113739-0400"
      }, {
        "lat" : 40.741318718,
        "lon" : -74.0021281232,
        "time" : "20151029T113815-0400"
      }, {
        "lat" : 40.7413165867,
        "lon" : -74.0021255019,
        "time" : "20151029T113855-0400"
      }, {
        "lat" : 40.7413136907,
        "lon" : -74.0021204589,
        "time" : "20151029T113919-0400"
      }, {
        "lat" : 40.7413094714,
        "lon" : -74.0021139953,
        "time" : "20151029T113938-0400"
      }, {
        "lat" : 40.741184878,
        "lon" : -74.0018654491,
        "time" : "20151029T114040-0400"
      }, {
        "lat" : 40.7412153655,
        "lon" : -74.0017707867,
        "time" : "20151029T114058-0400"
      }, {
        "lat" : 40.7412809234,
        "lon" : -74.0019304703,
        "time" : "20151029T114115-0400"
      }, {
        "lat" : 40.7415186089,
        "lon" : -74.0026911665,
        "time" : "20151029T114155-0400"
      }, {
        "lat" : 40.7416178703,
        "lon" : -74.0029773179,
        "time" : "20151029T114214-0400"
      }, {
        "lat" : 40.7417858929,
        "lon" : -74.003209385,
        "time" : "20151029T114233-0400"
      }, {
        "lat" : 40.7419958023,
        "lon" : -74.0038917887,
        "time" : "20151029T114312-0400"
      }, {
        "lat" : 40.7420855341,
        "lon" : -74.0041453289,
        "time" : "20151029T114331-0400"
      }, {
        "lat" : 40.7419541538,
        "lon" : -74.0045794496,
        "time" : "20151029T114409-0400"
      }, {
        "lat" : 40.7418889047,
        "lon" : -74.0048389617,
        "time" : "20151029T114429-0400"
      }, {
        "lat" : 40.7419856408,
        "lon" : -74.0052419177,
        "time" : "20151029T114457-0400"
      }, {
        "lat" : 40.7421996621,
        "lon" : -74.0059519167,
        "time" : "20151029T114525-0400"
      }, {
        "lat" : 40.7422895638,
        "lon" : -74.0061705142,
        "time" : "20151029T114545-0400"
      }, {
        "lat" : 40.7423406615,
        "lon" : -74.006277036,
        "time" : "20151029T114605-0400"
      }, {
        "lat" : 40.7422936111,
        "lon" : -74.0062100112,
        "time" : "20151029T114634-0400"
      } ]
    } ],
    "lastUpdate" : "20151029T184025Z"
  }, {
    "type" : "place",
    "startTime" : "20151029T114634-0400",
    "endTime" : "20151029T115027-0400",
    "place" : {
      "id" : 230153948,
      "name" : "Chelsea Market",
      "type" : "foursquare",
      "foursquareId" : "41390580f964a520dc1a1fe3",
      "foursquareCategoryIds" : [ "50be8ee891d4fa8dcc7199a7" ],
      "location" : {
        "lat" : 40.74224172008897,
        "lon" : -74.00545120239258
      }
    },
    "lastUpdate" : "20151029T193554Z"
  }, {
    "type" : "move",
    "startTime" : "20151029T115027-0400",
    "endTime" : "20151029T115738-0400",
    "activities" : [ {
      "activity" : "walking",
      "group" : "walking",
      "manual" : false,
      "startTime" : "20151029T115027-0400",
      "endTime" : "20151029T115738-0400",
      "duration" : 431.0,
      "distance" : 462.0,
      "steps" : 752,
      "trackPoints" : [ {
        "lat" : 40.7422936111,
        "lon" : -74.0062100112,
        "time" : "20151029T115027-0400"
      }, {
        "lat" : 40.7423096248,
        "lon" : -74.0062408972,
        "time" : "20151029T115047-0400"
      }, {
        "lat" : 40.7422059071,
        "lon" : -74.0060424983,
        "time" : "20151029T115106-0400"
      }, {
        "lat" : 40.7419463713,
        "lon" : -74.0052832035,
        "time" : "20151029T115139-0400"
      }, {
        "lat" : 40.7418311903,
        "lon" : -74.0050038237,
        "time" : "20151029T115159-0400"
      }, {
        "lat" : 40.7417955057,
        "lon" : -74.0048707923,
        "time" : "20151029T115220-0400"
      }, {
        "lat" : 40.7417132064,
        "lon" : -74.0047895018,
        "time" : "20151029T115254-0400"
      }, {
        "lat" : 40.7417212899,
        "lon" : -74.0047848316,
        "time" : "20151029T115314-0400"
      }, {
        "lat" : 40.7416792621,
        "lon" : -74.0048438539,
        "time" : "20151029T115332-0400"
      }, {
        "lat" : 40.7415784348,
        "lon" : -74.0047764588,
        "time" : "20151029T115356-0400"
      }, {
        "lat" : 40.7416166179,
        "lon" : -74.0047348271,
        "time" : "20151029T115413-0400"
      }, {
        "lat" : 40.74171542,
        "lon" : -74.0046903594,
        "time" : "20151029T115432-0400"
      }, {
        "lat" : 40.7418140556,
        "lon" : -74.0045841733,
        "time" : "20151029T115452-0400"
      }, {
        "lat" : 40.7418838365,
        "lon" : -74.0044064468,
        "time" : "20151029T115513-0400"
      }, {
        "lat" : 40.7418645313,
        "lon" : -74.0041005105,
        "time" : "20151029T115534-0400"
      }, {
        "lat" : 40.7416844952,
        "lon" : -74.0037490774,
        "time" : "20151029T115556-0400"
      }, {
        "lat" : 40.7415823681,
        "lon" : -74.003379403,
        "time" : "20151029T115617-0400"
      }, {
        "lat" : 40.7414591179,
        "lon" : -74.0029305522,
        "time" : "20151029T115639-0400"
      }, {
        "lat" : 40.7413328095,
        "lon" : -74.0024233918,
        "time" : "20151029T115716-0400"
      }, {
        "lat" : 40.7409004647,
        "lon" : -74.0022110939,
        "time" : "20151029T115738-0400"
      } ]
    } ],
    "lastUpdate" : "20151029T184025Z"
  }, {
    "type" : "place",
    "startTime" : "20151029T115738-0400",
    "endTime" : "20151029T155227-0400",
    "place" : {
      "id" : 230084909,
      "name" : "Cornell Tech",
      "type" : "foursquare",
      "foursquareId" : "4fdf4038e4b044d93c4fae68",
      "foursquareCategoryIds" : [ "4bf58dd8d48988d1ae941735" ],
      "location" : {
        "lat" : 40.74090046467149,
        "lon" : -74.00221109390259
      }
    },
    "activities" : [ {
      "activity" : "walking",
      "group" : "walking",
      "manual" : false,
      "startTime" : "20151029T123906-0400",
      "endTime" : "20151029T124006-0400",
      "duration" : 60.0,
      "distance" : 55.0,
      "steps" : 111,
      "trackPoints" : [ ]
    }, {
      "activity" : "walking",
      "group" : "walking",
      "manual" : false,
      "startTime" : "20151029T133236-0400",
      "endTime" : "20151029T133439-0400",
      "duration" : 123.0,
      "distance" : 186.0,
      "steps" : 248,
      "trackPoints" : [ ]
    }, {
      "activity" : "walking",
      "group" : "walking",
      "manual" : false,
      "startTime" : "20151029T141623-0400",
      "endTime" : "20151029T142023-0400",
      "duration" : 240.0,
      "distance" : 317.0,
      "steps" : 423,
      "trackPoints" : [ ]
    }, {
      "activity" : "walking",
      "group" : "walking",
      "manual" : false,
      "startTime" : "20151029T151915-0400",
      "endTime" : "20151029T152816-0400",
      "duration" : 541.0,
      "distance" : 592.0,
      "steps" : 789,
      "trackPoints" : [ ]
    } ],
    "lastUpdate" : "20151029T195230Z"
  } ],
  "lastUpdate" : "20151029T195230Z"
} ]