[ {
  "date" : "20151027",
  "segments" : [ {
    "type" : "place",
    "startTime" : "20151026T215633-0400",
    "endTime" : "20151027T085001-0400",
    "place" : {
      "id" : 276458640,
      "type" : "unknown",
      "location" : {
        "lat" : 40.7856121081,
        "lon" : -73.9720724825
      }
    },
    "lastUpdate" : "20151027T162344Z"
  }, {
    "type" : "place",
    "startTime" : "20151027T092344-0400",
    "endTime" : "20151027T122537-0400",
    "place" : {
      "id" : 276372414,
      "type" : "unknown",
      "location" : {
        "lat" : 40.7408375251,
        "lon" : -74.0021916154
      }
    },
    "lastUpdate" : "20151027T175413Z"
  }, {
    "type" : "place",
    "startTime" : "20151027T122537-0400",
    "endTime" : "20151027T155203-0400",
    "place" : {
      "id" : 278438928,
      "type" : "unknown",
      "location" : {
        "lat" : 40.7413918083,
        "lon" : -74.0015818586
      }
    },
    "lastUpdate" : "20151027T212906Z"
  }, {
    "type" : "place",
    "startTime" : "20151027T160338-0400",
    "endTime" : "20151027T182819-0400",
    "place" : {
      "id" : 276458640,
      "type" : "unknown",
      "location" : {
        "lat" : 40.7856121081,
        "lon" : -73.9720724825
      }
    },
    "lastUpdate" : "20151028T003206Z"
  }, {
    "type" : "place",
    "startTime" : "20151027T184638-0400",
    "endTime" : "20151027T214051-0400",
    "place" : {
      "id" : 278471196,
      "type" : "unknown",
      "location" : {
        "lat" : 40.7751302643,
        "lon" : -73.982203641
      }
    },
    "lastUpdate" : "20151028T033416Z"
  }, {
    "type" : "place",
    "startTime" : "20151027T215939-0400",
    "endTime" : "20151028T092940-0400",
    "place" : {
      "id" : 276926693,
      "type" : "unknown",
      "location" : {
        "lat" : 40.7859467023,
        "lon" : -73.9726016923
      }
    },
    "lastUpdate" : "20151028T142623Z"
  } ],
  "lastUpdate" : "20151028T142623Z"
} ]