[ {
  "date" : "20151028",
  "segments" : [ {
    "type" : "place",
    "startTime" : "20151027T215939-0400",
    "endTime" : "20151028T092940-0400",
    "place" : {
      "id" : 276926693,
      "type" : "unknown",
      "location" : {
        "lat" : 40.7859467023,
        "lon" : -73.9726016923
      }
    },
    "lastUpdate" : "20151028T142623Z"
  }, {
    "type" : "place",
    "startTime" : "20151028T095657-0400",
    "endTime" : "20151028T172624-0400",
    "place" : {
      "id" : 277153613,
      "type" : "unknown",
      "location" : {
        "lat" : 40.7413242041,
        "lon" : -74.0021969426
      }
    },
    "lastUpdate" : "20151029T040551Z"
  }, {
    "type" : "place",
    "startTime" : "20151028T173151-0400",
    "endTime" : "20151028T184154-0400",
    "place" : {
      "id" : 276618826,
      "type" : "unknown",
      "location" : {
        "lat" : 40.7411268971,
        "lon" : -74.001893874
      }
    },
    "lastUpdate" : "20151029T040551Z"
  }, {
    "type" : "place",
    "startTime" : "20151028T190148-0400",
    "endTime" : "20151028T200329-0400",
    "place" : {
      "id" : 278773854,
      "type" : "unknown",
      "location" : {
        "lat" : 40.7872933557,
        "lon" : -73.9733004783
      }
    },
    "lastUpdate" : "20151029T142143Z"
  }, {
    "type" : "place",
    "startTime" : "20151028T200547-0400",
    "endTime" : "20151028T205132-0400",
    "place" : {
      "id" : 276926693,
      "type" : "unknown",
      "location" : {
        "lat" : 40.7859467023,
        "lon" : -73.9726016923
      }
    },
    "lastUpdate" : "20151029T142143Z"
  }, {
    "type" : "place",
    "startTime" : "20151028T211111-0400",
    "endTime" : "20151028T221453-0400",
    "place" : {
      "id" : 278773855,
      "type" : "unknown",
      "location" : {
        "lat" : 40.8815752385,
        "lon" : -73.9709523672
      }
    },
    "lastUpdate" : "20151029T142143Z"
  }, {
    "type" : "place",
    "startTime" : "20151028T221653-0400",
    "endTime" : "20151028T223642-0400",
    "place" : {
      "id" : 278773861,
      "type" : "unknown",
      "location" : {
        "lat" : 40.881995164,
        "lon" : -73.9773726024
      }
    },
    "lastUpdate" : "20151029T142143Z"
  }, {
    "type" : "place",
    "startTime" : "20151028T224511-0400",
    "endTime" : "20151028T231128-0400",
    "place" : {
      "id" : 278773862,
      "type" : "unknown",
      "location" : {
        "lat" : 40.8960334556,
        "lon" : -73.9751701795
      }
    },
    "lastUpdate" : "20151029T142143Z"
  }, {
    "type" : "place",
    "startTime" : "20151028T235859-0400",
    "endTime" : "20151029T092211-0400",
    "place" : {
      "id" : 276458640,
      "type" : "unknown",
      "location" : {
        "lat" : 40.7856121081,
        "lon" : -73.9720724825
      }
    },
    "lastUpdate" : "20151029T142143Z"
  } ],
  "lastUpdate" : "20151029T142143Z"
} ]