[ {
  "date" : "20151025",
  "segments" : [ {
    "type" : "place",
    "startTime" : "20151024T214436-0400",
    "endTime" : "20151025T083635-0400",
    "place" : {
      "id" : 276458640,
      "type" : "unknown",
      "location" : {
        "lat" : 40.7856121081,
        "lon" : -73.9720724825
      }
    },
    "lastUpdate" : "20151025T131029Z"
  }, {
    "type" : "place",
    "startTime" : "20151025T084152-0400",
    "endTime" : "20151025T090759-0400",
    "place" : {
      "id" : 276517856,
      "type" : "unknown",
      "location" : {
        "lat" : 40.7869139082,
        "lon" : -73.9733281397
      }
    },
    "lastUpdate" : "20151025T144251Z"
  }, {
    "type" : "place",
    "startTime" : "20151025T091037-0400",
    "endTime" : "20151025T173610-0400",
    "place" : {
      "id" : 276458640,
      "type" : "unknown",
      "location" : {
        "lat" : 40.7856121081,
        "lon" : -73.9720724825
      }
    },
    "lastUpdate" : "20151025T222911Z"
  }, {
    "type" : "place",
    "startTime" : "20151025T174126-0400",
    "endTime" : "20151025T180916-0400",
    "place" : {
      "id" : 276517856,
      "type" : "unknown",
      "location" : {
        "lat" : 40.7869139082,
        "lon" : -73.9733281397
      }
    },
    "lastUpdate" : "20151025T222911Z"
  }, {
    "type" : "place",
    "startTime" : "20151025T181356-0400",
    "endTime" : "20151025T191936-0400",
    "place" : {
      "id" : 276458640,
      "type" : "unknown",
      "location" : {
        "lat" : 40.7856121081,
        "lon" : -73.9720724825
      }
    },
    "lastUpdate" : "20151026T013319Z"
  }, {
    "type" : "place",
    "startTime" : "20151025T192736-0400",
    "endTime" : "20151025T194611-0400",
    "place" : {
      "id" : 277973818,
      "type" : "unknown",
      "location" : {
        "lat" : 40.7932640788,
        "lon" : -73.9766380183
      }
    },
    "lastUpdate" : "20151026T013319Z"
  }, {
    "type" : "place",
    "startTime" : "20151025T195222-0400",
    "endTime" : "20151025T210505-0400",
    "place" : {
      "id" : 277973819,
      "type" : "unknown",
      "location" : {
        "lat" : 40.7961260047,
        "lon" : -73.9614610877
      }
    },
    "lastUpdate" : "20151026T103853Z"
  }, {
    "type" : "place",
    "startTime" : "20151025T212719-0400",
    "endTime" : "20151025T220247-0400",
    "place" : {
      "id" : 277973820,
      "type" : "unknown",
      "location" : {
        "lat" : 40.8548690093,
        "lon" : -73.9367390322
      }
    },
    "lastUpdate" : "20151026T121321Z"
  } ],
  "lastUpdate" : "20151026T121321Z"
} ]