[ {
  "date" : "20151024",
  "segments" : [ {
    "type" : "place",
    "startTime" : "20151024T190821-0400",
    "endTime" : "20151024T212257-0400",
    "place" : {
      "id" : 276458640,
      "type" : "unknown",
      "location" : {
        "lat" : 40.7856121081,
        "lon" : -73.9720724825
      }
    },
    "lastUpdate" : "20151025T021019Z"
  }, {
    "type" : "place",
    "startTime" : "20151024T212926-0400",
    "endTime" : "20151024T214004-0400",
    "place" : {
      "id" : 277654924,
      "type" : "unknown",
      "location" : {
        "lat" : 40.7872798189,
        "lon" : -73.9756668651
      }
    },
    "lastUpdate" : "20151025T021019Z"
  }, {
    "type" : "place",
    "startTime" : "20151024T214436-0400",
    "endTime" : "20151025T083635-0400",
    "place" : {
      "id" : 276458640,
      "type" : "unknown",
      "location" : {
        "lat" : 40.7856121081,
        "lon" : -73.9720724825
      }
    },
    "lastUpdate" : "20151025T131029Z"
  } ],
  "lastUpdate" : "20151025T131029Z"
} ]