[ {
  "date" : "20151026",
  "segments" : [ {
    "type" : "place",
    "startTime" : "20151026T063936-0400",
    "endTime" : "20151026T080903-0400",
    "place" : {
      "id" : 276458640,
      "type" : "unknown",
      "location" : {
        "lat" : 40.7856121081,
        "lon" : -73.9720724825
      }
    },
    "lastUpdate" : "20151026T134810Z"
  }, {
    "type" : "place",
    "startTime" : "20151026T081503-0400",
    "endTime" : "20151026T090004-0400",
    "place" : {
      "id" : 276964258,
      "type" : "unknown",
      "location" : {
        "lat" : 40.7866998268,
        "lon" : -73.9725818776
      }
    },
    "lastUpdate" : "20151026T134810Z"
  }, {
    "type" : "place",
    "startTime" : "20151026T090619-0400",
    "endTime" : "20151026T092008-0400",
    "place" : {
      "id" : 278090371,
      "type" : "unknown",
      "location" : {
        "lat" : 40.7881109874,
        "lon" : -73.9763585264
      }
    },
    "lastUpdate" : "20151026T134810Z"
  }, {
    "type" : "place",
    "startTime" : "20151026T093009-0400",
    "endTime" : "20151026T130126-0400",
    "place" : {
      "id" : 276372414,
      "type" : "unknown",
      "location" : {
        "lat" : 40.7408375251,
        "lon" : -74.0021916154
      }
    },
    "lastUpdate" : "20151026T183035Z"
  }, {
    "type" : "place",
    "startTime" : "20151026T130731-0400",
    "endTime" : "20151026T131648-0400",
    "place" : {
      "id" : 278162738,
      "type" : "unknown",
      "location" : {
        "lat" : 40.7406977641,
        "lon" : -74.005174092
      }
    },
    "lastUpdate" : "20151026T183035Z"
  }, {
    "type" : "place",
    "startTime" : "20151026T132330-0400",
    "endTime" : "20151026T162153-0400",
    "place" : {
      "id" : 277153613,
      "type" : "unknown",
      "location" : {
        "lat" : 40.7413242041,
        "lon" : -74.0021969426
      }
    },
    "lastUpdate" : "20151026T233036Z"
  }, {
    "type" : "place",
    "startTime" : "20151026T175957-0400",
    "endTime" : "20151026T183357-0400",
    "place" : {
      "id" : 277153613,
      "type" : "unknown",
      "location" : {
        "lat" : 40.7413242041,
        "lon" : -74.0021969426
      }
    },
    "lastUpdate" : "20151026T233036Z"
  }, {
    "type" : "place",
    "startTime" : "20151026T190848-0400",
    "endTime" : "20151026T212454-0400",
    "place" : {
      "id" : 278240044,
      "type" : "unknown",
      "location" : {
        "lat" : 40.7684168974,
        "lon" : -73.958938307
      }
    },
    "lastUpdate" : "20151027T023523Z"
  }, {
    "type" : "place",
    "startTime" : "20151026T215633-0400",
    "endTime" : "20151027T085001-0400",
    "place" : {
      "id" : 276458640,
      "type" : "unknown",
      "location" : {
        "lat" : 40.7856121081,
        "lon" : -73.9720724825
      }
    },
    "lastUpdate" : "20151027T162344Z"
  } ],
  "lastUpdate" : "20151027T162344Z"
} ]