[ {
  "date" : "20151020",
  "segments" : [ {
    "type" : "place",
    "startTime" : "20151020T154446-0400",
    "endTime" : "20151020T172207-0400",
    "place" : {
      "id" : 276372414,
      "type" : "unknown",
      "location" : {
        "lat" : 40.7408375251,
        "lon" : -74.0021916154
      }
    },
    "lastUpdate" : "20151020T230501Z"
  }, {
    "type" : "place",
    "startTime" : "20151020T174829-0400",
    "endTime" : "20151020T180954-0400",
    "place" : {
      "id" : 276386330,
      "type" : "unknown",
      "location" : {
        "lat" : 40.7871933026,
        "lon" : -73.9740695657
      }
    },
    "lastUpdate" : "20151020T230501Z"
  }, {
    "type" : "place",
    "startTime" : "20151020T181834-0400",
    "endTime" : "20151020T183547-0400",
    "place" : {
      "id" : 276386331,
      "type" : "unknown",
      "location" : {
        "lat" : 40.7870041294,
        "lon" : -73.9772761963
      }
    },
    "lastUpdate" : "20151021T082513Z"
  }, {
    "type" : "place",
    "startTime" : "20151020T184343-0400",
    "endTime" : "20151020T185747-0400",
    "place" : {
      "id" : 276386332,
      "type" : "unknown",
      "location" : {
        "lat" : 40.7856083693,
        "lon" : -73.9725035257
      }
    },
    "lastUpdate" : "20151021T082513Z"
  }, {
    "type" : "place",
    "startTime" : "20151020T185747-0400",
    "endTime" : "20151020T191921-0400",
    "place" : {
      "id" : 276386333,
      "type" : "unknown",
      "location" : {
        "lat" : 40.7859288124,
        "lon" : -73.9746233804
      }
    },
    "lastUpdate" : "20151021T082513Z"
  }, {
    "type" : "place",
    "startTime" : "20151020T191922-0400",
    "endTime" : "20151020T201943-0400",
    "place" : {
      "id" : 276458640,
      "type" : "unknown",
      "location" : {
        "lat" : 40.7856121081,
        "lon" : -73.9720724825
      }
    },
    "lastUpdate" : "20151021T130338Z"
  } ],
  "lastUpdate" : "20151021T130338Z"
} ]