[ {
  "date" : "20151030",
  "segments" : [ {
    "type" : "place",
    "startTime" : "20151029T195618-0400",
    "endTime" : "20151030T000833-0400",
    "place" : {
      "id" : 279043637,
      "type" : "unknown",
      "location" : {
        "lat" : 40.7682332314,
        "lon" : -73.9596921265
      }
    },
    "lastUpdate" : "20151030T054627Z"
  }, {
    "type" : "place",
    "startTime" : "20151030T001913-0400",
    "endTime" : "20151030T083941-0400",
    "place" : {
      "id" : 276458640,
      "type" : "unknown",
      "location" : {
        "lat" : 40.7856121081,
        "lon" : -73.9720724825
      }
    },
    "lastUpdate" : "20151030T133021Z"
  }, {
    "type" : "place",
    "startTime" : "20151030T084457-0400",
    "endTime" : "20151030T091418-0400",
    "place" : {
      "id" : 278885335,
      "type" : "unknown",
      "location" : {
        "lat" : 40.7871201527,
        "lon" : -73.9736767495
      }
    },
    "lastUpdate" : "20151030T163606Z"
  }, {
    "type" : "place",
    "startTime" : "20151030T093052-0400",
    "endTime" : "20151030T094256-0400",
    "place" : {
      "id" : 279214330,
      "type" : "unknown",
      "location" : {
        "lat" : 40.7803779838,
        "lon" : -73.9817626698
      }
    },
    "lastUpdate" : "20151030T163606Z"
  }, {
    "type" : "place",
    "startTime" : "20151030T100211-0400",
    "endTime" : "20151030T113507-0400",
    "place" : {
      "id" : 276386332,
      "type" : "unknown",
      "location" : {
        "lat" : 40.7856083693,
        "lon" : -73.9725035257
      }
    },
    "lastUpdate" : "20151030T163606Z"
  }, {
    "type" : "place",
    "startTime" : "20151030T114146-0400",
    "endTime" : "20151030T120244-0400",
    "place" : {
      "id" : 278864129,
      "type" : "unknown",
      "location" : {
        "lat" : 40.7851627934,
        "lon" : -73.9712033754
      }
    },
    "lastUpdate" : "20151030T163606Z"
  }, {
    "type" : "place",
    "startTime" : "20151030T121230-0400",
    "endTime" : "20151030T151017-0400",
    "place" : {
      "id" : 276372414,
      "type" : "unknown",
      "location" : {
        "lat" : 40.7408375251,
        "lon" : -74.0021916154
      }
    },
    "lastUpdate" : "20151031T231617Z"
  }, {
    "type" : "place",
    "startTime" : "20151030T151411-0400",
    "endTime" : "20151030T152709-0400",
    "place" : {
      "id" : 279270191,
      "type" : "unknown",
      "location" : {
        "lat" : 40.741741525,
        "lon" : -74.0011546501
      }
    },
    "lastUpdate" : "20151031T231617Z"
  }, {
    "type" : "place",
    "startTime" : "20151030T153331-0400",
    "endTime" : "20151030T174016-0400",
    "place" : {
      "id" : 276458640,
      "type" : "unknown",
      "location" : {
        "lat" : 40.7856121081,
        "lon" : -73.9720724825
      }
    },
    "lastUpdate" : "20151101T063835Z"
  } ],
  "lastUpdate" : "20151101T063835Z"
} ]