[ {
  "date" : "20151103",
  "segments" : [ {
    "type" : "place",
    "startTime" : "20151102T095919-0500",
    "endTime" : "20151103T145225-0500",
    "place" : {
      "id" : 280275256,
      "type" : "unknown",
      "location" : {
        "lat" : 40.7417968236,
        "lon" : -74.0021784707
      }
    },
    "lastUpdate" : "20151103T212825Z"
  }, {
    "type" : "place",
    "startTime" : "20151103T145226-0500",
    "endTime" : "20151103T181517-0500",
    "place" : {
      "id" : 276372414,
      "type" : "unknown",
      "location" : {
        "lat" : 40.7408375251,
        "lon" : -74.0021916154
      }
    },
    "lastUpdate" : "20151103T234558Z"
  }, {
    "type" : "place",
    "startTime" : "20151103T182351-0500",
    "endTime" : "20151103T203822-0500",
    "place" : {
      "id" : 276386332,
      "type" : "unknown",
      "location" : {
        "lat" : 40.7856083693,
        "lon" : -73.9725035257
      }
    },
    "lastUpdate" : "20151104T025040Z"
  }, {
    "type" : "place",
    "startTime" : "20151103T205027-0500",
    "endTime" : "20151103T215842-0500",
    "place" : {
      "id" : 276386332,
      "type" : "unknown",
      "location" : {
        "lat" : 40.7856083693,
        "lon" : -73.9725035257
      }
    },
    "lastUpdate" : "20151104T083443Z"
  }, {
    "type" : "place",
    "startTime" : "20151103T225607-0500",
    "endTime" : "20151104T091312-0500",
    "place" : {
      "id" : 280691161,
      "type" : "unknown",
      "location" : {
        "lat" : 40.7862701254,
        "lon" : -73.9727265166
      }
    },
    "lastUpdate" : "20151104T143722Z"
  } ],
  "lastUpdate" : "20151104T143722Z"
} ]