[ {
  "date" : "20151023",
  "segments" : [ {
    "type" : "place",
    "startTime" : "20151022T233644-0400",
    "endTime" : "20151023T080231-0400",
    "place" : {
      "id" : 276458640,
      "type" : "unknown",
      "location" : {
        "lat" : 40.7856121081,
        "lon" : -73.9720724825
      }
    },
    "lastUpdate" : "20151023T214925Z"
  }, {
    "type" : "place",
    "startTime" : "20151023T080606-0400",
    "endTime" : "20151023T085106-0400",
    "place" : {
      "id" : 276964258,
      "type" : "unknown",
      "location" : {
        "lat" : 40.7866998268,
        "lon" : -73.9725818776
      }
    },
    "lastUpdate" : "20151023T214925Z"
  }, {
    "type" : "place",
    "startTime" : "20151023T085654-0400",
    "endTime" : "20151023T093957-0400",
    "place" : {
      "id" : 276458640,
      "type" : "unknown",
      "location" : {
        "lat" : 40.7856121081,
        "lon" : -73.9720724825
      }
    },
    "lastUpdate" : "20151023T214925Z"
  }, {
    "type" : "place",
    "startTime" : "20151023T100400-0400",
    "endTime" : "20151023T145417-0400",
    "place" : {
      "id" : 277153613,
      "type" : "unknown",
      "location" : {
        "lat" : 40.7413242041,
        "lon" : -74.0021969426
      }
    },
    "lastUpdate" : "20151023T214925Z"
  }, {
    "type" : "place",
    "startTime" : "20151023T152442-0400",
    "endTime" : "20151023T154518-0400",
    "place" : {
      "id" : 277204185,
      "type" : "unknown",
      "location" : {
        "lat" : 40.7386331986,
        "lon" : -74.0036888894
      }
    },
    "lastUpdate" : "20151023T214925Z"
  }, {
    "type" : "place",
    "startTime" : "20151023T154926-0400",
    "endTime" : "20151023T162733-0400",
    "place" : {
      "id" : 276618826,
      "type" : "unknown",
      "location" : {
        "lat" : 40.7411268971,
        "lon" : -74.001893874
      }
    },
    "lastUpdate" : "20151023T214925Z"
  }, {
    "type" : "place",
    "startTime" : "20151023T165244-0400",
    "endTime" : "20151023T175125-0400",
    "place" : {
      "id" : 276458640,
      "type" : "unknown",
      "location" : {
        "lat" : 40.7856121081,
        "lon" : -73.9720724825
      }
    },
    "lastUpdate" : "20151025T021019Z"
  } ],
  "lastUpdate" : "20151025T021019Z"
} ]