[ {
  "date" : "20151101",
  "segments" : [ {
    "type" : "place",
    "startTime" : "20151101T010617-0400",
    "endTime" : "20151101T083420-0500",
    "place" : {
      "id" : 276458640,
      "type" : "unknown",
      "location" : {
        "lat" : 40.7856121081,
        "lon" : -73.9720724825
      }
    },
    "lastUpdate" : "20151101T210356Z"
  }, {
    "type" : "place",
    "startTime" : "20151101T084047-0500",
    "endTime" : "20151101T103046-0500",
    "place" : {
      "id" : 276517856,
      "type" : "unknown",
      "location" : {
        "lat" : 40.7869139082,
        "lon" : -73.9733281397
      }
    },
    "lastUpdate" : "20151101T210356Z"
  }, {
    "type" : "place",
    "startTime" : "20151101T103047-0500",
    "endTime" : "20151101T124259-0500",
    "place" : {
      "id" : 279991740,
      "type" : "unknown",
      "location" : {
        "lat" : 40.7846327385,
        "lon" : -73.9700231031
      }
    },
    "lastUpdate" : "20151101T210356Z"
  }, {
    "type" : "place",
    "startTime" : "20151101T125612-0500",
    "endTime" : "20151101T130206-0500",
    "place" : {
      "id" : 279991741,
      "type" : "unknown",
      "location" : {
        "lat" : 40.780814669,
        "lon" : -73.9628881018
      }
    },
    "lastUpdate" : "20151101T210356Z"
  }, {
    "type" : "place",
    "startTime" : "20151101T130812-0500",
    "endTime" : "20151101T132359-0500",
    "place" : {
      "id" : 279991742,
      "type" : "unknown",
      "location" : {
        "lat" : 40.7793761676,
        "lon" : -73.9628203952
      }
    },
    "lastUpdate" : "20151101T210356Z"
  }, {
    "type" : "place",
    "startTime" : "20151101T132359-0500",
    "endTime" : "20151101T134604-0500",
    "place" : {
      "id" : 279991743,
      "type" : "unknown",
      "location" : {
        "lat" : 40.7804526668,
        "lon" : -73.9623457491
      }
    },
    "lastUpdate" : "20151101T210356Z"
  }, {
    "type" : "place",
    "startTime" : "20151101T134720-0500",
    "endTime" : "20151101T135517-0500",
    "place" : {
      "id" : 279991744,
      "type" : "unknown",
      "location" : {
        "lat" : 40.7789860829,
        "lon" : -73.963924247
      }
    },
    "lastUpdate" : "20151101T210356Z"
  }, {
    "type" : "place",
    "startTime" : "20151101T140626-0500",
    "endTime" : "20151101T143319-0500",
    "place" : {
      "id" : 279991745,
      "type" : "unknown",
      "location" : {
        "lat" : 40.7813790753,
        "lon" : -73.9635029079
      }
    },
    "lastUpdate" : "20151101T210356Z"
  }, {
    "type" : "place",
    "startTime" : "20151101T145234-0500",
    "endTime" : "20151101T151341-0500",
    "place" : {
      "id" : 278456134,
      "type" : "unknown",
      "location" : {
        "lat" : 40.7855861515,
        "lon" : -73.9713862068
      }
    },
    "lastUpdate" : "20151101T210356Z"
  }, {
    "type" : "place",
    "startTime" : "20151101T151936-0500",
    "endTime" : "20151101T154938-0500",
    "place" : {
      "id" : 280010801,
      "type" : "unknown",
      "location" : {
        "lat" : 40.7849633936,
        "lon" : -73.9695481718
      }
    },
    "lastUpdate" : "20151101T223805Z"
  }, {
    "type" : "place",
    "startTime" : "20151101T163848-0500",
    "endTime" : "20151101T170501-0500",
    "place" : {
      "id" : 280028892,
      "type" : "unknown",
      "location" : {
        "lat" : 40.8830396782,
        "lon" : -73.9733923791
      }
    },
    "lastUpdate" : "20151101T223805Z"
  }, {
    "type" : "place",
    "startTime" : "20151101T170715-0500",
    "endTime" : "20151101T184708-0500",
    "place" : {
      "id" : 278773861,
      "type" : "unknown",
      "location" : {
        "lat" : 40.881995164,
        "lon" : -73.9773726024
      }
    },
    "lastUpdate" : "20151102T161754Z"
  }, {
    "type" : "place",
    "startTime" : "20151101T190033-0500",
    "endTime" : "20151101T190348-0500",
    "place" : {
      "id" : 280203208,
      "type" : "unknown",
      "location" : {
        "lat" : 40.7862077957,
        "lon" : -73.9723261426
      }
    },
    "lastUpdate" : "20151102T161754Z"
  }, {
    "type" : "place",
    "startTime" : "20151101T212707-0500",
    "endTime" : "20151102T091837-0500",
    "place" : {
      "id" : 280203208,
      "type" : "unknown",
      "location" : {
        "lat" : 40.7862077957,
        "lon" : -73.9723261426
      }
    },
    "lastUpdate" : "20151102T161754Z"
  } ],
  "lastUpdate" : "20151102T161754Z"
} ]