[ {
  "date" : "20151029",
  "segments" : [ {
    "type" : "place",
    "startTime" : "20151028T235859-0400",
    "endTime" : "20151029T092211-0400",
    "place" : {
      "id" : 276458640,
      "type" : "unknown",
      "location" : {
        "lat" : 40.7856121081,
        "lon" : -73.9720724825
      }
    },
    "lastUpdate" : "20151029T142143Z"
  }, {
    "type" : "place",
    "startTime" : "20151029T092632-0400",
    "endTime" : "20151029T094634-0400",
    "place" : {
      "id" : 278885335,
      "type" : "unknown",
      "location" : {
        "lat" : 40.7871201527,
        "lon" : -73.9736767495
      }
    },
    "lastUpdate" : "20151029T161332Z"
  }, {
    "type" : "place",
    "startTime" : "20151029T095207-0400",
    "endTime" : "20151029T100020-0400",
    "place" : {
      "id" : 278885341,
      "type" : "unknown",
      "location" : {
        "lat" : 40.7885262849,
        "lon" : -73.9766326913
      }
    },
    "lastUpdate" : "20151029T161332Z"
  }, {
    "type" : "place",
    "startTime" : "20151029T102107-0400",
    "endTime" : "20151029T123254-0400",
    "place" : {
      "id" : 277153613,
      "type" : "unknown",
      "location" : {
        "lat" : 40.7413242041,
        "lon" : -74.0021969426
      }
    },
    "lastUpdate" : "20151029T180243Z"
  }, {
    "type" : "place",
    "startTime" : "20151029T124103-0400",
    "endTime" : "20151029T130345-0400",
    "place" : {
      "id" : 278945861,
      "type" : "unknown",
      "location" : {
        "lat" : 40.7439794148,
        "lon" : -73.9995050139
      }
    },
    "lastUpdate" : "20151029T180246Z"
  }, {
    "type" : "place",
    "startTime" : "20151029T130647-0400",
    "endTime" : "20151029T131452-0400",
    "place" : {
      "id" : 278945862,
      "type" : "unknown",
      "location" : {
        "lat" : 40.7452660561,
        "lon" : -73.9984733886
      }
    },
    "lastUpdate" : "20151029T180246Z"
  }, {
    "type" : "place",
    "startTime" : "20151029T132344-0400",
    "endTime" : "20151029T191819-0400",
    "place" : {
      "id" : 276618826,
      "type" : "unknown",
      "location" : {
        "lat" : 40.7411268971,
        "lon" : -74.001893874
      }
    },
    "lastUpdate" : "20151030T023428Z"
  }, {
    "type" : "place",
    "startTime" : "20151029T193733-0400",
    "endTime" : "20151029T194356-0400",
    "place" : {
      "id" : 279043636,
      "type" : "unknown",
      "location" : {
        "lat" : 40.7579008559,
        "lon" : -73.9712844028
      }
    },
    "lastUpdate" : "20151030T023428Z"
  }, {
    "type" : "place",
    "startTime" : "20151029T195618-0400",
    "endTime" : "20151030T000833-0400",
    "place" : {
      "id" : 279043637,
      "type" : "unknown",
      "location" : {
        "lat" : 40.7682332314,
        "lon" : -73.9596921265
      }
    },
    "lastUpdate" : "20151030T054627Z"
  } ],
  "lastUpdate" : "20151030T054627Z"
} ]