[ {
  "date" : "20151021",
  "segments" : [ {
    "type" : "place",
    "startTime" : "20151021T042707-0400",
    "endTime" : "20151021T071339-0400",
    "place" : {
      "id" : 276458640,
      "type" : "unknown",
      "location" : {
        "lat" : 40.7856121081,
        "lon" : -73.9720724825
      }
    },
    "lastUpdate" : "20151021T130338Z"
  }, {
    "type" : "place",
    "startTime" : "20151021T071845-0400",
    "endTime" : "20151021T080615-0400",
    "place" : {
      "id" : 276517856,
      "type" : "unknown",
      "location" : {
        "lat" : 40.7869139082,
        "lon" : -73.9733281397
      }
    },
    "lastUpdate" : "20151021T130338Z"
  }, {
    "type" : "place",
    "startTime" : "20151021T081327-0400",
    "endTime" : "20151021T125642-0400",
    "place" : {
      "id" : 276372414,
      "type" : "unknown",
      "location" : {
        "lat" : 40.7408375251,
        "lon" : -74.0021916154
      }
    },
    "lastUpdate" : "20151021T174741Z"
  }, {
    "type" : "place",
    "startTime" : "20151021T130539-0400",
    "endTime" : "20151021T135730-0400",
    "place" : {
      "id" : 276618824,
      "type" : "unknown",
      "location" : {
        "lat" : 40.751915205,
        "lon" : -73.9877943628
      }
    },
    "lastUpdate" : "20151021T194613Z"
  }, {
    "type" : "place",
    "startTime" : "20151021T141813-0400",
    "endTime" : "20151021T150029-0400",
    "place" : {
      "id" : 276618825,
      "type" : "unknown",
      "location" : {
        "lat" : 40.741155108,
        "lon" : -74.0049633069
      }
    },
    "lastUpdate" : "20151021T194614Z"
  }, {
    "type" : "place",
    "startTime" : "20151021T150822-0400",
    "endTime" : "20151021T185548-0400",
    "place" : {
      "id" : 276618826,
      "type" : "unknown",
      "location" : {
        "lat" : 40.7411268971,
        "lon" : -74.001893874
      }
    },
    "lastUpdate" : "20151022T001909Z"
  }, {
    "type" : "place",
    "startTime" : "20151021T185926-0400",
    "endTime" : "20151021T220211-0400",
    "place" : {
      "id" : 276517856,
      "type" : "unknown",
      "location" : {
        "lat" : 40.7869139082,
        "lon" : -73.9733281397
      }
    },
    "lastUpdate" : "20151022T032542Z"
  }, {
    "type" : "place",
    "startTime" : "20151021T220647-0400",
    "endTime" : "20151021T223835-0400",
    "place" : {
      "id" : 276386332,
      "type" : "unknown",
      "location" : {
        "lat" : 40.7856083693,
        "lon" : -73.9725035257
      }
    },
    "lastUpdate" : "20151022T032542Z"
  }, {
    "type" : "place",
    "startTime" : "20151021T224608-0400",
    "endTime" : "20151021T225022-0400",
    "place" : {
      "id" : 276685780,
      "type" : "unknown",
      "location" : {
        "lat" : 40.7881242103,
        "lon" : -73.9711057044
      }
    },
    "lastUpdate" : "20151022T032542Z"
  }, {
    "type" : "place",
    "startTime" : "20151021T225713-0400",
    "endTime" : "20151022T064417-0400",
    "place" : {
      "id" : 276458640,
      "type" : "unknown",
      "location" : {
        "lat" : 40.7856121081,
        "lon" : -73.9720724825
      }
    },
    "lastUpdate" : "20151022T155216Z"
  } ],
  "lastUpdate" : "20151022T155216Z"
} ]