[ {
  "date" : "20151102",
  "summary" : [ {
    "activity" : "walking",
    "group" : "walking",
    "duration" : 2140.0,
    "distance" : 2618.0,
    "steps" : 2954
  } ],
  "segments" : [ {
    "type" : "place",
    "startTime" : "20151101T212707-0500",
    "endTime" : "20151102T091837-0500",
    "place" : {
      "id" : 280203208,
      "type" : "unknown",
      "location" : {
        "lat" : 40.7862077957,
        "lon" : -73.9723261426
      }
    },
    "activities" : [ {
      "activity" : "walking",
      "group" : "walking",
      "manual" : false,
      "startTime" : "20151102T080845-0500",
      "endTime" : "20151102T081256-0500",
      "duration" : 251.0,
      "distance" : 290.0,
      "steps" : 386,
      "trackPoints" : [ ]
    }, {
      "activity" : "walking",
      "group" : "walking",
      "manual" : false,
      "startTime" : "20151102T091646-0500",
      "endTime" : "20151102T091709-0500",
      "duration" : 23.0,
      "distance" : 16.0,
      "steps" : 31,
      "trackPoints" : [ ]
    } ],
    "lastUpdate" : "20151102T161754Z"
  }, {
    "type" : "move",
    "startTime" : "20151102T091837-0500",
    "endTime" : "20151102T092438-0500",
    "activities" : [ {
      "activity" : "walking",
      "group" : "walking",
      "manual" : false,
      "startTime" : "20151102T091837-0500",
      "endTime" : "20151102T092437-0500",
      "duration" : 360.0,
      "distance" : 541.0,
      "steps" : 451,
      "trackPoints" : [ {
        "lat" : 40.7862077957,
        "lon" : -73.9723261426,
        "time" : "20151102T091837-0500"
      }, {
        "lat" : 40.786716335,
        "lon" : -73.9727582071,
        "time" : "20151102T091937-0500"
      }, {
        "lat" : 40.7872871608,
        "lon" : -73.973880078,
        "time" : "20151102T092055-0500"
      }, {
        "lat" : 40.7883280258,
        "lon" : -73.9759256786,
        "time" : "20151102T092249-0500"
      }, {
        "lat" : 40.7885471228,
        "lon" : -73.9763237813,
        "time" : "20151102T092314-0500"
      }, {
        "lat" : 40.7886521494,
        "lon" : -73.9765571189,
        "time" : "20151102T092332-0500"
      }, {
        "lat" : 40.7886985583,
        "lon" : -73.9767000932,
        "time" : "20151102T092349-0500"
      }, {
        "lat" : 40.7886937727,
        "lon" : -73.976783487,
        "time" : "20151102T092409-0500"
      }, {
        "lat" : 40.7885262849,
        "lon" : -73.9766326913,
        "time" : "20151102T092438-0500"
      } ]
    } ],
    "lastUpdate" : "20151102T161754Z"
  }, {
    "type" : "place",
    "startTime" : "20151102T092438-0500",
    "endTime" : "20151102T095141-0500",
    "place" : {
      "id" : 278885341,
      "type" : "unknown",
      "location" : {
        "lat" : 40.7885262849,
        "lon" : -73.9766326913
      }
    },
    "activities" : [ {
      "activity" : "walking",
      "group" : "walking",
      "manual" : false,
      "startTime" : "20151102T092438-0500",
      "endTime" : "20151102T092600-0500",
      "duration" : 82.0,
      "distance" : 64.0,
      "steps" : 128,
      "trackPoints" : [ ]
    } ],
    "lastUpdate" : "20151102T161754Z"
  }, {
    "type" : "move",
    "startTime" : "20151102T095141-0500",
    "endTime" : "20151102T095919-0500",
    "activities" : [ {
      "activity" : "walking",
      "group" : "walking",
      "manual" : false,
      "startTime" : "20151102T095141-0500",
      "endTime" : "20151102T095919-0500",
      "duration" : 458.0,
      "distance" : 819.0,
      "steps" : 683,
      "trackPoints" : [ {
        "lat" : 40.7885262849,
        "lon" : -73.9766326913,
        "time" : "20151102T095141-0500"
      }, {
        "lat" : 40.7381057853,
        "lon" : -74.0004831796,
        "time" : "20151102T095346-0500"
      }, {
        "lat" : 40.7384924271,
        "lon" : -74.0014533908,
        "time" : "20151102T095442-0500"
      }, {
        "lat" : 40.7386993519,
        "lon" : -74.0020882983,
        "time" : "20151102T095505-0500"
      }, {
        "lat" : 40.7388157048,
        "lon" : -74.0023428115,
        "time" : "20151102T095521-0500"
      }, {
        "lat" : 40.7389696988,
        "lon" : -74.0024916031,
        "time" : "20151102T095539-0500"
      }, {
        "lat" : 40.7407926615,
        "lon" : -74.0020369072,
        "time" : "20151102T095839-0500"
      }, {
        "lat" : 40.7408749585,
        "lon" : -74.0020577473,
        "time" : "20151102T095855-0500"
      }, {
        "lat" : 40.7413242041,
        "lon" : -74.0021969426,
        "time" : "20151102T095919-0500"
      } ]
    } ],
    "lastUpdate" : "20151102T161754Z"
  }, {
    "type" : "place",
    "startTime" : "20151102T095919-0500",
    "endTime" : "20151103T145225-0500",
    "place" : {
      "id" : 280275256,
      "type" : "unknown",
      "location" : {
        "lat" : 40.7417968236,
        "lon" : -74.0021784707
      }
    },
    "activities" : [ {
      "activity" : "walking",
      "group" : "walking",
      "manual" : false,
      "startTime" : "20151102T102852-0500",
      "endTime" : "20151102T103022-0500",
      "duration" : 90.0,
      "distance" : 79.0,
      "steps" : 157,
      "trackPoints" : [ ]
    }, {
      "activity" : "walking",
      "group" : "walking",
      "manual" : false,
      "startTime" : "20151102T113014-0500",
      "endTime" : "20151102T113517-0500",
      "duration" : 303.0,
      "distance" : 250.0,
      "steps" : 334,
      "trackPoints" : [ ]
    }, {
      "activity" : "walking",
      "group" : "walking",
      "manual" : false,
      "startTime" : "20151102T120404-0500",
      "endTime" : "20151102T120534-0500",
      "duration" : 90.0,
      "distance" : 45.0,
      "steps" : 84,
      "trackPoints" : [ ]
    }, {
      "activity" : "walking",
      "group" : "walking",
      "manual" : false,
      "startTime" : "20151102T130006-0500",
      "endTime" : "20151102T130406-0500",
      "duration" : 240.0,
      "distance" : 244.0,
      "steps" : 326,
      "trackPoints" : [ ]
    }, {
      "activity" : "walking",
      "group" : "walking",
      "manual" : false,
      "startTime" : "20151102T142305-0500",
      "endTime" : "20151102T142638-0500",
      "duration" : 213.0,
      "distance" : 250.0,
      "steps" : 334,
      "trackPoints" : [ ]
    }, {
      "activity" : "walking",
      "group" : "walking",
      "manual" : false,
      "startTime" : "20151102T154730-0500",
      "endTime" : "20151102T154800-0500",
      "duration" : 30.0,
      "distance" : 20.0,
      "steps" : 40,
      "trackPoints" : [ ]
    } ],
    "lastUpdate" : "20151103T212825Z"
  } ],
  "lastUpdate" : "20151103T212825Z"
}, {
  "date" : "20151103",
  "summary" : [ {
    "activity" : "walking",
    "group" : "walking",
    "duration" : 1686.0,
    "distance" : 2118.0,
    "steps" : 2421
  } ],
  "segments" : [ {
    "type" : "place",
    "startTime" : "20151102T095919-0500",
    "endTime" : "20151103T145225-0500",
    "place" : {
      "id" : 280275256,
      "type" : "unknown",
      "location" : {
        "lat" : 40.7417968236,
        "lon" : -74.0021784707
      }
    },
    "activities" : [ {
      "activity" : "walking",
      "group" : "walking",
      "manual" : false,
      "startTime" : "20151103T121516-0500",
      "endTime" : "20151103T121546-0500",
      "duration" : 30.0,
      "distance" : 20.0,
      "steps" : 40,
      "trackPoints" : [ ]
    } ],
    "lastUpdate" : "20151103T212825Z"
  }, {
    "type" : "place",
    "startTime" : "20151103T145226-0500",
    "endTime" : "20151103T181517-0500",
    "place" : {
      "id" : 276372414,
      "type" : "unknown",
      "location" : {
        "lat" : 40.7408375251,
        "lon" : -74.0021916154
      }
    },
    "activities" : [ {
      "activity" : "walking",
      "group" : "walking",
      "manual" : false,
      "startTime" : "20151103T163512-0500",
      "endTime" : "20151103T163611-0500",
      "duration" : 59.0,
      "distance" : 44.0,
      "steps" : 89,
      "trackPoints" : [ ]
    }, {
      "activity" : "walking",
      "group" : "walking",
      "manual" : false,
      "startTime" : "20151103T175604-0500",
      "endTime" : "20151103T175637-0500",
      "duration" : 33.0,
      "distance" : 30.0,
      "steps" : 61,
      "trackPoints" : [ ]
    } ],
    "lastUpdate" : "20151103T234558Z"
  }, {
    "type" : "move",
    "startTime" : "20151103T181517-0500",
    "endTime" : "20151103T182110-0500",
    "activities" : [ {
      "activity" : "walking",
      "group" : "walking",
      "manual" : false,
      "startTime" : "20151103T181517-0500",
      "endTime" : "20151103T182110-0500",
      "duration" : 353.0,
      "distance" : 526.0,
      "steps" : 438,
      "trackPoints" : [ {
        "lat" : 40.7408375251,
        "lon" : -74.0021916154,
        "time" : "20151103T181517-0500"
      }, {
        "lat" : 40.7860166336,
        "lon" : -73.969023977,
        "time" : "20151103T181655-0500"
      }, {
        "lat" : 40.7858461503,
        "lon" : -73.9691464102,
        "time" : "20151103T181711-0500"
      }, {
        "lat" : 40.7853397684,
        "lon" : -73.9695725674,
        "time" : "20151103T181755-0500"
      }, {
        "lat" : 40.785268347,
        "lon" : -73.9696699276,
        "time" : "20151103T181824-0500"
      }, {
        "lat" : 40.7852278942,
        "lon" : -73.9698247762,
        "time" : "20151103T181850-0500"
      }, {
        "lat" : 40.7851226927,
        "lon" : -73.9703057418,
        "time" : "20151103T181925-0500"
      }, {
        "lat" : 40.7850269953,
        "lon" : -73.970747734,
        "time" : "20151103T181955-0500"
      }, {
        "lat" : 40.7851640228,
        "lon" : -73.9710933182,
        "time" : "20151103T182020-0500"
      }, {
        "lat" : 40.7853684544,
        "lon" : -73.9716667934,
        "time" : "20151103T182055-0500"
      }, {
        "lat" : 40.7853204858,
        "lon" : -73.9715671839,
        "time" : "20151103T182110-0500"
      } ]
    } ],
    "lastUpdate" : "20151103T234558Z"
  }, {
    "type" : "move",
    "startTime" : "20151103T182110-0500",
    "endTime" : "20151103T182350-0500",
    "activities" : [ {
      "activity" : "walking",
      "group" : "walking",
      "manual" : false,
      "startTime" : "20151103T182110-0500",
      "endTime" : "20151103T182351-0500",
      "duration" : 161.0,
      "distance" : 80.0,
      "steps" : 124,
      "trackPoints" : [ {
        "lat" : 40.785451758,
        "lon" : -73.9717615049,
        "time" : "20151103T182110-0500"
      }, {
        "lat" : 40.7855102113,
        "lon" : -73.9718335782,
        "time" : "20151103T182136-0500"
      }, {
        "lat" : 40.785523827,
        "lon" : -73.9718040513,
        "time" : "20151103T182228-0500"
      }, {
        "lat" : 40.7855213196,
        "lon" : -73.971776449,
        "time" : "20151103T182251-0500"
      }, {
        "lat" : 40.7853204858,
        "lon" : -73.9715671839,
        "time" : "20151103T182350-0500"
      } ]
    } ],
    "lastUpdate" : "20151104T011802Z"
  }, {
    "type" : "place",
    "startTime" : "20151103T182351-0500",
    "endTime" : "20151103T203822-0500",
    "place" : {
      "id" : 276386332,
      "type" : "unknown",
      "location" : {
        "lat" : 40.7856083693,
        "lon" : -73.9725035257
      }
    },
    "activities" : [ {
      "activity" : "walking",
      "group" : "walking",
      "manual" : false,
      "startTime" : "20151103T182909-0500",
      "endTime" : "20151103T183009-0500",
      "duration" : 60.0,
      "distance" : 42.0,
      "steps" : 84,
      "trackPoints" : [ ]
    }, {
      "activity" : "walking",
      "group" : "walking",
      "manual" : false,
      "startTime" : "20151103T203050-0500",
      "endTime" : "20151103T203420-0500",
      "duration" : 210.0,
      "distance" : 250.0,
      "steps" : 334,
      "trackPoints" : [ ]
    } ],
    "lastUpdate" : "20151104T025040Z"
  }, {
    "type" : "move",
    "startTime" : "20151103T203822-0500",
    "endTime" : "20151103T205027-0500",
    "activities" : [ {
      "activity" : "walking",
      "group" : "walking",
      "manual" : false,
      "startTime" : "20151103T203822-0500",
      "endTime" : "20151103T205027-0500",
      "duration" : 725.0,
      "distance" : 1075.0,
      "steps" : 1150,
      "trackPoints" : [ {
        "lat" : 40.7856083693,
        "lon" : -73.9725035257,
        "time" : "20151103T203822-0500"
      }, {
        "lat" : 40.7874899952,
        "lon" : -73.9739187957,
        "time" : "20151103T203941-0500"
      }, {
        "lat" : 40.7874878158,
        "lon" : -73.9741865954,
        "time" : "20151103T204011-0500"
      }, {
        "lat" : 40.7874763179,
        "lon" : -73.9744264859,
        "time" : "20151103T204035-0500"
      }, {
        "lat" : 40.7874584463,
        "lon" : -73.9747174542,
        "time" : "20151103T204102-0500"
      }, {
        "lat" : 40.7875174437,
        "lon" : -73.9749711488,
        "time" : "20151103T204122-0500"
      }, {
        "lat" : 40.7874545201,
        "lon" : -73.9752113227,
        "time" : "20151103T204142-0500"
      }, {
        "lat" : 40.787339264,
        "lon" : -73.9755063752,
        "time" : "20151103T204204-0500"
      }, {
        "lat" : 40.7870627532,
        "lon" : -73.9755967048,
        "time" : "20151103T204241-0500"
      }, {
        "lat" : 40.7867678766,
        "lon" : -73.975617417,
        "time" : "20151103T204305-0500"
      }, {
        "lat" : 40.7864661626,
        "lon" : -73.9758843009,
        "time" : "20151103T204330-0500"
      }, {
        "lat" : 40.7860249531,
        "lon" : -73.9762470228,
        "time" : "20151103T204406-0500"
      }, {
        "lat" : 40.7858436388,
        "lon" : -73.9761219731,
        "time" : "20151103T204440-0500"
      }, {
        "lat" : 40.7857570739,
        "lon" : -73.9760105892,
        "time" : "20151103T204500-0500"
      }, {
        "lat" : 40.7852903842,
        "lon" : -73.9749371568,
        "time" : "20151103T204607-0500"
      }, {
        "lat" : 40.7850093368,
        "lon" : -73.9745953402,
        "time" : "20151103T204706-0500"
      }, {
        "lat" : 40.7847918046,
        "lon" : -73.9737655226,
        "time" : "20151103T204806-0500"
      }, {
        "lat" : 40.7851140182,
        "lon" : -73.9734577095,
        "time" : "20151103T204839-0500"
      }, {
        "lat" : 40.7854062792,
        "lon" : -73.973235046,
        "time" : "20151103T204903-0500"
      }, {
        "lat" : 40.7855156497,
        "lon" : -73.9730630655,
        "time" : "20151103T204925-0500"
      }, {
        "lat" : 40.7857580335,
        "lon" : -73.9726750649,
        "time" : "20151103T205006-0500"
      }, {
        "lat" : 40.7856083693,
        "lon" : -73.9725035257,
        "time" : "20151103T205027-0500"
      } ]
    } ],
    "lastUpdate" : "20151104T025040Z"
  }, {
    "type" : "place",
    "startTime" : "20151103T205027-0500",
    "endTime" : "20151103T215842-0500",
    "place" : {
      "id" : 276386332,
      "type" : "unknown",
      "location" : {
        "lat" : 40.7856083693,
        "lon" : -73.9725035257
      }
    },
    "activities" : [ {
      "activity" : "walking",
      "group" : "walking",
      "manual" : false,
      "startTime" : "20151103T205027-0500",
      "endTime" : "20151103T205122-0500",
      "duration" : 55.0,
      "distance" : 51.0,
      "steps" : 101,
      "trackPoints" : [ ]
    } ],
    "lastUpdate" : "20151104T083443Z"
  }, {
    "type" : "place",
    "startTime" : "20151103T225607-0500",
    "endTime" : "20151104T091312-0500",
    "place" : {
      "id" : 280691161,
      "type" : "unknown",
      "location" : {
        "lat" : 40.7862701254,
        "lon" : -73.9727265166
      }
    },
    "lastUpdate" : "20151104T143722Z"
  } ],
  "lastUpdate" : "20151104T143722Z"
}, {
  "date" : "20151104",
  "summary" : [ {
    "activity" : "walking",
    "group" : "walking",
    "duration" : 3248.0,
    "distance" : 3643.0,
    "steps" : 4382
  }, {
    "activity" : "transport",
    "group" : "transport",
    "duration" : 2311.0,
    "distance" : 11961.0
  } ],
  "segments" : [ {
    "type" : "place",
    "startTime" : "20151103T225607-0500",
    "endTime" : "20151104T091312-0500",
    "place" : {
      "id" : 280691161,
      "type" : "unknown",
      "location" : {
        "lat" : 40.7862701254,
        "lon" : -73.9727265166
      }
    },
    "activities" : [ {
      "activity" : "walking",
      "group" : "walking",
      "manual" : false,
      "startTime" : "20151104T081011-0500",
      "endTime" : "20151104T081411-0500",
      "duration" : 240.0,
      "distance" : 266.0,
      "steps" : 354,
      "trackPoints" : [ ]
    } ],
    "lastUpdate" : "20151104T143722Z"
  }, {
    "type" : "move",
    "startTime" : "20151104T091312-0500",
    "endTime" : "20151104T091644-0500",
    "activities" : [ {
      "activity" : "walking",
      "group" : "walking",
      "manual" : false,
      "startTime" : "20151104T091312-0500",
      "endTime" : "20151104T091644-0500",
      "duration" : 212.0,
      "distance" : 394.0,
      "steps" : 329,
      "trackPoints" : [ {
        "lat" : 40.7862701254,
        "lon" : -73.9727265166,
        "time" : "20151104T091312-0500"
      }, {
        "lat" : 40.787944578,
        "lon" : -73.9746748359,
        "time" : "20151104T091442-0500"
      }, {
        "lat" : 40.7879848039,
        "lon" : -73.9749492698,
        "time" : "20151104T091507-0500"
      }, {
        "lat" : 40.7881468073,
        "lon" : -73.9758125817,
        "time" : "20151104T091544-0500"
      }, {
        "lat" : 40.7881460385,
        "lon" : -73.9759602113,
        "time" : "20151104T091603-0500"
      }, {
        "lat" : 40.7881371868,
        "lon" : -73.9762455412,
        "time" : "20151104T091623-0500"
      }, {
        "lat" : 40.7881109874,
        "lon" : -73.9763585264,
        "time" : "20151104T091644-0500"
      } ]
    } ],
    "lastUpdate" : "20151104T143722Z"
  }, {
    "type" : "move",
    "startTime" : "20151104T091644-0500",
    "endTime" : "20151104T091837-0500",
    "activities" : [ {
      "activity" : "walking",
      "group" : "walking",
      "manual" : false,
      "startTime" : "20151104T091644-0500",
      "endTime" : "20151104T091838-0500",
      "duration" : 114.0,
      "distance" : 63.0,
      "steps" : 126,
      "trackPoints" : [ {
        "lat" : 40.7880696168,
        "lon" : -73.9766097543,
        "time" : "20151104T091738-0500"
      }, {
        "lat" : 40.7879239912,
        "lon" : -73.9766735522,
        "time" : "20151104T091837-0500"
      } ]
    } ],
    "lastUpdate" : "20151104T160712Z"
  }, {
    "type" : "place",
    "startTime" : "20151104T091838-0500",
    "endTime" : "20151104T093043-0500",
    "place" : {
      "id" : 280712958,
      "type" : "unknown",
      "location" : {
        "lat" : 40.7879239912,
        "lon" : -73.9766735522
      }
    },
    "activities" : [ {
      "activity" : "walking",
      "group" : "walking",
      "manual" : false,
      "startTime" : "20151104T092053-0500",
      "endTime" : "20151104T092142-0500",
      "duration" : 49.0,
      "distance" : 24.0,
      "steps" : 0,
      "trackPoints" : [ ]
    } ],
    "lastUpdate" : "20151104T160712Z"
  }, {
    "type" : "move",
    "startTime" : "20151104T093043-0500",
    "endTime" : "20151104T095455-0500",
    "activities" : [ {
      "activity" : "transport",
      "group" : "transport",
      "manual" : false,
      "startTime" : "20151104T093043-0500",
      "endTime" : "20151104T094723-0500",
      "duration" : 1000.0,
      "distance" : 5456.0,
      "trackPoints" : [ {
        "lat" : 40.7879239912,
        "lon" : -73.9766735522,
        "time" : "20151104T093043-0500"
      }, {
        "lat" : 40.7475288103,
        "lon" : -73.9948093451,
        "time" : "20151104T094723-0500"
      } ]
    }, {
      "activity" : "walking",
      "group" : "walking",
      "manual" : false,
      "startTime" : "20151104T094723-0500",
      "endTime" : "20151104T095455-0500",
      "duration" : 452.0,
      "distance" : 902.0,
      "steps" : 751,
      "trackPoints" : [ {
        "lat" : 40.7475288103,
        "lon" : -73.9948093451,
        "time" : "20151104T094723-0500"
      }, {
        "lat" : 40.7470870953,
        "lon" : -73.9950076609,
        "time" : "20151104T094741-0500"
      }, {
        "lat" : 40.7406754101,
        "lon" : -73.9979079363,
        "time" : "20151104T094846-0500"
      }, {
        "lat" : 40.7402323111,
        "lon" : -73.9986605551,
        "time" : "20151104T094946-0500"
      }, {
        "lat" : 40.7401415308,
        "lon" : -73.9995965954,
        "time" : "20151104T095056-0500"
      }, {
        "lat" : 40.7405213978,
        "lon" : -74.0004863217,
        "time" : "20151104T095148-0500"
      }, {
        "lat" : 40.7411512073,
        "lon" : -74.0011367667,
        "time" : "20151104T095247-0500"
      }, {
        "lat" : 40.7413242041,
        "lon" : -74.0021969426,
        "time" : "20151104T095455-0500"
      } ]
    } ],
    "lastUpdate" : "20151104T160712Z"
  }, {
    "type" : "place",
    "startTime" : "20151104T095456-0500",
    "endTime" : "20151104T181532-0500",
    "place" : {
      "id" : 277153613,
      "type" : "unknown",
      "location" : {
        "lat" : 40.7413242041,
        "lon" : -74.0021969426
      }
    },
    "activities" : [ {
      "activity" : "walking",
      "group" : "walking",
      "manual" : false,
      "startTime" : "20151104T101430-0500",
      "endTime" : "20151104T101530-0500",
      "duration" : 60.0,
      "distance" : 41.0,
      "steps" : 83,
      "trackPoints" : [ ]
    }, {
      "activity" : "walking",
      "group" : "walking",
      "manual" : false,
      "startTime" : "20151104T121430-0500",
      "endTime" : "20151104T121500-0500",
      "duration" : 30.0,
      "distance" : 25.0,
      "steps" : 50,
      "trackPoints" : [ ]
    }, {
      "activity" : "walking",
      "group" : "walking",
      "manual" : false,
      "startTime" : "20151104T130820-0500",
      "endTime" : "20151104T131120-0500",
      "duration" : 180.0,
      "distance" : 228.0,
      "steps" : 304,
      "trackPoints" : [ ]
    }, {
      "activity" : "walking",
      "group" : "walking",
      "manual" : false,
      "startTime" : "20151104T161138-0500",
      "endTime" : "20151104T161626-0500",
      "duration" : 288.0,
      "distance" : 265.0,
      "steps" : 354,
      "trackPoints" : [ ]
    }, {
      "activity" : "walking",
      "group" : "walking",
      "manual" : false,
      "startTime" : "20151104T172751-0500",
      "endTime" : "20151104T173051-0500",
      "duration" : 180.0,
      "distance" : 135.0,
      "steps" : 152,
      "trackPoints" : [ ]
    } ],
    "lastUpdate" : "20151105T011339Z"
  }, {
    "type" : "move",
    "startTime" : "20151104T181532-0500",
    "endTime" : "20151104T184230-0500",
    "activities" : [ {
      "activity" : "transport",
      "group" : "transport",
      "manual" : false,
      "startTime" : "20151104T181532-0500",
      "endTime" : "20151104T183723-0500",
      "duration" : 1311.0,
      "distance" : 6505.0,
      "trackPoints" : [ {
        "lat" : 40.7413242041,
        "lon" : -74.0021969426,
        "time" : "20151104T181532-0500"
      }, {
        "lat" : 40.7566922641,
        "lon" : -73.9901867615,
        "time" : "20151104T182208-0500"
      }, {
        "lat" : 40.7624876829,
        "lon" : -73.9859200876,
        "time" : "20151104T182441-0500"
      }, {
        "lat" : 40.762700706,
        "lon" : -73.985774549,
        "time" : "20151104T182525-0500"
      }, {
        "lat" : 40.7678419957,
        "lon" : -73.982326496,
        "time" : "20151104T182550-0500"
      }, {
        "lat" : 40.768770595,
        "lon" : -73.9818649637,
        "time" : "20151104T182610-0500"
      }, {
        "lat" : 40.7687860678,
        "lon" : -73.9818535882,
        "time" : "20151104T182629-0500"
      }, {
        "lat" : 40.768793753,
        "lon" : -73.9818493959,
        "time" : "20151104T182649-0500"
      }, {
        "lat" : 40.7688005757,
        "lon" : -73.9818461935,
        "time" : "20151104T182712-0500"
      }, {
        "lat" : 40.7688053247,
        "lon" : -73.9818439696,
        "time" : "20151104T182819-0500"
      }, {
        "lat" : 40.7688063558,
        "lon" : -73.9818435744,
        "time" : "20151104T182839-0500"
      }, {
        "lat" : 40.7688081022,
        "lon" : -73.9818428933,
        "time" : "20151104T182901-0500"
      }, {
        "lat" : 40.7688096216,
        "lon" : -73.9818423158,
        "time" : "20151104T182923-0500"
      }, {
        "lat" : 40.7688112694,
        "lon" : -73.9818416728,
        "time" : "20151104T182940-0500"
      }, {
        "lat" : 40.7688125098,
        "lon" : -73.9818412317,
        "time" : "20151104T183001-0500"
      }, {
        "lat" : 40.768813618,
        "lon" : -73.981840859,
        "time" : "20151104T183025-0500"
      }, {
        "lat" : 40.7688145542,
        "lon" : -73.981840549,
        "time" : "20151104T183047-0500"
      }, {
        "lat" : 40.7688153179,
        "lon" : -73.9818403318,
        "time" : "20151104T183111-0500"
      }, {
        "lat" : 40.7688128864,
        "lon" : -73.9818402982,
        "time" : "20151104T183131-0500"
      }, {
        "lat" : 40.7753086507,
        "lon" : -73.9768269156,
        "time" : "20151104T183305-0500"
      }, {
        "lat" : 40.7762216539,
        "lon" : -73.9761088221,
        "time" : "20151104T183336-0500"
      }, {
        "lat" : 40.7763463829,
        "lon" : -73.9760106368,
        "time" : "20151104T183401-0500"
      }, {
        "lat" : 40.7818632911,
        "lon" : -73.9721114544,
        "time" : "20151104T183452-0500"
      }, {
        "lat" : 40.7821384407,
        "lon" : -73.9719082695,
        "time" : "20151104T183515-0500"
      }, {
        "lat" : 40.7820770405,
        "lon" : -73.9719377846,
        "time" : "20151104T183538-0500"
      }, {
        "lat" : 40.7853228298,
        "lon" : -73.969523706,
        "time" : "20151104T183628-0500"
      }, {
        "lat" : 40.7855256666,
        "lon" : -73.9693762377,
        "time" : "20151104T183723-0500"
      } ]
    }, {
      "activity" : "walking",
      "group" : "walking",
      "manual" : false,
      "startTime" : "20151104T183723-0500",
      "endTime" : "20151104T184231-0500",
      "duration" : 308.0,
      "distance" : 329.0,
      "steps" : 472,
      "trackPoints" : [ {
        "lat" : 40.7855256666,
        "lon" : -73.9693762377,
        "time" : "20151104T183723-0500"
      }, {
        "lat" : 40.7855241151,
        "lon" : -73.9693211804,
        "time" : "20151104T183815-0500"
      }, {
        "lat" : 40.7853590653,
        "lon" : -73.9694459583,
        "time" : "20151104T183838-0500"
      }, {
        "lat" : 40.7853233497,
        "lon" : -73.9694613149,
        "time" : "20151104T183855-0500"
      }, {
        "lat" : 40.7851329838,
        "lon" : -73.9694037104,
        "time" : "20151104T183921-0500"
      }, {
        "lat" : 40.7849298337,
        "lon" : -73.9696437388,
        "time" : "20151104T183941-0500"
      }, {
        "lat" : 40.784806274,
        "lon" : -73.9700230673,
        "time" : "20151104T184005-0500"
      }, {
        "lat" : 40.784734582,
        "lon" : -73.9703347968,
        "time" : "20151104T184023-0500"
      }, {
        "lat" : 40.7849887572,
        "lon" : -73.9706369271,
        "time" : "20151104T184053-0500"
      }, {
        "lat" : 40.7850968535,
        "lon" : -73.9708603228,
        "time" : "20151104T184112-0500"
      }, {
        "lat" : 40.7852643733,
        "lon" : -73.9710754296,
        "time" : "20151104T184131-0500"
      }, {
        "lat" : 40.7853582569,
        "lon" : -73.9713787007,
        "time" : "20151104T184148-0500"
      }, {
        "lat" : 40.785468084,
        "lon" : -73.9717153268,
        "time" : "20151104T184207-0500"
      }, {
        "lat" : 40.7856121081,
        "lon" : -73.9720724825,
        "time" : "20151104T184230-0500"
      } ]
    } ],
    "lastUpdate" : "20151105T011339Z"
  }, {
    "type" : "place",
    "startTime" : "20151104T184231-0500",
    "endTime" : "20151104T185033-0500",
    "place" : {
      "id" : 276458640,
      "type" : "unknown",
      "location" : {
        "lat" : 40.7856121081,
        "lon" : -73.9720724825
      }
    },
    "lastUpdate" : "20151105T011339Z"
  }, {
    "type" : "move",
    "startTime" : "20151104T185033-0500",
    "endTime" : "20151104T185504-0500",
    "activities" : [ {
      "activity" : "walking",
      "group" : "walking",
      "manual" : false,
      "startTime" : "20151104T185033-0500",
      "endTime" : "20151104T185504-0500",
      "duration" : 271.0,
      "distance" : 217.0,
      "steps" : 396,
      "trackPoints" : [ {
        "lat" : 40.7856121081,
        "lon" : -73.9720724825,
        "time" : "20151104T185033-0500"
      }, {
        "lat" : 40.7857451058,
        "lon" : -73.9722634693,
        "time" : "20151104T185147-0500"
      }, {
        "lat" : 40.7859970178,
        "lon" : -73.9724585851,
        "time" : "20151104T185231-0500"
      }, {
        "lat" : 40.786123343,
        "lon" : -73.9724786552,
        "time" : "20151104T185251-0500"
      }, {
        "lat" : 40.7863828917,
        "lon" : -73.972430095,
        "time" : "20151104T185312-0500"
      }, {
        "lat" : 40.7865106534,
        "lon" : -73.9723949923,
        "time" : "20151104T185328-0500"
      }, {
        "lat" : 40.7866170814,
        "lon" : -73.9724811299,
        "time" : "20151104T185346-0500"
      }, {
        "lat" : 40.7867393414,
        "lon" : -73.9727515414,
        "time" : "20151104T185403-0500"
      }, {
        "lat" : 40.7868446812,
        "lon" : -73.9729912316,
        "time" : "20151104T185419-0500"
      }, {
        "lat" : 40.7869546444,
        "lon" : -73.9732856851,
        "time" : "20151104T185438-0500"
      }, {
        "lat" : 40.7869139082,
        "lon" : -73.9733281397,
        "time" : "20151104T185504-0500"
      } ]
    } ],
    "lastUpdate" : "20151105T011339Z"
  }, {
    "type" : "place",
    "startTime" : "20151104T185504-0500",
    "endTime" : "20151104T212843-0500",
    "place" : {
      "id" : 276517856,
      "type" : "unknown",
      "location" : {
        "lat" : 40.7869139082,
        "lon" : -73.9733281397
      }
    },
    "activities" : [ {
      "activity" : "walking",
      "group" : "walking",
      "manual" : false,
      "startTime" : "20151104T185954-0500",
      "endTime" : "20151104T190336-0500",
      "duration" : 222.0,
      "distance" : 204.0,
      "steps" : 275,
      "trackPoints" : [ ]
    }, {
      "activity" : "walking",
      "group" : "walking",
      "manual" : false,
      "startTime" : "20151104T200000-0500",
      "endTime" : "20151104T200253-0500",
      "duration" : 173.0,
      "distance" : 130.0,
      "steps" : 173,
      "trackPoints" : [ ]
    } ],
    "lastUpdate" : "20151105T042114Z"
  }, {
    "type" : "move",
    "startTime" : "20151104T212843-0500",
    "endTime" : "20151104T213333-0500",
    "activities" : [ {
      "activity" : "walking",
      "group" : "walking",
      "manual" : false,
      "startTime" : "20151104T212843-0500",
      "endTime" : "20151104T213332-0500",
      "duration" : 289.0,
      "distance" : 254.0,
      "steps" : 331,
      "trackPoints" : [ {
        "lat" : 40.7869139082,
        "lon" : -73.9733281397,
        "time" : "20151104T212843-0500"
      }, {
        "lat" : 40.7864155441,
        "lon" : -73.97241704,
        "time" : "20151104T213108-0500"
      }, {
        "lat" : 40.7860955387,
        "lon" : -73.9726326741,
        "time" : "20151104T213136-0500"
      }, {
        "lat" : 40.7859366582,
        "lon" : -73.9727381776,
        "time" : "20151104T213205-0500"
      }, {
        "lat" : 40.7858134024,
        "lon" : -73.9728071744,
        "time" : "20151104T213233-0500"
      }, {
        "lat" : 40.7859377129,
        "lon" : -73.9721540308,
        "time" : "20151104T213333-0500"
      } ]
    } ],
    "lastUpdate" : "20151105T042114Z"
  }, {
    "type" : "place",
    "startTime" : "20151104T213333-0500",
    "endTime" : "20151105T143649-0500",
    "place" : {
      "id" : 280840109,
      "type" : "unknown",
      "location" : {
        "lat" : 40.7859377129,
        "lon" : -73.9721540308
      }
    },
    "activities" : [ {
      "activity" : "walking",
      "group" : "walking",
      "manual" : false,
      "startTime" : "20151104T213509-0500",
      "endTime" : "20151104T213739-0500",
      "duration" : 150.0,
      "distance" : 151.0,
      "steps" : 202,
      "trackPoints" : [ ]
    }, {
      "activity" : "walking",
      "group" : "walking",
      "manual" : false,
      "startTime" : "20151104T231325-0500",
      "endTime" : "20151104T231355-0500",
      "duration" : 30.0,
      "distance" : 15.0,
      "steps" : 30,
      "trackPoints" : [ ]
    } ],
    "lastUpdate" : "20151105T193651Z"
  } ],
  "lastUpdate" : "20151105T193651Z"
}, {
  "date" : "20151105",
  "summary" : null,
  "segments" : [ {
    "type" : "place",
    "startTime" : "20151104T213333-0500",
    "endTime" : "20151105T143649-0500",
    "place" : {
      "id" : 280840109,
      "type" : "unknown",
      "location" : {
        "lat" : 40.7859377129,
        "lon" : -73.9721540308
      }
    },
    "lastUpdate" : "20151105T193651Z"
  } ],
  "lastUpdate" : "20151105T193651Z"
} ]