[ {
  "date" : "20151101",
  "summary" : [ {
    "activity" : "walking",
    "group" : "walking",
    "duration" : 6205.0,
    "distance" : 7765.0,
    "steps" : 10352
  } ],
  "segments" : [ {
    "type" : "place",
    "startTime" : "20151031T170617-0400",
    "endTime" : "20151101T010655-0400",
    "activities" : [ {
      "activity" : "walking",
      "group" : "walking",
      "manual" : false,
      "startTime" : "20151101T010255-0400",
      "endTime" : "20151101T010525-0400",
      "duration" : 150.0,
      "distance" : 159.0,
      "steps" : 212
    } ],
    "lastUpdate" : "20151105T152209Z"
  }, {
    "type" : "move",
    "startTime" : "20151101T010655-0400",
    "endTime" : "20151101T011004-0400",
    "activities" : [ {
      "activity" : "walking",
      "group" : "walking",
      "manual" : false,
      "startTime" : "20151101T010655-0400",
      "endTime" : "20151101T011004-0400",
      "duration" : 189.0,
      "distance" : 344.0,
      "steps" : 369
    } ],
    "lastUpdate" : "20151101T154541Z"
  }, {
    "type" : "move",
    "startTime" : "20151101T092336-0500",
    "endTime" : "20151101T094108-0500",
    "activities" : [ {
      "activity" : "walking",
      "group" : "walking",
      "manual" : false,
      "startTime" : "20151101T092336-0500",
      "endTime" : "20151101T094109-0500",
      "duration" : 1053.0,
      "distance" : 1512.0,
      "steps" : 1827
    } ],
    "lastUpdate" : "20151101T191336Z"
  }, {
    "type" : "place",
    "startTime" : "20151101T094109-0500",
    "endTime" : "20151101T102531-0500",
    "activities" : [ {
      "activity" : "walking",
      "group" : "walking",
      "manual" : false,
      "startTime" : "20151101T101654-0500",
      "endTime" : "20151101T101724-0500",
      "duration" : 30.0,
      "distance" : 25.0,
      "steps" : 50
    } ],
    "lastUpdate" : "20151102T000032Z"
  }, {
    "type" : "move",
    "startTime" : "20151101T102531-0500",
    "endTime" : "20151101T104742-0500",
    "activities" : [ {
      "activity" : "walking",
      "group" : "walking",
      "manual" : false,
      "startTime" : "20151101T102531-0500",
      "endTime" : "20151101T104742-0500",
      "duration" : 1331.0,
      "distance" : 1796.0,
      "steps" : 2240
    } ],
    "lastUpdate" : "20151101T191336Z"
  }, {
    "type" : "place",
    "startTime" : "20151101T104742-0500",
    "endTime" : "20151101T120029-0500",
    "activities" : [ {
      "activity" : "walking",
      "group" : "walking",
      "manual" : false,
      "startTime" : "20151101T104856-0500",
      "endTime" : "20151101T104926-0500",
      "duration" : 30.0,
      "distance" : 30.0,
      "steps" : 60
    }, {
      "activity" : "walking",
      "group" : "walking",
      "manual" : false,
      "startTime" : "20151101T110032-0500",
      "endTime" : "20151101T110202-0500",
      "duration" : 90.0,
      "distance" : 81.0,
      "steps" : 161
    } ],
    "lastUpdate" : "20151102T000158Z"
  }, {
    "type" : "move",
    "startTime" : "20151101T120029-0500",
    "endTime" : "20151101T122515-0500",
    "activities" : [ {
      "activity" : "walking",
      "group" : "walking",
      "manual" : false,
      "startTime" : "20151101T120029-0500",
      "endTime" : "20151101T122515-0500",
      "duration" : 1486.0,
      "distance" : 2118.0,
      "steps" : 2642
    } ],
    "lastUpdate" : "20151101T191336Z"
  }, {
    "type" : "place",
    "startTime" : "20151101T122515-0500",
    "endTime" : "20151101T122841-0500",
    "activities" : [ {
      "activity" : "walking",
      "group" : "walking",
      "manual" : false,
      "startTime" : "20151101T122643-0500",
      "endTime" : "20151101T122713-0500",
      "duration" : 30.0,
      "distance" : 25.0,
      "steps" : 50
    } ],
    "lastUpdate" : "20151101T191336Z"
  }, {
    "type" : "move",
    "startTime" : "20151101T122841-0500",
    "endTime" : "20151101T124016-0500",
    "activities" : [ {
      "activity" : "walking",
      "group" : "walking",
      "manual" : false,
      "startTime" : "20151101T122841-0500",
      "endTime" : "20151101T124015-0500",
      "duration" : 694.0,
      "distance" : 521.0,
      "steps" : 1042
    } ],
    "lastUpdate" : "20151101T191336Z"
  }, {
    "type" : "move",
    "startTime" : "20151101T202125-0500",
    "endTime" : "20151101T203037-0500",
    "activities" : [ {
      "activity" : "walking",
      "group" : "walking",
      "manual" : false,
      "startTime" : "20151101T202125-0500",
      "endTime" : "20151101T203037-0500",
      "duration" : 552.0,
      "distance" : 550.0,
      "steps" : 884
    } ],
    "lastUpdate" : "20151102T152737Z"
  }, {
    "type" : "place",
    "startTime" : "20151101T203037-0500",
    "endTime" : "20151102T000106-0500",
    "activities" : [ {
      "activity" : "walking",
      "group" : "walking",
      "manual" : false,
      "startTime" : "20151101T203106-0500",
      "endTime" : "20151101T203606-0500",
      "duration" : 300.0,
      "distance" : 370.0,
      "steps" : 493
    }, {
      "activity" : "walking",
      "group" : "walking",
      "manual" : false,
      "startTime" : "20151101T210207-0500",
      "endTime" : "20151101T210607-0500",
      "duration" : 240.0,
      "distance" : 219.0,
      "steps" : 292
    }, {
      "activity" : "walking",
      "group" : "walking",
      "manual" : false,
      "startTime" : "20151101T221233-0500",
      "endTime" : "20151101T221303-0500",
      "duration" : 30.0,
      "distance" : 15.0,
      "steps" : 30
    } ],
    "lastUpdate" : "20151102T160306Z"
  } ],
  "lastUpdate" : "20151105T152209Z"
}, {
  "date" : "20151102",
  "summary" : [ {
    "activity" : "walking",
    "group" : "walking",
    "duration" : 4643.0,
    "distance" : 4926.0,
    "steps" : 7344
  }, {
    "activity" : "running",
    "group" : "running",
    "duration" : 841.0,
    "distance" : 1893.0,
    "steps" : 2103
  } ],
  "segments" : [ {
    "type" : "place",
    "startTime" : "20151102T081359-0500",
    "endTime" : "20151102T085906-0500",
    "activities" : [ {
      "activity" : "walking",
      "group" : "walking",
      "manual" : false,
      "startTime" : "20151102T081359-0500",
      "endTime" : "20151102T082309-0500",
      "duration" : 550.0,
      "distance" : 883.0,
      "steps" : 1177
    }, {
      "activity" : "running",
      "group" : "running",
      "manual" : false,
      "startTime" : "20151102T081739-0500",
      "endTime" : "20151102T083140-0500",
      "duration" : 841.0,
      "distance" : 1893.0,
      "steps" : 2103
    } ],
    "lastUpdate" : "20151103T143803Z"
  }, {
    "type" : "move",
    "startTime" : "20151102T085906-0500",
    "endTime" : "20151102T090442-0500",
    "activities" : [ {
      "activity" : "walking",
      "group" : "walking",
      "manual" : false,
      "startTime" : "20151102T085906-0500",
      "endTime" : "20151102T090443-0500",
      "duration" : 337.0,
      "distance" : 484.0,
      "steps" : 738
    } ],
    "lastUpdate" : "20151102T160306Z"
  }, {
    "type" : "place",
    "startTime" : "20151102T090442-0500",
    "endTime" : "20151102T101445-0500",
    "activities" : [ {
      "activity" : "walking",
      "group" : "walking",
      "manual" : false,
      "startTime" : "20151102T100949-0500",
      "endTime" : "20151102T101019-0500",
      "duration" : 30.0,
      "distance" : 35.0,
      "steps" : 70
    } ],
    "lastUpdate" : "20151102T160306Z"
  }, {
    "type" : "move",
    "startTime" : "20151102T101445-0500",
    "endTime" : "20151102T102356-0500",
    "activities" : [ {
      "activity" : "walking",
      "group" : "walking",
      "manual" : false,
      "startTime" : "20151102T101445-0500",
      "endTime" : "20151102T102356-0500",
      "duration" : 551.0,
      "distance" : 513.0,
      "steps" : 1026
    } ],
    "lastUpdate" : "20151102T160306Z"
  }, {
    "type" : "place",
    "startTime" : "20151102T102356-0500",
    "endTime" : "20151102T234144-0500",
    "activities" : [ {
      "activity" : "walking",
      "group" : "walking",
      "manual" : false,
      "startTime" : "20151102T102550-0500",
      "endTime" : "20151102T102620-0500",
      "duration" : 30.0,
      "distance" : 25.0,
      "steps" : 50
    }, {
      "activity" : "walking",
      "group" : "walking",
      "manual" : false,
      "startTime" : "20151102T110033-0500",
      "endTime" : "20151102T110103-0500",
      "duration" : 30.0,
      "distance" : 30.0,
      "steps" : 60
    }, {
      "activity" : "walking",
      "group" : "walking",
      "manual" : false,
      "startTime" : "20151102T120313-0500",
      "endTime" : "20151102T120713-0500",
      "duration" : 240.0,
      "distance" : 317.0,
      "steps" : 423
    }, {
      "activity" : "walking",
      "group" : "walking",
      "manual" : false,
      "startTime" : "20151102T131309-0500",
      "endTime" : "20151102T131439-0500",
      "duration" : 90.0,
      "distance" : 75.0,
      "steps" : 151
    }, {
      "activity" : "walking",
      "group" : "walking",
      "manual" : false,
      "startTime" : "20151102T140453-0500",
      "endTime" : "20151102T141224-0500",
      "duration" : 451.0,
      "distance" : 514.0,
      "steps" : 685
    }, {
      "activity" : "walking",
      "group" : "walking",
      "manual" : false,
      "startTime" : "20151102T154435-0500",
      "endTime" : "20151102T155205-0500",
      "duration" : 450.0,
      "distance" : 377.0,
      "steps" : 503
    }, {
      "activity" : "walking",
      "group" : "walking",
      "manual" : false,
      "startTime" : "20151102T162907-0500",
      "endTime" : "20151102T163109-0500",
      "duration" : 122.0,
      "distance" : 122.0,
      "steps" : 163
    }, {
      "activity" : "walking",
      "group" : "walking",
      "manual" : false,
      "startTime" : "20151102T173849-0500",
      "endTime" : "20151102T174249-0500",
      "duration" : 240.0,
      "distance" : 332.0,
      "steps" : 442
    }, {
      "activity" : "walking",
      "group" : "walking",
      "manual" : false,
      "startTime" : "20151102T180050-0500",
      "endTime" : "20151102T180538-0500",
      "duration" : 288.0,
      "distance" : 273.0,
      "steps" : 364
    }, {
      "activity" : "walking",
      "group" : "walking",
      "manual" : false,
      "startTime" : "20151102T201846-0500",
      "endTime" : "20151102T202748-0500",
      "duration" : 542.0,
      "distance" : 506.0,
      "steps" : 675
    }, {
      "activity" : "walking",
      "group" : "walking",
      "manual" : false,
      "startTime" : "20151102T231838-0500",
      "endTime" : "20151102T231908-0500",
      "duration" : 30.0,
      "distance" : 20.0,
      "steps" : 40
    } ],
    "lastUpdate" : "20151105T152209Z"
  }, {
    "type" : "move",
    "startTime" : "20151102T234144-0500",
    "endTime" : "20151102T235247-0500",
    "activities" : [ {
      "activity" : "walking",
      "group" : "walking",
      "manual" : false,
      "startTime" : "20151102T234144-0500",
      "endTime" : "20151102T235246-0500",
      "duration" : 662.0,
      "distance" : 420.0,
      "steps" : 777
    } ],
    "lastUpdate" : "20151103T140053Z"
  } ],
  "lastUpdate" : "20151105T152209Z"
}, {
  "date" : "20151103",
  "summary" : [ {
    "activity" : "walking",
    "group" : "walking",
    "duration" : 654.0,
    "distance" : 723.0,
    "steps" : 1068
  } ],
  "segments" : [ {
    "type" : "place",
    "startTime" : "20151103T090110-0500",
    "endTime" : "20151104T010042-0500",
    "activities" : [ {
      "activity" : "walking",
      "group" : "walking",
      "manual" : false,
      "startTime" : "20151103T093753-0500",
      "endTime" : "20151103T094247-0500",
      "duration" : 294.0,
      "distance" : 372.0,
      "steps" : 497
    }, {
      "activity" : "walking",
      "group" : "walking",
      "manual" : false,
      "startTime" : "20151103T100413-0500",
      "endTime" : "20151103T100443-0500",
      "duration" : 30.0,
      "distance" : 25.0,
      "steps" : 50
    }, {
      "activity" : "walking",
      "group" : "walking",
      "manual" : false,
      "startTime" : "20151103T133251-0500",
      "endTime" : "20151103T133321-0500",
      "duration" : 30.0,
      "distance" : 30.0,
      "steps" : 60
    }, {
      "activity" : "walking",
      "group" : "walking",
      "manual" : false,
      "startTime" : "20151103T190030-0500",
      "endTime" : "20151103T190330-0500",
      "duration" : 180.0,
      "distance" : 196.0,
      "steps" : 261
    }, {
      "activity" : "walking",
      "group" : "walking",
      "manual" : false,
      "startTime" : "20151103T201329-0500",
      "endTime" : "20151103T201359-0500",
      "duration" : 30.0,
      "distance" : 25.0,
      "steps" : 50
    }, {
      "activity" : "walking",
      "group" : "walking",
      "manual" : false,
      "startTime" : "20151103T210720-0500",
      "endTime" : "20151103T210750-0500",
      "duration" : 30.0,
      "distance" : 20.0,
      "steps" : 40
    }, {
      "activity" : "walking",
      "group" : "walking",
      "manual" : false,
      "startTime" : "20151103T234135-0500",
      "endTime" : "20151103T234235-0500",
      "duration" : 60.0,
      "distance" : 55.0,
      "steps" : 110
    } ],
    "lastUpdate" : "20151104T160606Z"
  } ],
  "lastUpdate" : "20151104T160606Z"
}, {
  "date" : "20151104",
  "summary" : [ {
    "activity" : "walking",
    "group" : "walking",
    "duration" : 3086.0,
    "distance" : 3105.0,
    "steps" : 4721
  } ],
  "segments" : [ {
    "type" : "place",
    "startTime" : "20151103T090110-0500",
    "endTime" : "20151104T010042-0500",
    "activities" : [ {
      "activity" : "walking",
      "group" : "walking",
      "manual" : false,
      "startTime" : "20151104T005610-0500",
      "endTime" : "20151104T005640-0500",
      "duration" : 30.0,
      "distance" : 20.0,
      "steps" : 40
    } ],
    "lastUpdate" : "20151104T160606Z"
  }, {
    "type" : "move",
    "startTime" : "20151104T010042-0500",
    "endTime" : "20151104T011028-0500",
    "activities" : [ {
      "activity" : "walking",
      "group" : "walking",
      "manual" : false,
      "startTime" : "20151104T010042-0500",
      "endTime" : "20151104T011028-0500",
      "duration" : 586.0,
      "distance" : 516.0,
      "steps" : 746
    } ],
    "lastUpdate" : "20151104T160538Z"
  }, {
    "type" : "place",
    "startTime" : "20151104T094854-0500",
    "endTime" : "20151104T213932-0500",
    "activities" : [ {
      "activity" : "walking",
      "group" : "walking",
      "manual" : false,
      "startTime" : "20151104T112335-0500",
      "endTime" : "20151104T112605-0500",
      "duration" : 150.0,
      "distance" : 196.0,
      "steps" : 262
    }, {
      "activity" : "walking",
      "group" : "walking",
      "manual" : false,
      "startTime" : "20151104T121815-0500",
      "endTime" : "20151104T121945-0500",
      "duration" : 90.0,
      "distance" : 75.0,
      "steps" : 151
    }, {
      "activity" : "walking",
      "group" : "walking",
      "manual" : false,
      "startTime" : "20151104T135204-0500",
      "endTime" : "20151104T135307-0500",
      "duration" : 63.0,
      "distance" : 42.0,
      "steps" : 85
    }, {
      "activity" : "walking",
      "group" : "walking",
      "manual" : false,
      "startTime" : "20151104T140614-0500",
      "endTime" : "20151104T141014-0500",
      "duration" : 240.0,
      "distance" : 294.0,
      "steps" : 392
    }, {
      "activity" : "walking",
      "group" : "walking",
      "manual" : false,
      "startTime" : "20151104T164817-0500",
      "endTime" : "20151104T164958-0500",
      "duration" : 101.0,
      "distance" : 93.0,
      "steps" : 186
    }, {
      "activity" : "walking",
      "group" : "walking",
      "manual" : false,
      "startTime" : "20151104T170000-0500",
      "endTime" : "20151104T170549-0500",
      "duration" : 349.0,
      "distance" : 373.0,
      "steps" : 498
    }, {
      "activity" : "walking",
      "group" : "walking",
      "manual" : false,
      "startTime" : "20151104T183347-0500",
      "endTime" : "20151104T183517-0500",
      "duration" : 90.0,
      "distance" : 65.0,
      "steps" : 131
    }, {
      "activity" : "walking",
      "group" : "walking",
      "manual" : false,
      "startTime" : "20151104T200841-0500",
      "endTime" : "20151104T200911-0500",
      "duration" : 30.0,
      "distance" : 15.0,
      "steps" : 20
    }, {
      "activity" : "walking",
      "group" : "walking",
      "manual" : false,
      "startTime" : "20151104T210626-0500",
      "endTime" : "20151104T210656-0500",
      "duration" : 30.0,
      "distance" : 25.0,
      "steps" : 50
    } ],
    "lastUpdate" : "20151105T152209Z"
  }, {
    "type" : "move",
    "startTime" : "20151104T213932-0500",
    "endTime" : "20151104T214836-0500",
    "activities" : [ {
      "activity" : "walking",
      "group" : "walking",
      "manual" : false,
      "startTime" : "20151104T213932-0500",
      "endTime" : "20151104T214836-0500",
      "duration" : 544.0,
      "distance" : 552.0,
      "steps" : 860
    } ],
    "lastUpdate" : "20151105T033612Z"
  }, {
    "type" : "move",
    "startTime" : "20151104T215134-0500",
    "endTime" : "20151104T215806-0500",
    "activities" : [ {
      "activity" : "walking",
      "group" : "walking",
      "manual" : false,
      "startTime" : "20151104T215134-0500",
      "endTime" : "20151104T215806-0500",
      "duration" : 392.0,
      "distance" : 389.0,
      "steps" : 687
    } ],
    "lastUpdate" : "20151105T033612Z"
  }, {
    "type" : "place",
    "startTime" : "20151104T215806-0500",
    "endTime" : "20151105T024518-0500",
    "activities" : [ {
      "activity" : "walking",
      "group" : "walking",
      "manual" : false,
      "startTime" : "20151104T215935-0500",
      "endTime" : "20151104T220336-0500",
      "duration" : 241.0,
      "distance" : 269.0,
      "steps" : 372
    }, {
      "activity" : "walking",
      "group" : "walking",
      "manual" : false,
      "startTime" : "20151104T230540-0500",
      "endTime" : "20151104T230810-0500",
      "duration" : 150.0,
      "distance" : 181.0,
      "steps" : 241
    } ],
    "lastUpdate" : "20151105T152209Z"
  } ],
  "lastUpdate" : "20151105T152209Z"
}, {
  "date" : "20151105",
  "summary" : [ {
    "activity" : "walking",
    "group" : "walking",
    "duration" : 812.0,
    "distance" : 971.0,
    "steps" : 1514
  } ],
  "segments" : [ {
    "type" : "place",
    "startTime" : "20151104T215806-0500",
    "endTime" : "20151105T024518-0500",
    "activities" : [ {
      "activity" : "walking",
      "group" : "walking",
      "manual" : false,
      "startTime" : "20151105T001922-0500",
      "endTime" : "20151105T001952-0500",
      "duration" : 30.0,
      "distance" : 35.0,
      "steps" : 70
    }, {
      "activity" : "walking",
      "group" : "walking",
      "manual" : false,
      "startTime" : "20151105T021928-0500",
      "endTime" : "20151105T022131-0500",
      "duration" : 123.0,
      "distance" : 163.0,
      "steps" : 217
    } ],
    "lastUpdate" : "20151105T152209Z"
  }, {
    "type" : "move",
    "startTime" : "20151105T024518-0500",
    "endTime" : "20151105T024924-0500",
    "activities" : [ {
      "activity" : "walking",
      "group" : "walking",
      "manual" : false,
      "startTime" : "20151105T024518-0500",
      "endTime" : "20151105T024924-0500",
      "duration" : 246.0,
      "distance" : 354.0,
      "steps" : 463
    } ],
    "lastUpdate" : "20151105T152146Z"
  }, {
    "type" : "place",
    "startTime" : "20151105T024924-0500",
    "endTime" : "20151105T025421-0500",
    "activities" : [ {
      "activity" : "walking",
      "group" : "walking",
      "manual" : false,
      "startTime" : "20151105T025152-0500",
      "endTime" : "20151105T025222-0500",
      "duration" : 30.0,
      "distance" : 15.0,
      "steps" : 30
    } ],
    "lastUpdate" : "20151105T152146Z"
  }, {
    "type" : "move",
    "startTime" : "20151105T095315-0500",
    "endTime" : "20151105T095937-0500",
    "activities" : [ {
      "activity" : "walking",
      "group" : "walking",
      "manual" : false,
      "startTime" : "20151105T095315-0500",
      "endTime" : "20151105T095938-0500",
      "duration" : 383.0,
      "distance" : 404.0,
      "steps" : 734
    } ],
    "lastUpdate" : "20151105T152146Z"
  } ],
  "lastUpdate" : "20151105T152209Z"
} ]