[ {
  "date" : "20151102",
  "summary" : [ {
    "activity" : "walking",
    "group" : "walking",
    "duration" : 2140.0,
    "distance" : 2618.0,
    "steps" : 2954
  } ],
  "segments" : [ {
    "type" : "place",
    "startTime" : "20151101T212707-0500",
    "endTime" : "20151102T091837-0500",
    "activities" : [ {
      "activity" : "walking",
      "group" : "walking",
      "manual" : false,
      "startTime" : "20151102T080845-0500",
      "endTime" : "20151102T081256-0500",
      "duration" : 251.0,
      "distance" : 290.0,
      "steps" : 386
    }, {
      "activity" : "walking",
      "group" : "walking",
      "manual" : false,
      "startTime" : "20151102T091646-0500",
      "endTime" : "20151102T091709-0500",
      "duration" : 23.0,
      "distance" : 16.0,
      "steps" : 31
    } ],
    "lastUpdate" : "20151102T161754Z"
  }, {
    "type" : "move",
    "startTime" : "20151102T091837-0500",
    "endTime" : "20151102T092438-0500",
    "activities" : [ {
      "activity" : "walking",
      "group" : "walking",
      "manual" : false,
      "startTime" : "20151102T091837-0500",
      "endTime" : "20151102T092437-0500",
      "duration" : 360.0,
      "distance" : 541.0,
      "steps" : 451
    } ],
    "lastUpdate" : "20151102T161754Z"
  }, {
    "type" : "place",
    "startTime" : "20151102T092438-0500",
    "endTime" : "20151102T095141-0500",
    "activities" : [ {
      "activity" : "walking",
      "group" : "walking",
      "manual" : false,
      "startTime" : "20151102T092438-0500",
      "endTime" : "20151102T092600-0500",
      "duration" : 82.0,
      "distance" : 64.0,
      "steps" : 128
    } ],
    "lastUpdate" : "20151102T161754Z"
  }, {
    "type" : "move",
    "startTime" : "20151102T095141-0500",
    "endTime" : "20151102T095919-0500",
    "activities" : [ {
      "activity" : "walking",
      "group" : "walking",
      "manual" : false,
      "startTime" : "20151102T095141-0500",
      "endTime" : "20151102T095919-0500",
      "duration" : 458.0,
      "distance" : 819.0,
      "steps" : 683
    } ],
    "lastUpdate" : "20151102T161754Z"
  }, {
    "type" : "place",
    "startTime" : "20151102T095919-0500",
    "endTime" : "20151103T145225-0500",
    "activities" : [ {
      "activity" : "walking",
      "group" : "walking",
      "manual" : false,
      "startTime" : "20151102T102852-0500",
      "endTime" : "20151102T103022-0500",
      "duration" : 90.0,
      "distance" : 79.0,
      "steps" : 157
    }, {
      "activity" : "walking",
      "group" : "walking",
      "manual" : false,
      "startTime" : "20151102T113014-0500",
      "endTime" : "20151102T113517-0500",
      "duration" : 303.0,
      "distance" : 250.0,
      "steps" : 334
    }, {
      "activity" : "walking",
      "group" : "walking",
      "manual" : false,
      "startTime" : "20151102T120404-0500",
      "endTime" : "20151102T120534-0500",
      "duration" : 90.0,
      "distance" : 45.0,
      "steps" : 84
    }, {
      "activity" : "walking",
      "group" : "walking",
      "manual" : false,
      "startTime" : "20151102T130006-0500",
      "endTime" : "20151102T130406-0500",
      "duration" : 240.0,
      "distance" : 244.0,
      "steps" : 326
    }, {
      "activity" : "walking",
      "group" : "walking",
      "manual" : false,
      "startTime" : "20151102T142305-0500",
      "endTime" : "20151102T142638-0500",
      "duration" : 213.0,
      "distance" : 250.0,
      "steps" : 334
    }, {
      "activity" : "walking",
      "group" : "walking",
      "manual" : false,
      "startTime" : "20151102T154730-0500",
      "endTime" : "20151102T154800-0500",
      "duration" : 30.0,
      "distance" : 20.0,
      "steps" : 40
    } ],
    "lastUpdate" : "20151103T212825Z"
  } ],
  "lastUpdate" : "20151103T212825Z"
}, {
  "date" : "20151103",
  "summary" : [ {
    "activity" : "walking",
    "group" : "walking",
    "duration" : 1686.0,
    "distance" : 2118.0,
    "steps" : 2421
  } ],
  "segments" : [ {
    "type" : "place",
    "startTime" : "20151102T095919-0500",
    "endTime" : "20151103T145225-0500",
    "activities" : [ {
      "activity" : "walking",
      "group" : "walking",
      "manual" : false,
      "startTime" : "20151103T121516-0500",
      "endTime" : "20151103T121546-0500",
      "duration" : 30.0,
      "distance" : 20.0,
      "steps" : 40
    } ],
    "lastUpdate" : "20151103T212825Z"
  }, {
    "type" : "place",
    "startTime" : "20151103T145226-0500",
    "endTime" : "20151103T181517-0500",
    "activities" : [ {
      "activity" : "walking",
      "group" : "walking",
      "manual" : false,
      "startTime" : "20151103T163512-0500",
      "endTime" : "20151103T163611-0500",
      "duration" : 59.0,
      "distance" : 44.0,
      "steps" : 89
    }, {
      "activity" : "walking",
      "group" : "walking",
      "manual" : false,
      "startTime" : "20151103T175604-0500",
      "endTime" : "20151103T175637-0500",
      "duration" : 33.0,
      "distance" : 30.0,
      "steps" : 61
    } ],
    "lastUpdate" : "20151103T234558Z"
  }, {
    "type" : "move",
    "startTime" : "20151103T181517-0500",
    "endTime" : "20151103T182110-0500",
    "activities" : [ {
      "activity" : "walking",
      "group" : "walking",
      "manual" : false,
      "startTime" : "20151103T181517-0500",
      "endTime" : "20151103T182110-0500",
      "duration" : 353.0,
      "distance" : 526.0,
      "steps" : 438
    } ],
    "lastUpdate" : "20151103T234558Z"
  }, {
    "type" : "move",
    "startTime" : "20151103T182110-0500",
    "endTime" : "20151103T182350-0500",
    "activities" : [ {
      "activity" : "walking",
      "group" : "walking",
      "manual" : false,
      "startTime" : "20151103T182110-0500",
      "endTime" : "20151103T182351-0500",
      "duration" : 161.0,
      "distance" : 80.0,
      "steps" : 124
    } ],
    "lastUpdate" : "20151104T011802Z"
  }, {
    "type" : "place",
    "startTime" : "20151103T182351-0500",
    "endTime" : "20151103T203822-0500",
    "activities" : [ {
      "activity" : "walking",
      "group" : "walking",
      "manual" : false,
      "startTime" : "20151103T182909-0500",
      "endTime" : "20151103T183009-0500",
      "duration" : 60.0,
      "distance" : 42.0,
      "steps" : 84
    }, {
      "activity" : "walking",
      "group" : "walking",
      "manual" : false,
      "startTime" : "20151103T203050-0500",
      "endTime" : "20151103T203420-0500",
      "duration" : 210.0,
      "distance" : 250.0,
      "steps" : 334
    } ],
    "lastUpdate" : "20151104T025040Z"
  }, {
    "type" : "move",
    "startTime" : "20151103T203822-0500",
    "endTime" : "20151103T205027-0500",
    "activities" : [ {
      "activity" : "walking",
      "group" : "walking",
      "manual" : false,
      "startTime" : "20151103T203822-0500",
      "endTime" : "20151103T205027-0500",
      "duration" : 725.0,
      "distance" : 1075.0,
      "steps" : 1150
    } ],
    "lastUpdate" : "20151104T025040Z"
  }, {
    "type" : "place",
    "startTime" : "20151103T205027-0500",
    "endTime" : "20151103T215842-0500",
    "activities" : [ {
      "activity" : "walking",
      "group" : "walking",
      "manual" : false,
      "startTime" : "20151103T205027-0500",
      "endTime" : "20151103T205122-0500",
      "duration" : 55.0,
      "distance" : 51.0,
      "steps" : 101
    } ],
    "lastUpdate" : "20151104T083443Z"
  } ],
  "lastUpdate" : "20151104T143722Z"
}, {
  "date" : "20151104",
  "summary" : [ {
    "activity" : "walking",
    "group" : "walking",
    "duration" : 3248.0,
    "distance" : 3643.0,
    "steps" : 4382
  }, {
    "activity" : "transport",
    "group" : "transport",
    "duration" : 2311.0,
    "distance" : 11961.0
  } ],
  "segments" : [ {
    "type" : "place",
    "startTime" : "20151103T225607-0500",
    "endTime" : "20151104T091312-0500",
    "activities" : [ {
      "activity" : "walking",
      "group" : "walking",
      "manual" : false,
      "startTime" : "20151104T081011-0500",
      "endTime" : "20151104T081411-0500",
      "duration" : 240.0,
      "distance" : 266.0,
      "steps" : 354
    } ],
    "lastUpdate" : "20151104T143722Z"
  }, {
    "type" : "move",
    "startTime" : "20151104T091312-0500",
    "endTime" : "20151104T091644-0500",
    "activities" : [ {
      "activity" : "walking",
      "group" : "walking",
      "manual" : false,
      "startTime" : "20151104T091312-0500",
      "endTime" : "20151104T091644-0500",
      "duration" : 212.0,
      "distance" : 394.0,
      "steps" : 329
    } ],
    "lastUpdate" : "20151104T143722Z"
  }, {
    "type" : "move",
    "startTime" : "20151104T091644-0500",
    "endTime" : "20151104T091837-0500",
    "activities" : [ {
      "activity" : "walking",
      "group" : "walking",
      "manual" : false,
      "startTime" : "20151104T091644-0500",
      "endTime" : "20151104T091838-0500",
      "duration" : 114.0,
      "distance" : 63.0,
      "steps" : 126
    } ],
    "lastUpdate" : "20151104T160712Z"
  }, {
    "type" : "place",
    "startTime" : "20151104T091838-0500",
    "endTime" : "20151104T093043-0500",
    "activities" : [ {
      "activity" : "walking",
      "group" : "walking",
      "manual" : false,
      "startTime" : "20151104T092053-0500",
      "endTime" : "20151104T092142-0500",
      "duration" : 49.0,
      "distance" : 24.0,
      "steps" : 0
    } ],
    "lastUpdate" : "20151104T160712Z"
  }, {
    "type" : "move",
    "startTime" : "20151104T093043-0500",
    "endTime" : "20151104T095455-0500",
    "activities" : [ {
      "activity" : "transport",
      "group" : "transport",
      "manual" : false,
      "startTime" : "20151104T093043-0500",
      "endTime" : "20151104T094723-0500",
      "duration" : 1000.0,
      "distance" : 5456.0
    }, {
      "activity" : "walking",
      "group" : "walking",
      "manual" : false,
      "startTime" : "20151104T094723-0500",
      "endTime" : "20151104T095455-0500",
      "duration" : 452.0,
      "distance" : 902.0,
      "steps" : 751
    } ],
    "lastUpdate" : "20151104T160712Z"
  }, {
    "type" : "place",
    "startTime" : "20151104T095456-0500",
    "endTime" : "20151104T181532-0500",
    "activities" : [ {
      "activity" : "walking",
      "group" : "walking",
      "manual" : false,
      "startTime" : "20151104T101430-0500",
      "endTime" : "20151104T101530-0500",
      "duration" : 60.0,
      "distance" : 41.0,
      "steps" : 83
    }, {
      "activity" : "walking",
      "group" : "walking",
      "manual" : false,
      "startTime" : "20151104T121430-0500",
      "endTime" : "20151104T121500-0500",
      "duration" : 30.0,
      "distance" : 25.0,
      "steps" : 50
    }, {
      "activity" : "walking",
      "group" : "walking",
      "manual" : false,
      "startTime" : "20151104T130820-0500",
      "endTime" : "20151104T131120-0500",
      "duration" : 180.0,
      "distance" : 228.0,
      "steps" : 304
    }, {
      "activity" : "walking",
      "group" : "walking",
      "manual" : false,
      "startTime" : "20151104T161138-0500",
      "endTime" : "20151104T161626-0500",
      "duration" : 288.0,
      "distance" : 265.0,
      "steps" : 354
    }, {
      "activity" : "walking",
      "group" : "walking",
      "manual" : false,
      "startTime" : "20151104T172751-0500",
      "endTime" : "20151104T173051-0500",
      "duration" : 180.0,
      "distance" : 135.0,
      "steps" : 152
    } ],
    "lastUpdate" : "20151105T011339Z"
  }, {
    "type" : "move",
    "startTime" : "20151104T181532-0500",
    "endTime" : "20151104T184230-0500",
    "activities" : [ {
      "activity" : "transport",
      "group" : "transport",
      "manual" : false,
      "startTime" : "20151104T181532-0500",
      "endTime" : "20151104T183723-0500",
      "duration" : 1311.0,
      "distance" : 6505.0
    }, {
      "activity" : "walking",
      "group" : "walking",
      "manual" : false,
      "startTime" : "20151104T183723-0500",
      "endTime" : "20151104T184231-0500",
      "duration" : 308.0,
      "distance" : 329.0,
      "steps" : 472
    } ],
    "lastUpdate" : "20151105T011339Z"
  }, {
    "type" : "move",
    "startTime" : "20151104T185033-0500",
    "endTime" : "20151104T185504-0500",
    "activities" : [ {
      "activity" : "walking",
      "group" : "walking",
      "manual" : false,
      "startTime" : "20151104T185033-0500",
      "endTime" : "20151104T185504-0500",
      "duration" : 271.0,
      "distance" : 217.0,
      "steps" : 396
    } ],
    "lastUpdate" : "20151105T011339Z"
  }, {
    "type" : "place",
    "startTime" : "20151104T185504-0500",
    "endTime" : "20151104T212843-0500",
    "activities" : [ {
      "activity" : "walking",
      "group" : "walking",
      "manual" : false,
      "startTime" : "20151104T185954-0500",
      "endTime" : "20151104T190336-0500",
      "duration" : 222.0,
      "distance" : 204.0,
      "steps" : 275
    }, {
      "activity" : "walking",
      "group" : "walking",
      "manual" : false,
      "startTime" : "20151104T200000-0500",
      "endTime" : "20151104T200253-0500",
      "duration" : 173.0,
      "distance" : 130.0,
      "steps" : 173
    } ],
    "lastUpdate" : "20151105T042114Z"
  }, {
    "type" : "move",
    "startTime" : "20151104T212843-0500",
    "endTime" : "20151104T213333-0500",
    "activities" : [ {
      "activity" : "walking",
      "group" : "walking",
      "manual" : false,
      "startTime" : "20151104T212843-0500",
      "endTime" : "20151104T213332-0500",
      "duration" : 289.0,
      "distance" : 254.0,
      "steps" : 331
    } ],
    "lastUpdate" : "20151105T042114Z"
  }, {
    "type" : "place",
    "startTime" : "20151104T213333-0500",
    "endTime" : "20151105T143649-0500",
    "activities" : [ {
      "activity" : "walking",
      "group" : "walking",
      "manual" : false,
      "startTime" : "20151104T213509-0500",
      "endTime" : "20151104T213739-0500",
      "duration" : 150.0,
      "distance" : 151.0,
      "steps" : 202
    }, {
      "activity" : "walking",
      "group" : "walking",
      "manual" : false,
      "startTime" : "20151104T231325-0500",
      "endTime" : "20151104T231355-0500",
      "duration" : 30.0,
      "distance" : 15.0,
      "steps" : 30
    } ],
    "lastUpdate" : "20151105T193651Z"
  } ],
  "lastUpdate" : "20151105T193651Z"
}, {
  "date" : "20151105",
  "summary" : null,
  "segments" : null,
  "lastUpdate" : "20151105T193651Z"
} ]