[ {
  "date" : "20151026",
  "summary" : [ {
    "activity" : "walking",
    "group" : "walking",
    "duration" : 4813.0,
    "distance" : 5439.0,
    "steps" : 6246
  }, {
    "activity" : "transport",
    "group" : "transport",
    "duration" : 2252.0,
    "distance" : 14303.0
  } ],
  "segments" : [ {
    "type" : "move",
    "startTime" : "20151026T080903-0400",
    "endTime" : "20151026T081503-0400",
    "activities" : [ {
      "activity" : "walking",
      "group" : "walking",
      "manual" : false,
      "startTime" : "20151026T080903-0400",
      "endTime" : "20151026T081504-0400",
      "duration" : 361.0,
      "distance" : 203.0,
      "steps" : 405
    } ],
    "lastUpdate" : "20151026T134810Z"
  }, {
    "type" : "move",
    "startTime" : "20151026T090004-0400",
    "endTime" : "20151026T090618-0400",
    "activities" : [ {
      "activity" : "walking",
      "group" : "walking",
      "manual" : false,
      "startTime" : "20151026T090004-0400",
      "endTime" : "20151026T090619-0400",
      "duration" : 375.0,
      "distance" : 432.0,
      "steps" : 449
    } ],
    "lastUpdate" : "20151026T134810Z"
  }, {
    "type" : "place",
    "startTime" : "20151026T090619-0400",
    "endTime" : "20151026T092008-0400",
    "activities" : [ {
      "activity" : "walking",
      "group" : "walking",
      "manual" : false,
      "startTime" : "20151026T090619-0400",
      "endTime" : "20151026T090821-0400",
      "duration" : 122.0,
      "distance" : 125.0,
      "steps" : 167
    } ],
    "lastUpdate" : "20151026T134810Z"
  }, {
    "type" : "move",
    "startTime" : "20151026T092008-0400",
    "endTime" : "20151026T093009-0400",
    "activities" : [ {
      "activity" : "transport",
      "group" : "transport",
      "manual" : false,
      "startTime" : "20151026T092008-0400",
      "endTime" : "20151026T092319-0400",
      "duration" : 191.0,
      "distance" : 6364.0
    }, {
      "activity" : "walking",
      "group" : "walking",
      "manual" : false,
      "startTime" : "20151026T092319-0400",
      "endTime" : "20151026T093009-0400",
      "duration" : 410.0,
      "distance" : 618.0,
      "steps" : 515
    } ],
    "lastUpdate" : "20151026T134810Z"
  }, {
    "type" : "place",
    "startTime" : "20151026T093009-0400",
    "endTime" : "20151026T130126-0400",
    "activities" : [ {
      "activity" : "walking",
      "group" : "walking",
      "manual" : false,
      "startTime" : "20151026T093210-0400",
      "endTime" : "20151026T093303-0400",
      "duration" : 53.0,
      "distance" : 36.0,
      "steps" : 71
    }, {
      "activity" : "walking",
      "group" : "walking",
      "manual" : false,
      "startTime" : "20151026T114720-0400",
      "endTime" : "20151026T114805-0400",
      "duration" : 45.0,
      "distance" : 36.0,
      "steps" : 71
    }, {
      "activity" : "walking",
      "group" : "walking",
      "manual" : false,
      "startTime" : "20151026T120407-0400",
      "endTime" : "20151026T120551-0400",
      "duration" : 104.0,
      "distance" : 70.0,
      "steps" : 139
    } ],
    "lastUpdate" : "20151026T183035Z"
  }, {
    "type" : "move",
    "startTime" : "20151026T130126-0400",
    "endTime" : "20151026T130731-0400",
    "activities" : [ {
      "activity" : "walking",
      "group" : "walking",
      "manual" : false,
      "startTime" : "20151026T130126-0400",
      "endTime" : "20151026T130732-0400",
      "duration" : 366.0,
      "distance" : 474.0,
      "steps" : 461
    } ],
    "lastUpdate" : "20151026T183035Z"
  }, {
    "type" : "move",
    "startTime" : "20151026T131648-0400",
    "endTime" : "20151026T132330-0400",
    "activities" : [ {
      "activity" : "walking",
      "group" : "walking",
      "manual" : false,
      "startTime" : "20151026T131648-0400",
      "endTime" : "20151026T132330-0400",
      "duration" : 402.0,
      "distance" : 378.0,
      "steps" : 499
    } ],
    "lastUpdate" : "20151026T183035Z"
  }, {
    "type" : "place",
    "startTime" : "20151026T132330-0400",
    "endTime" : "20151026T162153-0400",
    "activities" : [ {
      "activity" : "walking",
      "group" : "walking",
      "manual" : false,
      "startTime" : "20151026T132540-0400",
      "endTime" : "20151026T132800-0400",
      "duration" : 140.0,
      "distance" : 164.0,
      "steps" : 219
    }, {
      "activity" : "walking",
      "group" : "walking",
      "manual" : false,
      "startTime" : "20151026T141614-0400",
      "endTime" : "20151026T141915-0400",
      "duration" : 181.0,
      "distance" : 203.0,
      "steps" : 271
    } ],
    "lastUpdate" : "20151026T233036Z"
  }, {
    "type" : "place",
    "startTime" : "20151026T175957-0400",
    "endTime" : "20151026T183357-0400",
    "activities" : [ {
      "activity" : "walking",
      "group" : "walking",
      "manual" : false,
      "startTime" : "20151026T181204-0400",
      "endTime" : "20151026T181505-0400",
      "duration" : 181.0,
      "distance" : 198.0,
      "steps" : 264
    } ],
    "lastUpdate" : "20151026T233036Z"
  }, {
    "type" : "move",
    "startTime" : "20151026T183357-0400",
    "endTime" : "20151026T190847-0400",
    "activities" : [ {
      "activity" : "transport",
      "group" : "transport",
      "manual" : false,
      "startTime" : "20151026T183357-0400",
      "endTime" : "20151026T184847-0400",
      "duration" : 890.0,
      "distance" : 4607.0
    }, {
      "activity" : "walking",
      "group" : "walking",
      "manual" : false,
      "startTime" : "20151026T184847-0400",
      "endTime" : "20151026T185247-0400",
      "duration" : 240.0,
      "distance" : 140.0,
      "steps" : 255
    }, {
      "activity" : "transport",
      "group" : "transport",
      "manual" : false,
      "startTime" : "20151026T185248-0400",
      "endTime" : "20151026T185818-0400",
      "duration" : 330.0,
      "distance" : 1390.0
    }, {
      "activity" : "walking",
      "group" : "walking",
      "manual" : false,
      "startTime" : "20151026T185818-0400",
      "endTime" : "20151026T190848-0400",
      "duration" : 630.0,
      "distance" : 612.0,
      "steps" : 724
    } ],
    "lastUpdate" : "20151026T233036Z"
  }, {
    "type" : "place",
    "startTime" : "20151026T190848-0400",
    "endTime" : "20151026T212454-0400",
    "activities" : [ {
      "activity" : "walking",
      "group" : "walking",
      "manual" : false,
      "startTime" : "20151026T211114-0400",
      "endTime" : "20151026T211320-0400",
      "duration" : 126.0,
      "distance" : 126.0,
      "steps" : 168
    } ],
    "lastUpdate" : "20151027T023523Z"
  }, {
    "type" : "move",
    "startTime" : "20151026T212454-0400",
    "endTime" : "20151026T215633-0400",
    "activities" : [ {
      "activity" : "walking",
      "group" : "walking",
      "manual" : false,
      "startTime" : "20151026T212454-0400",
      "endTime" : "20151026T213658-0400",
      "duration" : 724.0,
      "distance" : 1177.0,
      "steps" : 1058
    }, {
      "activity" : "transport",
      "group" : "transport",
      "manual" : false,
      "startTime" : "20151026T213658-0400",
      "endTime" : "20151026T215059-0400",
      "duration" : 841.0,
      "distance" : 1942.0
    }, {
      "activity" : "walking",
      "group" : "walking",
      "manual" : false,
      "startTime" : "20151026T215059-0400",
      "endTime" : "20151026T215633-0400",
      "duration" : 334.0,
      "distance" : 434.0,
      "steps" : 484
    } ],
    "lastUpdate" : "20151027T023523Z"
  }, {
    "type" : "place",
    "startTime" : "20151026T215633-0400",
    "endTime" : "20151027T085001-0400",
    "activities" : [ {
      "activity" : "walking",
      "group" : "walking",
      "manual" : false,
      "startTime" : "20151026T215633-0400",
      "endTime" : "20151026T215652-0400",
      "duration" : 19.0,
      "distance" : 13.0,
      "steps" : 26
    } ],
    "lastUpdate" : "20151027T162344Z"
  } ],
  "lastUpdate" : "20151027T162344Z"
}, {
  "date" : "20151027",
  "summary" : [ {
    "activity" : "walking",
    "group" : "walking",
    "duration" : 4766.0,
    "distance" : 5949.0,
    "steps" : 6274
  }, {
    "activity" : "transport",
    "group" : "transport",
    "duration" : 1402.0,
    "distance" : 11921.0
  }, {
    "activity" : "cycling",
    "group" : "cycling",
    "duration" : 465.0,
    "distance" : 1312.0
  } ],
  "segments" : [ {
    "type" : "place",
    "startTime" : "20151026T215633-0400",
    "endTime" : "20151027T085001-0400",
    "activities" : [ {
      "activity" : "walking",
      "group" : "walking",
      "manual" : false,
      "startTime" : "20151027T080544-0400",
      "endTime" : "20151027T081034-0400",
      "duration" : 290.0,
      "distance" : 312.0,
      "steps" : 416
    } ],
    "lastUpdate" : "20151027T162344Z"
  }, {
    "type" : "move",
    "startTime" : "20151027T085001-0400",
    "endTime" : "20151027T092344-0400",
    "activities" : [ {
      "activity" : "walking",
      "group" : "walking",
      "manual" : false,
      "startTime" : "20151027T085001-0400",
      "endTime" : "20151027T085715-0400",
      "duration" : 434.0,
      "distance" : 636.0,
      "steps" : 530
    }, {
      "activity" : "transport",
      "group" : "transport",
      "manual" : false,
      "startTime" : "20151027T085715-0400",
      "endTime" : "20151027T091316-0400",
      "duration" : 961.0,
      "distance" : 6502.0
    }, {
      "activity" : "walking",
      "group" : "walking",
      "manual" : false,
      "startTime" : "20151027T091315-0400",
      "endTime" : "20151027T092344-0400",
      "duration" : 629.0,
      "distance" : 848.0,
      "steps" : 706
    } ],
    "lastUpdate" : "20151027T162344Z"
  }, {
    "type" : "place",
    "startTime" : "20151027T092344-0400",
    "endTime" : "20151027T122537-0400",
    "activities" : [ {
      "activity" : "walking",
      "group" : "walking",
      "manual" : false,
      "startTime" : "20151027T092344-0400",
      "endTime" : "20151027T092407-0400",
      "duration" : 23.0,
      "distance" : 15.0,
      "steps" : 31
    }, {
      "activity" : "walking",
      "group" : "walking",
      "manual" : false,
      "startTime" : "20151027T100348-0400",
      "endTime" : "20151027T100559-0400",
      "duration" : 131.0,
      "distance" : 131.0,
      "steps" : 174
    }, {
      "activity" : "walking",
      "group" : "walking",
      "manual" : false,
      "startTime" : "20151027T113731-0400",
      "endTime" : "20151027T114010-0400",
      "duration" : 159.0,
      "distance" : 167.0,
      "steps" : 222
    } ],
    "lastUpdate" : "20151027T175413Z"
  }, {
    "type" : "place",
    "startTime" : "20151027T122537-0400",
    "endTime" : "20151027T155203-0400",
    "activities" : [ {
      "activity" : "walking",
      "group" : "walking",
      "manual" : false,
      "startTime" : "20151027T125809-0400",
      "endTime" : "20151027T125858-0400",
      "duration" : 49.0,
      "distance" : 33.0,
      "steps" : 65
    }, {
      "activity" : "walking",
      "group" : "walking",
      "manual" : false,
      "startTime" : "20151027T131840-0400",
      "endTime" : "20151027T132230-0400",
      "duration" : 230.0,
      "distance" : 248.0,
      "steps" : 331
    }, {
      "activity" : "walking",
      "group" : "walking",
      "manual" : false,
      "startTime" : "20151027T140018-0400",
      "endTime" : "20151027T140146-0400",
      "duration" : 88.0,
      "distance" : 61.0,
      "steps" : 121
    }, {
      "activity" : "walking",
      "group" : "walking",
      "manual" : false,
      "startTime" : "20151027T153103-0400",
      "endTime" : "20151027T153503-0400",
      "duration" : 240.0,
      "distance" : 251.0,
      "steps" : 334
    } ],
    "lastUpdate" : "20151027T212906Z"
  }, {
    "type" : "move",
    "startTime" : "20151027T155203-0400",
    "endTime" : "20151027T160338-0400",
    "activities" : [ {
      "activity" : "transport",
      "group" : "transport",
      "manual" : false,
      "startTime" : "20151027T155203-0400",
      "endTime" : "20151027T155924-0400",
      "duration" : 441.0,
      "distance" : 5419.0
    }, {
      "activity" : "walking",
      "group" : "walking",
      "manual" : false,
      "startTime" : "20151027T155924-0400",
      "endTime" : "20151027T160339-0400",
      "duration" : 255.0,
      "distance" : 409.0,
      "steps" : 342
    } ],
    "lastUpdate" : "20151027T212906Z"
  }, {
    "type" : "place",
    "startTime" : "20151027T160338-0400",
    "endTime" : "20151027T182819-0400",
    "activities" : [ {
      "activity" : "walking",
      "group" : "walking",
      "manual" : false,
      "startTime" : "20151027T160414-0400",
      "endTime" : "20151027T160429-0400",
      "duration" : 15.0,
      "distance" : 10.0,
      "steps" : 20
    }, {
      "activity" : "walking",
      "group" : "walking",
      "manual" : false,
      "startTime" : "20151027T182607-0400",
      "endTime" : "20151027T182934-0400",
      "duration" : 207.0,
      "distance" : 216.0,
      "steps" : 287
    } ],
    "lastUpdate" : "20151028T003206Z"
  }, {
    "type" : "move",
    "startTime" : "20151027T182819-0400",
    "endTime" : "20151027T184637-0400",
    "activities" : [ {
      "activity" : "cycling",
      "group" : "cycling",
      "manual" : false,
      "startTime" : "20151027T182819-0400",
      "endTime" : "20151027T183604-0400",
      "duration" : 465.0,
      "distance" : 1312.0
    }, {
      "activity" : "walking",
      "group" : "walking",
      "manual" : false,
      "startTime" : "20151027T183604-0400",
      "endTime" : "20151027T184637-0400",
      "duration" : 633.0,
      "distance" : 651.0,
      "steps" : 639
    } ],
    "lastUpdate" : "20151028T003206Z"
  }, {
    "type" : "place",
    "startTime" : "20151027T184638-0400",
    "endTime" : "20151027T214051-0400",
    "activities" : [ {
      "activity" : "walking",
      "group" : "walking",
      "manual" : false,
      "startTime" : "20151027T185145-0400",
      "endTime" : "20151027T185310-0400",
      "duration" : 85.0,
      "distance" : 57.0,
      "steps" : 113
    }, {
      "activity" : "walking",
      "group" : "walking",
      "manual" : false,
      "startTime" : "20151027T213612-0400",
      "endTime" : "20151027T213834-0400",
      "duration" : 142.0,
      "distance" : 142.0,
      "steps" : 189
    } ],
    "lastUpdate" : "20151028T033416Z"
  }, {
    "type" : "move",
    "startTime" : "20151027T214051-0400",
    "endTime" : "20151027T215843-0400",
    "activities" : [ {
      "activity" : "walking",
      "group" : "walking",
      "manual" : false,
      "startTime" : "20151027T214051-0400",
      "endTime" : "20151027T215844-0400",
      "duration" : 1073.0,
      "distance" : 1714.0,
      "steps" : 1658
    } ],
    "lastUpdate" : "20151028T033416Z"
  }, {
    "type" : "move",
    "startTime" : "20151027T215843-0400",
    "endTime" : "20151027T215939-0400",
    "activities" : [ {
      "activity" : "walking",
      "group" : "walking",
      "manual" : false,
      "startTime" : "20151027T215843-0400",
      "endTime" : "20151027T215940-0400",
      "duration" : 57.0,
      "distance" : 30.0,
      "steps" : 61
    } ],
    "lastUpdate" : "20151028T142623Z"
  }, {
    "type" : "place",
    "startTime" : "20151027T215939-0400",
    "endTime" : "20151028T092940-0400",
    "activities" : [ {
      "activity" : "walking",
      "group" : "walking",
      "manual" : false,
      "startTime" : "20151027T220347-0400",
      "endTime" : "20151027T220359-0400",
      "duration" : 12.0,
      "distance" : 8.0,
      "steps" : 16
    }, {
      "activity" : "walking",
      "group" : "walking",
      "manual" : false,
      "startTime" : "20151027T232846-0400",
      "endTime" : "20151027T232900-0400",
      "duration" : 14.0,
      "distance" : 10.0,
      "steps" : 19
    } ],
    "lastUpdate" : "20151028T142623Z"
  } ],
  "lastUpdate" : "20151028T142623Z"
}, {
  "date" : "20151028",
  "summary" : [ {
    "activity" : "walking",
    "group" : "walking",
    "duration" : 4138.0,
    "distance" : 4586.0,
    "steps" : 5658
  }, {
    "activity" : "transport",
    "group" : "transport",
    "duration" : 4438.0,
    "distance" : 46404.0
  } ],
  "segments" : [ {
    "type" : "place",
    "startTime" : "20151027T215939-0400",
    "endTime" : "20151028T092940-0400",
    "activities" : [ {
      "activity" : "walking",
      "group" : "walking",
      "manual" : false,
      "startTime" : "20151028T083934-0400",
      "endTime" : "20151028T084512-0400",
      "duration" : 338.0,
      "distance" : 387.0,
      "steps" : 516
    } ],
    "lastUpdate" : "20151028T142623Z"
  }, {
    "type" : "move",
    "startTime" : "20151028T092940-0400",
    "endTime" : "20151028T095657-0400",
    "activities" : [ {
      "activity" : "walking",
      "group" : "walking",
      "manual" : false,
      "startTime" : "20151028T092940-0400",
      "endTime" : "20151028T093623-0400",
      "duration" : 403.0,
      "distance" : 581.0,
      "steps" : 484
    }, {
      "activity" : "transport",
      "group" : "transport",
      "manual" : false,
      "startTime" : "20151028T093623-0400",
      "endTime" : "20151028T094924-0400",
      "duration" : 781.0,
      "distance" : 6376.0
    }, {
      "activity" : "walking",
      "group" : "walking",
      "manual" : false,
      "startTime" : "20151028T094923-0400",
      "endTime" : "20151028T095657-0400",
      "duration" : 454.0,
      "distance" : 741.0,
      "steps" : 618
    } ],
    "lastUpdate" : "20151028T142623Z"
  }, {
    "type" : "place",
    "startTime" : "20151028T095657-0400",
    "endTime" : "20151028T172624-0400",
    "activities" : [ {
      "activity" : "walking",
      "group" : "walking",
      "manual" : false,
      "startTime" : "20151028T095657-0400",
      "endTime" : "20151028T095742-0400",
      "duration" : 45.0,
      "distance" : 30.0,
      "steps" : 60
    }, {
      "activity" : "walking",
      "group" : "walking",
      "manual" : false,
      "startTime" : "20151028T100759-0400",
      "endTime" : "20151028T101005-0400",
      "duration" : 126.0,
      "distance" : 125.0,
      "steps" : 167
    }, {
      "activity" : "walking",
      "group" : "walking",
      "manual" : false,
      "startTime" : "20151028T113526-0400",
      "endTime" : "20151028T113813-0400",
      "duration" : 167.0,
      "distance" : 167.0,
      "steps" : 222
    }, {
      "activity" : "walking",
      "group" : "walking",
      "manual" : false,
      "startTime" : "20151028T130857-0400",
      "endTime" : "20151028T131055-0400",
      "duration" : 118.0,
      "distance" : 79.0,
      "steps" : 157
    }, {
      "activity" : "walking",
      "group" : "walking",
      "manual" : false,
      "startTime" : "20151028T143612-0400",
      "endTime" : "20151028T143957-0400",
      "duration" : 225.0,
      "distance" : 232.0,
      "steps" : 309
    }, {
      "activity" : "walking",
      "group" : "walking",
      "manual" : false,
      "startTime" : "20151028T170131-0400",
      "endTime" : "20151028T170157-0400",
      "duration" : 26.0,
      "distance" : 18.0,
      "steps" : 35
    } ],
    "lastUpdate" : "20151029T040551Z"
  }, {
    "type" : "move",
    "startTime" : "20151028T172624-0400",
    "endTime" : "20151028T173150-0400",
    "activities" : [ {
      "activity" : "walking",
      "group" : "walking",
      "manual" : false,
      "startTime" : "20151028T172624-0400",
      "endTime" : "20151028T173151-0400",
      "duration" : 327.0,
      "distance" : 163.0,
      "steps" : 215
    } ],
    "lastUpdate" : "20151029T040551Z"
  }, {
    "type" : "place",
    "startTime" : "20151028T173151-0400",
    "endTime" : "20151028T184154-0400",
    "activities" : [ {
      "activity" : "walking",
      "group" : "walking",
      "manual" : false,
      "startTime" : "20151028T183832-0400",
      "endTime" : "20151028T184016-0400",
      "duration" : 104.0,
      "distance" : 94.0,
      "steps" : 187
    } ],
    "lastUpdate" : "20151029T040551Z"
  }, {
    "type" : "move",
    "startTime" : "20151028T184154-0400",
    "endTime" : "20151028T190148-0400",
    "activities" : [ {
      "activity" : "transport",
      "group" : "transport",
      "manual" : false,
      "startTime" : "20151028T184154-0400",
      "endTime" : "20151028T185513-0400",
      "duration" : 799.0,
      "distance" : 6487.0
    }, {
      "activity" : "walking",
      "group" : "walking",
      "manual" : false,
      "startTime" : "20151028T185513-0400",
      "endTime" : "20151028T190149-0400",
      "duration" : 396.0,
      "distance" : 517.0,
      "steps" : 719
    } ],
    "lastUpdate" : "20151029T040551Z"
  }, {
    "type" : "place",
    "startTime" : "20151028T190148-0400",
    "endTime" : "20151028T200329-0400",
    "activities" : [ {
      "activity" : "walking",
      "group" : "walking",
      "manual" : false,
      "startTime" : "20151028T190148-0400",
      "endTime" : "20151028T190225-0400",
      "duration" : 37.0,
      "distance" : 25.0,
      "steps" : 49
    }, {
      "activity" : "walking",
      "group" : "walking",
      "manual" : false,
      "startTime" : "20151028T200012-0400",
      "endTime" : "20151028T200053-0400",
      "duration" : 41.0,
      "distance" : 28.0,
      "steps" : 55
    } ],
    "lastUpdate" : "20151029T142143Z"
  }, {
    "type" : "move",
    "startTime" : "20151028T200329-0400",
    "endTime" : "20151028T200547-0400",
    "activities" : [ {
      "activity" : "walking",
      "group" : "walking",
      "manual" : false,
      "startTime" : "20151028T200329-0400",
      "endTime" : "20151028T200548-0400",
      "duration" : 139.0,
      "distance" : 216.0,
      "steps" : 262
    } ],
    "lastUpdate" : "20151029T142143Z"
  }, {
    "type" : "place",
    "startTime" : "20151028T200547-0400",
    "endTime" : "20151028T205132-0400",
    "activities" : [ {
      "activity" : "walking",
      "group" : "walking",
      "manual" : false,
      "startTime" : "20151028T200547-0400",
      "endTime" : "20151028T200807-0400",
      "duration" : 140.0,
      "distance" : 161.0,
      "steps" : 214
    } ],
    "lastUpdate" : "20151029T142143Z"
  }, {
    "type" : "move",
    "startTime" : "20151028T205132-0400",
    "endTime" : "20151028T211111-0400",
    "activities" : [ {
      "activity" : "transport",
      "group" : "transport",
      "manual" : false,
      "startTime" : "20151028T205132-0400",
      "endTime" : "20151028T211112-0400",
      "duration" : 1180.0,
      "distance" : 14580.0
    } ],
    "lastUpdate" : "20151029T142143Z"
  }, {
    "type" : "place",
    "startTime" : "20151028T211111-0400",
    "endTime" : "20151028T221453-0400",
    "activities" : [ {
      "activity" : "walking",
      "group" : "walking",
      "manual" : false,
      "startTime" : "20151028T211111-0400",
      "endTime" : "20151028T211607-0400",
      "duration" : 296.0,
      "distance" : 323.0,
      "steps" : 431
    }, {
      "activity" : "walking",
      "group" : "walking",
      "manual" : false,
      "startTime" : "20151028T220019-0400",
      "endTime" : "20151028T220400-0400",
      "duration" : 221.0,
      "distance" : 239.0,
      "steps" : 318
    } ],
    "lastUpdate" : "20151029T142143Z"
  }, {
    "type" : "move",
    "startTime" : "20151028T221453-0400",
    "endTime" : "20151028T221652-0400",
    "activities" : [ {
      "activity" : "transport",
      "group" : "transport",
      "manual" : false,
      "startTime" : "20151028T221453-0400",
      "endTime" : "20151028T221653-0400",
      "duration" : 120.0,
      "distance" : 626.0
    } ],
    "lastUpdate" : "20151029T142143Z"
  }, {
    "type" : "place",
    "startTime" : "20151028T221653-0400",
    "endTime" : "20151028T223642-0400",
    "activities" : [ {
      "activity" : "walking",
      "group" : "walking",
      "manual" : false,
      "startTime" : "20151028T221731-0400",
      "endTime" : "20151028T221833-0400",
      "duration" : 62.0,
      "distance" : 41.0,
      "steps" : 82
    } ],
    "lastUpdate" : "20151029T142143Z"
  }, {
    "type" : "move",
    "startTime" : "20151028T223642-0400",
    "endTime" : "20151028T224511-0400",
    "activities" : [ {
      "activity" : "transport",
      "group" : "transport",
      "manual" : false,
      "startTime" : "20151028T223642-0400",
      "endTime" : "20151028T224512-0400",
      "duration" : 510.0,
      "distance" : 4117.0
    } ],
    "lastUpdate" : "20151029T142143Z"
  }, {
    "type" : "place",
    "startTime" : "20151028T224511-0400",
    "endTime" : "20151028T231128-0400",
    "activities" : [ {
      "activity" : "walking",
      "group" : "walking",
      "manual" : false,
      "startTime" : "20151028T224625-0400",
      "endTime" : "20151028T224859-0400",
      "duration" : 154.0,
      "distance" : 154.0,
      "steps" : 205
    }, {
      "activity" : "walking",
      "group" : "walking",
      "manual" : false,
      "startTime" : "20151028T230032-0400",
      "endTime" : "20151028T230551-0400",
      "duration" : 319.0,
      "distance" : 265.0,
      "steps" : 353
    } ],
    "lastUpdate" : "20151029T142143Z"
  }, {
    "type" : "move",
    "startTime" : "20151028T234131-0400",
    "endTime" : "20151028T235859-0400",
    "activities" : [ {
      "activity" : "transport",
      "group" : "transport",
      "manual" : false,
      "startTime" : "20151028T234131-0400",
      "endTime" : "20151028T235859-0400",
      "duration" : 1048.0,
      "distance" : 14218.0
    } ],
    "lastUpdate" : "20151029T142143Z"
  } ],
  "lastUpdate" : "20151029T142143Z"
}, {
  "date" : "20151029",
  "summary" : [ {
    "activity" : "walking",
    "group" : "walking",
    "duration" : 4861.0,
    "distance" : 4893.0,
    "steps" : 6402
  }, {
    "activity" : "transport",
    "group" : "transport",
    "duration" : 1702.0,
    "distance" : 12873.0
  } ],
  "segments" : [ {
    "type" : "place",
    "startTime" : "20151028T235859-0400",
    "endTime" : "20151029T092211-0400",
    "activities" : [ {
      "activity" : "walking",
      "group" : "walking",
      "manual" : false,
      "startTime" : "20151029T000314-0400",
      "endTime" : "20151029T000942-0400",
      "duration" : 388.0,
      "distance" : 429.0,
      "steps" : 572
    } ],
    "lastUpdate" : "20151029T142143Z"
  }, {
    "type" : "move",
    "startTime" : "20151029T092211-0400",
    "endTime" : "20151029T092632-0400",
    "activities" : [ {
      "activity" : "walking",
      "group" : "walking",
      "manual" : false,
      "startTime" : "20151029T092211-0400",
      "endTime" : "20151029T092632-0400",
      "duration" : 261.0,
      "distance" : 278.0,
      "steps" : 365
    } ],
    "lastUpdate" : "20151029T142143Z"
  }, {
    "type" : "place",
    "startTime" : "20151029T092632-0400",
    "endTime" : "20151029T094634-0400",
    "activities" : [ {
      "activity" : "walking",
      "group" : "walking",
      "manual" : false,
      "startTime" : "20151029T092632-0400",
      "endTime" : "20151029T092748-0400",
      "duration" : 76.0,
      "distance" : 57.0,
      "steps" : 114
    } ],
    "lastUpdate" : "20151029T161332Z"
  }, {
    "type" : "move",
    "startTime" : "20151029T094634-0400",
    "endTime" : "20151029T095207-0400",
    "activities" : [ {
      "activity" : "walking",
      "group" : "walking",
      "manual" : false,
      "startTime" : "20151029T094634-0400",
      "endTime" : "20151029T095207-0400",
      "duration" : 333.0,
      "distance" : 400.0,
      "steps" : 496
    } ],
    "lastUpdate" : "20151029T161332Z"
  }, {
    "type" : "place",
    "startTime" : "20151029T095207-0400",
    "endTime" : "20151029T100020-0400",
    "activities" : [ {
      "activity" : "walking",
      "group" : "walking",
      "manual" : false,
      "startTime" : "20151029T095207-0400",
      "endTime" : "20151029T095250-0400",
      "duration" : 43.0,
      "distance" : 31.0,
      "steps" : 62
    } ],
    "lastUpdate" : "20151029T161332Z"
  }, {
    "type" : "move",
    "startTime" : "20151029T100020-0400",
    "endTime" : "20151029T102107-0400",
    "activities" : [ {
      "activity" : "transport",
      "group" : "transport",
      "manual" : false,
      "startTime" : "20151029T100020-0400",
      "endTime" : "20151029T101332-0400",
      "duration" : 792.0,
      "distance" : 7022.0
    }, {
      "activity" : "walking",
      "group" : "walking",
      "manual" : false,
      "startTime" : "20151029T101333-0400",
      "endTime" : "20151029T102107-0400",
      "duration" : 454.0,
      "distance" : 523.0,
      "steps" : 662
    } ],
    "lastUpdate" : "20151029T161332Z"
  }, {
    "type" : "place",
    "startTime" : "20151029T102107-0400",
    "endTime" : "20151029T123254-0400",
    "activities" : [ {
      "activity" : "walking",
      "group" : "walking",
      "manual" : false,
      "startTime" : "20151029T102107-0400",
      "endTime" : "20151029T102111-0400",
      "duration" : 4.0,
      "distance" : 3.0,
      "steps" : 5
    }, {
      "activity" : "walking",
      "group" : "walking",
      "manual" : false,
      "startTime" : "20151029T113202-0400",
      "endTime" : "20151029T113301-0400",
      "duration" : 59.0,
      "distance" : 39.0,
      "steps" : 78
    }, {
      "activity" : "walking",
      "group" : "walking",
      "manual" : false,
      "startTime" : "20151029T120937-0400",
      "endTime" : "20151029T121208-0400",
      "duration" : 151.0,
      "distance" : 151.0,
      "steps" : 201
    } ],
    "lastUpdate" : "20151029T180243Z"
  }, {
    "type" : "move",
    "startTime" : "20151029T123254-0400",
    "endTime" : "20151029T124103-0400",
    "activities" : [ {
      "activity" : "walking",
      "group" : "walking",
      "manual" : false,
      "startTime" : "20151029T123254-0400",
      "endTime" : "20151029T124103-0400",
      "duration" : 489.0,
      "distance" : 536.0,
      "steps" : 543
    } ],
    "lastUpdate" : "20151029T180243Z"
  }, {
    "type" : "place",
    "startTime" : "20151029T124103-0400",
    "endTime" : "20151029T130345-0400",
    "activities" : [ {
      "activity" : "walking",
      "group" : "walking",
      "manual" : false,
      "startTime" : "20151029T130300-0400",
      "endTime" : "20151029T130346-0400",
      "duration" : 46.0,
      "distance" : 30.0,
      "steps" : 61
    } ],
    "lastUpdate" : "20151029T180246Z"
  }, {
    "type" : "move",
    "startTime" : "20151029T130345-0400",
    "endTime" : "20151029T130646-0400",
    "activities" : [ {
      "activity" : "walking",
      "group" : "walking",
      "manual" : false,
      "startTime" : "20151029T130345-0400",
      "endTime" : "20151029T130647-0400",
      "duration" : 182.0,
      "distance" : 179.0,
      "steps" : 281
    } ],
    "lastUpdate" : "20151029T180246Z"
  }, {
    "type" : "place",
    "startTime" : "20151029T130647-0400",
    "endTime" : "20151029T131452-0400",
    "activities" : [ {
      "activity" : "walking",
      "group" : "walking",
      "manual" : false,
      "startTime" : "20151029T130647-0400",
      "endTime" : "20151029T130656-0400",
      "duration" : 9.0,
      "distance" : 6.0,
      "steps" : 12
    } ],
    "lastUpdate" : "20151029T180246Z"
  }, {
    "type" : "move",
    "startTime" : "20151029T131452-0400",
    "endTime" : "20151029T132344-0400",
    "activities" : [ {
      "activity" : "walking",
      "group" : "walking",
      "manual" : false,
      "startTime" : "20151029T131452-0400",
      "endTime" : "20151029T132345-0400",
      "duration" : 533.0,
      "distance" : 490.0,
      "steps" : 670
    } ],
    "lastUpdate" : "20151029T180246Z"
  }, {
    "type" : "place",
    "startTime" : "20151029T132344-0400",
    "endTime" : "20151029T191819-0400",
    "activities" : [ {
      "activity" : "walking",
      "group" : "walking",
      "manual" : false,
      "startTime" : "20151029T132449-0400",
      "endTime" : "20151029T132853-0400",
      "duration" : 244.0,
      "distance" : 248.0,
      "steps" : 331
    }, {
      "activity" : "walking",
      "group" : "walking",
      "manual" : false,
      "startTime" : "20151029T140122-0400",
      "endTime" : "20151029T140239-0400",
      "duration" : 77.0,
      "distance" : 53.0,
      "steps" : 105
    }, {
      "activity" : "walking",
      "group" : "walking",
      "manual" : false,
      "startTime" : "20151029T150240-0400",
      "endTime" : "20151029T150606-0400",
      "duration" : 206.0,
      "distance" : 209.0,
      "steps" : 279
    }, {
      "activity" : "walking",
      "group" : "walking",
      "manual" : false,
      "startTime" : "20151029T163357-0400",
      "endTime" : "20151029T163415-0400",
      "duration" : 18.0,
      "distance" : 12.0,
      "steps" : 24
    }, {
      "activity" : "walking",
      "group" : "walking",
      "manual" : false,
      "startTime" : "20151029T170124-0400",
      "endTime" : "20151029T170356-0400",
      "duration" : 152.0,
      "distance" : 152.0,
      "steps" : 203
    }, {
      "activity" : "walking",
      "group" : "walking",
      "manual" : false,
      "startTime" : "20151029T180408-0400",
      "endTime" : "20151029T180605-0400",
      "duration" : 117.0,
      "distance" : 82.0,
      "steps" : 163
    } ],
    "lastUpdate" : "20151030T023428Z"
  }, {
    "type" : "move",
    "startTime" : "20151029T191819-0400",
    "endTime" : "20151029T193733-0400",
    "activities" : [ {
      "activity" : "walking",
      "group" : "walking",
      "manual" : false,
      "startTime" : "20151029T191819-0400",
      "endTime" : "20151029T192100-0400",
      "duration" : 161.0,
      "distance" : 143.0,
      "steps" : 132
    }, {
      "activity" : "transport",
      "group" : "transport",
      "manual" : false,
      "startTime" : "20151029T192100-0400",
      "endTime" : "20151029T193300-0400",
      "duration" : 720.0,
      "distance" : 4403.0
    }, {
      "activity" : "walking",
      "group" : "walking",
      "manual" : false,
      "startTime" : "20151029T193300-0400",
      "endTime" : "20151029T193733-0400",
      "duration" : 273.0,
      "distance" : 222.0,
      "steps" : 291
    } ],
    "lastUpdate" : "20151030T023428Z"
  }, {
    "type" : "place",
    "startTime" : "20151029T193733-0400",
    "endTime" : "20151029T194356-0400",
    "activities" : [ {
      "activity" : "walking",
      "group" : "walking",
      "manual" : false,
      "startTime" : "20151029T193733-0400",
      "endTime" : "20151029T193745-0400",
      "duration" : 12.0,
      "distance" : 10.0,
      "steps" : 20
    } ],
    "lastUpdate" : "20151030T023428Z"
  }, {
    "type" : "move",
    "startTime" : "20151029T194356-0400",
    "endTime" : "20151029T195618-0400",
    "activities" : [ {
      "activity" : "transport",
      "group" : "transport",
      "manual" : false,
      "startTime" : "20151029T194356-0400",
      "endTime" : "20151029T194706-0400",
      "duration" : 190.0,
      "distance" : 1448.0
    }, {
      "activity" : "walking",
      "group" : "walking",
      "manual" : false,
      "startTime" : "20151029T194707-0400",
      "endTime" : "20151029T195618-0400",
      "duration" : 551.0,
      "distance" : 595.0,
      "steps" : 703
    } ],
    "lastUpdate" : "20151030T023428Z"
  }, {
    "type" : "place",
    "startTime" : "20151029T195618-0400",
    "endTime" : "20151030T000833-0400",
    "activities" : [ {
      "activity" : "walking",
      "group" : "walking",
      "manual" : false,
      "startTime" : "20151029T204320-0400",
      "endTime" : "20151029T204332-0400",
      "duration" : 12.0,
      "distance" : 8.0,
      "steps" : 16
    }, {
      "activity" : "walking",
      "group" : "walking",
      "manual" : false,
      "startTime" : "20151029T221331-0400",
      "endTime" : "20151029T221341-0400",
      "duration" : 10.0,
      "distance" : 7.0,
      "steps" : 13
    } ],
    "lastUpdate" : "20151030T054627Z"
  } ],
  "lastUpdate" : "20151030T054627Z"
}, {
  "date" : "20151030",
  "summary" : [ {
    "activity" : "walking",
    "group" : "walking",
    "duration" : 4018.0,
    "distance" : 3947.0,
    "steps" : 4958
  }, {
    "activity" : "transport",
    "group" : "transport",
    "duration" : 1296.0,
    "distance" : 10007.0
  } ],
  "segments" : [ {
    "type" : "place",
    "startTime" : "20151029T195618-0400",
    "endTime" : "20151030T000833-0400",
    "activities" : [ {
      "activity" : "walking",
      "group" : "walking",
      "manual" : false,
      "startTime" : "20151030T000426-0400",
      "endTime" : "20151030T000458-0400",
      "duration" : 32.0,
      "distance" : 22.0,
      "steps" : 43
    } ],
    "lastUpdate" : "20151030T054627Z"
  }, {
    "type" : "move",
    "startTime" : "20151030T000833-0400",
    "endTime" : "20151030T001913-0400",
    "activities" : [ {
      "activity" : "transport",
      "group" : "transport",
      "manual" : false,
      "startTime" : "20151030T000833-0400",
      "endTime" : "20151030T001913-0400",
      "duration" : 640.0,
      "distance" : 2839.0
    } ],
    "lastUpdate" : "20151030T054627Z"
  }, {
    "type" : "place",
    "startTime" : "20151030T001913-0400",
    "endTime" : "20151030T083941-0400",
    "activities" : [ {
      "activity" : "walking",
      "group" : "walking",
      "manual" : false,
      "startTime" : "20151030T001928-0400",
      "endTime" : "20151030T001950-0400",
      "duration" : 22.0,
      "distance" : 15.0,
      "steps" : 29
    }, {
      "activity" : "walking",
      "group" : "walking",
      "manual" : false,
      "startTime" : "20151030T083446-0400",
      "endTime" : "20151030T084018-0400",
      "duration" : 332.0,
      "distance" : 332.0,
      "steps" : 443
    } ],
    "lastUpdate" : "20151030T133021Z"
  }, {
    "type" : "move",
    "startTime" : "20151030T083941-0400",
    "endTime" : "20151030T084457-0400",
    "activities" : [ {
      "activity" : "walking",
      "group" : "walking",
      "manual" : false,
      "startTime" : "20151030T083941-0400",
      "endTime" : "20151030T084457-0400",
      "duration" : 316.0,
      "distance" : 281.0,
      "steps" : 482
    } ],
    "lastUpdate" : "20151030T133021Z"
  }, {
    "type" : "place",
    "startTime" : "20151030T084457-0400",
    "endTime" : "20151030T091418-0400",
    "activities" : [ {
      "activity" : "walking",
      "group" : "walking",
      "manual" : false,
      "startTime" : "20151030T091128-0400",
      "endTime" : "20151030T091137-0400",
      "duration" : 9.0,
      "distance" : 6.0,
      "steps" : 12
    } ],
    "lastUpdate" : "20151030T163606Z"
  }, {
    "type" : "move",
    "startTime" : "20151030T091418-0400",
    "endTime" : "20151030T093052-0400",
    "activities" : [ {
      "activity" : "walking",
      "group" : "walking",
      "manual" : false,
      "startTime" : "20151030T091418-0400",
      "endTime" : "20151030T092005-0400",
      "duration" : 347.0,
      "distance" : 350.0,
      "steps" : 464
    }, {
      "activity" : "transport",
      "group" : "transport",
      "manual" : false,
      "startTime" : "20151030T092005-0400",
      "endTime" : "20151030T092435-0400",
      "duration" : 270.0,
      "distance" : 1143.0
    }, {
      "activity" : "walking",
      "group" : "walking",
      "manual" : false,
      "startTime" : "20151030T092435-0400",
      "endTime" : "20151030T093052-0400",
      "duration" : 377.0,
      "distance" : 281.0,
      "steps" : 510
    } ],
    "lastUpdate" : "20151030T163606Z"
  }, {
    "type" : "place",
    "startTime" : "20151030T093052-0400",
    "endTime" : "20151030T094256-0400",
    "activities" : [ {
      "activity" : "walking",
      "group" : "walking",
      "manual" : false,
      "startTime" : "20151030T093300-0400",
      "endTime" : "20151030T093306-0400",
      "duration" : 6.0,
      "distance" : 4.0,
      "steps" : 8
    } ],
    "lastUpdate" : "20151030T163606Z"
  }, {
    "type" : "move",
    "startTime" : "20151030T094256-0400",
    "endTime" : "20151030T100210-0400",
    "activities" : [ {
      "activity" : "walking",
      "group" : "walking",
      "manual" : false,
      "startTime" : "20151030T094256-0400",
      "endTime" : "20151030T094906-0400",
      "duration" : 370.0,
      "distance" : 224.0,
      "steps" : 353
    }, {
      "activity" : "transport",
      "group" : "transport",
      "manual" : false,
      "startTime" : "20151030T094906-0400",
      "endTime" : "20151030T095236-0400",
      "duration" : 210.0,
      "distance" : 1160.0
    }, {
      "activity" : "walking",
      "group" : "walking",
      "manual" : false,
      "startTime" : "20151030T095236-0400",
      "endTime" : "20151030T100211-0400",
      "duration" : 575.0,
      "distance" : 676.0,
      "steps" : 773
    } ],
    "lastUpdate" : "20151030T163606Z"
  }, {
    "type" : "place",
    "startTime" : "20151030T100211-0400",
    "endTime" : "20151030T113507-0400",
    "activities" : [ {
      "activity" : "walking",
      "group" : "walking",
      "manual" : false,
      "startTime" : "20151030T100211-0400",
      "endTime" : "20151030T100232-0400",
      "duration" : 21.0,
      "distance" : 14.0,
      "steps" : 27
    } ],
    "lastUpdate" : "20151030T163606Z"
  }, {
    "type" : "move",
    "startTime" : "20151030T113507-0400",
    "endTime" : "20151030T114146-0400",
    "activities" : [ {
      "activity" : "walking",
      "group" : "walking",
      "manual" : false,
      "startTime" : "20151030T113507-0400",
      "endTime" : "20151030T114145-0400",
      "duration" : 398.0,
      "distance" : 317.0,
      "steps" : 548
    } ],
    "lastUpdate" : "20151030T163606Z"
  }, {
    "type" : "place",
    "startTime" : "20151030T114146-0400",
    "endTime" : "20151030T120244-0400",
    "activities" : [ {
      "activity" : "walking",
      "group" : "walking",
      "manual" : false,
      "startTime" : "20151030T114650-0400",
      "endTime" : "20151030T114825-0400",
      "duration" : 95.0,
      "distance" : 65.0,
      "steps" : 130
    } ],
    "lastUpdate" : "20151030T163606Z"
  }, {
    "type" : "move",
    "startTime" : "20151030T120244-0400",
    "endTime" : "20151030T121229-0400",
    "activities" : [ {
      "activity" : "walking",
      "group" : "walking",
      "manual" : false,
      "startTime" : "20151030T120244-0400",
      "endTime" : "20151030T120934-0400",
      "duration" : 410.0,
      "distance" : 492.0,
      "steps" : 286
    }, {
      "activity" : "transport",
      "group" : "transport",
      "manual" : false,
      "startTime" : "20151030T120934-0400",
      "endTime" : "20151030T121230-0400",
      "duration" : 176.0,
      "distance" : 4865.0
    } ],
    "lastUpdate" : "20151030T163606Z"
  }, {
    "type" : "place",
    "startTime" : "20151030T121230-0400",
    "endTime" : "20151030T151017-0400",
    "activities" : [ {
      "activity" : "walking",
      "group" : "walking",
      "manual" : false,
      "startTime" : "20151030T150854-0400",
      "endTime" : "20151030T150938-0400",
      "duration" : 44.0,
      "distance" : 30.0,
      "steps" : 59
    } ],
    "lastUpdate" : "20151031T231617Z"
  }, {
    "type" : "move",
    "startTime" : "20151030T151017-0400",
    "endTime" : "20151030T151411-0400",
    "activities" : [ {
      "activity" : "walking",
      "group" : "walking",
      "manual" : false,
      "startTime" : "20151030T151017-0400",
      "endTime" : "20151030T151410-0400",
      "duration" : 233.0,
      "distance" : 157.0,
      "steps" : 186
    } ],
    "lastUpdate" : "20151031T231617Z"
  }, {
    "type" : "place",
    "startTime" : "20151030T151411-0400",
    "endTime" : "20151030T152709-0400",
    "activities" : [ {
      "activity" : "walking",
      "group" : "walking",
      "manual" : false,
      "startTime" : "20151030T152056-0400",
      "endTime" : "20151030T152107-0400",
      "duration" : 11.0,
      "distance" : 7.0,
      "steps" : 14
    } ],
    "lastUpdate" : "20151031T231617Z"
  }, {
    "type" : "move",
    "startTime" : "20151030T152709-0400",
    "endTime" : "20151030T153331-0400",
    "activities" : [ {
      "activity" : "walking",
      "group" : "walking",
      "manual" : false,
      "startTime" : "20151030T152709-0400",
      "endTime" : "20151030T153331-0400",
      "duration" : 382.0,
      "distance" : 648.0,
      "steps" : 540
    } ],
    "lastUpdate" : "20151031T231617Z"
  }, {
    "type" : "place",
    "startTime" : "20151030T153331-0400",
    "endTime" : "20151030T174016-0400",
    "activities" : [ {
      "activity" : "walking",
      "group" : "walking",
      "manual" : false,
      "startTime" : "20151030T153331-0400",
      "endTime" : "20151030T153409-0400",
      "duration" : 38.0,
      "distance" : 26.0,
      "steps" : 51
    } ],
    "lastUpdate" : "20151101T063835Z"
  } ],
  "lastUpdate" : "20151101T063835Z"
}, {
  "date" : "20151031",
  "summary" : [ {
    "activity" : "walking",
    "group" : "walking",
    "duration" : 327.0,
    "distance" : 273.0,
    "steps" : 435
  } ],
  "segments" : [ {
    "type" : "place",
    "startTime" : "20151031T191626-0400",
    "endTime" : "20151031T231059-0400",
    "activities" : [ {
      "activity" : "walking",
      "group" : "walking",
      "manual" : false,
      "startTime" : "20151031T194658-0400",
      "endTime" : "20151031T194757-0400",
      "duration" : 59.0,
      "distance" : 39.0,
      "steps" : 78
    }, {
      "activity" : "walking",
      "group" : "walking",
      "manual" : false,
      "startTime" : "20151031T200232-0400",
      "endTime" : "20151031T200517-0400",
      "duration" : 165.0,
      "distance" : 165.0,
      "steps" : 220
    }, {
      "activity" : "walking",
      "group" : "walking",
      "manual" : false,
      "startTime" : "20151031T210050-0400",
      "endTime" : "20151031T210122-0400",
      "duration" : 32.0,
      "distance" : 22.0,
      "steps" : 43
    }, {
      "activity" : "walking",
      "group" : "walking",
      "manual" : false,
      "startTime" : "20151031T220353-0400",
      "endTime" : "20151031T220504-0400",
      "duration" : 71.0,
      "distance" : 47.0,
      "steps" : 94
    } ],
    "lastUpdate" : "20151101T210356Z"
  } ],
  "lastUpdate" : "20151101T210356Z"
}, {
  "date" : "20151101",
  "summary" : [ {
    "activity" : "walking",
    "group" : "walking",
    "duration" : 6925.0,
    "distance" : 7453.0,
    "steps" : 9738
  }, {
    "activity" : "transport",
    "group" : "transport",
    "duration" : 3178.0,
    "distance" : 40889.0
  } ],
  "segments" : [ {
    "type" : "place",
    "startTime" : "20151101T010617-0400",
    "endTime" : "20151101T083420-0500",
    "activities" : [ {
      "activity" : "walking",
      "group" : "walking",
      "manual" : false,
      "startTime" : "20151101T083216-0500",
      "endTime" : "20151101T083222-0500",
      "duration" : 6.0,
      "distance" : 4.0,
      "steps" : 8
    } ],
    "lastUpdate" : "20151101T210356Z"
  }, {
    "type" : "move",
    "startTime" : "20151101T083420-0500",
    "endTime" : "20151101T084046-0500",
    "activities" : [ {
      "activity" : "walking",
      "group" : "walking",
      "manual" : false,
      "startTime" : "20151101T083420-0500",
      "endTime" : "20151101T084046-0500",
      "duration" : 386.0,
      "distance" : 270.0,
      "steps" : 494
    } ],
    "lastUpdate" : "20151101T210356Z"
  }, {
    "type" : "place",
    "startTime" : "20151101T084047-0500",
    "endTime" : "20151101T103046-0500",
    "activities" : [ {
      "activity" : "walking",
      "group" : "walking",
      "manual" : false,
      "startTime" : "20151101T084047-0500",
      "endTime" : "20151101T084113-0500",
      "duration" : 26.0,
      "distance" : 17.0,
      "steps" : 35
    }, {
      "activity" : "walking",
      "group" : "walking",
      "manual" : false,
      "startTime" : "20151101T090904-0500",
      "endTime" : "20151101T091406-0500",
      "duration" : 302.0,
      "distance" : 337.0,
      "steps" : 449
    } ],
    "lastUpdate" : "20151101T210356Z"
  }, {
    "type" : "place",
    "startTime" : "20151101T103047-0500",
    "endTime" : "20151101T124259-0500",
    "activities" : [ {
      "activity" : "walking",
      "group" : "walking",
      "manual" : false,
      "startTime" : "20151101T103309-0500",
      "endTime" : "20151101T103355-0500",
      "duration" : 46.0,
      "distance" : 31.0,
      "steps" : 61
    }, {
      "activity" : "walking",
      "group" : "walking",
      "manual" : false,
      "startTime" : "20151101T122627-0500",
      "endTime" : "20151101T123656-0500",
      "duration" : 629.0,
      "distance" : 698.0,
      "steps" : 931
    } ],
    "lastUpdate" : "20151101T210356Z"
  }, {
    "type" : "move",
    "startTime" : "20151101T124259-0500",
    "endTime" : "20151101T125612-0500",
    "activities" : [ {
      "activity" : "walking",
      "group" : "walking",
      "manual" : false,
      "startTime" : "20151101T124259-0500",
      "endTime" : "20151101T125612-0500",
      "duration" : 793.0,
      "distance" : 1113.0,
      "steps" : 1305
    } ],
    "lastUpdate" : "20151101T210356Z"
  }, {
    "type" : "place",
    "startTime" : "20151101T125612-0500",
    "endTime" : "20151101T130206-0500",
    "activities" : [ {
      "activity" : "walking",
      "group" : "walking",
      "manual" : false,
      "startTime" : "20151101T130021-0500",
      "endTime" : "20151101T130112-0500",
      "duration" : 51.0,
      "distance" : 36.0,
      "steps" : 71
    } ],
    "lastUpdate" : "20151101T210356Z"
  }, {
    "type" : "move",
    "startTime" : "20151101T130206-0500",
    "endTime" : "20151101T130812-0500",
    "activities" : [ {
      "activity" : "walking",
      "group" : "walking",
      "manual" : false,
      "startTime" : "20151101T130206-0500",
      "endTime" : "20151101T130813-0500",
      "duration" : 367.0,
      "distance" : 349.0,
      "steps" : 443
    } ],
    "lastUpdate" : "20151101T210356Z"
  }, {
    "type" : "place",
    "startTime" : "20151101T130812-0500",
    "endTime" : "20151101T132359-0500",
    "activities" : [ {
      "activity" : "walking",
      "group" : "walking",
      "manual" : false,
      "startTime" : "20151101T130812-0500",
      "endTime" : "20151101T131606-0500",
      "duration" : 474.0,
      "distance" : 486.0,
      "steps" : 648
    } ],
    "lastUpdate" : "20151101T210356Z"
  }, {
    "type" : "place",
    "startTime" : "20151101T132359-0500",
    "endTime" : "20151101T134604-0500",
    "activities" : [ {
      "activity" : "walking",
      "group" : "walking",
      "manual" : false,
      "startTime" : "20151101T132359-0500",
      "endTime" : "20151101T132943-0500",
      "duration" : 344.0,
      "distance" : 351.0,
      "steps" : 468
    } ],
    "lastUpdate" : "20151101T210356Z"
  }, {
    "type" : "place",
    "startTime" : "20151101T134720-0500",
    "endTime" : "20151101T135517-0500",
    "activities" : [ {
      "activity" : "walking",
      "group" : "walking",
      "manual" : false,
      "startTime" : "20151101T134720-0500",
      "endTime" : "20151101T135309-0500",
      "duration" : 349.0,
      "distance" : 353.0,
      "steps" : 470
    } ],
    "lastUpdate" : "20151101T210356Z"
  }, {
    "type" : "move",
    "startTime" : "20151101T135517-0500",
    "endTime" : "20151101T140626-0500",
    "activities" : [ {
      "activity" : "walking",
      "group" : "walking",
      "manual" : false,
      "startTime" : "20151101T135517-0500",
      "endTime" : "20151101T140627-0500",
      "duration" : 670.0,
      "distance" : 688.0,
      "steps" : 947
    } ],
    "lastUpdate" : "20151101T210356Z"
  }, {
    "type" : "place",
    "startTime" : "20151101T140626-0500",
    "endTime" : "20151101T143319-0500",
    "activities" : [ {
      "activity" : "walking",
      "group" : "walking",
      "manual" : false,
      "startTime" : "20151101T143141-0500",
      "endTime" : "20151101T143205-0500",
      "duration" : 24.0,
      "distance" : 15.0,
      "steps" : 31
    } ],
    "lastUpdate" : "20151101T210356Z"
  }, {
    "type" : "move",
    "startTime" : "20151101T143319-0500",
    "endTime" : "20151101T145234-0500",
    "activities" : [ {
      "activity" : "walking",
      "group" : "walking",
      "manual" : false,
      "startTime" : "20151101T143319-0500",
      "endTime" : "20151101T145234-0500",
      "duration" : 1155.0,
      "distance" : 1320.0,
      "steps" : 1654
    } ],
    "lastUpdate" : "20151101T210356Z"
  }, {
    "type" : "place",
    "startTime" : "20151101T145234-0500",
    "endTime" : "20151101T151341-0500",
    "activities" : [ {
      "activity" : "walking",
      "group" : "walking",
      "manual" : false,
      "startTime" : "20151101T145419-0500",
      "endTime" : "20151101T145432-0500",
      "duration" : 13.0,
      "distance" : 9.0,
      "steps" : 17
    } ],
    "lastUpdate" : "20151101T210356Z"
  }, {
    "type" : "move",
    "startTime" : "20151101T151341-0500",
    "endTime" : "20151101T151936-0500",
    "activities" : [ {
      "activity" : "walking",
      "group" : "walking",
      "manual" : false,
      "startTime" : "20151101T151341-0500",
      "endTime" : "20151101T151936-0500",
      "duration" : 355.0,
      "distance" : 254.0,
      "steps" : 479
    } ],
    "lastUpdate" : "20151101T210356Z"
  }, {
    "type" : "place",
    "startTime" : "20151101T151936-0500",
    "endTime" : "20151101T154938-0500",
    "activities" : [ {
      "activity" : "walking",
      "group" : "walking",
      "manual" : false,
      "startTime" : "20151101T151936-0500",
      "endTime" : "20151101T151958-0500",
      "duration" : 22.0,
      "distance" : 14.0,
      "steps" : 29
    } ],
    "lastUpdate" : "20151101T223805Z"
  }, {
    "type" : "move",
    "startTime" : "20151101T154938-0500",
    "endTime" : "20151101T163847-0500",
    "activities" : [ {
      "activity" : "transport",
      "group" : "transport",
      "manual" : false,
      "startTime" : "20151101T154938-0500",
      "endTime" : "20151101T155227-0500",
      "duration" : 169.0,
      "distance" : 7416.0
    }, {
      "activity" : "walking",
      "group" : "walking",
      "manual" : false,
      "startTime" : "20151101T155228-0500",
      "endTime" : "20151101T155658-0500",
      "duration" : 270.0,
      "distance" : 485.0,
      "steps" : 404
    }, {
      "activity" : "transport",
      "group" : "transport",
      "manual" : false,
      "startTime" : "20151101T155658-0500",
      "endTime" : "20151101T163612-0500",
      "duration" : 2354.0,
      "distance" : 21005.0
    }, {
      "activity" : "walking",
      "group" : "walking",
      "manual" : false,
      "startTime" : "20151101T163612-0500",
      "endTime" : "20151101T163848-0500",
      "duration" : 156.0,
      "distance" : 78.0,
      "steps" : 119
    } ],
    "lastUpdate" : "20151101T223805Z"
  }, {
    "type" : "place",
    "startTime" : "20151101T163848-0500",
    "endTime" : "20151101T170501-0500",
    "activities" : [ {
      "activity" : "walking",
      "group" : "walking",
      "manual" : false,
      "startTime" : "20151101T163848-0500",
      "endTime" : "20151101T163852-0500",
      "duration" : 4.0,
      "distance" : 3.0,
      "steps" : 6
    }, {
      "activity" : "walking",
      "group" : "walking",
      "manual" : false,
      "startTime" : "20151101T170346-0500",
      "endTime" : "20151101T170417-0500",
      "duration" : 31.0,
      "distance" : 21.0,
      "steps" : 41
    } ],
    "lastUpdate" : "20151101T223805Z"
  }, {
    "type" : "move",
    "startTime" : "20151101T170501-0500",
    "endTime" : "20151101T170715-0500",
    "activities" : [ {
      "activity" : "transport",
      "group" : "transport",
      "manual" : false,
      "startTime" : "20151101T170501-0500",
      "endTime" : "20151101T170716-0500",
      "duration" : 135.0,
      "distance" : 405.0
    } ],
    "lastUpdate" : "20151101T223805Z"
  }, {
    "type" : "place",
    "startTime" : "20151101T170715-0500",
    "endTime" : "20151101T184708-0500",
    "activities" : [ {
      "activity" : "walking",
      "group" : "walking",
      "manual" : false,
      "startTime" : "20151101T170846-0500",
      "endTime" : "20151101T171002-0500",
      "duration" : 76.0,
      "distance" : 51.0,
      "steps" : 101
    }, {
      "activity" : "walking",
      "group" : "walking",
      "manual" : false,
      "startTime" : "20151101T181806-0500",
      "endTime" : "20151101T181927-0500",
      "duration" : 81.0,
      "distance" : 54.0,
      "steps" : 108
    } ],
    "lastUpdate" : "20151102T161754Z"
  }, {
    "type" : "move",
    "startTime" : "20151101T184708-0500",
    "endTime" : "20151101T190032-0500",
    "activities" : [ {
      "activity" : "transport",
      "group" : "transport",
      "manual" : false,
      "startTime" : "20151101T184708-0500",
      "endTime" : "20151101T185548-0500",
      "duration" : 520.0,
      "distance" : 12063.0
    }, {
      "activity" : "walking",
      "group" : "walking",
      "manual" : false,
      "startTime" : "20151101T185547-0500",
      "endTime" : "20151101T190033-0500",
      "duration" : 286.0,
      "distance" : 410.0,
      "steps" : 407
    } ],
    "lastUpdate" : "20151102T161754Z"
  }, {
    "type" : "place",
    "startTime" : "20151101T190033-0500",
    "endTime" : "20151101T190348-0500",
    "activities" : [ {
      "activity" : "walking",
      "group" : "walking",
      "manual" : false,
      "startTime" : "20151101T190039-0500",
      "endTime" : "20151101T190048-0500",
      "duration" : 9.0,
      "distance" : 6.0,
      "steps" : 12
    } ],
    "lastUpdate" : "20151102T161754Z"
  } ],
  "lastUpdate" : "20151102T161754Z"
} ]