[ {
  "date" : "20151020",
  "summary" : [ {
    "activity" : "walking",
    "group" : "walking",
    "duration" : 1327.0,
    "distance" : 1572.0,
    "steps" : 1327
  }, {
    "activity" : "transport",
    "group" : "transport",
    "duration" : 1251.0,
    "distance" : 6556.0
  } ],
  "segments" : [ {
    "type" : "move",
    "startTime" : "20151020T172207-0400",
    "endTime" : "20151020T174829-0400",
    "activities" : [ {
      "activity" : "transport",
      "group" : "transport",
      "manual" : false,
      "startTime" : "20151020T172207-0400",
      "endTime" : "20151020T174258-0400",
      "duration" : 1251.0,
      "distance" : 6556.0
    }, {
      "activity" : "walking",
      "group" : "walking",
      "manual" : false,
      "startTime" : "20151020T174257-0400",
      "endTime" : "20151020T174828-0400",
      "duration" : 331.0,
      "distance" : 398.0,
      "steps" : 331
    } ],
    "lastUpdate" : "20151020T230501Z"
  }, {
    "type" : "move",
    "startTime" : "20151020T180954-0400",
    "endTime" : "20151020T181834-0400",
    "activities" : [ {
      "activity" : "walking",
      "group" : "walking",
      "manual" : false,
      "startTime" : "20151020T180954-0400",
      "endTime" : "20151020T181834-0400",
      "duration" : 520.0,
      "distance" : 603.0,
      "steps" : 520
    } ],
    "lastUpdate" : "20151020T230501Z"
  }, {
    "type" : "move",
    "startTime" : "20151020T183547-0400",
    "endTime" : "20151020T184343-0400",
    "activities" : [ {
      "activity" : "walking",
      "group" : "walking",
      "manual" : false,
      "startTime" : "20151020T183547-0400",
      "endTime" : "20151020T184343-0400",
      "duration" : 476.0,
      "distance" : 571.0,
      "steps" : 476
    } ],
    "lastUpdate" : "20151021T082513Z"
  } ],
  "lastUpdate" : "20151021T130338Z"
}, {
  "date" : "20151021",
  "summary" : [ {
    "activity" : "walking",
    "group" : "walking",
    "duration" : 3901.0,
    "distance" : 3769.0,
    "steps" : 4902
  }, {
    "activity" : "transport",
    "group" : "transport",
    "duration" : 1650.0,
    "distance" : 15414.0
  }, {
    "activity" : "cycling",
    "group" : "cycling",
    "duration" : 537.0,
    "distance" : 2392.0
  } ],
  "segments" : [ {
    "type" : "move",
    "startTime" : "20151021T071339-0400",
    "endTime" : "20151021T071844-0400",
    "activities" : [ {
      "activity" : "walking",
      "group" : "walking",
      "manual" : false,
      "startTime" : "20151021T071339-0400",
      "endTime" : "20151021T071845-0400",
      "duration" : 306.0,
      "distance" : 240.0,
      "steps" : 306
    } ],
    "lastUpdate" : "20151021T130338Z"
  }, {
    "type" : "move",
    "startTime" : "20151021T080615-0400",
    "endTime" : "20151021T081327-0400",
    "activities" : [ {
      "activity" : "transport",
      "group" : "transport",
      "manual" : false,
      "startTime" : "20151021T080615-0400",
      "endTime" : "20151021T081327-0400",
      "duration" : 432.0,
      "distance" : 6807.0
    } ],
    "lastUpdate" : "20151021T130338Z"
  }, {
    "type" : "move",
    "startTime" : "20151021T125642-0400",
    "endTime" : "20151021T130539-0400",
    "activities" : [ {
      "activity" : "cycling",
      "group" : "cycling",
      "manual" : false,
      "startTime" : "20151021T125642-0400",
      "endTime" : "20151021T130539-0400",
      "duration" : 537.0,
      "distance" : 2392.0
    } ],
    "lastUpdate" : "20151021T174741Z"
  }, {
    "type" : "place",
    "startTime" : "20151021T130539-0400",
    "endTime" : "20151021T135730-0400",
    "activities" : [ {
      "activity" : "walking",
      "group" : "walking",
      "manual" : false,
      "startTime" : "20151021T131108-0400",
      "endTime" : "20151021T131926-0400",
      "duration" : 498.0,
      "distance" : 435.0,
      "steps" : 580
    } ],
    "lastUpdate" : "20151021T194613Z"
  }, {
    "type" : "move",
    "startTime" : "20151021T135730-0400",
    "endTime" : "20151021T141813-0400",
    "activities" : [ {
      "activity" : "transport",
      "group" : "transport",
      "manual" : false,
      "startTime" : "20151021T135730-0400",
      "endTime" : "20151021T141410-0400",
      "duration" : 1000.0,
      "distance" : 2131.0
    }, {
      "activity" : "walking",
      "group" : "walking",
      "manual" : false,
      "startTime" : "20151021T141410-0400",
      "endTime" : "20151021T141814-0400",
      "duration" : 244.0,
      "distance" : 293.0,
      "steps" : 244
    } ],
    "lastUpdate" : "20151021T194613Z"
  }, {
    "type" : "place",
    "startTime" : "20151021T141813-0400",
    "endTime" : "20151021T150029-0400",
    "activities" : [ {
      "activity" : "walking",
      "group" : "walking",
      "manual" : false,
      "startTime" : "20151021T145835-0400",
      "endTime" : "20151021T145924-0400",
      "duration" : 49.0,
      "distance" : 33.0,
      "steps" : 66
    }, {
      "activity" : "walking",
      "group" : "walking",
      "manual" : false,
      "startTime" : "20151021T150000-0400",
      "endTime" : "20151021T150036-0400",
      "duration" : 36.0,
      "distance" : 25.0,
      "steps" : 50
    } ],
    "lastUpdate" : "20151021T194614Z"
  }, {
    "type" : "move",
    "startTime" : "20151021T150029-0400",
    "endTime" : "20151021T150822-0400",
    "activities" : [ {
      "activity" : "walking",
      "group" : "walking",
      "manual" : false,
      "startTime" : "20151021T150029-0400",
      "endTime" : "20151021T150821-0400",
      "duration" : 472.0,
      "distance" : 427.0,
      "steps" : 549
    } ],
    "lastUpdate" : "20151021T194614Z"
  }, {
    "type" : "place",
    "startTime" : "20151021T150822-0400",
    "endTime" : "20151021T185548-0400",
    "activities" : [ {
      "activity" : "walking",
      "group" : "walking",
      "manual" : false,
      "startTime" : "20151021T150822-0400",
      "endTime" : "20151021T151139-0400",
      "duration" : 197.0,
      "distance" : 213.0,
      "steps" : 285
    }, {
      "activity" : "walking",
      "group" : "walking",
      "manual" : false,
      "startTime" : "20151021T163425-0400",
      "endTime" : "20151021T163601-0400",
      "duration" : 96.0,
      "distance" : 64.0,
      "steps" : 128
    }, {
      "activity" : "walking",
      "group" : "walking",
      "manual" : false,
      "startTime" : "20151021T170311-0400",
      "endTime" : "20151021T170519-0400",
      "duration" : 128.0,
      "distance" : 131.0,
      "steps" : 174
    }, {
      "activity" : "walking",
      "group" : "walking",
      "manual" : false,
      "startTime" : "20151021T180112-0400",
      "endTime" : "20151021T180551-0400",
      "duration" : 279.0,
      "distance" : 299.0,
      "steps" : 398
    } ],
    "lastUpdate" : "20151022T001909Z"
  }, {
    "type" : "move",
    "startTime" : "20151021T185548-0400",
    "endTime" : "20151021T185926-0400",
    "activities" : [ {
      "activity" : "transport",
      "group" : "transport",
      "manual" : false,
      "startTime" : "20151021T185548-0400",
      "endTime" : "20151021T185926-0400",
      "duration" : 218.0,
      "distance" : 6476.0
    } ],
    "lastUpdate" : "20151022T001909Z"
  }, {
    "type" : "place",
    "startTime" : "20151021T185926-0400",
    "endTime" : "20151021T220211-0400",
    "activities" : [ {
      "activity" : "walking",
      "group" : "walking",
      "manual" : false,
      "startTime" : "20151021T190025-0400",
      "endTime" : "20151021T190252-0400",
      "duration" : 147.0,
      "distance" : 152.0,
      "steps" : 202
    }, {
      "activity" : "walking",
      "group" : "walking",
      "manual" : false,
      "startTime" : "20151021T200933-0400",
      "endTime" : "20151021T201025-0400",
      "duration" : 52.0,
      "distance" : 35.0,
      "steps" : 69
    }, {
      "activity" : "walking",
      "group" : "walking",
      "manual" : false,
      "startTime" : "20151021T215724-0400",
      "endTime" : "20151021T215949-0400",
      "duration" : 145.0,
      "distance" : 172.0,
      "steps" : 230
    }, {
      "activity" : "walking",
      "group" : "walking",
      "manual" : false,
      "startTime" : "20151021T220000-0400",
      "endTime" : "20151021T220022-0400",
      "duration" : 22.0,
      "distance" : 15.0,
      "steps" : 29
    } ],
    "lastUpdate" : "20151022T032542Z"
  }, {
    "type" : "move",
    "startTime" : "20151021T220211-0400",
    "endTime" : "20151021T220647-0400",
    "activities" : [ {
      "activity" : "walking",
      "group" : "walking",
      "manual" : false,
      "startTime" : "20151021T220211-0400",
      "endTime" : "20151021T220647-0400",
      "duration" : 276.0,
      "distance" : 263.0,
      "steps" : 388
    } ],
    "lastUpdate" : "20151022T032542Z"
  }, {
    "type" : "place",
    "startTime" : "20151021T220647-0400",
    "endTime" : "20151021T223835-0400",
    "activities" : [ {
      "activity" : "walking",
      "group" : "walking",
      "manual" : false,
      "startTime" : "20151021T220647-0400",
      "endTime" : "20151021T220749-0400",
      "duration" : 62.0,
      "distance" : 42.0,
      "steps" : 85
    } ],
    "lastUpdate" : "20151022T032542Z"
  }, {
    "type" : "move",
    "startTime" : "20151021T223835-0400",
    "endTime" : "20151021T224608-0400",
    "activities" : [ {
      "activity" : "walking",
      "group" : "walking",
      "manual" : false,
      "startTime" : "20151021T223835-0400",
      "endTime" : "20151021T224609-0400",
      "duration" : 454.0,
      "distance" : 523.0,
      "steps" : 567
    } ],
    "lastUpdate" : "20151022T032542Z"
  }, {
    "type" : "place",
    "startTime" : "20151021T224608-0400",
    "endTime" : "20151021T225022-0400",
    "activities" : [ {
      "activity" : "walking",
      "group" : "walking",
      "manual" : false,
      "startTime" : "20151021T224944-0400",
      "endTime" : "20151021T224954-0400",
      "duration" : 10.0,
      "distance" : 7.0,
      "steps" : 13
    } ],
    "lastUpdate" : "20151022T032542Z"
  }, {
    "type" : "move",
    "startTime" : "20151021T225022-0400",
    "endTime" : "20151021T225713-0400",
    "activities" : [ {
      "activity" : "walking",
      "group" : "walking",
      "manual" : false,
      "startTime" : "20151021T225022-0400",
      "endTime" : "20151021T225713-0400",
      "duration" : 411.0,
      "distance" : 389.0,
      "steps" : 516
    } ],
    "lastUpdate" : "20151022T032542Z"
  }, {
    "type" : "place",
    "startTime" : "20151021T225713-0400",
    "endTime" : "20151022T064417-0400",
    "activities" : [ {
      "activity" : "walking",
      "group" : "walking",
      "manual" : false,
      "startTime" : "20151021T225713-0400",
      "endTime" : "20151021T225730-0400",
      "duration" : 17.0,
      "distance" : 11.0,
      "steps" : 23
    } ],
    "lastUpdate" : "20151022T155216Z"
  } ],
  "lastUpdate" : "20151022T155216Z"
}, {
  "date" : "20151022",
  "summary" : [ {
    "activity" : "walking",
    "group" : "walking",
    "duration" : 8737.0,
    "distance" : 9373.0,
    "steps" : 11676
  }, {
    "activity" : "transport",
    "group" : "transport",
    "duration" : 5578.0,
    "distance" : 45169.0
  } ],
  "segments" : [ {
    "type" : "place",
    "startTime" : "20151021T225713-0400",
    "endTime" : "20151022T064417-0400",
    "activities" : [ {
      "activity" : "walking",
      "group" : "walking",
      "manual" : false,
      "startTime" : "20151022T063817-0400",
      "endTime" : "20151022T064031-0400",
      "duration" : 134.0,
      "distance" : 147.0,
      "steps" : 196
    } ],
    "lastUpdate" : "20151022T155216Z"
  }, {
    "type" : "move",
    "startTime" : "20151022T064417-0400",
    "endTime" : "20151022T072744-0400",
    "activities" : [ {
      "activity" : "transport",
      "group" : "transport",
      "manual" : false,
      "startTime" : "20151022T064417-0400",
      "endTime" : "20151022T072543-0400",
      "duration" : 2486.0,
      "distance" : 22273.0
    }, {
      "activity" : "walking",
      "group" : "walking",
      "manual" : false,
      "startTime" : "20151022T072543-0400",
      "endTime" : "20151022T072745-0400",
      "duration" : 122.0,
      "distance" : 245.0,
      "steps" : 245
    } ],
    "lastUpdate" : "20151022T155216Z"
  }, {
    "type" : "place",
    "startTime" : "20151022T072745-0400",
    "endTime" : "20151022T080924-0400",
    "activities" : [ {
      "activity" : "walking",
      "group" : "walking",
      "manual" : false,
      "startTime" : "20151022T072745-0400",
      "endTime" : "20151022T073347-0400",
      "duration" : 362.0,
      "distance" : 371.0,
      "steps" : 494
    }, {
      "activity" : "walking",
      "group" : "walking",
      "manual" : false,
      "startTime" : "20151022T080159-0400",
      "endTime" : "20151022T080349-0400",
      "duration" : 110.0,
      "distance" : 73.0,
      "steps" : 146
    } ],
    "lastUpdate" : "20151022T155216Z"
  }, {
    "type" : "move",
    "startTime" : "20151022T080924-0400",
    "endTime" : "20151022T091116-0400",
    "activities" : [ {
      "activity" : "walking",
      "group" : "walking",
      "manual" : false,
      "startTime" : "20151022T080924-0400",
      "endTime" : "20151022T082146-0400",
      "duration" : 742.0,
      "distance" : 958.0,
      "steps" : 1086
    }, {
      "activity" : "transport",
      "group" : "transport",
      "manual" : false,
      "startTime" : "20151022T082146-0400",
      "endTime" : "20151022T091117-0400",
      "duration" : 2971.0,
      "distance" : 15413.0
    } ],
    "lastUpdate" : "20151022T155216Z"
  }, {
    "type" : "place",
    "startTime" : "20151022T091117-0400",
    "endTime" : "20151022T170319-0400",
    "activities" : [ {
      "activity" : "walking",
      "group" : "walking",
      "manual" : false,
      "startTime" : "20151022T091117-0400",
      "endTime" : "20151022T091823-0400",
      "duration" : 426.0,
      "distance" : 486.0,
      "steps" : 648
    }, {
      "activity" : "walking",
      "group" : "walking",
      "manual" : false,
      "startTime" : "20151022T101510-0400",
      "endTime" : "20151022T101557-0400",
      "duration" : 47.0,
      "distance" : 32.0,
      "steps" : 63
    }, {
      "activity" : "walking",
      "group" : "walking",
      "manual" : false,
      "startTime" : "20151022T114442-0400",
      "endTime" : "20151022T114747-0400",
      "duration" : 185.0,
      "distance" : 190.0,
      "steps" : 253
    }, {
      "activity" : "walking",
      "group" : "walking",
      "manual" : false,
      "startTime" : "20151022T122611-0400",
      "endTime" : "20151022T122758-0400",
      "duration" : 107.0,
      "distance" : 72.0,
      "steps" : 143
    }, {
      "activity" : "walking",
      "group" : "walking",
      "manual" : false,
      "startTime" : "20151022T130125-0400",
      "endTime" : "20151022T130444-0400",
      "duration" : 199.0,
      "distance" : 247.0,
      "steps" : 329
    }, {
      "activity" : "walking",
      "group" : "walking",
      "manual" : false,
      "startTime" : "20151022T140548-0400",
      "endTime" : "20151022T140719-0400",
      "duration" : 91.0,
      "distance" : 66.0,
      "steps" : 131
    }, {
      "activity" : "walking",
      "group" : "walking",
      "manual" : false,
      "startTime" : "20151022T152206-0400",
      "endTime" : "20151022T152638-0400",
      "duration" : 272.0,
      "distance" : 258.0,
      "steps" : 344
    }, {
      "activity" : "walking",
      "group" : "walking",
      "manual" : false,
      "startTime" : "20151022T170040-0400",
      "endTime" : "20151022T170125-0400",
      "duration" : 45.0,
      "distance" : 46.0,
      "steps" : 92
    } ],
    "lastUpdate" : "20151022T225800Z"
  }, {
    "type" : "move",
    "startTime" : "20151022T170319-0400",
    "endTime" : "20151022T171116-0400",
    "activities" : [ {
      "activity" : "walking",
      "group" : "walking",
      "manual" : false,
      "startTime" : "20151022T170319-0400",
      "endTime" : "20151022T171116-0400",
      "duration" : 477.0,
      "distance" : 364.0,
      "steps" : 630
    } ],
    "lastUpdate" : "20151022T225800Z"
  }, {
    "type" : "place",
    "startTime" : "20151022T171116-0400",
    "endTime" : "20151022T172546-0400",
    "activities" : [ {
      "activity" : "walking",
      "group" : "walking",
      "manual" : false,
      "startTime" : "20151022T171122-0400",
      "endTime" : "20151022T171231-0400",
      "duration" : 69.0,
      "distance" : 46.0,
      "steps" : 92
    } ],
    "lastUpdate" : "20151022T225800Z"
  }, {
    "type" : "move",
    "startTime" : "20151022T172546-0400",
    "endTime" : "20151022T172747-0400",
    "activities" : [ {
      "activity" : "transport",
      "group" : "transport",
      "manual" : false,
      "startTime" : "20151022T172546-0400",
      "endTime" : "20151022T172747-0400",
      "duration" : 121.0,
      "distance" : 7483.0
    } ],
    "lastUpdate" : "20151022T225800Z"
  }, {
    "type" : "place",
    "startTime" : "20151022T172748-0400",
    "endTime" : "20151022T173605-0400",
    "activities" : [ {
      "activity" : "walking",
      "group" : "walking",
      "manual" : false,
      "startTime" : "20151022T172748-0400",
      "endTime" : "20151022T172825-0400",
      "duration" : 37.0,
      "distance" : 25.0,
      "steps" : 49
    } ],
    "lastUpdate" : "20151022T225800Z"
  }, {
    "type" : "move",
    "startTime" : "20151022T173605-0400",
    "endTime" : "20151022T175206-0400",
    "activities" : [ {
      "activity" : "walking",
      "group" : "walking",
      "manual" : false,
      "startTime" : "20151022T173605-0400",
      "endTime" : "20151022T175207-0400",
      "duration" : 962.0,
      "distance" : 1190.0,
      "steps" : 1198
    } ],
    "lastUpdate" : "20151022T225800Z"
  }, {
    "type" : "place",
    "startTime" : "20151022T175206-0400",
    "endTime" : "20151022T182456-0400",
    "activities" : [ {
      "activity" : "walking",
      "group" : "walking",
      "manual" : false,
      "startTime" : "20151022T175206-0400",
      "endTime" : "20151022T175207-0400",
      "duration" : 1.0,
      "distance" : 1.0,
      "steps" : 1
    }, {
      "activity" : "walking",
      "group" : "walking",
      "manual" : false,
      "startTime" : "20151022T182152-0400",
      "endTime" : "20151022T182159-0400",
      "duration" : 7.0,
      "distance" : 5.0,
      "steps" : 9
    } ],
    "lastUpdate" : "20151022T225800Z"
  }, {
    "type" : "move",
    "startTime" : "20151022T182456-0400",
    "endTime" : "20151022T182903-0400",
    "activities" : [ {
      "activity" : "walking",
      "group" : "walking",
      "manual" : false,
      "startTime" : "20151022T182456-0400",
      "endTime" : "20151022T182904-0400",
      "duration" : 248.0,
      "distance" : 312.0,
      "steps" : 260
    } ],
    "lastUpdate" : "20151022T225800Z"
  }, {
    "type" : "place",
    "startTime" : "20151022T182903-0400",
    "endTime" : "20151022T221215-0400",
    "activities" : [ {
      "activity" : "walking",
      "group" : "walking",
      "manual" : false,
      "startTime" : "20151022T183231-0400",
      "endTime" : "20151022T183431-0400",
      "duration" : 120.0,
      "distance" : 82.0,
      "steps" : 163
    }, {
      "activity" : "walking",
      "group" : "walking",
      "manual" : false,
      "startTime" : "20151022T191049-0400",
      "endTime" : "20151022T191351-0400",
      "duration" : 182.0,
      "distance" : 182.0,
      "steps" : 242
    }, {
      "activity" : "walking",
      "group" : "walking",
      "manual" : false,
      "startTime" : "20151022T200107-0400",
      "endTime" : "20151022T200331-0400",
      "duration" : 144.0,
      "distance" : 144.0,
      "steps" : 192
    }, {
      "activity" : "walking",
      "group" : "walking",
      "manual" : false,
      "startTime" : "20151022T210621-0400",
      "endTime" : "20151022T210657-0400",
      "duration" : 36.0,
      "distance" : 24.0,
      "steps" : 48
    } ],
    "lastUpdate" : "20151023T214925Z"
  }, {
    "type" : "move",
    "startTime" : "20151022T221215-0400",
    "endTime" : "20151022T230531-0400",
    "activities" : [ {
      "activity" : "walking",
      "group" : "walking",
      "manual" : false,
      "startTime" : "20151022T221215-0400",
      "endTime" : "20151022T230531-0400",
      "duration" : 3196.0,
      "distance" : 3401.0,
      "steps" : 4079
    } ],
    "lastUpdate" : "20151023T214925Z"
  }, {
    "type" : "place",
    "startTime" : "20151022T230531-0400",
    "endTime" : "20151022T233333-0400",
    "activities" : [ {
      "activity" : "walking",
      "group" : "walking",
      "manual" : false,
      "startTime" : "20151022T230531-0400",
      "endTime" : "20151022T230858-0400",
      "duration" : 207.0,
      "distance" : 228.0,
      "steps" : 304
    } ],
    "lastUpdate" : "20151023T214925Z"
  }, {
    "type" : "move",
    "startTime" : "20151022T233333-0400",
    "endTime" : "20151022T233644-0400",
    "activities" : [ {
      "activity" : "walking",
      "group" : "walking",
      "manual" : false,
      "startTime" : "20151022T233333-0400",
      "endTime" : "20151022T233644-0400",
      "duration" : 191.0,
      "distance" : 166.0,
      "steps" : 215
    } ],
    "lastUpdate" : "20151023T214925Z"
  }, {
    "type" : "place",
    "startTime" : "20151022T233644-0400",
    "endTime" : "20151023T080231-0400",
    "activities" : [ {
      "activity" : "walking",
      "group" : "walking",
      "manual" : false,
      "startTime" : "20151022T233730-0400",
      "endTime" : "20151022T233748-0400",
      "duration" : 18.0,
      "distance" : 12.0,
      "steps" : 24
    } ],
    "lastUpdate" : "20151023T214925Z"
  } ],
  "lastUpdate" : "20151023T214925Z"
}, {
  "date" : "20151023",
  "summary" : [ {
    "activity" : "walking",
    "group" : "walking",
    "duration" : 4896.0,
    "distance" : 4879.0,
    "steps" : 6582
  }, {
    "activity" : "transport",
    "group" : "transport",
    "duration" : 2164.0,
    "distance" : 13088.0
  } ],
  "segments" : [ {
    "type" : "place",
    "startTime" : "20151022T233644-0400",
    "endTime" : "20151023T080231-0400",
    "activities" : [ {
      "activity" : "walking",
      "group" : "walking",
      "manual" : false,
      "startTime" : "20151023T075304-0400",
      "endTime" : "20151023T075321-0400",
      "duration" : 17.0,
      "distance" : 11.0,
      "steps" : 22
    }, {
      "activity" : "walking",
      "group" : "walking",
      "manual" : false,
      "startTime" : "20151023T080221-0400",
      "endTime" : "20151023T080721-0400",
      "duration" : 300.0,
      "distance" : 300.0,
      "steps" : 400
    } ],
    "lastUpdate" : "20151023T214925Z"
  }, {
    "type" : "move",
    "startTime" : "20151023T080231-0400",
    "endTime" : "20151023T080606-0400",
    "activities" : [ {
      "activity" : "walking",
      "group" : "walking",
      "manual" : false,
      "startTime" : "20151023T080231-0400",
      "endTime" : "20151023T080606-0400",
      "duration" : 215.0,
      "distance" : 182.0,
      "steps" : 239
    } ],
    "lastUpdate" : "20151023T214925Z"
  }, {
    "type" : "place",
    "startTime" : "20151023T080606-0400",
    "endTime" : "20151023T085106-0400",
    "activities" : [ {
      "activity" : "walking",
      "group" : "walking",
      "manual" : false,
      "startTime" : "20151023T080606-0400",
      "endTime" : "20151023T080929-0400",
      "duration" : 203.0,
      "distance" : 236.0,
      "steps" : 315
    } ],
    "lastUpdate" : "20151023T214925Z"
  }, {
    "type" : "move",
    "startTime" : "20151023T085106-0400",
    "endTime" : "20151023T085654-0400",
    "activities" : [ {
      "activity" : "walking",
      "group" : "walking",
      "manual" : false,
      "startTime" : "20151023T085106-0400",
      "endTime" : "20151023T085654-0400",
      "duration" : 348.0,
      "distance" : 323.0,
      "steps" : 447
    } ],
    "lastUpdate" : "20151023T214925Z"
  }, {
    "type" : "place",
    "startTime" : "20151023T085654-0400",
    "endTime" : "20151023T093957-0400",
    "activities" : [ {
      "activity" : "walking",
      "group" : "walking",
      "manual" : false,
      "startTime" : "20151023T085654-0400",
      "endTime" : "20151023T085710-0400",
      "duration" : 16.0,
      "distance" : 11.0,
      "steps" : 22
    }, {
      "activity" : "walking",
      "group" : "walking",
      "manual" : false,
      "startTime" : "20151023T093940-0400",
      "endTime" : "20151023T093955-0400",
      "duration" : 15.0,
      "distance" : 10.0,
      "steps" : 20
    } ],
    "lastUpdate" : "20151023T214925Z"
  }, {
    "type" : "move",
    "startTime" : "20151023T093957-0400",
    "endTime" : "20151023T100359-0400",
    "activities" : [ {
      "activity" : "walking",
      "group" : "walking",
      "manual" : false,
      "startTime" : "20151023T093957-0400",
      "endTime" : "20151023T094427-0400",
      "duration" : 270.0,
      "distance" : 309.0,
      "steps" : 435
    }, {
      "activity" : "transport",
      "group" : "transport",
      "manual" : false,
      "startTime" : "20151023T094427-0400",
      "endTime" : "20151023T100400-0400",
      "duration" : 1173.0,
      "distance" : 6591.0
    } ],
    "lastUpdate" : "20151023T214925Z"
  }, {
    "type" : "place",
    "startTime" : "20151023T100400-0400",
    "endTime" : "20151023T145417-0400",
    "activities" : [ {
      "activity" : "walking",
      "group" : "walking",
      "manual" : false,
      "startTime" : "20151023T100409-0400",
      "endTime" : "20151023T100556-0400",
      "duration" : 107.0,
      "distance" : 81.0,
      "steps" : 162
    }, {
      "activity" : "walking",
      "group" : "walking",
      "manual" : false,
      "startTime" : "20151023T111245-0400",
      "endTime" : "20151023T111457-0400",
      "duration" : 132.0,
      "distance" : 132.0,
      "steps" : 176
    }, {
      "activity" : "walking",
      "group" : "walking",
      "manual" : false,
      "startTime" : "20151023T120453-0400",
      "endTime" : "20151023T120730-0400",
      "duration" : 157.0,
      "distance" : 164.0,
      "steps" : 219
    }, {
      "activity" : "walking",
      "group" : "walking",
      "manual" : false,
      "startTime" : "20151023T140058-0400",
      "endTime" : "20151023T140639-0400",
      "duration" : 341.0,
      "distance" : 350.0,
      "steps" : 466
    } ],
    "lastUpdate" : "20151023T214925Z"
  }, {
    "type" : "move",
    "startTime" : "20151023T145417-0400",
    "endTime" : "20151023T152442-0400",
    "activities" : [ {
      "activity" : "walking",
      "group" : "walking",
      "manual" : false,
      "startTime" : "20151023T145417-0400",
      "endTime" : "20151023T152443-0400",
      "duration" : 1826.0,
      "distance" : 1815.0,
      "steps" : 2347
    } ],
    "lastUpdate" : "20151023T214925Z"
  }, {
    "type" : "place",
    "startTime" : "20151023T152442-0400",
    "endTime" : "20151023T154518-0400",
    "activities" : [ {
      "activity" : "walking",
      "group" : "walking",
      "manual" : false,
      "startTime" : "20151023T154503-0400",
      "endTime" : "20151023T154520-0400",
      "duration" : 17.0,
      "distance" : 11.0,
      "steps" : 23
    } ],
    "lastUpdate" : "20151023T214925Z"
  }, {
    "type" : "move",
    "startTime" : "20151023T154518-0400",
    "endTime" : "20151023T154926-0400",
    "activities" : [ {
      "activity" : "walking",
      "group" : "walking",
      "manual" : false,
      "startTime" : "20151023T154518-0400",
      "endTime" : "20151023T154926-0400",
      "duration" : 248.0,
      "distance" : 332.0,
      "steps" : 345
    } ],
    "lastUpdate" : "20151023T214925Z"
  }, {
    "type" : "place",
    "startTime" : "20151023T154926-0400",
    "endTime" : "20151023T162733-0400",
    "activities" : [ {
      "activity" : "walking",
      "group" : "walking",
      "manual" : false,
      "startTime" : "20151023T154926-0400",
      "endTime" : "20151023T155019-0400",
      "duration" : 53.0,
      "distance" : 38.0,
      "steps" : 76
    }, {
      "activity" : "walking",
      "group" : "walking",
      "manual" : false,
      "startTime" : "20151023T160346-0400",
      "endTime" : "20151023T160520-0400",
      "duration" : 94.0,
      "distance" : 63.0,
      "steps" : 125
    } ],
    "lastUpdate" : "20151023T214925Z"
  }, {
    "type" : "move",
    "startTime" : "20151023T162733-0400",
    "endTime" : "20151023T165244-0400",
    "activities" : [ {
      "activity" : "walking",
      "group" : "walking",
      "manual" : false,
      "startTime" : "20151023T162733-0400",
      "endTime" : "20151023T163010-0400",
      "duration" : 157.0,
      "distance" : 87.0,
      "steps" : 170
    }, {
      "activity" : "transport",
      "group" : "transport",
      "manual" : false,
      "startTime" : "20151023T163010-0400",
      "endTime" : "20151023T164641-0400",
      "duration" : 991.0,
      "distance" : 6497.0
    }, {
      "activity" : "walking",
      "group" : "walking",
      "manual" : false,
      "startTime" : "20151023T164641-0400",
      "endTime" : "20151023T165244-0400",
      "duration" : 363.0,
      "distance" : 412.0,
      "steps" : 550
    } ],
    "lastUpdate" : "20151023T214925Z"
  }, {
    "type" : "place",
    "startTime" : "20151023T165244-0400",
    "endTime" : "20151023T175125-0400",
    "activities" : [ {
      "activity" : "walking",
      "group" : "walking",
      "manual" : false,
      "startTime" : "20151023T170204-0400",
      "endTime" : "20151023T170221-0400",
      "duration" : 17.0,
      "distance" : 12.0,
      "steps" : 23
    } ],
    "lastUpdate" : "20151025T021019Z"
  } ],
  "lastUpdate" : "20151025T021019Z"
}, {
  "date" : "20151024",
  "summary" : [ {
    "activity" : "walking",
    "group" : "walking",
    "duration" : 745.0,
    "distance" : 846.0,
    "steps" : 925
  } ],
  "segments" : [ {
    "type" : "move",
    "startTime" : "20151024T212257-0400",
    "endTime" : "20151024T212925-0400",
    "activities" : [ {
      "activity" : "walking",
      "group" : "walking",
      "manual" : false,
      "startTime" : "20151024T212257-0400",
      "endTime" : "20151024T212925-0400",
      "duration" : 388.0,
      "distance" : 394.0,
      "steps" : 439
    } ],
    "lastUpdate" : "20151025T021019Z"
  }, {
    "type" : "place",
    "startTime" : "20151024T212926-0400",
    "endTime" : "20151024T214004-0400",
    "activities" : [ {
      "activity" : "walking",
      "group" : "walking",
      "manual" : false,
      "startTime" : "20151024T212926-0400",
      "endTime" : "20151024T213001-0400",
      "duration" : 35.0,
      "distance" : 23.0,
      "steps" : 47
    } ],
    "lastUpdate" : "20151025T021019Z"
  }, {
    "type" : "move",
    "startTime" : "20151024T214004-0400",
    "endTime" : "20151024T214436-0400",
    "activities" : [ {
      "activity" : "walking",
      "group" : "walking",
      "manual" : false,
      "startTime" : "20151024T214004-0400",
      "endTime" : "20151024T214436-0400",
      "duration" : 272.0,
      "distance" : 395.0,
      "steps" : 372
    } ],
    "lastUpdate" : "20151025T021019Z"
  }, {
    "type" : "place",
    "startTime" : "20151024T214436-0400",
    "endTime" : "20151025T083635-0400",
    "activities" : [ {
      "activity" : "walking",
      "group" : "walking",
      "manual" : false,
      "startTime" : "20151024T214436-0400",
      "endTime" : "20151024T214503-0400",
      "duration" : 27.0,
      "distance" : 18.0,
      "steps" : 36
    }, {
      "activity" : "walking",
      "group" : "walking",
      "manual" : false,
      "startTime" : "20151024T231704-0400",
      "endTime" : "20151024T231727-0400",
      "duration" : 23.0,
      "distance" : 16.0,
      "steps" : 31
    } ],
    "lastUpdate" : "20151025T131029Z"
  } ],
  "lastUpdate" : "20151025T131029Z"
}, {
  "date" : "20151025",
  "summary" : [ {
    "activity" : "walking",
    "group" : "walking",
    "duration" : 4042.0,
    "distance" : 4608.0,
    "steps" : 5850
  }, {
    "activity" : "transport",
    "group" : "transport",
    "duration" : 2342.0,
    "distance" : 14014.0
  } ],
  "segments" : [ {
    "type" : "place",
    "startTime" : "20151024T214436-0400",
    "endTime" : "20151025T083635-0400",
    "activities" : [ {
      "activity" : "walking",
      "group" : "walking",
      "manual" : false,
      "startTime" : "20151025T083552-0400",
      "endTime" : "20151025T084230-0400",
      "duration" : 398.0,
      "distance" : 483.0,
      "steps" : 645
    } ],
    "lastUpdate" : "20151025T131029Z"
  }, {
    "type" : "move",
    "startTime" : "20151025T083635-0400",
    "endTime" : "20151025T084152-0400",
    "activities" : [ {
      "activity" : "walking",
      "group" : "walking",
      "manual" : false,
      "startTime" : "20151025T083635-0400",
      "endTime" : "20151025T084152-0400",
      "duration" : 317.0,
      "distance" : 272.0,
      "steps" : 437
    } ],
    "lastUpdate" : "20151025T131029Z"
  }, {
    "type" : "place",
    "startTime" : "20151025T084152-0400",
    "endTime" : "20151025T090759-0400",
    "activities" : [ {
      "activity" : "walking",
      "group" : "walking",
      "manual" : false,
      "startTime" : "20151025T084152-0400",
      "endTime" : "20151025T084154-0400",
      "duration" : 2.0,
      "distance" : 1.0,
      "steps" : 3
    }, {
      "activity" : "walking",
      "group" : "walking",
      "manual" : false,
      "startTime" : "20151025T090626-0400",
      "endTime" : "20151025T090753-0400",
      "duration" : 87.0,
      "distance" : 63.0,
      "steps" : 127
    } ],
    "lastUpdate" : "20151025T144251Z"
  }, {
    "type" : "move",
    "startTime" : "20151025T090759-0400",
    "endTime" : "20151025T091037-0400",
    "activities" : [ {
      "activity" : "walking",
      "group" : "walking",
      "manual" : false,
      "startTime" : "20151025T090759-0400",
      "endTime" : "20151025T091036-0400",
      "duration" : 157.0,
      "distance" : 228.0,
      "steps" : 190
    } ],
    "lastUpdate" : "20151025T144251Z"
  }, {
    "type" : "place",
    "startTime" : "20151025T091037-0400",
    "endTime" : "20151025T173610-0400",
    "activities" : [ {
      "activity" : "walking",
      "group" : "walking",
      "manual" : false,
      "startTime" : "20151025T091217-0400",
      "endTime" : "20151025T091950-0400",
      "duration" : 453.0,
      "distance" : 527.0,
      "steps" : 703
    }, {
      "activity" : "walking",
      "group" : "walking",
      "manual" : false,
      "startTime" : "20151025T102050-0400",
      "endTime" : "20151025T102118-0400",
      "duration" : 28.0,
      "distance" : 19.0,
      "steps" : 37
    }, {
      "activity" : "walking",
      "group" : "walking",
      "manual" : false,
      "startTime" : "20151025T172430-0400",
      "endTime" : "20151025T172500-0400",
      "duration" : 30.0,
      "distance" : 20.0,
      "steps" : 40
    } ],
    "lastUpdate" : "20151025T222911Z"
  }, {
    "type" : "move",
    "startTime" : "20151025T173610-0400",
    "endTime" : "20151025T174126-0400",
    "activities" : [ {
      "activity" : "walking",
      "group" : "walking",
      "manual" : false,
      "startTime" : "20151025T173610-0400",
      "endTime" : "20151025T174126-0400",
      "duration" : 316.0,
      "distance" : 275.0,
      "steps" : 432
    } ],
    "lastUpdate" : "20151025T222911Z"
  }, {
    "type" : "place",
    "startTime" : "20151025T174126-0400",
    "endTime" : "20151025T180916-0400",
    "activities" : [ {
      "activity" : "walking",
      "group" : "walking",
      "manual" : false,
      "startTime" : "20151025T174126-0400",
      "endTime" : "20151025T174154-0400",
      "duration" : 28.0,
      "distance" : 19.0,
      "steps" : 38
    } ],
    "lastUpdate" : "20151025T222911Z"
  }, {
    "type" : "move",
    "startTime" : "20151025T180916-0400",
    "endTime" : "20151025T181356-0400",
    "activities" : [ {
      "activity" : "walking",
      "group" : "walking",
      "manual" : false,
      "startTime" : "20151025T180916-0400",
      "endTime" : "20151025T181356-0400",
      "duration" : 280.0,
      "distance" : 242.0,
      "steps" : 366
    } ],
    "lastUpdate" : "20151025T222911Z"
  }, {
    "type" : "place",
    "startTime" : "20151025T181356-0400",
    "endTime" : "20151025T191936-0400",
    "activities" : [ {
      "activity" : "walking",
      "group" : "walking",
      "manual" : false,
      "startTime" : "20151025T181356-0400",
      "endTime" : "20151025T181537-0400",
      "duration" : 101.0,
      "distance" : 67.0,
      "steps" : 135
    }, {
      "activity" : "walking",
      "group" : "walking",
      "manual" : false,
      "startTime" : "20151025T190157-0400",
      "endTime" : "20151025T190922-0400",
      "duration" : 445.0,
      "distance" : 454.0,
      "steps" : 605
    } ],
    "lastUpdate" : "20151026T013319Z"
  }, {
    "type" : "move",
    "startTime" : "20151025T191936-0400",
    "endTime" : "20151025T192736-0400",
    "activities" : [ {
      "activity" : "transport",
      "group" : "transport",
      "manual" : false,
      "startTime" : "20151025T191936-0400",
      "endTime" : "20151025T192737-0400",
      "duration" : 481.0,
      "distance" : 1603.0
    } ],
    "lastUpdate" : "20151026T013319Z"
  }, {
    "type" : "move",
    "startTime" : "20151025T194611-0400",
    "endTime" : "20151025T195222-0400",
    "activities" : [ {
      "activity" : "transport",
      "group" : "transport",
      "manual" : false,
      "startTime" : "20151025T194611-0400",
      "endTime" : "20151025T195222-0400",
      "duration" : 371.0,
      "distance" : 1887.0
    } ],
    "lastUpdate" : "20151026T013319Z"
  }, {
    "type" : "place",
    "startTime" : "20151025T195222-0400",
    "endTime" : "20151025T210505-0400",
    "activities" : [ {
      "activity" : "walking",
      "group" : "walking",
      "manual" : false,
      "startTime" : "20151025T195222-0400",
      "endTime" : "20151025T195444-0400",
      "duration" : 142.0,
      "distance" : 153.0,
      "steps" : 203
    }, {
      "activity" : "walking",
      "group" : "walking",
      "manual" : false,
      "startTime" : "20151025T203826-0400",
      "endTime" : "20151025T204108-0400",
      "duration" : 162.0,
      "distance" : 199.0,
      "steps" : 265
    }, {
      "activity" : "walking",
      "group" : "walking",
      "manual" : false,
      "startTime" : "20151025T210028-0400",
      "endTime" : "20151025T210042-0400",
      "duration" : 14.0,
      "distance" : 10.0,
      "steps" : 19
    } ],
    "lastUpdate" : "20151026T103853Z"
  }, {
    "type" : "move",
    "startTime" : "20151025T210505-0400",
    "endTime" : "20151025T212719-0400",
    "activities" : [ {
      "activity" : "transport",
      "group" : "transport",
      "manual" : false,
      "startTime" : "20151025T210505-0400",
      "endTime" : "20151025T211706-0400",
      "duration" : 721.0,
      "distance" : 1107.0
    }, {
      "activity" : "walking",
      "group" : "walking",
      "manual" : false,
      "startTime" : "20151025T211706-0400",
      "endTime" : "20151025T212720-0400",
      "duration" : 614.0,
      "distance" : 1048.0,
      "steps" : 873
    } ],
    "lastUpdate" : "20151026T103853Z"
  }, {
    "type" : "place",
    "startTime" : "20151025T212719-0400",
    "endTime" : "20151025T220247-0400",
    "activities" : [ {
      "activity" : "walking",
      "group" : "walking",
      "manual" : false,
      "startTime" : "20151025T212800-0400",
      "endTime" : "20151025T213444-0400",
      "duration" : 404.0,
      "distance" : 485.0,
      "steps" : 647
    }, {
      "activity" : "walking",
      "group" : "walking",
      "manual" : false,
      "startTime" : "20151025T220239-0400",
      "endTime" : "20151025T220343-0400",
      "duration" : 64.0,
      "distance" : 43.0,
      "steps" : 85
    } ],
    "lastUpdate" : "20151026T121321Z"
  }, {
    "type" : "move",
    "startTime" : "20151025T220247-0400",
    "endTime" : "20151025T221535-0400",
    "activities" : [ {
      "activity" : "transport",
      "group" : "transport",
      "manual" : false,
      "startTime" : "20151025T220247-0400",
      "endTime" : "20151025T221536-0400",
      "duration" : 769.0,
      "distance" : 9417.0
    } ],
    "lastUpdate" : "20151026T121321Z"
  } ],
  "lastUpdate" : "20151026T121321Z"
} ]