[ {
  "date" : "20151020",
  "summary" : [ {
    "activity" : "walking",
    "group" : "walking",
    "duration" : 1327.0,
    "distance" : 1572.0,
    "steps" : 1327
  }, {
    "activity" : "transport",
    "group" : "transport",
    "duration" : 1251.0,
    "distance" : 6556.0
  } ],
  "lastUpdate" : "20151021T130338Z"
}, {
  "date" : "20151021",
  "summary" : [ {
    "activity" : "walking",
    "group" : "walking",
    "duration" : 3901.0,
    "distance" : 3769.0,
    "steps" : 4902
  }, {
    "activity" : "transport",
    "group" : "transport",
    "duration" : 1650.0,
    "distance" : 15414.0
  }, {
    "activity" : "cycling",
    "group" : "cycling",
    "duration" : 537.0,
    "distance" : 2392.0
  } ],
  "lastUpdate" : "20151022T155216Z"
}, {
  "date" : "20151022",
  "summary" : [ {
    "activity" : "walking",
    "group" : "walking",
    "duration" : 8737.0,
    "distance" : 9373.0,
    "steps" : 11676
  }, {
    "activity" : "transport",
    "group" : "transport",
    "duration" : 5578.0,
    "distance" : 45169.0
  } ],
  "lastUpdate" : "20151023T214925Z"
}, {
  "date" : "20151023",
  "summary" : [ {
    "activity" : "walking",
    "group" : "walking",
    "duration" : 4896.0,
    "distance" : 4879.0,
    "steps" : 6582
  }, {
    "activity" : "transport",
    "group" : "transport",
    "duration" : 2164.0,
    "distance" : 13088.0
  } ],
  "lastUpdate" : "20151025T021019Z"
}, {
  "date" : "20151024",
  "summary" : [ {
    "activity" : "walking",
    "group" : "walking",
    "duration" : 745.0,
    "distance" : 846.0,
    "steps" : 925
  } ],
  "lastUpdate" : "20151025T131029Z"
}, {
  "date" : "20151025",
  "summary" : [ {
    "activity" : "walking",
    "group" : "walking",
    "duration" : 4042.0,
    "distance" : 4608.0,
    "steps" : 5850
  }, {
    "activity" : "transport",
    "group" : "transport",
    "duration" : 2342.0,
    "distance" : 14014.0
  } ],
  "lastUpdate" : "20151026T121321Z"
}, {
  "date" : "20151026",
  "summary" : [ {
    "activity" : "walking",
    "group" : "walking",
    "duration" : 4813.0,
    "distance" : 5439.0,
    "steps" : 6246
  }, {
    "activity" : "transport",
    "group" : "transport",
    "duration" : 2252.0,
    "distance" : 14303.0
  } ],
  "lastUpdate" : "20151027T162344Z"
}, {
  "date" : "20151027",
  "summary" : [ {
    "activity" : "walking",
    "group" : "walking",
    "duration" : 4766.0,
    "distance" : 5949.0,
    "steps" : 6274
  }, {
    "activity" : "transport",
    "group" : "transport",
    "duration" : 1402.0,
    "distance" : 11921.0
  }, {
    "activity" : "cycling",
    "group" : "cycling",
    "duration" : 465.0,
    "distance" : 1312.0
  } ],
  "lastUpdate" : "20151028T142623Z"
}, {
  "date" : "20151028",
  "summary" : [ {
    "activity" : "walking",
    "group" : "walking",
    "duration" : 4138.0,
    "distance" : 4586.0,
    "steps" : 5658
  }, {
    "activity" : "transport",
    "group" : "transport",
    "duration" : 4438.0,
    "distance" : 46404.0
  } ],
  "lastUpdate" : "20151029T142143Z"
}, {
  "date" : "20151029",
  "summary" : [ {
    "activity" : "walking",
    "group" : "walking",
    "duration" : 4861.0,
    "distance" : 4893.0,
    "steps" : 6402
  }, {
    "activity" : "transport",
    "group" : "transport",
    "duration" : 1702.0,
    "distance" : 12873.0
  } ],
  "lastUpdate" : "20151030T054627Z"
}, {
  "date" : "20151030",
  "summary" : [ {
    "activity" : "walking",
    "group" : "walking",
    "duration" : 4018.0,
    "distance" : 3947.0,
    "steps" : 4958
  }, {
    "activity" : "transport",
    "group" : "transport",
    "duration" : 1296.0,
    "distance" : 10007.0
  } ],
  "lastUpdate" : "20151101T063835Z"
}, {
  "date" : "20151031",
  "summary" : [ {
    "activity" : "walking",
    "group" : "walking",
    "duration" : 327.0,
    "distance" : 273.0,
    "steps" : 435
  } ],
  "lastUpdate" : "20151101T210356Z"
}, {
  "date" : "20151101",
  "summary" : [ {
    "activity" : "walking",
    "group" : "walking",
    "duration" : 6925.0,
    "distance" : 7453.0,
    "steps" : 9738
  }, {
    "activity" : "transport",
    "group" : "transport",
    "duration" : 3178.0,
    "distance" : 40889.0
  } ],
  "lastUpdate" : "20151102T161754Z"
}, {
  "date" : "20151102",
  "summary" : [ {
    "activity" : "walking",
    "group" : "walking",
    "duration" : 2140.0,
    "distance" : 2618.0,
    "steps" : 2954
  } ],
  "lastUpdate" : "20151103T212825Z"
}, {
  "date" : "20151103",
  "summary" : [ {
    "activity" : "walking",
    "group" : "walking",
    "duration" : 1686.0,
    "distance" : 2118.0,
    "steps" : 2421
  } ],
  "lastUpdate" : "20151104T143722Z"
}, {
  "date" : "20151104",
  "summary" : [ {
    "activity" : "walking",
    "group" : "walking",
    "duration" : 3248.0,
    "distance" : 3643.0,
    "steps" : 4382
  }, {
    "activity" : "transport",
    "group" : "transport",
    "duration" : 2311.0,
    "distance" : 11961.0
  } ],
  "lastUpdate" : "20151105T193651Z"
}, {
  "date" : "20151105",
  "summary" : null,
  "lastUpdate" : "20151105T193651Z"
} ]