[ {
  "date" : "20151102",
  "summary" : [ {
    "activity" : "walking",
    "group" : "walking",
    "duration" : 2140.0,
    "distance" : 2618.0,
    "steps" : 2954
  } ],
  "lastUpdate" : "20151103T212825Z"
}, {
  "date" : "20151103",
  "summary" : [ {
    "activity" : "walking",
    "group" : "walking",
    "duration" : 1686.0,
    "distance" : 2118.0,
    "steps" : 2421
  } ],
  "lastUpdate" : "20151104T143722Z"
}, {
  "date" : "20151104",
  "summary" : [ {
    "activity" : "walking",
    "group" : "walking",
    "duration" : 3248.0,
    "distance" : 3643.0,
    "steps" : 4382
  }, {
    "activity" : "transport",
    "group" : "transport",
    "duration" : 2311.0,
    "distance" : 11961.0
  } ],
  "lastUpdate" : "20151105T193651Z"
}, {
  "date" : "20151105",
  "summary" : null,
  "lastUpdate" : "20151105T193651Z"
} ]