[ {
  "date" : "20151026",
  "summary" : [ {
    "activity" : "walking",
    "group" : "walking",
    "duration" : 4813.0,
    "distance" : 5439.0,
    "steps" : 6246
  }, {
    "activity" : "transport",
    "group" : "transport",
    "duration" : 2252.0,
    "distance" : 14303.0
  } ],
  "lastUpdate" : "20151027T162344Z"
}, {
  "date" : "20151027",
  "summary" : [ {
    "activity" : "walking",
    "group" : "walking",
    "duration" : 4766.0,
    "distance" : 5949.0,
    "steps" : 6274
  }, {
    "activity" : "transport",
    "group" : "transport",
    "duration" : 1402.0,
    "distance" : 11921.0
  }, {
    "activity" : "cycling",
    "group" : "cycling",
    "duration" : 465.0,
    "distance" : 1312.0
  } ],
  "lastUpdate" : "20151028T142623Z"
}, {
  "date" : "20151028",
  "summary" : [ {
    "activity" : "walking",
    "group" : "walking",
    "duration" : 4138.0,
    "distance" : 4586.0,
    "steps" : 5658
  }, {
    "activity" : "transport",
    "group" : "transport",
    "duration" : 4438.0,
    "distance" : 46404.0
  } ],
  "lastUpdate" : "20151029T142143Z"
}, {
  "date" : "20151029",
  "summary" : [ {
    "activity" : "walking",
    "group" : "walking",
    "duration" : 4861.0,
    "distance" : 4893.0,
    "steps" : 6402
  }, {
    "activity" : "transport",
    "group" : "transport",
    "duration" : 1702.0,
    "distance" : 12873.0
  } ],
  "lastUpdate" : "20151030T054627Z"
}, {
  "date" : "20151030",
  "summary" : [ {
    "activity" : "walking",
    "group" : "walking",
    "duration" : 4018.0,
    "distance" : 3947.0,
    "steps" : 4958
  }, {
    "activity" : "transport",
    "group" : "transport",
    "duration" : 1296.0,
    "distance" : 10007.0
  } ],
  "lastUpdate" : "20151101T063835Z"
}, {
  "date" : "20151031",
  "summary" : [ {
    "activity" : "walking",
    "group" : "walking",
    "duration" : 327.0,
    "distance" : 273.0,
    "steps" : 435
  } ],
  "lastUpdate" : "20151101T210356Z"
}, {
  "date" : "20151101",
  "summary" : [ {
    "activity" : "walking",
    "group" : "walking",
    "duration" : 6925.0,
    "distance" : 7453.0,
    "steps" : 9738
  }, {
    "activity" : "transport",
    "group" : "transport",
    "duration" : 3178.0,
    "distance" : 40889.0
  } ],
  "lastUpdate" : "20151102T161754Z"
} ]