[ {
  "date" : "20151020",
  "summary" : [ {
    "activity" : "walking",
    "group" : "walking",
    "duration" : 1327.0,
    "distance" : 1572.0,
    "steps" : 1327
  }, {
    "activity" : "transport",
    "group" : "transport",
    "duration" : 1251.0,
    "distance" : 6556.0
  } ],
  "lastUpdate" : "20151021T130338Z"
}, {
  "date" : "20151021",
  "summary" : [ {
    "activity" : "walking",
    "group" : "walking",
    "duration" : 3901.0,
    "distance" : 3769.0,
    "steps" : 4902
  }, {
    "activity" : "transport",
    "group" : "transport",
    "duration" : 1650.0,
    "distance" : 15414.0
  }, {
    "activity" : "cycling",
    "group" : "cycling",
    "duration" : 537.0,
    "distance" : 2392.0
  } ],
  "lastUpdate" : "20151022T155216Z"
}, {
  "date" : "20151022",
  "summary" : [ {
    "activity" : "walking",
    "group" : "walking",
    "duration" : 8737.0,
    "distance" : 9373.0,
    "steps" : 11676
  }, {
    "activity" : "transport",
    "group" : "transport",
    "duration" : 5578.0,
    "distance" : 45169.0
  } ],
  "lastUpdate" : "20151023T214925Z"
}, {
  "date" : "20151023",
  "summary" : [ {
    "activity" : "walking",
    "group" : "walking",
    "duration" : 4896.0,
    "distance" : 4879.0,
    "steps" : 6582
  }, {
    "activity" : "transport",
    "group" : "transport",
    "duration" : 2164.0,
    "distance" : 13088.0
  } ],
  "lastUpdate" : "20151025T021019Z"
}, {
  "date" : "20151024",
  "summary" : [ {
    "activity" : "walking",
    "group" : "walking",
    "duration" : 745.0,
    "distance" : 846.0,
    "steps" : 925
  } ],
  "lastUpdate" : "20151025T131029Z"
}, {
  "date" : "20151025",
  "summary" : [ {
    "activity" : "walking",
    "group" : "walking",
    "duration" : 4042.0,
    "distance" : 4608.0,
    "steps" : 5850
  }, {
    "activity" : "transport",
    "group" : "transport",
    "duration" : 2342.0,
    "distance" : 14014.0
  } ],
  "lastUpdate" : "20151026T121321Z"
} ]