[ {
  "date" : "20151026",
  "summary" : [ {
    "activity" : "running",
    "group" : "running",
    "duration" : 1111.0,
    "distance" : 2562.0,
    "steps" : 2847
  }, {
    "activity" : "train",
    "group" : "transport",
    "duration" : 601.0,
    "distance" : 3510.0
  }, {
    "activity" : "cycling",
    "group" : "cycling",
    "duration" : 1200.0,
    "distance" : 0.0
  }, {
    "activity" : "walking",
    "group" : "walking",
    "duration" : 6219.0,
    "distance" : 7532.0,
    "steps" : 10040
  }, {
    "activity" : "bus",
    "group" : "transport",
    "duration" : 841.0,
    "distance" : 2399.0
  }, {
    "activity" : "rowing",
    "duration" : 1200.0,
    "distance" : 0.0
  } ],
  "segments" : [ {
    "type" : "place",
    "startTime" : "20151025T203842-0400",
    "endTime" : "20151026T001801-0400",
    "activities" : [ {
      "activity" : "walking",
      "group" : "walking",
      "manual" : false,
      "startTime" : "20151026T000209-0400",
      "endTime" : "20151026T000409-0400",
      "duration" : 120.0,
      "distance" : 60.0,
      "steps" : 111
    } ],
    "lastUpdate" : "20151026T145957Z"
  }, {
    "type" : "move",
    "startTime" : "20151026T082950-0400",
    "endTime" : "20151026T083614-0400",
    "activities" : [ {
      "activity" : "walking",
      "group" : "walking",
      "manual" : false,
      "startTime" : "20151026T082950-0400",
      "endTime" : "20151026T083614-0400",
      "duration" : 384.0,
      "distance" : 409.0,
      "steps" : 695
    } ],
    "lastUpdate" : "20151026T145649Z"
  }, {
    "type" : "place",
    "startTime" : "20151026T083615-0400",
    "endTime" : "20151026T093807-0400",
    "activities" : [ {
      "activity" : "walking",
      "group" : "walking",
      "manual" : false,
      "startTime" : "20151026T084537-0400",
      "endTime" : "20151026T084707-0400",
      "duration" : 90.0,
      "distance" : 85.0,
      "steps" : 171
    }, {
      "activity" : "running",
      "group" : "running",
      "manual" : false,
      "startTime" : "20151026T084837-0400",
      "endTime" : "20151026T090708-0400",
      "duration" : 1111.0,
      "distance" : 2562.0,
      "steps" : 2847
    }, {
      "activity" : "walking",
      "group" : "walking",
      "manual" : false,
      "startTime" : "20151026T090708-0400",
      "endTime" : "20151026T091424-0400",
      "duration" : 436.0,
      "distance" : 580.0,
      "steps" : 773
    }, {
      "activity" : "cycling",
      "group" : "cycling",
      "manual" : true,
      "duration" : 1200.0,
      "distance" : 0.0
    }, {
      "activity" : "rowing",
      "manual" : true,
      "duration" : 1200.0,
      "distance" : 0.0
    } ],
    "lastUpdate" : "20151027T161719Z"
  }, {
    "type" : "move",
    "startTime" : "20151026T093807-0400",
    "endTime" : "20151026T094350-0400",
    "activities" : [ {
      "activity" : "walking",
      "group" : "walking",
      "manual" : false,
      "startTime" : "20151026T093807-0400",
      "endTime" : "20151026T094351-0400",
      "duration" : 344.0,
      "distance" : 408.0,
      "steps" : 597
    } ],
    "lastUpdate" : "20151026T145650Z"
  }, {
    "type" : "place",
    "startTime" : "20151026T094350-0400",
    "endTime" : "20151026T105046-0400",
    "activities" : [ {
      "activity" : "walking",
      "group" : "walking",
      "manual" : false,
      "startTime" : "20151026T104551-0400",
      "endTime" : "20151026T104621-0400",
      "duration" : 30.0,
      "distance" : 25.0,
      "steps" : 50
    } ],
    "lastUpdate" : "20151026T151809Z"
  }, {
    "type" : "move",
    "startTime" : "20151026T105046-0400",
    "endTime" : "20151026T105700-0400",
    "activities" : [ {
      "activity" : "walking",
      "group" : "walking",
      "manual" : false,
      "startTime" : "20151026T105046-0400",
      "endTime" : "20151026T105700-0400",
      "duration" : 374.0,
      "distance" : 392.0,
      "steps" : 647
    } ],
    "lastUpdate" : "20151026T151809Z"
  }, {
    "type" : "place",
    "startTime" : "20151026T105700-0400",
    "endTime" : "20151026T191745-0400",
    "activities" : [ {
      "activity" : "walking",
      "group" : "walking",
      "manual" : false,
      "startTime" : "20151026T112052-0400",
      "endTime" : "20151026T112452-0400",
      "duration" : 240.0,
      "distance" : 241.0,
      "steps" : 322
    }, {
      "activity" : "walking",
      "group" : "walking",
      "manual" : false,
      "startTime" : "20151026T124053-0400",
      "endTime" : "20151026T124523-0400",
      "duration" : 270.0,
      "distance" : 302.0,
      "steps" : 403
    }, {
      "activity" : "walking",
      "group" : "walking",
      "manual" : false,
      "startTime" : "20151026T140526-0400",
      "endTime" : "20151026T140625-0400",
      "duration" : 59.0,
      "distance" : 41.0,
      "steps" : 83
    }, {
      "activity" : "walking",
      "group" : "walking",
      "manual" : false,
      "startTime" : "20151026T174222-0400",
      "endTime" : "20151026T174450-0400",
      "duration" : 148.0,
      "distance" : 138.0,
      "steps" : 184
    }, {
      "activity" : "walking",
      "group" : "walking",
      "manual" : false,
      "startTime" : "20151026T183712-0400",
      "endTime" : "20151026T183842-0400",
      "duration" : 90.0,
      "distance" : 70.0,
      "steps" : 141
    }, {
      "activity" : "walking",
      "group" : "walking",
      "manual" : false,
      "startTime" : "20151026T190414-0400",
      "endTime" : "20151026T192155-0400",
      "duration" : 1061.0,
      "distance" : 1352.0,
      "steps" : 1803
    } ],
    "lastUpdate" : "20151029T193822Z"
  }, {
    "type" : "move",
    "startTime" : "20151026T191745-0400",
    "endTime" : "20151026T193317-0400",
    "activities" : [ {
      "activity" : "train",
      "group" : "transport",
      "manual" : false,
      "startTime" : "20151026T191745-0400",
      "endTime" : "20151026T192746-0400",
      "duration" : 601.0,
      "distance" : 3510.0
    }, {
      "activity" : "walking",
      "group" : "walking",
      "manual" : false,
      "startTime" : "20151026T192746-0400",
      "endTime" : "20151026T193318-0400",
      "duration" : 332.0,
      "distance" : 364.0,
      "steps" : 515
    } ],
    "lastUpdate" : "20151027T162413Z"
  }, {
    "type" : "place",
    "startTime" : "20151026T193317-0400",
    "endTime" : "20151026T195606-0400",
    "activities" : [ {
      "activity" : "walking",
      "group" : "walking",
      "manual" : false,
      "startTime" : "20151026T195337-0400",
      "endTime" : "20151026T195351-0400",
      "duration" : 14.0,
      "distance" : 7.0,
      "steps" : 14
    } ],
    "lastUpdate" : "20151027T030451Z"
  }, {
    "type" : "move",
    "startTime" : "20151026T195606-0400",
    "endTime" : "20151026T201137-0400",
    "activities" : [ {
      "activity" : "walking",
      "group" : "walking",
      "manual" : false,
      "startTime" : "20151026T195606-0400",
      "endTime" : "20151026T201137-0400",
      "duration" : 931.0,
      "distance" : 1367.0,
      "steps" : 1584
    } ],
    "lastUpdate" : "20151027T030451Z"
  }, {
    "type" : "place",
    "startTime" : "20151026T201137-0400",
    "endTime" : "20151026T202958-0400",
    "activities" : [ {
      "activity" : "walking",
      "group" : "walking",
      "manual" : false,
      "startTime" : "20151026T201402-0400",
      "endTime" : "20151026T201502-0400",
      "duration" : 60.0,
      "distance" : 45.0,
      "steps" : 90
    } ],
    "lastUpdate" : "20151027T161804Z"
  }, {
    "type" : "move",
    "startTime" : "20151026T202958-0400",
    "endTime" : "20151026T210231-0400",
    "activities" : [ {
      "activity" : "walking",
      "group" : "walking",
      "manual" : false,
      "startTime" : "20151026T202958-0400",
      "endTime" : "20151026T204033-0400",
      "duration" : 635.0,
      "distance" : 1085.0,
      "steps" : 1043
    }, {
      "activity" : "bus",
      "group" : "transport",
      "manual" : false,
      "startTime" : "20151026T204033-0400",
      "endTime" : "20151026T205434-0400",
      "duration" : 841.0,
      "distance" : 2399.0
    }, {
      "activity" : "walking",
      "group" : "walking",
      "manual" : false,
      "startTime" : "20151026T205434-0400",
      "endTime" : "20151026T210232-0400",
      "duration" : 478.0,
      "distance" : 479.0,
      "steps" : 651
    } ],
    "lastUpdate" : "20151027T162359Z"
  }, {
    "type" : "place",
    "startTime" : "20151026T210232-0400",
    "endTime" : "20151027T010110-0400",
    "activities" : [ {
      "activity" : "walking",
      "group" : "walking",
      "manual" : false,
      "startTime" : "20151026T210232-0400",
      "endTime" : "20151026T210405-0400",
      "duration" : 93.0,
      "distance" : 67.0,
      "steps" : 133
    }, {
      "activity" : "walking",
      "group" : "walking",
      "manual" : false,
      "startTime" : "20151026T231846-0400",
      "endTime" : "20151026T231916-0400",
      "duration" : 30.0,
      "distance" : 15.0,
      "steps" : 30
    } ],
    "lastUpdate" : "20151029T193822Z"
  } ],
  "lastUpdate" : "20151029T193822Z"
}, {
  "date" : "20151027",
  "summary" : [ {
    "activity" : "walking",
    "group" : "walking",
    "duration" : 6667.0,
    "distance" : 7556.0,
    "steps" : 11174
  }, {
    "activity" : "transport",
    "group" : "transport",
    "duration" : 2011.0,
    "distance" : 5462.0
  } ],
  "segments" : [ {
    "type" : "move",
    "startTime" : "20151027T010110-0400",
    "endTime" : "20151027T011422-0400",
    "activities" : [ {
      "activity" : "walking",
      "group" : "walking",
      "manual" : false,
      "startTime" : "20151027T010110-0400",
      "endTime" : "20151027T011422-0400",
      "duration" : 792.0,
      "distance" : 965.0,
      "steps" : 1208
    } ],
    "lastUpdate" : "20151027T153944Z"
  }, {
    "type" : "move",
    "startTime" : "20151027T100815-0400",
    "endTime" : "20151027T101230-0400",
    "activities" : [ {
      "activity" : "walking",
      "group" : "walking",
      "manual" : false,
      "startTime" : "20151027T100815-0400",
      "endTime" : "20151027T101230-0400",
      "duration" : 255.0,
      "distance" : 285.0,
      "steps" : 416
    } ],
    "lastUpdate" : "20151027T153944Z"
  }, {
    "type" : "place",
    "startTime" : "20151027T101230-0400",
    "endTime" : "20151027T114850-0400",
    "activities" : [ {
      "activity" : "walking",
      "group" : "walking",
      "manual" : false,
      "startTime" : "20151027T101556-0400",
      "endTime" : "20151027T101626-0400",
      "duration" : 30.0,
      "distance" : 30.0,
      "steps" : 60
    }, {
      "activity" : "walking",
      "group" : "walking",
      "manual" : false,
      "startTime" : "20151027T113403-0400",
      "endTime" : "20151027T113603-0400",
      "duration" : 120.0,
      "distance" : 188.0,
      "steps" : 251
    } ],
    "lastUpdate" : "20151029T193822Z"
  }, {
    "type" : "move",
    "startTime" : "20151027T114850-0400",
    "endTime" : "20151027T120337-0400",
    "activities" : [ {
      "activity" : "walking",
      "group" : "walking",
      "manual" : false,
      "startTime" : "20151027T114850-0400",
      "endTime" : "20151027T120337-0400",
      "duration" : 887.0,
      "distance" : 1192.0,
      "steps" : 1564
    } ],
    "lastUpdate" : "20151027T162535Z"
  }, {
    "type" : "place",
    "startTime" : "20151027T120337-0400",
    "endTime" : "20151027T124639-0400",
    "activities" : [ {
      "activity" : "walking",
      "group" : "walking",
      "manual" : false,
      "startTime" : "20151027T120337-0400",
      "endTime" : "20151027T120403-0400",
      "duration" : 26.0,
      "distance" : 13.0,
      "steps" : 21
    } ],
    "lastUpdate" : "20151027T175742Z"
  }, {
    "type" : "move",
    "startTime" : "20151027T124639-0400",
    "endTime" : "20151027T125749-0400",
    "activities" : [ {
      "activity" : "walking",
      "group" : "walking",
      "manual" : false,
      "startTime" : "20151027T124639-0400",
      "endTime" : "20151027T125750-0400",
      "duration" : 671.0,
      "distance" : 878.0,
      "steps" : 1157
    } ],
    "lastUpdate" : "20151027T175742Z"
  }, {
    "type" : "place",
    "startTime" : "20151027T125750-0400",
    "endTime" : "20151027T182555-0400",
    "activities" : [ {
      "activity" : "walking",
      "group" : "walking",
      "manual" : false,
      "startTime" : "20151027T173438-0400",
      "endTime" : "20151027T173642-0400",
      "duration" : 124.0,
      "distance" : 155.0,
      "steps" : 206
    } ],
    "lastUpdate" : "20151029T193822Z"
  }, {
    "type" : "move",
    "startTime" : "20151027T182555-0400",
    "endTime" : "20151027T190619-0400",
    "activities" : [ {
      "activity" : "walking",
      "group" : "walking",
      "manual" : false,
      "startTime" : "20151027T182555-0400",
      "endTime" : "20151027T182815-0400",
      "duration" : 140.0,
      "distance" : 141.0,
      "steps" : 281
    }, {
      "activity" : "transport",
      "group" : "transport",
      "manual" : false,
      "startTime" : "20151027T182814-0400",
      "endTime" : "20151027T184915-0400",
      "duration" : 1261.0,
      "distance" : 2469.0
    }, {
      "activity" : "walking",
      "group" : "walking",
      "manual" : false,
      "startTime" : "20151027T184915-0400",
      "endTime" : "20151027T185315-0400",
      "duration" : 240.0,
      "distance" : 276.0,
      "steps" : 443
    }, {
      "activity" : "transport",
      "group" : "transport",
      "manual" : false,
      "startTime" : "20151027T185315-0400",
      "endTime" : "20151027T185715-0400",
      "duration" : 240.0,
      "distance" : 913.0
    }, {
      "activity" : "walking",
      "group" : "walking",
      "manual" : false,
      "startTime" : "20151027T185716-0400",
      "endTime" : "20151027T190619-0400",
      "duration" : 543.0,
      "distance" : 458.0,
      "steps" : 839
    } ],
    "lastUpdate" : "20151028T002208Z"
  }, {
    "type" : "move",
    "startTime" : "20151027T191916-0400",
    "endTime" : "20151027T192453-0400",
    "activities" : [ {
      "activity" : "walking",
      "group" : "walking",
      "manual" : false,
      "startTime" : "20151027T191916-0400",
      "endTime" : "20151027T192453-0400",
      "duration" : 337.0,
      "distance" : 333.0,
      "steps" : 666
    } ],
    "lastUpdate" : "20151028T002208Z"
  }, {
    "type" : "place",
    "startTime" : "20151027T192453-0400",
    "endTime" : "20151027T195552-0400",
    "activities" : [ {
      "activity" : "walking",
      "group" : "walking",
      "manual" : false,
      "startTime" : "20151027T192617-0400",
      "endTime" : "20151027T193133-0400",
      "duration" : 316.0,
      "distance" : 287.0,
      "steps" : 382
    } ],
    "lastUpdate" : "20151028T144529Z"
  }, {
    "type" : "move",
    "startTime" : "20151027T195552-0400",
    "endTime" : "20151027T200900-0400",
    "activities" : [ {
      "activity" : "walking",
      "group" : "walking",
      "manual" : false,
      "startTime" : "20151027T195552-0400",
      "endTime" : "20151027T200900-0400",
      "duration" : 788.0,
      "distance" : 902.0,
      "steps" : 1320
    } ],
    "lastUpdate" : "20151028T144529Z"
  }, {
    "type" : "place",
    "startTime" : "20151027T200900-0400",
    "endTime" : "20151027T222623-0400",
    "activities" : [ {
      "activity" : "walking",
      "group" : "walking",
      "manual" : false,
      "startTime" : "20151027T202631-0400",
      "endTime" : "20151027T202901-0400",
      "duration" : 150.0,
      "distance" : 143.0,
      "steps" : 191
    }, {
      "activity" : "walking",
      "group" : "walking",
      "manual" : false,
      "startTime" : "20151027T214043-0400",
      "endTime" : "20151027T214143-0400",
      "duration" : 60.0,
      "distance" : 60.0,
      "steps" : 121
    }, {
      "activity" : "walking",
      "group" : "walking",
      "manual" : false,
      "startTime" : "20151027T222507-0400",
      "endTime" : "20151027T222537-0400",
      "duration" : 30.0,
      "distance" : 35.0,
      "steps" : 70
    } ],
    "lastUpdate" : "20151029T193822Z"
  }, {
    "type" : "move",
    "startTime" : "20151027T222623-0400",
    "endTime" : "20151027T225311-0400",
    "activities" : [ {
      "activity" : "walking",
      "group" : "walking",
      "manual" : false,
      "startTime" : "20151027T222623-0400",
      "endTime" : "20151027T223107-0400",
      "duration" : 284.0,
      "distance" : 222.0,
      "steps" : 443
    }, {
      "activity" : "transport",
      "group" : "transport",
      "manual" : false,
      "startTime" : "20151027T223107-0400",
      "endTime" : "20151027T223937-0400",
      "duration" : 510.0,
      "distance" : 2080.0
    }, {
      "activity" : "walking",
      "group" : "walking",
      "manual" : false,
      "startTime" : "20151027T223937-0400",
      "endTime" : "20151027T225311-0400",
      "duration" : 814.0,
      "distance" : 953.0,
      "steps" : 1455
    } ],
    "lastUpdate" : "20151028T144529Z"
  }, {
    "type" : "place",
    "startTime" : "20151027T225311-0400",
    "endTime" : "20151028T014510-0400",
    "activities" : [ {
      "activity" : "walking",
      "group" : "walking",
      "manual" : false,
      "startTime" : "20151027T232939-0400",
      "endTime" : "20151027T233039-0400",
      "duration" : 60.0,
      "distance" : 40.0,
      "steps" : 80
    } ],
    "lastUpdate" : "20151028T203200Z"
  } ],
  "lastUpdate" : "20151029T193822Z"
}, {
  "date" : "20151028",
  "summary" : [ {
    "activity" : "walking",
    "group" : "walking",
    "duration" : 3182.0,
    "distance" : 3680.0,
    "steps" : 5286
  }, {
    "activity" : "transport",
    "group" : "transport",
    "duration" : 545.0,
    "distance" : 3446.0
  } ],
  "segments" : [ {
    "type" : "place",
    "startTime" : "20151027T225311-0400",
    "endTime" : "20151028T014510-0400",
    "activities" : [ {
      "activity" : "walking",
      "group" : "walking",
      "manual" : false,
      "startTime" : "20151028T000224-0400",
      "endTime" : "20151028T000527-0400",
      "duration" : 183.0,
      "distance" : 163.0,
      "steps" : 217
    }, {
      "activity" : "walking",
      "group" : "walking",
      "manual" : false,
      "startTime" : "20151028T010238-0400",
      "endTime" : "20151028T010246-0400",
      "duration" : 8.0,
      "distance" : 5.0,
      "steps" : 10
    } ],
    "lastUpdate" : "20151028T203200Z"
  }, {
    "type" : "move",
    "startTime" : "20151028T014510-0400",
    "endTime" : "20151028T015547-0400",
    "activities" : [ {
      "activity" : "walking",
      "group" : "walking",
      "manual" : false,
      "startTime" : "20151028T014510-0400",
      "endTime" : "20151028T015547-0400",
      "duration" : 637.0,
      "distance" : 794.0,
      "steps" : 1261
    } ],
    "lastUpdate" : "20151028T144529Z"
  }, {
    "type" : "place",
    "startTime" : "20151028T015547-0400",
    "endTime" : "20151028T021744-0400",
    "activities" : [ {
      "activity" : "walking",
      "group" : "walking",
      "manual" : false,
      "startTime" : "20151028T015842-0400",
      "endTime" : "20151028T015912-0400",
      "duration" : 30.0,
      "distance" : 25.0,
      "steps" : 50
    }, {
      "activity" : "walking",
      "group" : "walking",
      "manual" : false,
      "startTime" : "20151028T020012-0400",
      "endTime" : "20151028T020042-0400",
      "duration" : 30.0,
      "distance" : 25.0,
      "steps" : 50
    } ],
    "lastUpdate" : "20151028T203237Z"
  }, {
    "type" : "move",
    "startTime" : "20151028T021744-0400",
    "endTime" : "20151028T023154-0400",
    "activities" : [ {
      "activity" : "transport",
      "group" : "transport",
      "manual" : false,
      "startTime" : "20151028T021744-0400",
      "endTime" : "20151028T022649-0400",
      "duration" : 545.0,
      "distance" : 3446.0
    }, {
      "activity" : "walking",
      "group" : "walking",
      "manual" : false,
      "startTime" : "20151028T022649-0400",
      "endTime" : "20151028T023154-0400",
      "duration" : 305.0,
      "distance" : 388.0,
      "steps" : 500
    } ],
    "lastUpdate" : "20151028T191545Z"
  }, {
    "type" : "place",
    "startTime" : "20151028T104016-0400",
    "endTime" : "20151029T002400-0400",
    "activities" : [ {
      "activity" : "walking",
      "group" : "walking",
      "manual" : false,
      "startTime" : "20151028T104016-0400",
      "endTime" : "20151028T104453-0400",
      "duration" : 277.0,
      "distance" : 380.0,
      "steps" : 506
    }, {
      "activity" : "walking",
      "group" : "walking",
      "manual" : false,
      "startTime" : "20151028T110000-0400",
      "endTime" : "20151028T110033-0400",
      "duration" : 33.0,
      "distance" : 33.0,
      "steps" : 65
    }, {
      "activity" : "walking",
      "group" : "walking",
      "manual" : false,
      "startTime" : "20151028T123502-0400",
      "endTime" : "20151028T123735-0400",
      "duration" : 153.0,
      "distance" : 216.0,
      "steps" : 288
    }, {
      "activity" : "walking",
      "group" : "walking",
      "manual" : false,
      "startTime" : "20151028T130540-0400",
      "endTime" : "20151028T131040-0400",
      "duration" : 300.0,
      "distance" : 294.0,
      "steps" : 392
    }, {
      "activity" : "walking",
      "group" : "walking",
      "manual" : false,
      "startTime" : "20151028T140212-0400",
      "endTime" : "20151028T140412-0400",
      "duration" : 120.0,
      "distance" : 143.0,
      "steps" : 191
    }, {
      "activity" : "walking",
      "group" : "walking",
      "manual" : false,
      "startTime" : "20151028T155946-0400",
      "endTime" : "20151028T160247-0400",
      "duration" : 181.0,
      "distance" : 134.0,
      "steps" : 181
    }, {
      "activity" : "walking",
      "group" : "walking",
      "manual" : false,
      "startTime" : "20151028T172835-0400",
      "endTime" : "20151028T172938-0400",
      "duration" : 63.0,
      "distance" : 54.0,
      "steps" : 109
    }, {
      "activity" : "walking",
      "group" : "walking",
      "manual" : false,
      "startTime" : "20151028T184009-0400",
      "endTime" : "20151028T184139-0400",
      "duration" : 90.0,
      "distance" : 70.0,
      "steps" : 141
    }, {
      "activity" : "walking",
      "group" : "walking",
      "manual" : false,
      "startTime" : "20151028T192542-0400",
      "endTime" : "20151028T193401-0400",
      "duration" : 499.0,
      "distance" : 642.0,
      "steps" : 856
    }, {
      "activity" : "walking",
      "group" : "walking",
      "manual" : false,
      "startTime" : "20151028T200526-0400",
      "endTime" : "20151028T200656-0400",
      "duration" : 90.0,
      "distance" : 75.0,
      "steps" : 151
    }, {
      "activity" : "walking",
      "group" : "walking",
      "manual" : false,
      "startTime" : "20151028T211021-0400",
      "endTime" : "20151028T211324-0400",
      "duration" : 183.0,
      "distance" : 239.0,
      "steps" : 318
    } ],
    "lastUpdate" : "20151029T193822Z"
  } ],
  "lastUpdate" : "20151029T193822Z"
}, {
  "date" : "20151029",
  "summary" : [ {
    "activity" : "walking",
    "group" : "walking",
    "duration" : 3596.0,
    "distance" : 4085.0,
    "steps" : 6087
  } ],
  "segments" : [ {
    "type" : "place",
    "startTime" : "20151028T104016-0400",
    "endTime" : "20151029T002400-0400",
    "activities" : [ {
      "activity" : "walking",
      "group" : "walking",
      "manual" : false,
      "startTime" : "20151029T001610-0400",
      "endTime" : "20151029T001710-0400",
      "duration" : 60.0,
      "distance" : 50.0,
      "steps" : 101
    } ],
    "lastUpdate" : "20151029T193822Z"
  }, {
    "type" : "move",
    "startTime" : "20151029T002400-0400",
    "endTime" : "20151029T002919-0400",
    "activities" : [ {
      "activity" : "walking",
      "group" : "walking",
      "manual" : false,
      "startTime" : "20151029T002400-0400",
      "endTime" : "20151029T002918-0400",
      "duration" : 318.0,
      "distance" : 380.0,
      "steps" : 662
    } ],
    "lastUpdate" : "20151029T184025Z"
  }, {
    "type" : "move",
    "startTime" : "20151029T094154-0400",
    "endTime" : "20151029T094839-0400",
    "activities" : [ {
      "activity" : "walking",
      "group" : "walking",
      "manual" : false,
      "startTime" : "20151029T094154-0400",
      "endTime" : "20151029T094839-0400",
      "duration" : 405.0,
      "distance" : 453.0,
      "steps" : 657
    } ],
    "lastUpdate" : "20151029T184025Z"
  }, {
    "type" : "place",
    "startTime" : "20151029T094839-0400",
    "endTime" : "20151029T095808-0400",
    "activities" : [ {
      "activity" : "walking",
      "group" : "walking",
      "manual" : false,
      "startTime" : "20151029T095529-0400",
      "endTime" : "20151029T095531-0400",
      "duration" : 2.0,
      "distance" : 3.0,
      "steps" : 6
    } ],
    "lastUpdate" : "20151029T184025Z"
  }, {
    "type" : "move",
    "startTime" : "20151029T095808-0400",
    "endTime" : "20151029T101000-0400",
    "activities" : [ {
      "activity" : "walking",
      "group" : "walking",
      "manual" : false,
      "startTime" : "20151029T095808-0400",
      "endTime" : "20151029T101000-0400",
      "duration" : 712.0,
      "distance" : 957.0,
      "steps" : 1077
    } ],
    "lastUpdate" : "20151029T184025Z"
  }, {
    "type" : "place",
    "startTime" : "20151029T101000-0400",
    "endTime" : "20151029T113549-0400",
    "activities" : [ {
      "activity" : "walking",
      "group" : "walking",
      "manual" : false,
      "startTime" : "20151029T101025-0400",
      "endTime" : "20151029T101125-0400",
      "duration" : 60.0,
      "distance" : 75.0,
      "steps" : 151
    } ],
    "lastUpdate" : "20151029T193822Z"
  }, {
    "type" : "move",
    "startTime" : "20151029T113549-0400",
    "endTime" : "20151029T114634-0400",
    "activities" : [ {
      "activity" : "walking",
      "group" : "walking",
      "manual" : false,
      "startTime" : "20151029T113549-0400",
      "endTime" : "20151029T114633-0400",
      "duration" : 644.0,
      "distance" : 555.0,
      "steps" : 1110
    } ],
    "lastUpdate" : "20151029T184025Z"
  }, {
    "type" : "move",
    "startTime" : "20151029T115027-0400",
    "endTime" : "20151029T115738-0400",
    "activities" : [ {
      "activity" : "walking",
      "group" : "walking",
      "manual" : false,
      "startTime" : "20151029T115027-0400",
      "endTime" : "20151029T115738-0400",
      "duration" : 431.0,
      "distance" : 462.0,
      "steps" : 752
    } ],
    "lastUpdate" : "20151029T184025Z"
  }, {
    "type" : "place",
    "startTime" : "20151029T115738-0400",
    "endTime" : "20151029T155227-0400",
    "activities" : [ {
      "activity" : "walking",
      "group" : "walking",
      "manual" : false,
      "startTime" : "20151029T123906-0400",
      "endTime" : "20151029T124006-0400",
      "duration" : 60.0,
      "distance" : 55.0,
      "steps" : 111
    }, {
      "activity" : "walking",
      "group" : "walking",
      "manual" : false,
      "startTime" : "20151029T133236-0400",
      "endTime" : "20151029T133439-0400",
      "duration" : 123.0,
      "distance" : 186.0,
      "steps" : 248
    }, {
      "activity" : "walking",
      "group" : "walking",
      "manual" : false,
      "startTime" : "20151029T141623-0400",
      "endTime" : "20151029T142023-0400",
      "duration" : 240.0,
      "distance" : 317.0,
      "steps" : 423
    }, {
      "activity" : "walking",
      "group" : "walking",
      "manual" : false,
      "startTime" : "20151029T151915-0400",
      "endTime" : "20151029T152816-0400",
      "duration" : 541.0,
      "distance" : 592.0,
      "steps" : 789
    } ],
    "lastUpdate" : "20151029T195230Z"
  } ],
  "lastUpdate" : "20151029T195230Z"
} ]