[ {
  "date" : "20151023",
  "summary" : [ {
    "activity" : "walking",
    "group" : "walking",
    "duration" : 6334.0,
    "distance" : 5716.0,
    "steps" : 8999
  }, {
    "activity" : "train",
    "group" : "transport",
    "duration" : 210.0,
    "distance" : 1199.0
  } ],
  "segments" : [ {
    "type" : "place",
    "startTime" : "20151023T104535-0400",
    "endTime" : "20151023T135155-0400",
    "activities" : [ {
      "activity" : "walking",
      "group" : "walking",
      "manual" : false,
      "startTime" : "20151023T104603-0400",
      "endTime" : "20151023T104648-0400",
      "duration" : 45.0,
      "distance" : 28.0,
      "steps" : 56
    }, {
      "activity" : "walking",
      "group" : "walking",
      "manual" : false,
      "startTime" : "20151023T113108-0400",
      "endTime" : "20151023T113241-0400",
      "duration" : 93.0,
      "distance" : 65.0,
      "steps" : 129
    } ],
    "lastUpdate" : "20151029T193822Z"
  }, {
    "type" : "move",
    "startTime" : "20151023T135155-0400",
    "endTime" : "20151023T140054-0400",
    "activities" : [ {
      "activity" : "walking",
      "group" : "walking",
      "manual" : false,
      "startTime" : "20151023T135155-0400",
      "endTime" : "20151023T140054-0400",
      "duration" : 539.0,
      "distance" : 557.0,
      "steps" : 746
    } ],
    "lastUpdate" : "20151023T183315Z"
  }, {
    "type" : "place",
    "startTime" : "20151023T140054-0400",
    "endTime" : "20151023T142619-0400",
    "activities" : [ {
      "activity" : "walking",
      "group" : "walking",
      "manual" : false,
      "startTime" : "20151023T141720-0400",
      "endTime" : "20151023T141820-0400",
      "duration" : 60.0,
      "distance" : 45.0,
      "steps" : 90
    } ],
    "lastUpdate" : "20151029T193554Z"
  }, {
    "type" : "move",
    "startTime" : "20151023T142619-0400",
    "endTime" : "20151023T143402-0400",
    "activities" : [ {
      "activity" : "walking",
      "group" : "walking",
      "manual" : false,
      "startTime" : "20151023T142619-0400",
      "endTime" : "20151023T143402-0400",
      "duration" : 463.0,
      "distance" : 426.0,
      "steps" : 689
    } ],
    "lastUpdate" : "20151023T201939Z"
  }, {
    "type" : "place",
    "startTime" : "20151023T143402-0400",
    "endTime" : "20151023T182658-0400",
    "activities" : [ {
      "activity" : "walking",
      "group" : "walking",
      "manual" : false,
      "startTime" : "20151023T155723-0400",
      "endTime" : "20151023T155753-0400",
      "duration" : 30.0,
      "distance" : 35.0,
      "steps" : 70
    }, {
      "activity" : "walking",
      "group" : "walking",
      "manual" : false,
      "startTime" : "20151023T171420-0400",
      "endTime" : "20151023T171850-0400",
      "duration" : 270.0,
      "distance" : 249.0,
      "steps" : 332
    }, {
      "activity" : "walking",
      "group" : "walking",
      "manual" : false,
      "startTime" : "20151023T180036-0400",
      "endTime" : "20151023T180205-0400",
      "duration" : 89.0,
      "distance" : 60.0,
      "steps" : 120
    } ],
    "lastUpdate" : "20151029T193822Z"
  }, {
    "type" : "move",
    "startTime" : "20151023T182658-0400",
    "endTime" : "20151023T184802-0400",
    "activities" : [ {
      "activity" : "walking",
      "group" : "walking",
      "manual" : false,
      "startTime" : "20151023T182658-0400",
      "endTime" : "20151023T183430-0400",
      "duration" : 452.0,
      "distance" : 308.0,
      "steps" : 616
    }, {
      "activity" : "train",
      "group" : "transport",
      "manual" : false,
      "startTime" : "20151023T183430-0400",
      "endTime" : "20151023T183800-0400",
      "duration" : 210.0,
      "distance" : 1199.0
    }, {
      "activity" : "walking",
      "group" : "walking",
      "manual" : false,
      "startTime" : "20151023T183800-0400",
      "endTime" : "20151023T184802-0400",
      "duration" : 602.0,
      "distance" : 546.0,
      "steps" : 858
    } ],
    "lastUpdate" : "20151024T223208Z"
  }, {
    "type" : "place",
    "startTime" : "20151023T184802-0400",
    "endTime" : "20151023T193159-0400",
    "activities" : [ {
      "activity" : "walking",
      "group" : "walking",
      "manual" : false,
      "startTime" : "20151023T185101-0400",
      "endTime" : "20151023T185201-0400",
      "duration" : 60.0,
      "distance" : 35.0,
      "steps" : 70
    }, {
      "activity" : "walking",
      "group" : "walking",
      "manual" : false,
      "startTime" : "20151023T191602-0400",
      "endTime" : "20151023T191732-0400",
      "duration" : 90.0,
      "distance" : 60.0,
      "steps" : 121
    } ],
    "lastUpdate" : "20151024T152718Z"
  }, {
    "type" : "move",
    "startTime" : "20151023T193159-0400",
    "endTime" : "20151023T193754-0400",
    "activities" : [ {
      "activity" : "walking",
      "group" : "walking",
      "manual" : false,
      "startTime" : "20151023T193159-0400",
      "endTime" : "20151023T193754-0400",
      "duration" : 355.0,
      "distance" : 377.0,
      "steps" : 347
    } ],
    "lastUpdate" : "20151024T152623Z"
  }, {
    "type" : "place",
    "startTime" : "20151023T193754-0400",
    "endTime" : "20151023T201845-0400",
    "activities" : [ {
      "activity" : "walking",
      "group" : "walking",
      "manual" : false,
      "startTime" : "20151023T193754-0400",
      "endTime" : "20151023T193901-0400",
      "duration" : 67.0,
      "distance" : 61.0,
      "steps" : 122
    }, {
      "activity" : "walking",
      "group" : "walking",
      "manual" : false,
      "startTime" : "20151023T200310-0400",
      "endTime" : "20151023T200705-0400",
      "duration" : 235.0,
      "distance" : 210.0,
      "steps" : 280
    } ],
    "lastUpdate" : "20151024T152739Z"
  }, {
    "type" : "move",
    "startTime" : "20151023T201845-0400",
    "endTime" : "20151023T202452-0400",
    "activities" : [ {
      "activity" : "walking",
      "group" : "walking",
      "manual" : false,
      "startTime" : "20151023T201845-0400",
      "endTime" : "20151023T202452-0400",
      "duration" : 367.0,
      "distance" : 338.0,
      "steps" : 475
    } ],
    "lastUpdate" : "20151024T152627Z"
  }, {
    "type" : "place",
    "startTime" : "20151023T202452-0400",
    "endTime" : "20151023T215654-0400",
    "activities" : [ {
      "activity" : "walking",
      "group" : "walking",
      "manual" : false,
      "startTime" : "20151023T203820-0400",
      "endTime" : "20151023T203950-0400",
      "duration" : 90.0,
      "distance" : 50.0,
      "steps" : 100
    }, {
      "activity" : "walking",
      "group" : "walking",
      "manual" : false,
      "startTime" : "20151023T210121-0400",
      "endTime" : "20151023T211328-0400",
      "duration" : 727.0,
      "distance" : 781.0,
      "steps" : 1042
    } ],
    "lastUpdate" : "20151024T152938Z"
  }, {
    "type" : "move",
    "startTime" : "20151023T215654-0400",
    "endTime" : "20151023T220710-0400",
    "activities" : [ {
      "activity" : "walking",
      "group" : "walking",
      "manual" : false,
      "startTime" : "20151023T215654-0400",
      "endTime" : "20151023T220710-0400",
      "duration" : 616.0,
      "distance" : 563.0,
      "steps" : 890
    } ],
    "lastUpdate" : "20151024T152631Z"
  }, {
    "type" : "place",
    "startTime" : "20151023T220710-0400",
    "endTime" : "20151023T223900-0400",
    "activities" : [ {
      "activity" : "walking",
      "group" : "walking",
      "manual" : false,
      "startTime" : "20151023T221125-0400",
      "endTime" : "20151023T221255-0400",
      "duration" : 90.0,
      "distance" : 65.0,
      "steps" : 131
    } ],
    "lastUpdate" : "20151024T152844Z"
  }, {
    "type" : "move",
    "startTime" : "20151023T223900-0400",
    "endTime" : "20151023T225404-0400",
    "activities" : [ {
      "activity" : "walking",
      "group" : "walking",
      "manual" : false,
      "startTime" : "20151023T223900-0400",
      "endTime" : "20151023T225404-0400",
      "duration" : 904.0,
      "distance" : 782.0,
      "steps" : 1564
    } ],
    "lastUpdate" : "20151024T152633Z"
  }, {
    "type" : "place",
    "startTime" : "20151023T225404-0400",
    "endTime" : "20151024T004058-0400",
    "activities" : [ {
      "activity" : "walking",
      "group" : "walking",
      "manual" : false,
      "startTime" : "20151023T225534-0400",
      "endTime" : "20151023T225704-0400",
      "duration" : 90.0,
      "distance" : 75.0,
      "steps" : 151
    } ],
    "lastUpdate" : "20151024T165931Z"
  } ],
  "lastUpdate" : "20151029T193822Z"
}, {
  "date" : "20151024",
  "summary" : [ {
    "activity" : "walking",
    "group" : "walking",
    "duration" : 2796.0,
    "distance" : 3173.0,
    "steps" : 4596
  }, {
    "activity" : "transport",
    "group" : "transport",
    "duration" : 477.0,
    "distance" : 3943.0
  } ],
  "segments" : [ {
    "type" : "move",
    "startTime" : "20151024T004058-0400",
    "endTime" : "20151024T004622-0400",
    "activities" : [ {
      "activity" : "walking",
      "group" : "walking",
      "manual" : false,
      "startTime" : "20151024T004058-0400",
      "endTime" : "20151024T004622-0400",
      "duration" : 324.0,
      "distance" : 255.0,
      "steps" : 510
    } ],
    "lastUpdate" : "20151024T165931Z"
  }, {
    "type" : "place",
    "startTime" : "20151024T112633-0400",
    "endTime" : "20151024T230012-0400",
    "activities" : [ {
      "activity" : "walking",
      "group" : "walking",
      "manual" : false,
      "startTime" : "20151024T145301-0400",
      "endTime" : "20151024T145331-0400",
      "duration" : 30.0,
      "distance" : 15.0,
      "steps" : 20
    }, {
      "activity" : "walking",
      "group" : "walking",
      "manual" : false,
      "startTime" : "20151024T151911-0400",
      "endTime" : "20151024T152041-0400",
      "duration" : 90.0,
      "distance" : 60.0,
      "steps" : 121
    }, {
      "activity" : "walking",
      "group" : "walking",
      "manual" : false,
      "startTime" : "20151024T161536-0400",
      "endTime" : "20151024T161636-0400",
      "duration" : 60.0,
      "distance" : 60.0,
      "steps" : 121
    }, {
      "activity" : "walking",
      "group" : "walking",
      "manual" : false,
      "startTime" : "20151024T171809-0400",
      "endTime" : "20151024T171939-0400",
      "duration" : 90.0,
      "distance" : 60.0,
      "steps" : 121
    }, {
      "activity" : "walking",
      "group" : "walking",
      "manual" : false,
      "startTime" : "20151024T184032-0400",
      "endTime" : "20151024T184102-0400",
      "duration" : 30.0,
      "distance" : 35.0,
      "steps" : 70
    }, {
      "activity" : "walking",
      "group" : "walking",
      "manual" : false,
      "startTime" : "20151024T192511-0400",
      "endTime" : "20151024T192855-0400",
      "duration" : 224.0,
      "distance" : 238.0,
      "steps" : 317
    }, {
      "activity" : "walking",
      "group" : "walking",
      "manual" : false,
      "startTime" : "20151024T213705-0400",
      "endTime" : "20151024T213935-0400",
      "duration" : 150.0,
      "distance" : 204.0,
      "steps" : 271
    }, {
      "activity" : "walking",
      "group" : "walking",
      "manual" : false,
      "startTime" : "20151024T223756-0400",
      "endTime" : "20151024T224156-0400",
      "duration" : 240.0,
      "distance" : 302.0,
      "steps" : 402
    } ],
    "lastUpdate" : "20151029T193822Z"
  }, {
    "type" : "move",
    "startTime" : "20151024T230012-0400",
    "endTime" : "20151024T232315-0400",
    "activities" : [ {
      "activity" : "transport",
      "group" : "transport",
      "manual" : false,
      "startTime" : "20151024T230012-0400",
      "endTime" : "20151024T230809-0400",
      "duration" : 477.0,
      "distance" : 3943.0
    }, {
      "activity" : "walking",
      "group" : "walking",
      "manual" : false,
      "startTime" : "20151024T230809-0400",
      "endTime" : "20151024T232315-0400",
      "duration" : 906.0,
      "distance" : 1097.0,
      "steps" : 1539
    } ],
    "lastUpdate" : "20151025T142836Z"
  }, {
    "type" : "move",
    "startTime" : "20151024T234345-0400",
    "endTime" : "20151024T235325-0400",
    "activities" : [ {
      "activity" : "walking",
      "group" : "walking",
      "manual" : false,
      "startTime" : "20151024T234345-0400",
      "endTime" : "20151024T235325-0400",
      "duration" : 580.0,
      "distance" : 781.0,
      "steps" : 972
    } ],
    "lastUpdate" : "20151025T142836Z"
  }, {
    "type" : "place",
    "startTime" : "20151024T235325-0400",
    "endTime" : "20151025T001824-0400",
    "activities" : [ {
      "activity" : "walking",
      "group" : "walking",
      "manual" : false,
      "startTime" : "20151024T235848-0400",
      "endTime" : "20151025T000000-0400",
      "duration" : 72.0,
      "distance" : 66.0,
      "steps" : 132
    } ],
    "lastUpdate" : "20151025T150323Z"
  } ],
  "lastUpdate" : "20151029T193822Z"
}, {
  "date" : "20151025",
  "summary" : [ {
    "activity" : "walking",
    "group" : "walking",
    "duration" : 4855.0,
    "distance" : 5832.0,
    "steps" : 8025
  }, {
    "activity" : "train",
    "group" : "transport",
    "duration" : 360.0,
    "distance" : 2363.0
  } ],
  "segments" : [ {
    "type" : "place",
    "startTime" : "20151024T235325-0400",
    "endTime" : "20151025T001824-0400",
    "activities" : [ {
      "activity" : "walking",
      "group" : "walking",
      "manual" : false,
      "startTime" : "20151025T000000-0400",
      "endTime" : "20151025T000118-0400",
      "duration" : 78.0,
      "distance" : 70.0,
      "steps" : 139
    } ],
    "lastUpdate" : "20151025T150323Z"
  }, {
    "type" : "move",
    "startTime" : "20151025T001824-0400",
    "endTime" : "20151025T002230-0400",
    "activities" : [ {
      "activity" : "walking",
      "group" : "walking",
      "manual" : false,
      "startTime" : "20151025T001824-0400",
      "endTime" : "20151025T002230-0400",
      "duration" : 246.0,
      "distance" : 374.0,
      "steps" : 485
    } ],
    "lastUpdate" : "20151025T150323Z"
  }, {
    "type" : "move",
    "startTime" : "20151025T002438-0400",
    "endTime" : "20151025T004408-0400",
    "activities" : [ {
      "activity" : "walking",
      "group" : "walking",
      "manual" : false,
      "startTime" : "20151025T002438-0400",
      "endTime" : "20151025T003330-0400",
      "duration" : 532.0,
      "distance" : 636.0,
      "steps" : 954
    }, {
      "activity" : "train",
      "group" : "transport",
      "manual" : false,
      "startTime" : "20151025T003330-0400",
      "endTime" : "20151025T003930-0400",
      "duration" : 360.0,
      "distance" : 2363.0
    }, {
      "activity" : "walking",
      "group" : "walking",
      "manual" : false,
      "startTime" : "20151025T003930-0400",
      "endTime" : "20151025T004408-0400",
      "duration" : 278.0,
      "distance" : 401.0,
      "steps" : 475
    } ],
    "lastUpdate" : "20151025T150411Z"
  }, {
    "type" : "place",
    "startTime" : "20151025T004408-0400",
    "endTime" : "20151025T004714-0400",
    "activities" : [ {
      "activity" : "walking",
      "group" : "walking",
      "manual" : false,
      "startTime" : "20151025T004600-0400",
      "endTime" : "20151025T004630-0400",
      "duration" : 30.0,
      "distance" : 30.0,
      "steps" : 60
    } ],
    "lastUpdate" : "20151026T145957Z"
  }, {
    "type" : "move",
    "startTime" : "20151025T101246-0400",
    "endTime" : "20151025T102941-0400",
    "activities" : [ {
      "activity" : "walking",
      "group" : "walking",
      "manual" : false,
      "startTime" : "20151025T101246-0400",
      "endTime" : "20151025T102941-0400",
      "duration" : 1015.0,
      "distance" : 1435.0,
      "steps" : 1797
    } ],
    "lastUpdate" : "20151025T150323Z"
  }, {
    "type" : "place",
    "startTime" : "20151025T102941-0400",
    "endTime" : "20151025T202911-0400",
    "activities" : [ {
      "activity" : "walking",
      "group" : "walking",
      "manual" : false,
      "startTime" : "20151025T103102-0400",
      "endTime" : "20151025T103132-0400",
      "duration" : 30.0,
      "distance" : 25.0,
      "steps" : 50
    }, {
      "activity" : "walking",
      "group" : "walking",
      "manual" : false,
      "startTime" : "20151025T111514-0400",
      "endTime" : "20151025T111544-0400",
      "duration" : 30.0,
      "distance" : 25.0,
      "steps" : 50
    }, {
      "activity" : "walking",
      "group" : "walking",
      "manual" : false,
      "startTime" : "20151025T120746-0400",
      "endTime" : "20151025T120916-0400",
      "duration" : 90.0,
      "distance" : 88.0,
      "steps" : 177
    }, {
      "activity" : "walking",
      "group" : "walking",
      "manual" : false,
      "startTime" : "20151025T131528-0400",
      "endTime" : "20151025T131756-0400",
      "duration" : 148.0,
      "distance" : 249.0,
      "steps" : 331
    }, {
      "activity" : "walking",
      "group" : "walking",
      "manual" : false,
      "startTime" : "20151025T140906-0400",
      "endTime" : "20151025T141538-0400",
      "duration" : 392.0,
      "distance" : 471.0,
      "steps" : 628
    }, {
      "activity" : "walking",
      "group" : "walking",
      "manual" : false,
      "startTime" : "20151025T160913-0400",
      "endTime" : "20151025T161345-0400",
      "duration" : 272.0,
      "distance" : 246.0,
      "steps" : 328
    }, {
      "activity" : "walking",
      "group" : "walking",
      "manual" : false,
      "startTime" : "20151025T172622-0400",
      "endTime" : "20151025T172943-0400",
      "duration" : 201.0,
      "distance" : 204.0,
      "steps" : 271
    }, {
      "activity" : "walking",
      "group" : "walking",
      "manual" : false,
      "startTime" : "20151025T180055-0400",
      "endTime" : "20151025T180425-0400",
      "duration" : 210.0,
      "distance" : 226.0,
      "steps" : 302
    }, {
      "activity" : "walking",
      "group" : "walking",
      "manual" : false,
      "startTime" : "20151025T193238-0400",
      "endTime" : "20151025T193341-0400",
      "duration" : 63.0,
      "distance" : 58.0,
      "steps" : 116
    }, {
      "activity" : "walking",
      "group" : "walking",
      "manual" : false,
      "startTime" : "20151025T200038-0400",
      "endTime" : "20151025T200611-0400",
      "duration" : 333.0,
      "distance" : 398.0,
      "steps" : 530
    } ],
    "lastUpdate" : "20151029T193822Z"
  }, {
    "type" : "move",
    "startTime" : "20151025T202911-0400",
    "endTime" : "20151025T203842-0400",
    "activities" : [ {
      "activity" : "walking",
      "group" : "walking",
      "manual" : false,
      "startTime" : "20151025T202911-0400",
      "endTime" : "20151025T203842-0400",
      "duration" : 571.0,
      "distance" : 538.0,
      "steps" : 835
    } ],
    "lastUpdate" : "20151026T145641Z"
  }, {
    "type" : "place",
    "startTime" : "20151025T203842-0400",
    "endTime" : "20151026T001801-0400",
    "activities" : [ {
      "activity" : "walking",
      "group" : "walking",
      "manual" : false,
      "startTime" : "20151025T204138-0400",
      "endTime" : "20151025T204644-0400",
      "duration" : 306.0,
      "distance" : 328.0,
      "steps" : 437
    }, {
      "activity" : "walking",
      "group" : "walking",
      "manual" : false,
      "startTime" : "20151025T233208-0400",
      "endTime" : "20151025T233238-0400",
      "duration" : 30.0,
      "distance" : 30.0,
      "steps" : 60
    } ],
    "lastUpdate" : "20151026T145957Z"
  } ],
  "lastUpdate" : "20151029T193822Z"
} ]