[ {
  "date" : "20151026",
  "segments" : [ {
    "type" : "place",
    "startTime" : "20151026T063936-0400",
    "endTime" : "20151026T080903-0400",
    "place" : {
      "id" : 276458640,
      "type" : "unknown",
      "location" : {
        "lat" : 40.7856121081,
        "lon" : -73.9720724825
      }
    },
    "lastUpdate" : "20151026T134810Z"
  }, {
    "type" : "place",
    "startTime" : "20151026T081503-0400",
    "endTime" : "20151026T090004-0400",
    "place" : {
      "id" : 276964258,
      "type" : "unknown",
      "location" : {
        "lat" : 40.7866998268,
        "lon" : -73.9725818776
      }
    },
    "lastUpdate" : "20151026T134810Z"
  }, {
    "type" : "place",
    "startTime" : "20151026T090619-0400",
    "endTime" : "20151026T092008-0400",
    "place" : {
      "id" : 278090371,
      "type" : "unknown",
      "location" : {
        "lat" : 40.7881109874,
        "lon" : -73.9763585264
      }
    },
    "lastUpdate" : "20151026T134810Z"
  }, {
    "type" : "place",
    "startTime" : "20151026T093009-0400",
    "endTime" : "20151026T130126-0400",
    "place" : {
      "id" : 276372414,
      "type" : "unknown",
      "location" : {
        "lat" : 40.7408375251,
        "lon" : -74.0021916154
      }
    },
    "lastUpdate" : "20151026T183035Z"
  }, {
    "type" : "place",
    "startTime" : "20151026T130731-0400",
    "endTime" : "20151026T131648-0400",
    "place" : {
      "id" : 278162738,
      "type" : "unknown",
      "location" : {
        "lat" : 40.7406977641,
        "lon" : -74.005174092
      }
    },
    "lastUpdate" : "20151026T183035Z"
  }, {
    "type" : "place",
    "startTime" : "20151026T132330-0400",
    "endTime" : "20151026T162153-0400",
    "place" : {
      "id" : 277153613,
      "type" : "unknown",
      "location" : {
        "lat" : 40.7413242041,
        "lon" : -74.0021969426
      }
    },
    "lastUpdate" : "20151026T233036Z"
  }, {
    "type" : "place",
    "startTime" : "20151026T175957-0400",
    "endTime" : "20151026T183357-0400",
    "place" : {
      "id" : 277153613,
      "type" : "unknown",
      "location" : {
        "lat" : 40.7413242041,
        "lon" : -74.0021969426
      }
    },
    "lastUpdate" : "20151026T233036Z"
  }, {
    "type" : "place",
    "startTime" : "20151026T190848-0400",
    "endTime" : "20151026T212454-0400",
    "place" : {
      "id" : 278240044,
      "type" : "unknown",
      "location" : {
        "lat" : 40.7684168974,
        "lon" : -73.958938307
      }
    },
    "lastUpdate" : "20151027T023523Z"
  }, {
    "type" : "place",
    "startTime" : "20151026T215633-0400",
    "endTime" : "20151027T085001-0400",
    "place" : {
      "id" : 276458640,
      "type" : "unknown",
      "location" : {
        "lat" : 40.7856121081,
        "lon" : -73.9720724825
      }
    },
    "lastUpdate" : "20151027T162344Z"
  } ],
  "lastUpdate" : "20151027T162344Z"
}, {
  "date" : "20151027",
  "segments" : [ {
    "type" : "place",
    "startTime" : "20151026T215633-0400",
    "endTime" : "20151027T085001-0400",
    "place" : {
      "id" : 276458640,
      "type" : "unknown",
      "location" : {
        "lat" : 40.7856121081,
        "lon" : -73.9720724825
      }
    },
    "lastUpdate" : "20151027T162344Z"
  }, {
    "type" : "place",
    "startTime" : "20151027T092344-0400",
    "endTime" : "20151027T122537-0400",
    "place" : {
      "id" : 276372414,
      "type" : "unknown",
      "location" : {
        "lat" : 40.7408375251,
        "lon" : -74.0021916154
      }
    },
    "lastUpdate" : "20151027T175413Z"
  }, {
    "type" : "place",
    "startTime" : "20151027T122537-0400",
    "endTime" : "20151027T155203-0400",
    "place" : {
      "id" : 278438928,
      "type" : "unknown",
      "location" : {
        "lat" : 40.7413918083,
        "lon" : -74.0015818586
      }
    },
    "lastUpdate" : "20151027T212906Z"
  }, {
    "type" : "place",
    "startTime" : "20151027T160338-0400",
    "endTime" : "20151027T182819-0400",
    "place" : {
      "id" : 276458640,
      "type" : "unknown",
      "location" : {
        "lat" : 40.7856121081,
        "lon" : -73.9720724825
      }
    },
    "lastUpdate" : "20151028T003206Z"
  }, {
    "type" : "place",
    "startTime" : "20151027T184638-0400",
    "endTime" : "20151027T214051-0400",
    "place" : {
      "id" : 278471196,
      "type" : "unknown",
      "location" : {
        "lat" : 40.7751302643,
        "lon" : -73.982203641
      }
    },
    "lastUpdate" : "20151028T033416Z"
  }, {
    "type" : "place",
    "startTime" : "20151027T215939-0400",
    "endTime" : "20151028T092940-0400",
    "place" : {
      "id" : 276926693,
      "type" : "unknown",
      "location" : {
        "lat" : 40.7859467023,
        "lon" : -73.9726016923
      }
    },
    "lastUpdate" : "20151028T142623Z"
  } ],
  "lastUpdate" : "20151028T142623Z"
}, {
  "date" : "20151028",
  "segments" : [ {
    "type" : "place",
    "startTime" : "20151027T215939-0400",
    "endTime" : "20151028T092940-0400",
    "place" : {
      "id" : 276926693,
      "type" : "unknown",
      "location" : {
        "lat" : 40.7859467023,
        "lon" : -73.9726016923
      }
    },
    "lastUpdate" : "20151028T142623Z"
  }, {
    "type" : "place",
    "startTime" : "20151028T095657-0400",
    "endTime" : "20151028T172624-0400",
    "place" : {
      "id" : 277153613,
      "type" : "unknown",
      "location" : {
        "lat" : 40.7413242041,
        "lon" : -74.0021969426
      }
    },
    "lastUpdate" : "20151029T040551Z"
  }, {
    "type" : "place",
    "startTime" : "20151028T173151-0400",
    "endTime" : "20151028T184154-0400",
    "place" : {
      "id" : 276618826,
      "type" : "unknown",
      "location" : {
        "lat" : 40.7411268971,
        "lon" : -74.001893874
      }
    },
    "lastUpdate" : "20151029T040551Z"
  }, {
    "type" : "place",
    "startTime" : "20151028T190148-0400",
    "endTime" : "20151028T200329-0400",
    "place" : {
      "id" : 278773854,
      "type" : "unknown",
      "location" : {
        "lat" : 40.7872933557,
        "lon" : -73.9733004783
      }
    },
    "lastUpdate" : "20151029T142143Z"
  }, {
    "type" : "place",
    "startTime" : "20151028T200547-0400",
    "endTime" : "20151028T205132-0400",
    "place" : {
      "id" : 276926693,
      "type" : "unknown",
      "location" : {
        "lat" : 40.7859467023,
        "lon" : -73.9726016923
      }
    },
    "lastUpdate" : "20151029T142143Z"
  }, {
    "type" : "place",
    "startTime" : "20151028T211111-0400",
    "endTime" : "20151028T221453-0400",
    "place" : {
      "id" : 278773855,
      "type" : "unknown",
      "location" : {
        "lat" : 40.8815752385,
        "lon" : -73.9709523672
      }
    },
    "lastUpdate" : "20151029T142143Z"
  }, {
    "type" : "place",
    "startTime" : "20151028T221653-0400",
    "endTime" : "20151028T223642-0400",
    "place" : {
      "id" : 278773861,
      "type" : "unknown",
      "location" : {
        "lat" : 40.881995164,
        "lon" : -73.9773726024
      }
    },
    "lastUpdate" : "20151029T142143Z"
  }, {
    "type" : "place",
    "startTime" : "20151028T224511-0400",
    "endTime" : "20151028T231128-0400",
    "place" : {
      "id" : 278773862,
      "type" : "unknown",
      "location" : {
        "lat" : 40.8960334556,
        "lon" : -73.9751701795
      }
    },
    "lastUpdate" : "20151029T142143Z"
  }, {
    "type" : "place",
    "startTime" : "20151028T235859-0400",
    "endTime" : "20151029T092211-0400",
    "place" : {
      "id" : 276458640,
      "type" : "unknown",
      "location" : {
        "lat" : 40.7856121081,
        "lon" : -73.9720724825
      }
    },
    "lastUpdate" : "20151029T142143Z"
  } ],
  "lastUpdate" : "20151029T142143Z"
}, {
  "date" : "20151029",
  "segments" : [ {
    "type" : "place",
    "startTime" : "20151028T235859-0400",
    "endTime" : "20151029T092211-0400",
    "place" : {
      "id" : 276458640,
      "type" : "unknown",
      "location" : {
        "lat" : 40.7856121081,
        "lon" : -73.9720724825
      }
    },
    "lastUpdate" : "20151029T142143Z"
  }, {
    "type" : "place",
    "startTime" : "20151029T092632-0400",
    "endTime" : "20151029T094634-0400",
    "place" : {
      "id" : 278885335,
      "type" : "unknown",
      "location" : {
        "lat" : 40.7871201527,
        "lon" : -73.9736767495
      }
    },
    "lastUpdate" : "20151029T161332Z"
  }, {
    "type" : "place",
    "startTime" : "20151029T095207-0400",
    "endTime" : "20151029T100020-0400",
    "place" : {
      "id" : 278885341,
      "type" : "unknown",
      "location" : {
        "lat" : 40.7885262849,
        "lon" : -73.9766326913
      }
    },
    "lastUpdate" : "20151029T161332Z"
  }, {
    "type" : "place",
    "startTime" : "20151029T102107-0400",
    "endTime" : "20151029T123254-0400",
    "place" : {
      "id" : 277153613,
      "type" : "unknown",
      "location" : {
        "lat" : 40.7413242041,
        "lon" : -74.0021969426
      }
    },
    "lastUpdate" : "20151029T180243Z"
  }, {
    "type" : "place",
    "startTime" : "20151029T124103-0400",
    "endTime" : "20151029T130345-0400",
    "place" : {
      "id" : 278945861,
      "type" : "unknown",
      "location" : {
        "lat" : 40.7439794148,
        "lon" : -73.9995050139
      }
    },
    "lastUpdate" : "20151029T180246Z"
  }, {
    "type" : "place",
    "startTime" : "20151029T130647-0400",
    "endTime" : "20151029T131452-0400",
    "place" : {
      "id" : 278945862,
      "type" : "unknown",
      "location" : {
        "lat" : 40.7452660561,
        "lon" : -73.9984733886
      }
    },
    "lastUpdate" : "20151029T180246Z"
  }, {
    "type" : "place",
    "startTime" : "20151029T132344-0400",
    "endTime" : "20151029T191819-0400",
    "place" : {
      "id" : 276618826,
      "type" : "unknown",
      "location" : {
        "lat" : 40.7411268971,
        "lon" : -74.001893874
      }
    },
    "lastUpdate" : "20151030T023428Z"
  }, {
    "type" : "place",
    "startTime" : "20151029T193733-0400",
    "endTime" : "20151029T194356-0400",
    "place" : {
      "id" : 279043636,
      "type" : "unknown",
      "location" : {
        "lat" : 40.7579008559,
        "lon" : -73.9712844028
      }
    },
    "lastUpdate" : "20151030T023428Z"
  }, {
    "type" : "place",
    "startTime" : "20151029T195618-0400",
    "endTime" : "20151030T000833-0400",
    "place" : {
      "id" : 279043637,
      "type" : "unknown",
      "location" : {
        "lat" : 40.7682332314,
        "lon" : -73.9596921265
      }
    },
    "lastUpdate" : "20151030T054627Z"
  } ],
  "lastUpdate" : "20151030T054627Z"
}, {
  "date" : "20151030",
  "segments" : [ {
    "type" : "place",
    "startTime" : "20151029T195618-0400",
    "endTime" : "20151030T000833-0400",
    "place" : {
      "id" : 279043637,
      "type" : "unknown",
      "location" : {
        "lat" : 40.7682332314,
        "lon" : -73.9596921265
      }
    },
    "lastUpdate" : "20151030T054627Z"
  }, {
    "type" : "place",
    "startTime" : "20151030T001913-0400",
    "endTime" : "20151030T083941-0400",
    "place" : {
      "id" : 276458640,
      "type" : "unknown",
      "location" : {
        "lat" : 40.7856121081,
        "lon" : -73.9720724825
      }
    },
    "lastUpdate" : "20151030T133021Z"
  }, {
    "type" : "place",
    "startTime" : "20151030T084457-0400",
    "endTime" : "20151030T091418-0400",
    "place" : {
      "id" : 278885335,
      "type" : "unknown",
      "location" : {
        "lat" : 40.7871201527,
        "lon" : -73.9736767495
      }
    },
    "lastUpdate" : "20151030T163606Z"
  }, {
    "type" : "place",
    "startTime" : "20151030T093052-0400",
    "endTime" : "20151030T094256-0400",
    "place" : {
      "id" : 279214330,
      "type" : "unknown",
      "location" : {
        "lat" : 40.7803779838,
        "lon" : -73.9817626698
      }
    },
    "lastUpdate" : "20151030T163606Z"
  }, {
    "type" : "place",
    "startTime" : "20151030T100211-0400",
    "endTime" : "20151030T113507-0400",
    "place" : {
      "id" : 276386332,
      "type" : "unknown",
      "location" : {
        "lat" : 40.7856083693,
        "lon" : -73.9725035257
      }
    },
    "lastUpdate" : "20151030T163606Z"
  }, {
    "type" : "place",
    "startTime" : "20151030T114146-0400",
    "endTime" : "20151030T120244-0400",
    "place" : {
      "id" : 278864129,
      "type" : "unknown",
      "location" : {
        "lat" : 40.7851627934,
        "lon" : -73.9712033754
      }
    },
    "lastUpdate" : "20151030T163606Z"
  }, {
    "type" : "place",
    "startTime" : "20151030T121230-0400",
    "endTime" : "20151030T151017-0400",
    "place" : {
      "id" : 276372414,
      "type" : "unknown",
      "location" : {
        "lat" : 40.7408375251,
        "lon" : -74.0021916154
      }
    },
    "lastUpdate" : "20151031T231617Z"
  }, {
    "type" : "place",
    "startTime" : "20151030T151411-0400",
    "endTime" : "20151030T152709-0400",
    "place" : {
      "id" : 279270191,
      "type" : "unknown",
      "location" : {
        "lat" : 40.741741525,
        "lon" : -74.0011546501
      }
    },
    "lastUpdate" : "20151031T231617Z"
  }, {
    "type" : "place",
    "startTime" : "20151030T153331-0400",
    "endTime" : "20151030T174016-0400",
    "place" : {
      "id" : 276458640,
      "type" : "unknown",
      "location" : {
        "lat" : 40.7856121081,
        "lon" : -73.9720724825
      }
    },
    "lastUpdate" : "20151101T063835Z"
  } ],
  "lastUpdate" : "20151101T063835Z"
}, {
  "date" : "20151031",
  "segments" : [ {
    "type" : "place",
    "startTime" : "20151031T191626-0400",
    "endTime" : "20151031T231059-0400",
    "place" : {
      "id" : 276458640,
      "type" : "unknown",
      "location" : {
        "lat" : 40.7856121081,
        "lon" : -73.9720724825
      }
    },
    "lastUpdate" : "20151101T210356Z"
  } ],
  "lastUpdate" : "20151101T210356Z"
}, {
  "date" : "20151101",
  "segments" : [ {
    "type" : "place",
    "startTime" : "20151101T010617-0400",
    "endTime" : "20151101T083420-0500",
    "place" : {
      "id" : 276458640,
      "type" : "unknown",
      "location" : {
        "lat" : 40.7856121081,
        "lon" : -73.9720724825
      }
    },
    "lastUpdate" : "20151101T210356Z"
  }, {
    "type" : "place",
    "startTime" : "20151101T084047-0500",
    "endTime" : "20151101T103046-0500",
    "place" : {
      "id" : 276517856,
      "type" : "unknown",
      "location" : {
        "lat" : 40.7869139082,
        "lon" : -73.9733281397
      }
    },
    "lastUpdate" : "20151101T210356Z"
  }, {
    "type" : "place",
    "startTime" : "20151101T103047-0500",
    "endTime" : "20151101T124259-0500",
    "place" : {
      "id" : 279991740,
      "type" : "unknown",
      "location" : {
        "lat" : 40.7846327385,
        "lon" : -73.9700231031
      }
    },
    "lastUpdate" : "20151101T210356Z"
  }, {
    "type" : "place",
    "startTime" : "20151101T125612-0500",
    "endTime" : "20151101T130206-0500",
    "place" : {
      "id" : 279991741,
      "type" : "unknown",
      "location" : {
        "lat" : 40.780814669,
        "lon" : -73.9628881018
      }
    },
    "lastUpdate" : "20151101T210356Z"
  }, {
    "type" : "place",
    "startTime" : "20151101T130812-0500",
    "endTime" : "20151101T132359-0500",
    "place" : {
      "id" : 279991742,
      "type" : "unknown",
      "location" : {
        "lat" : 40.7793761676,
        "lon" : -73.9628203952
      }
    },
    "lastUpdate" : "20151101T210356Z"
  }, {
    "type" : "place",
    "startTime" : "20151101T132359-0500",
    "endTime" : "20151101T134604-0500",
    "place" : {
      "id" : 279991743,
      "type" : "unknown",
      "location" : {
        "lat" : 40.7804526668,
        "lon" : -73.9623457491
      }
    },
    "lastUpdate" : "20151101T210356Z"
  }, {
    "type" : "place",
    "startTime" : "20151101T134720-0500",
    "endTime" : "20151101T135517-0500",
    "place" : {
      "id" : 279991744,
      "type" : "unknown",
      "location" : {
        "lat" : 40.7789860829,
        "lon" : -73.963924247
      }
    },
    "lastUpdate" : "20151101T210356Z"
  }, {
    "type" : "place",
    "startTime" : "20151101T140626-0500",
    "endTime" : "20151101T143319-0500",
    "place" : {
      "id" : 279991745,
      "type" : "unknown",
      "location" : {
        "lat" : 40.7813790753,
        "lon" : -73.9635029079
      }
    },
    "lastUpdate" : "20151101T210356Z"
  }, {
    "type" : "place",
    "startTime" : "20151101T145234-0500",
    "endTime" : "20151101T151341-0500",
    "place" : {
      "id" : 278456134,
      "type" : "unknown",
      "location" : {
        "lat" : 40.7855861515,
        "lon" : -73.9713862068
      }
    },
    "lastUpdate" : "20151101T210356Z"
  }, {
    "type" : "place",
    "startTime" : "20151101T151936-0500",
    "endTime" : "20151101T154938-0500",
    "place" : {
      "id" : 280010801,
      "type" : "unknown",
      "location" : {
        "lat" : 40.7849633936,
        "lon" : -73.9695481718
      }
    },
    "lastUpdate" : "20151101T223805Z"
  }, {
    "type" : "place",
    "startTime" : "20151101T163848-0500",
    "endTime" : "20151101T170501-0500",
    "place" : {
      "id" : 280028892,
      "type" : "unknown",
      "location" : {
        "lat" : 40.8830396782,
        "lon" : -73.9733923791
      }
    },
    "lastUpdate" : "20151101T223805Z"
  }, {
    "type" : "place",
    "startTime" : "20151101T170715-0500",
    "endTime" : "20151101T184708-0500",
    "place" : {
      "id" : 278773861,
      "type" : "unknown",
      "location" : {
        "lat" : 40.881995164,
        "lon" : -73.9773726024
      }
    },
    "lastUpdate" : "20151102T161754Z"
  }, {
    "type" : "place",
    "startTime" : "20151101T190033-0500",
    "endTime" : "20151101T190348-0500",
    "place" : {
      "id" : 280203208,
      "type" : "unknown",
      "location" : {
        "lat" : 40.7862077957,
        "lon" : -73.9723261426
      }
    },
    "lastUpdate" : "20151102T161754Z"
  }, {
    "type" : "place",
    "startTime" : "20151101T212707-0500",
    "endTime" : "20151102T091837-0500",
    "place" : {
      "id" : 280203208,
      "type" : "unknown",
      "location" : {
        "lat" : 40.7862077957,
        "lon" : -73.9723261426
      }
    },
    "lastUpdate" : "20151102T161754Z"
  } ],
  "lastUpdate" : "20151102T161754Z"
} ]