[ {
  "date" : "20151030",
  "summary" : [ {
    "activity" : "walking",
    "group" : "walking",
    "duration" : 9290.0,
    "distance" : 10931.0,
    "steps" : 15239
  }, {
    "activity" : "transport",
    "group" : "transport",
    "duration" : 3265.0,
    "distance" : 13729.0
  } ],
  "segments" : [ {
    "type" : "place",
    "startTime" : "20151030T071316-0400",
    "endTime" : "20151030T072510-0400",
    "activities" : [ {
      "activity" : "walking",
      "group" : "walking",
      "manual" : false,
      "startTime" : "20151030T071316-0400",
      "endTime" : "20151030T071657-0400",
      "duration" : 221.0,
      "distance" : 302.0,
      "steps" : 402
    } ],
    "lastUpdate" : "20151030T173523Z"
  }, {
    "type" : "move",
    "startTime" : "20151030T072510-0400",
    "endTime" : "20151030T080047-0400",
    "activities" : [ {
      "activity" : "walking",
      "group" : "walking",
      "manual" : false,
      "startTime" : "20151030T072510-0400",
      "endTime" : "20151030T073904-0400",
      "duration" : 834.0,
      "distance" : 866.0,
      "steps" : 1541
    }, {
      "activity" : "transport",
      "group" : "transport",
      "manual" : false,
      "startTime" : "20151030T073903-0400",
      "endTime" : "20151030T075446-0400",
      "duration" : 943.0,
      "distance" : 6262.0
    }, {
      "activity" : "walking",
      "group" : "walking",
      "manual" : false,
      "startTime" : "20151030T075446-0400",
      "endTime" : "20151030T080047-0400",
      "duration" : 361.0,
      "distance" : 761.0,
      "steps" : 664
    } ],
    "lastUpdate" : "20151030T173523Z"
  }, {
    "type" : "place",
    "startTime" : "20151030T080047-0400",
    "endTime" : "20151030T083814-0400",
    "activities" : [ {
      "activity" : "walking",
      "group" : "walking",
      "manual" : false,
      "startTime" : "20151030T080246-0400",
      "endTime" : "20151030T080446-0400",
      "duration" : 120.0,
      "distance" : 158.0,
      "steps" : 211
    } ],
    "lastUpdate" : "20151030T200401Z"
  }, {
    "type" : "move",
    "startTime" : "20151030T083814-0400",
    "endTime" : "20151030T084249-0400",
    "activities" : [ {
      "activity" : "walking",
      "group" : "walking",
      "manual" : false,
      "startTime" : "20151030T083814-0400",
      "endTime" : "20151030T084248-0400",
      "duration" : 274.0,
      "distance" : 382.0,
      "steps" : 551
    } ],
    "lastUpdate" : "20151030T173523Z"
  }, {
    "type" : "place",
    "startTime" : "20151030T084249-0400",
    "endTime" : "20151030T114023-0400",
    "activities" : [ {
      "activity" : "walking",
      "group" : "walking",
      "manual" : false,
      "startTime" : "20151030T084249-0400",
      "endTime" : "20151030T084519-0400",
      "duration" : 150.0,
      "distance" : 181.0,
      "steps" : 242
    }, {
      "activity" : "walking",
      "group" : "walking",
      "manual" : false,
      "startTime" : "20151030T092351-0400",
      "endTime" : "20151030T092521-0400",
      "duration" : 90.0,
      "distance" : 85.0,
      "steps" : 171
    }, {
      "activity" : "walking",
      "group" : "walking",
      "manual" : false,
      "startTime" : "20151030T111923-0400",
      "endTime" : "20151030T112153-0400",
      "duration" : 150.0,
      "distance" : 203.0,
      "steps" : 271
    } ],
    "lastUpdate" : "20151030T200431Z"
  }, {
    "type" : "move",
    "startTime" : "20151030T114023-0400",
    "endTime" : "20151030T114554-0400",
    "activities" : [ {
      "activity" : "walking",
      "group" : "walking",
      "manual" : false,
      "startTime" : "20151030T114023-0400",
      "endTime" : "20151030T114555-0400",
      "duration" : 332.0,
      "distance" : 391.0,
      "steps" : 687
    } ],
    "lastUpdate" : "20151030T173547Z"
  }, {
    "type" : "place",
    "startTime" : "20151030T114554-0400",
    "endTime" : "20151030T120734-0400",
    "activities" : [ {
      "activity" : "walking",
      "group" : "walking",
      "manual" : false,
      "startTime" : "20151030T120508-0400",
      "endTime" : "20151030T120538-0400",
      "duration" : 30.0,
      "distance" : 25.0,
      "steps" : 50
    } ],
    "lastUpdate" : "20151030T200401Z"
  }, {
    "type" : "move",
    "startTime" : "20151030T120734-0400",
    "endTime" : "20151030T133352-0400",
    "activities" : [ {
      "activity" : "walking",
      "group" : "walking",
      "manual" : false,
      "startTime" : "20151030T120734-0400",
      "endTime" : "20151030T121738-0400",
      "duration" : 604.0,
      "distance" : 1170.0,
      "steps" : 1093
    }, {
      "activity" : "walking",
      "group" : "walking",
      "manual" : false,
      "startTime" : "20151030T123208-0400",
      "endTime" : "20151030T123507-0400",
      "duration" : 179.0,
      "distance" : 336.0,
      "steps" : 280
    }, {
      "activity" : "transport",
      "group" : "transport",
      "manual" : false,
      "startTime" : "20151030T123507-0400",
      "endTime" : "20151030T125218-0400",
      "duration" : 1031.0,
      "distance" : 2563.0
    }, {
      "activity" : "walking",
      "group" : "walking",
      "manual" : false,
      "startTime" : "20151030T125218-0400",
      "endTime" : "20151030T130119-0400",
      "duration" : 541.0,
      "distance" : 471.0,
      "steps" : 825
    }, {
      "activity" : "transport",
      "group" : "transport",
      "manual" : false,
      "startTime" : "20151030T130119-0400",
      "endTime" : "20151030T131450-0400",
      "duration" : 811.0,
      "distance" : 3555.0
    }, {
      "activity" : "walking",
      "group" : "walking",
      "manual" : false,
      "startTime" : "20151030T131449-0400",
      "endTime" : "20151030T131819-0400",
      "duration" : 210.0,
      "distance" : 216.0,
      "steps" : 432
    }, {
      "activity" : "transport",
      "group" : "transport",
      "manual" : false,
      "startTime" : "20151030T131820-0400",
      "endTime" : "20151030T132620-0400",
      "duration" : 480.0,
      "distance" : 1349.0
    }, {
      "activity" : "walking",
      "group" : "walking",
      "manual" : false,
      "startTime" : "20151030T132620-0400",
      "endTime" : "20151030T133352-0400",
      "duration" : 452.0,
      "distance" : 358.0,
      "steps" : 717
    } ],
    "lastUpdate" : "20151030T200319Z"
  }, {
    "type" : "place",
    "startTime" : "20151030T133352-0400",
    "endTime" : "20151030T171016-0400",
    "activities" : [ {
      "activity" : "walking",
      "group" : "walking",
      "manual" : false,
      "startTime" : "20151030T170659-0400",
      "endTime" : "20151030T170729-0400",
      "duration" : 30.0,
      "distance" : 25.0,
      "steps" : 51
    } ],
    "lastUpdate" : "20151105T152209Z"
  }, {
    "type" : "move",
    "startTime" : "20151030T171016-0400",
    "endTime" : "20151030T174633-0400",
    "activities" : [ {
      "activity" : "walking",
      "group" : "walking",
      "manual" : false,
      "startTime" : "20151030T171016-0400",
      "endTime" : "20151030T174634-0400",
      "duration" : 2178.0,
      "distance" : 2430.0,
      "steps" : 3222
    } ],
    "lastUpdate" : "20151031T161654Z"
  }, {
    "type" : "place",
    "startTime" : "20151030T174633-0400",
    "endTime" : "20151030T175527-0400",
    "activities" : [ {
      "activity" : "walking",
      "group" : "walking",
      "manual" : false,
      "startTime" : "20151030T174759-0400",
      "endTime" : "20151030T174859-0400",
      "duration" : 60.0,
      "distance" : 65.0,
      "steps" : 131
    } ],
    "lastUpdate" : "20151031T161654Z"
  }, {
    "type" : "move",
    "startTime" : "20151030T175527-0400",
    "endTime" : "20151030T181406-0400",
    "activities" : [ {
      "activity" : "walking",
      "group" : "walking",
      "manual" : false,
      "startTime" : "20151030T175527-0400",
      "endTime" : "20151030T181407-0400",
      "duration" : 1120.0,
      "distance" : 1120.0,
      "steps" : 1672
    } ],
    "lastUpdate" : "20151031T161654Z"
  }, {
    "type" : "place",
    "startTime" : "20151030T181406-0400",
    "endTime" : "20151030T184406-0400",
    "activities" : [ {
      "activity" : "walking",
      "group" : "walking",
      "manual" : false,
      "startTime" : "20151030T182201-0400",
      "endTime" : "20151030T182331-0400",
      "duration" : 90.0,
      "distance" : 80.0,
      "steps" : 161
    } ],
    "lastUpdate" : "20151031T161656Z"
  }, {
    "type" : "move",
    "startTime" : "20151030T184406-0400",
    "endTime" : "20151030T190310-0400",
    "activities" : [ {
      "activity" : "walking",
      "group" : "walking",
      "manual" : false,
      "startTime" : "20151030T184406-0400",
      "endTime" : "20151030T190310-0400",
      "duration" : 1144.0,
      "distance" : 1215.0,
      "steps" : 1684
    } ],
    "lastUpdate" : "20151031T161656Z"
  }, {
    "type" : "place",
    "startTime" : "20151030T190310-0400",
    "endTime" : "20151031T021833-0400",
    "activities" : [ {
      "activity" : "walking",
      "group" : "walking",
      "manual" : false,
      "startTime" : "20151030T190409-0400",
      "endTime" : "20151030T190609-0400",
      "duration" : 120.0,
      "distance" : 91.0,
      "steps" : 181
    } ],
    "lastUpdate" : "20151031T211046Z"
  } ],
  "lastUpdate" : "20151105T152209Z"
} ]