[ {
  "date" : "20151029",
  "summary" : [ {
    "activity" : "walking",
    "group" : "walking",
    "duration" : 6222.0,
    "distance" : 7480.0,
    "steps" : 10494
  }, {
    "activity" : "running",
    "group" : "running",
    "duration" : 1141.0,
    "distance" : 2490.0,
    "steps" : 2767
  } ],
  "segments" : [ {
    "type" : "place",
    "startTime" : "20151028T104016-0400",
    "endTime" : "20151029T002400-0400",
    "activities" : [ {
      "activity" : "walking",
      "group" : "walking",
      "manual" : false,
      "startTime" : "20151029T001610-0400",
      "endTime" : "20151029T001710-0400",
      "duration" : 60.0,
      "distance" : 50.0,
      "steps" : 101
    } ],
    "lastUpdate" : "20151105T152209Z"
  }, {
    "type" : "move",
    "startTime" : "20151029T002400-0400",
    "endTime" : "20151029T002919-0400",
    "activities" : [ {
      "activity" : "walking",
      "group" : "walking",
      "manual" : false,
      "startTime" : "20151029T002400-0400",
      "endTime" : "20151029T002918-0400",
      "duration" : 318.0,
      "distance" : 380.0,
      "steps" : 662
    } ],
    "lastUpdate" : "20151029T184025Z"
  }, {
    "type" : "move",
    "startTime" : "20151029T094154-0400",
    "endTime" : "20151029T094839-0400",
    "activities" : [ {
      "activity" : "walking",
      "group" : "walking",
      "manual" : false,
      "startTime" : "20151029T094154-0400",
      "endTime" : "20151029T094839-0400",
      "duration" : 405.0,
      "distance" : 453.0,
      "steps" : 657
    } ],
    "lastUpdate" : "20151029T184025Z"
  }, {
    "type" : "place",
    "startTime" : "20151029T094839-0400",
    "endTime" : "20151029T095808-0400",
    "activities" : [ {
      "activity" : "walking",
      "group" : "walking",
      "manual" : false,
      "startTime" : "20151029T095529-0400",
      "endTime" : "20151029T095531-0400",
      "duration" : 2.0,
      "distance" : 3.0,
      "steps" : 6
    } ],
    "lastUpdate" : "20151029T184025Z"
  }, {
    "type" : "move",
    "startTime" : "20151029T095808-0400",
    "endTime" : "20151029T101000-0400",
    "activities" : [ {
      "activity" : "walking",
      "group" : "walking",
      "manual" : false,
      "startTime" : "20151029T095808-0400",
      "endTime" : "20151029T101000-0400",
      "duration" : 712.0,
      "distance" : 957.0,
      "steps" : 1077
    } ],
    "lastUpdate" : "20151029T184025Z"
  }, {
    "type" : "place",
    "startTime" : "20151029T101000-0400",
    "endTime" : "20151029T113549-0400",
    "activities" : [ {
      "activity" : "walking",
      "group" : "walking",
      "manual" : false,
      "startTime" : "20151029T101025-0400",
      "endTime" : "20151029T101125-0400",
      "duration" : 60.0,
      "distance" : 75.0,
      "steps" : 151
    } ],
    "lastUpdate" : "20151105T152209Z"
  }, {
    "type" : "move",
    "startTime" : "20151029T113549-0400",
    "endTime" : "20151029T114634-0400",
    "activities" : [ {
      "activity" : "walking",
      "group" : "walking",
      "manual" : false,
      "startTime" : "20151029T113549-0400",
      "endTime" : "20151029T114633-0400",
      "duration" : 644.0,
      "distance" : 555.0,
      "steps" : 1110
    } ],
    "lastUpdate" : "20151029T184025Z"
  }, {
    "type" : "move",
    "startTime" : "20151029T115027-0400",
    "endTime" : "20151029T115738-0400",
    "activities" : [ {
      "activity" : "walking",
      "group" : "walking",
      "manual" : false,
      "startTime" : "20151029T115027-0400",
      "endTime" : "20151029T115738-0400",
      "duration" : 431.0,
      "distance" : 462.0,
      "steps" : 752
    } ],
    "lastUpdate" : "20151029T184025Z"
  }, {
    "type" : "place",
    "startTime" : "20151029T115738-0400",
    "endTime" : "20151029T213425-0400",
    "activities" : [ {
      "activity" : "walking",
      "group" : "walking",
      "manual" : false,
      "startTime" : "20151029T123906-0400",
      "endTime" : "20151029T124006-0400",
      "duration" : 60.0,
      "distance" : 55.0,
      "steps" : 111
    }, {
      "activity" : "walking",
      "group" : "walking",
      "manual" : false,
      "startTime" : "20151029T133236-0400",
      "endTime" : "20151029T133439-0400",
      "duration" : 123.0,
      "distance" : 186.0,
      "steps" : 248
    }, {
      "activity" : "walking",
      "group" : "walking",
      "manual" : false,
      "startTime" : "20151029T141623-0400",
      "endTime" : "20151029T142023-0400",
      "duration" : 240.0,
      "distance" : 317.0,
      "steps" : 423
    }, {
      "activity" : "walking",
      "group" : "walking",
      "manual" : false,
      "startTime" : "20151029T151915-0400",
      "endTime" : "20151029T152308-0400",
      "duration" : 233.0,
      "distance" : 272.0,
      "steps" : 363
    }, {
      "activity" : "walking",
      "group" : "walking",
      "manual" : false,
      "startTime" : "20151029T170124-0400",
      "endTime" : "20151029T170354-0400",
      "duration" : 150.0,
      "distance" : 211.0,
      "steps" : 282
    }, {
      "activity" : "walking",
      "group" : "walking",
      "manual" : false,
      "startTime" : "20151029T183235-0400",
      "endTime" : "20151029T183635-0400",
      "duration" : 240.0,
      "distance" : 325.0,
      "steps" : 433
    }, {
      "activity" : "walking",
      "group" : "walking",
      "manual" : false,
      "startTime" : "20151029T190112-0400",
      "endTime" : "20151029T190612-0400",
      "duration" : 300.0,
      "distance" : 377.0,
      "steps" : 503
    }, {
      "activity" : "walking",
      "group" : "walking",
      "manual" : false,
      "startTime" : "20151029T202041-0400",
      "endTime" : "20151029T203328-0400",
      "duration" : 767.0,
      "distance" : 1027.0,
      "steps" : 1370
    }, {
      "activity" : "running",
      "group" : "running",
      "manual" : false,
      "startTime" : "20151029T203611-0400",
      "endTime" : "20151029T205512-0400",
      "duration" : 1141.0,
      "distance" : 2490.0,
      "steps" : 2767
    }, {
      "activity" : "walking",
      "group" : "walking",
      "manual" : false,
      "startTime" : "20151029T210000-0400",
      "endTime" : "20151029T211744-0400",
      "duration" : 1064.0,
      "distance" : 1243.0,
      "steps" : 1658
    } ],
    "lastUpdate" : "20151105T152209Z"
  }, {
    "type" : "move",
    "startTime" : "20151029T213425-0400",
    "endTime" : "20151029T214026-0400",
    "activities" : [ {
      "activity" : "walking",
      "group" : "walking",
      "manual" : false,
      "startTime" : "20151029T213425-0400",
      "endTime" : "20151029T214026-0400",
      "duration" : 361.0,
      "distance" : 486.0,
      "steps" : 495
    } ],
    "lastUpdate" : "20151030T111657Z"
  }, {
    "type" : "place",
    "startTime" : "20151029T214026-0400",
    "endTime" : "20151029T235301-0400",
    "activities" : [ {
      "activity" : "walking",
      "group" : "walking",
      "manual" : false,
      "startTime" : "20151029T214307-0400",
      "endTime" : "20151029T214329-0400",
      "duration" : 22.0,
      "distance" : 16.0,
      "steps" : 32
    }, {
      "activity" : "walking",
      "group" : "walking",
      "manual" : false,
      "startTime" : "20151029T224933-0400",
      "endTime" : "20151029T225003-0400",
      "duration" : 30.0,
      "distance" : 30.0,
      "steps" : 60
    } ],
    "lastUpdate" : "20151030T173523Z"
  } ],
  "lastUpdate" : "20151105T152209Z"
} ]