[ {
  "date" : "20151104",
  "summary" : [ {
    "activity" : "walking",
    "group" : "walking",
    "duration" : 3086.0,
    "distance" : 3105.0,
    "steps" : 4721
  } ],
  "segments" : [ {
    "type" : "place",
    "startTime" : "20151103T090110-0500",
    "endTime" : "20151104T010042-0500",
    "activities" : [ {
      "activity" : "walking",
      "group" : "walking",
      "manual" : false,
      "startTime" : "20151104T005610-0500",
      "endTime" : "20151104T005640-0500",
      "duration" : 30.0,
      "distance" : 20.0,
      "steps" : 40
    } ],
    "lastUpdate" : "20151104T160606Z"
  }, {
    "type" : "move",
    "startTime" : "20151104T010042-0500",
    "endTime" : "20151104T011028-0500",
    "activities" : [ {
      "activity" : "walking",
      "group" : "walking",
      "manual" : false,
      "startTime" : "20151104T010042-0500",
      "endTime" : "20151104T011028-0500",
      "duration" : 586.0,
      "distance" : 516.0,
      "steps" : 746
    } ],
    "lastUpdate" : "20151104T160538Z"
  }, {
    "type" : "place",
    "startTime" : "20151104T094854-0500",
    "endTime" : "20151104T213932-0500",
    "activities" : [ {
      "activity" : "walking",
      "group" : "walking",
      "manual" : false,
      "startTime" : "20151104T112335-0500",
      "endTime" : "20151104T112605-0500",
      "duration" : 150.0,
      "distance" : 196.0,
      "steps" : 262
    }, {
      "activity" : "walking",
      "group" : "walking",
      "manual" : false,
      "startTime" : "20151104T121815-0500",
      "endTime" : "20151104T121945-0500",
      "duration" : 90.0,
      "distance" : 75.0,
      "steps" : 151
    }, {
      "activity" : "walking",
      "group" : "walking",
      "manual" : false,
      "startTime" : "20151104T135204-0500",
      "endTime" : "20151104T135307-0500",
      "duration" : 63.0,
      "distance" : 42.0,
      "steps" : 85
    }, {
      "activity" : "walking",
      "group" : "walking",
      "manual" : false,
      "startTime" : "20151104T140614-0500",
      "endTime" : "20151104T141014-0500",
      "duration" : 240.0,
      "distance" : 294.0,
      "steps" : 392
    }, {
      "activity" : "walking",
      "group" : "walking",
      "manual" : false,
      "startTime" : "20151104T164817-0500",
      "endTime" : "20151104T164958-0500",
      "duration" : 101.0,
      "distance" : 93.0,
      "steps" : 186
    }, {
      "activity" : "walking",
      "group" : "walking",
      "manual" : false,
      "startTime" : "20151104T170000-0500",
      "endTime" : "20151104T170549-0500",
      "duration" : 349.0,
      "distance" : 373.0,
      "steps" : 498
    }, {
      "activity" : "walking",
      "group" : "walking",
      "manual" : false,
      "startTime" : "20151104T183347-0500",
      "endTime" : "20151104T183517-0500",
      "duration" : 90.0,
      "distance" : 65.0,
      "steps" : 131
    }, {
      "activity" : "walking",
      "group" : "walking",
      "manual" : false,
      "startTime" : "20151104T200841-0500",
      "endTime" : "20151104T200911-0500",
      "duration" : 30.0,
      "distance" : 15.0,
      "steps" : 20
    }, {
      "activity" : "walking",
      "group" : "walking",
      "manual" : false,
      "startTime" : "20151104T210626-0500",
      "endTime" : "20151104T210656-0500",
      "duration" : 30.0,
      "distance" : 25.0,
      "steps" : 50
    } ],
    "lastUpdate" : "20151105T152209Z"
  }, {
    "type" : "move",
    "startTime" : "20151104T213932-0500",
    "endTime" : "20151104T214836-0500",
    "activities" : [ {
      "activity" : "walking",
      "group" : "walking",
      "manual" : false,
      "startTime" : "20151104T213932-0500",
      "endTime" : "20151104T214836-0500",
      "duration" : 544.0,
      "distance" : 552.0,
      "steps" : 860
    } ],
    "lastUpdate" : "20151105T033612Z"
  }, {
    "type" : "move",
    "startTime" : "20151104T215134-0500",
    "endTime" : "20151104T215806-0500",
    "activities" : [ {
      "activity" : "walking",
      "group" : "walking",
      "manual" : false,
      "startTime" : "20151104T215134-0500",
      "endTime" : "20151104T215806-0500",
      "duration" : 392.0,
      "distance" : 389.0,
      "steps" : 687
    } ],
    "lastUpdate" : "20151105T033612Z"
  }, {
    "type" : "place",
    "startTime" : "20151104T215806-0500",
    "endTime" : "20151105T024518-0500",
    "activities" : [ {
      "activity" : "walking",
      "group" : "walking",
      "manual" : false,
      "startTime" : "20151104T215935-0500",
      "endTime" : "20151104T220336-0500",
      "duration" : 241.0,
      "distance" : 269.0,
      "steps" : 372
    }, {
      "activity" : "walking",
      "group" : "walking",
      "manual" : false,
      "startTime" : "20151104T230540-0500",
      "endTime" : "20151104T230810-0500",
      "duration" : 150.0,
      "distance" : 181.0,
      "steps" : 241
    } ],
    "lastUpdate" : "20151105T152209Z"
  } ],
  "lastUpdate" : "20151105T152209Z"
} ]