[ {
  "date" : "20151026",
  "summary" : [ {
    "activity" : "running",
    "group" : "running",
    "duration" : 1111.0,
    "distance" : 2562.0,
    "steps" : 2847
  }, {
    "activity" : "train",
    "group" : "transport",
    "duration" : 601.0,
    "distance" : 3510.0
  }, {
    "activity" : "cycling",
    "group" : "cycling",
    "duration" : 1200.0,
    "distance" : 0.0
  }, {
    "activity" : "walking",
    "group" : "walking",
    "duration" : 6219.0,
    "distance" : 7532.0,
    "steps" : 10040
  }, {
    "activity" : "bus",
    "group" : "transport",
    "duration" : 841.0,
    "distance" : 2399.0
  }, {
    "activity" : "rowing",
    "duration" : 1200.0,
    "distance" : 0.0
  } ],
  "segments" : [ {
    "type" : "place",
    "startTime" : "20151025T203842-0400",
    "endTime" : "20151026T001801-0400",
    "activities" : [ {
      "activity" : "walking",
      "group" : "walking",
      "manual" : false,
      "startTime" : "20151026T000209-0400",
      "endTime" : "20151026T000409-0400",
      "duration" : 120.0,
      "distance" : 60.0,
      "steps" : 111
    } ],
    "lastUpdate" : "20151026T145957Z"
  }, {
    "type" : "move",
    "startTime" : "20151026T082950-0400",
    "endTime" : "20151026T083614-0400",
    "activities" : [ {
      "activity" : "walking",
      "group" : "walking",
      "manual" : false,
      "startTime" : "20151026T082950-0400",
      "endTime" : "20151026T083614-0400",
      "duration" : 384.0,
      "distance" : 409.0,
      "steps" : 695
    } ],
    "lastUpdate" : "20151026T145649Z"
  }, {
    "type" : "place",
    "startTime" : "20151026T083615-0400",
    "endTime" : "20151026T093807-0400",
    "activities" : [ {
      "activity" : "walking",
      "group" : "walking",
      "manual" : false,
      "startTime" : "20151026T084537-0400",
      "endTime" : "20151026T084707-0400",
      "duration" : 90.0,
      "distance" : 85.0,
      "steps" : 171
    }, {
      "activity" : "running",
      "group" : "running",
      "manual" : false,
      "startTime" : "20151026T084837-0400",
      "endTime" : "20151026T090708-0400",
      "duration" : 1111.0,
      "distance" : 2562.0,
      "steps" : 2847
    }, {
      "activity" : "walking",
      "group" : "walking",
      "manual" : false,
      "startTime" : "20151026T090708-0400",
      "endTime" : "20151026T091424-0400",
      "duration" : 436.0,
      "distance" : 580.0,
      "steps" : 773
    }, {
      "activity" : "cycling",
      "group" : "cycling",
      "manual" : true,
      "duration" : 1200.0,
      "distance" : 0.0
    }, {
      "activity" : "rowing",
      "manual" : true,
      "duration" : 1200.0,
      "distance" : 0.0
    } ],
    "lastUpdate" : "20151027T161719Z"
  }, {
    "type" : "move",
    "startTime" : "20151026T093807-0400",
    "endTime" : "20151026T094350-0400",
    "activities" : [ {
      "activity" : "walking",
      "group" : "walking",
      "manual" : false,
      "startTime" : "20151026T093807-0400",
      "endTime" : "20151026T094351-0400",
      "duration" : 344.0,
      "distance" : 408.0,
      "steps" : 597
    } ],
    "lastUpdate" : "20151026T145650Z"
  }, {
    "type" : "place",
    "startTime" : "20151026T094350-0400",
    "endTime" : "20151026T105046-0400",
    "activities" : [ {
      "activity" : "walking",
      "group" : "walking",
      "manual" : false,
      "startTime" : "20151026T104551-0400",
      "endTime" : "20151026T104621-0400",
      "duration" : 30.0,
      "distance" : 25.0,
      "steps" : 50
    } ],
    "lastUpdate" : "20151026T151809Z"
  }, {
    "type" : "move",
    "startTime" : "20151026T105046-0400",
    "endTime" : "20151026T105700-0400",
    "activities" : [ {
      "activity" : "walking",
      "group" : "walking",
      "manual" : false,
      "startTime" : "20151026T105046-0400",
      "endTime" : "20151026T105700-0400",
      "duration" : 374.0,
      "distance" : 392.0,
      "steps" : 647
    } ],
    "lastUpdate" : "20151026T151809Z"
  }, {
    "type" : "place",
    "startTime" : "20151026T105700-0400",
    "endTime" : "20151026T191745-0400",
    "activities" : [ {
      "activity" : "walking",
      "group" : "walking",
      "manual" : false,
      "startTime" : "20151026T112052-0400",
      "endTime" : "20151026T112452-0400",
      "duration" : 240.0,
      "distance" : 241.0,
      "steps" : 322
    }, {
      "activity" : "walking",
      "group" : "walking",
      "manual" : false,
      "startTime" : "20151026T124053-0400",
      "endTime" : "20151026T124523-0400",
      "duration" : 270.0,
      "distance" : 302.0,
      "steps" : 403
    }, {
      "activity" : "walking",
      "group" : "walking",
      "manual" : false,
      "startTime" : "20151026T140526-0400",
      "endTime" : "20151026T140625-0400",
      "duration" : 59.0,
      "distance" : 41.0,
      "steps" : 83
    }, {
      "activity" : "walking",
      "group" : "walking",
      "manual" : false,
      "startTime" : "20151026T174222-0400",
      "endTime" : "20151026T174450-0400",
      "duration" : 148.0,
      "distance" : 138.0,
      "steps" : 184
    }, {
      "activity" : "walking",
      "group" : "walking",
      "manual" : false,
      "startTime" : "20151026T183712-0400",
      "endTime" : "20151026T183842-0400",
      "duration" : 90.0,
      "distance" : 70.0,
      "steps" : 141
    }, {
      "activity" : "walking",
      "group" : "walking",
      "manual" : false,
      "startTime" : "20151026T190414-0400",
      "endTime" : "20151026T192155-0400",
      "duration" : 1061.0,
      "distance" : 1352.0,
      "steps" : 1803
    } ],
    "lastUpdate" : "20151105T152209Z"
  }, {
    "type" : "move",
    "startTime" : "20151026T191745-0400",
    "endTime" : "20151026T193317-0400",
    "activities" : [ {
      "activity" : "train",
      "group" : "transport",
      "manual" : false,
      "startTime" : "20151026T191745-0400",
      "endTime" : "20151026T192746-0400",
      "duration" : 601.0,
      "distance" : 3510.0
    }, {
      "activity" : "walking",
      "group" : "walking",
      "manual" : false,
      "startTime" : "20151026T192746-0400",
      "endTime" : "20151026T193318-0400",
      "duration" : 332.0,
      "distance" : 364.0,
      "steps" : 515
    } ],
    "lastUpdate" : "20151027T162413Z"
  }, {
    "type" : "place",
    "startTime" : "20151026T193317-0400",
    "endTime" : "20151026T195606-0400",
    "activities" : [ {
      "activity" : "walking",
      "group" : "walking",
      "manual" : false,
      "startTime" : "20151026T195337-0400",
      "endTime" : "20151026T195351-0400",
      "duration" : 14.0,
      "distance" : 7.0,
      "steps" : 14
    } ],
    "lastUpdate" : "20151027T030451Z"
  }, {
    "type" : "move",
    "startTime" : "20151026T195606-0400",
    "endTime" : "20151026T201137-0400",
    "activities" : [ {
      "activity" : "walking",
      "group" : "walking",
      "manual" : false,
      "startTime" : "20151026T195606-0400",
      "endTime" : "20151026T201137-0400",
      "duration" : 931.0,
      "distance" : 1367.0,
      "steps" : 1584
    } ],
    "lastUpdate" : "20151027T030451Z"
  }, {
    "type" : "place",
    "startTime" : "20151026T201137-0400",
    "endTime" : "20151026T202958-0400",
    "activities" : [ {
      "activity" : "walking",
      "group" : "walking",
      "manual" : false,
      "startTime" : "20151026T201402-0400",
      "endTime" : "20151026T201502-0400",
      "duration" : 60.0,
      "distance" : 45.0,
      "steps" : 90
    } ],
    "lastUpdate" : "20151027T161804Z"
  }, {
    "type" : "move",
    "startTime" : "20151026T202958-0400",
    "endTime" : "20151026T210231-0400",
    "activities" : [ {
      "activity" : "walking",
      "group" : "walking",
      "manual" : false,
      "startTime" : "20151026T202958-0400",
      "endTime" : "20151026T204033-0400",
      "duration" : 635.0,
      "distance" : 1085.0,
      "steps" : 1043
    }, {
      "activity" : "bus",
      "group" : "transport",
      "manual" : false,
      "startTime" : "20151026T204033-0400",
      "endTime" : "20151026T205434-0400",
      "duration" : 841.0,
      "distance" : 2399.0
    }, {
      "activity" : "walking",
      "group" : "walking",
      "manual" : false,
      "startTime" : "20151026T205434-0400",
      "endTime" : "20151026T210232-0400",
      "duration" : 478.0,
      "distance" : 479.0,
      "steps" : 651
    } ],
    "lastUpdate" : "20151027T162359Z"
  }, {
    "type" : "place",
    "startTime" : "20151026T210232-0400",
    "endTime" : "20151027T010110-0400",
    "activities" : [ {
      "activity" : "walking",
      "group" : "walking",
      "manual" : false,
      "startTime" : "20151026T210232-0400",
      "endTime" : "20151026T210405-0400",
      "duration" : 93.0,
      "distance" : 67.0,
      "steps" : 133
    }, {
      "activity" : "walking",
      "group" : "walking",
      "manual" : false,
      "startTime" : "20151026T231846-0400",
      "endTime" : "20151026T231916-0400",
      "duration" : 30.0,
      "distance" : 15.0,
      "steps" : 30
    } ],
    "lastUpdate" : "20151105T152209Z"
  } ],
  "lastUpdate" : "20151105T152209Z"
} ]