[ {
  "date" : "20151101",
  "summary" : [ {
    "activity" : "walking",
    "group" : "walking",
    "duration" : 6205.0,
    "distance" : 7765.0,
    "steps" : 10352
  } ],
  "segments" : [ {
    "type" : "place",
    "startTime" : "20151031T170617-0400",
    "endTime" : "20151101T010655-0400",
    "activities" : [ {
      "activity" : "walking",
      "group" : "walking",
      "manual" : false,
      "startTime" : "20151101T010255-0400",
      "endTime" : "20151101T010525-0400",
      "duration" : 150.0,
      "distance" : 159.0,
      "steps" : 212
    } ],
    "lastUpdate" : "20151105T152209Z"
  }, {
    "type" : "move",
    "startTime" : "20151101T010655-0400",
    "endTime" : "20151101T011004-0400",
    "activities" : [ {
      "activity" : "walking",
      "group" : "walking",
      "manual" : false,
      "startTime" : "20151101T010655-0400",
      "endTime" : "20151101T011004-0400",
      "duration" : 189.0,
      "distance" : 344.0,
      "steps" : 369
    } ],
    "lastUpdate" : "20151101T154541Z"
  }, {
    "type" : "move",
    "startTime" : "20151101T092336-0500",
    "endTime" : "20151101T094108-0500",
    "activities" : [ {
      "activity" : "walking",
      "group" : "walking",
      "manual" : false,
      "startTime" : "20151101T092336-0500",
      "endTime" : "20151101T094109-0500",
      "duration" : 1053.0,
      "distance" : 1512.0,
      "steps" : 1827
    } ],
    "lastUpdate" : "20151101T191336Z"
  }, {
    "type" : "place",
    "startTime" : "20151101T094109-0500",
    "endTime" : "20151101T102531-0500",
    "activities" : [ {
      "activity" : "walking",
      "group" : "walking",
      "manual" : false,
      "startTime" : "20151101T101654-0500",
      "endTime" : "20151101T101724-0500",
      "duration" : 30.0,
      "distance" : 25.0,
      "steps" : 50
    } ],
    "lastUpdate" : "20151102T000032Z"
  }, {
    "type" : "move",
    "startTime" : "20151101T102531-0500",
    "endTime" : "20151101T104742-0500",
    "activities" : [ {
      "activity" : "walking",
      "group" : "walking",
      "manual" : false,
      "startTime" : "20151101T102531-0500",
      "endTime" : "20151101T104742-0500",
      "duration" : 1331.0,
      "distance" : 1796.0,
      "steps" : 2240
    } ],
    "lastUpdate" : "20151101T191336Z"
  }, {
    "type" : "place",
    "startTime" : "20151101T104742-0500",
    "endTime" : "20151101T120029-0500",
    "activities" : [ {
      "activity" : "walking",
      "group" : "walking",
      "manual" : false,
      "startTime" : "20151101T104856-0500",
      "endTime" : "20151101T104926-0500",
      "duration" : 30.0,
      "distance" : 30.0,
      "steps" : 60
    }, {
      "activity" : "walking",
      "group" : "walking",
      "manual" : false,
      "startTime" : "20151101T110032-0500",
      "endTime" : "20151101T110202-0500",
      "duration" : 90.0,
      "distance" : 81.0,
      "steps" : 161
    } ],
    "lastUpdate" : "20151102T000158Z"
  }, {
    "type" : "move",
    "startTime" : "20151101T120029-0500",
    "endTime" : "20151101T122515-0500",
    "activities" : [ {
      "activity" : "walking",
      "group" : "walking",
      "manual" : false,
      "startTime" : "20151101T120029-0500",
      "endTime" : "20151101T122515-0500",
      "duration" : 1486.0,
      "distance" : 2118.0,
      "steps" : 2642
    } ],
    "lastUpdate" : "20151101T191336Z"
  }, {
    "type" : "place",
    "startTime" : "20151101T122515-0500",
    "endTime" : "20151101T122841-0500",
    "activities" : [ {
      "activity" : "walking",
      "group" : "walking",
      "manual" : false,
      "startTime" : "20151101T122643-0500",
      "endTime" : "20151101T122713-0500",
      "duration" : 30.0,
      "distance" : 25.0,
      "steps" : 50
    } ],
    "lastUpdate" : "20151101T191336Z"
  }, {
    "type" : "move",
    "startTime" : "20151101T122841-0500",
    "endTime" : "20151101T124016-0500",
    "activities" : [ {
      "activity" : "walking",
      "group" : "walking",
      "manual" : false,
      "startTime" : "20151101T122841-0500",
      "endTime" : "20151101T124015-0500",
      "duration" : 694.0,
      "distance" : 521.0,
      "steps" : 1042
    } ],
    "lastUpdate" : "20151101T191336Z"
  }, {
    "type" : "move",
    "startTime" : "20151101T202125-0500",
    "endTime" : "20151101T203037-0500",
    "activities" : [ {
      "activity" : "walking",
      "group" : "walking",
      "manual" : false,
      "startTime" : "20151101T202125-0500",
      "endTime" : "20151101T203037-0500",
      "duration" : 552.0,
      "distance" : 550.0,
      "steps" : 884
    } ],
    "lastUpdate" : "20151102T152737Z"
  }, {
    "type" : "place",
    "startTime" : "20151101T203037-0500",
    "endTime" : "20151102T000106-0500",
    "activities" : [ {
      "activity" : "walking",
      "group" : "walking",
      "manual" : false,
      "startTime" : "20151101T203106-0500",
      "endTime" : "20151101T203606-0500",
      "duration" : 300.0,
      "distance" : 370.0,
      "steps" : 493
    }, {
      "activity" : "walking",
      "group" : "walking",
      "manual" : false,
      "startTime" : "20151101T210207-0500",
      "endTime" : "20151101T210607-0500",
      "duration" : 240.0,
      "distance" : 219.0,
      "steps" : 292
    }, {
      "activity" : "walking",
      "group" : "walking",
      "manual" : false,
      "startTime" : "20151101T221233-0500",
      "endTime" : "20151101T221303-0500",
      "duration" : 30.0,
      "distance" : 15.0,
      "steps" : 30
    } ],
    "lastUpdate" : "20151102T160306Z"
  } ],
  "lastUpdate" : "20151105T152209Z"
} ]