[ {
  "date" : "20151102",
  "summary" : [ {
    "activity" : "walking",
    "group" : "walking",
    "duration" : 4643.0,
    "distance" : 4926.0,
    "steps" : 7344
  }, {
    "activity" : "running",
    "group" : "running",
    "duration" : 841.0,
    "distance" : 1893.0,
    "steps" : 2103
  } ],
  "segments" : [ {
    "type" : "place",
    "startTime" : "20151102T081359-0500",
    "endTime" : "20151102T085906-0500",
    "activities" : [ {
      "activity" : "walking",
      "group" : "walking",
      "manual" : false,
      "startTime" : "20151102T081359-0500",
      "endTime" : "20151102T082309-0500",
      "duration" : 550.0,
      "distance" : 883.0,
      "steps" : 1177
    }, {
      "activity" : "running",
      "group" : "running",
      "manual" : false,
      "startTime" : "20151102T081739-0500",
      "endTime" : "20151102T083140-0500",
      "duration" : 841.0,
      "distance" : 1893.0,
      "steps" : 2103
    } ],
    "lastUpdate" : "20151103T143803Z"
  }, {
    "type" : "move",
    "startTime" : "20151102T085906-0500",
    "endTime" : "20151102T090442-0500",
    "activities" : [ {
      "activity" : "walking",
      "group" : "walking",
      "manual" : false,
      "startTime" : "20151102T085906-0500",
      "endTime" : "20151102T090443-0500",
      "duration" : 337.0,
      "distance" : 484.0,
      "steps" : 738
    } ],
    "lastUpdate" : "20151102T160306Z"
  }, {
    "type" : "place",
    "startTime" : "20151102T090442-0500",
    "endTime" : "20151102T101445-0500",
    "activities" : [ {
      "activity" : "walking",
      "group" : "walking",
      "manual" : false,
      "startTime" : "20151102T100949-0500",
      "endTime" : "20151102T101019-0500",
      "duration" : 30.0,
      "distance" : 35.0,
      "steps" : 70
    } ],
    "lastUpdate" : "20151102T160306Z"
  }, {
    "type" : "move",
    "startTime" : "20151102T101445-0500",
    "endTime" : "20151102T102356-0500",
    "activities" : [ {
      "activity" : "walking",
      "group" : "walking",
      "manual" : false,
      "startTime" : "20151102T101445-0500",
      "endTime" : "20151102T102356-0500",
      "duration" : 551.0,
      "distance" : 513.0,
      "steps" : 1026
    } ],
    "lastUpdate" : "20151102T160306Z"
  }, {
    "type" : "place",
    "startTime" : "20151102T102356-0500",
    "endTime" : "20151102T234144-0500",
    "activities" : [ {
      "activity" : "walking",
      "group" : "walking",
      "manual" : false,
      "startTime" : "20151102T102550-0500",
      "endTime" : "20151102T102620-0500",
      "duration" : 30.0,
      "distance" : 25.0,
      "steps" : 50
    }, {
      "activity" : "walking",
      "group" : "walking",
      "manual" : false,
      "startTime" : "20151102T110033-0500",
      "endTime" : "20151102T110103-0500",
      "duration" : 30.0,
      "distance" : 30.0,
      "steps" : 60
    }, {
      "activity" : "walking",
      "group" : "walking",
      "manual" : false,
      "startTime" : "20151102T120313-0500",
      "endTime" : "20151102T120713-0500",
      "duration" : 240.0,
      "distance" : 317.0,
      "steps" : 423
    }, {
      "activity" : "walking",
      "group" : "walking",
      "manual" : false,
      "startTime" : "20151102T131309-0500",
      "endTime" : "20151102T131439-0500",
      "duration" : 90.0,
      "distance" : 75.0,
      "steps" : 151
    }, {
      "activity" : "walking",
      "group" : "walking",
      "manual" : false,
      "startTime" : "20151102T140453-0500",
      "endTime" : "20151102T141224-0500",
      "duration" : 451.0,
      "distance" : 514.0,
      "steps" : 685
    }, {
      "activity" : "walking",
      "group" : "walking",
      "manual" : false,
      "startTime" : "20151102T154435-0500",
      "endTime" : "20151102T155205-0500",
      "duration" : 450.0,
      "distance" : 377.0,
      "steps" : 503
    }, {
      "activity" : "walking",
      "group" : "walking",
      "manual" : false,
      "startTime" : "20151102T162907-0500",
      "endTime" : "20151102T163109-0500",
      "duration" : 122.0,
      "distance" : 122.0,
      "steps" : 163
    }, {
      "activity" : "walking",
      "group" : "walking",
      "manual" : false,
      "startTime" : "20151102T173849-0500",
      "endTime" : "20151102T174249-0500",
      "duration" : 240.0,
      "distance" : 332.0,
      "steps" : 442
    }, {
      "activity" : "walking",
      "group" : "walking",
      "manual" : false,
      "startTime" : "20151102T180050-0500",
      "endTime" : "20151102T180538-0500",
      "duration" : 288.0,
      "distance" : 273.0,
      "steps" : 364
    }, {
      "activity" : "walking",
      "group" : "walking",
      "manual" : false,
      "startTime" : "20151102T201846-0500",
      "endTime" : "20151102T202748-0500",
      "duration" : 542.0,
      "distance" : 506.0,
      "steps" : 675
    }, {
      "activity" : "walking",
      "group" : "walking",
      "manual" : false,
      "startTime" : "20151102T231838-0500",
      "endTime" : "20151102T231908-0500",
      "duration" : 30.0,
      "distance" : 20.0,
      "steps" : 40
    } ],
    "lastUpdate" : "20151105T152209Z"
  }, {
    "type" : "move",
    "startTime" : "20151102T234144-0500",
    "endTime" : "20151102T235247-0500",
    "activities" : [ {
      "activity" : "walking",
      "group" : "walking",
      "manual" : false,
      "startTime" : "20151102T234144-0500",
      "endTime" : "20151102T235246-0500",
      "duration" : 662.0,
      "distance" : 420.0,
      "steps" : 777
    } ],
    "lastUpdate" : "20151103T140053Z"
  } ],
  "lastUpdate" : "20151105T152209Z"
} ]