[ {
  "date" : "20151024",
  "summary" : [ {
    "activity" : "walking",
    "group" : "walking",
    "duration" : 2796.0,
    "distance" : 3173.0,
    "steps" : 4596
  }, {
    "activity" : "transport",
    "group" : "transport",
    "duration" : 477.0,
    "distance" : 3943.0
  } ],
  "segments" : [ {
    "type" : "move",
    "startTime" : "20151024T004058-0400",
    "endTime" : "20151024T004622-0400",
    "activities" : [ {
      "activity" : "walking",
      "group" : "walking",
      "manual" : false,
      "startTime" : "20151024T004058-0400",
      "endTime" : "20151024T004622-0400",
      "duration" : 324.0,
      "distance" : 255.0,
      "steps" : 510
    } ],
    "lastUpdate" : "20151024T165931Z"
  }, {
    "type" : "place",
    "startTime" : "20151024T112633-0400",
    "endTime" : "20151024T230012-0400",
    "activities" : [ {
      "activity" : "walking",
      "group" : "walking",
      "manual" : false,
      "startTime" : "20151024T145301-0400",
      "endTime" : "20151024T145331-0400",
      "duration" : 30.0,
      "distance" : 15.0,
      "steps" : 20
    }, {
      "activity" : "walking",
      "group" : "walking",
      "manual" : false,
      "startTime" : "20151024T151911-0400",
      "endTime" : "20151024T152041-0400",
      "duration" : 90.0,
      "distance" : 60.0,
      "steps" : 121
    }, {
      "activity" : "walking",
      "group" : "walking",
      "manual" : false,
      "startTime" : "20151024T161536-0400",
      "endTime" : "20151024T161636-0400",
      "duration" : 60.0,
      "distance" : 60.0,
      "steps" : 121
    }, {
      "activity" : "walking",
      "group" : "walking",
      "manual" : false,
      "startTime" : "20151024T171809-0400",
      "endTime" : "20151024T171939-0400",
      "duration" : 90.0,
      "distance" : 60.0,
      "steps" : 121
    }, {
      "activity" : "walking",
      "group" : "walking",
      "manual" : false,
      "startTime" : "20151024T184032-0400",
      "endTime" : "20151024T184102-0400",
      "duration" : 30.0,
      "distance" : 35.0,
      "steps" : 70
    }, {
      "activity" : "walking",
      "group" : "walking",
      "manual" : false,
      "startTime" : "20151024T192511-0400",
      "endTime" : "20151024T192855-0400",
      "duration" : 224.0,
      "distance" : 238.0,
      "steps" : 317
    }, {
      "activity" : "walking",
      "group" : "walking",
      "manual" : false,
      "startTime" : "20151024T213705-0400",
      "endTime" : "20151024T213935-0400",
      "duration" : 150.0,
      "distance" : 204.0,
      "steps" : 271
    }, {
      "activity" : "walking",
      "group" : "walking",
      "manual" : false,
      "startTime" : "20151024T223756-0400",
      "endTime" : "20151024T224156-0400",
      "duration" : 240.0,
      "distance" : 302.0,
      "steps" : 402
    } ],
    "lastUpdate" : "20151105T152209Z"
  }, {
    "type" : "move",
    "startTime" : "20151024T230012-0400",
    "endTime" : "20151024T232315-0400",
    "activities" : [ {
      "activity" : "transport",
      "group" : "transport",
      "manual" : false,
      "startTime" : "20151024T230012-0400",
      "endTime" : "20151024T230809-0400",
      "duration" : 477.0,
      "distance" : 3943.0
    }, {
      "activity" : "walking",
      "group" : "walking",
      "manual" : false,
      "startTime" : "20151024T230809-0400",
      "endTime" : "20151024T232315-0400",
      "duration" : 906.0,
      "distance" : 1097.0,
      "steps" : 1539
    } ],
    "lastUpdate" : "20151025T142836Z"
  }, {
    "type" : "move",
    "startTime" : "20151024T234345-0400",
    "endTime" : "20151024T235325-0400",
    "activities" : [ {
      "activity" : "walking",
      "group" : "walking",
      "manual" : false,
      "startTime" : "20151024T234345-0400",
      "endTime" : "20151024T235325-0400",
      "duration" : 580.0,
      "distance" : 781.0,
      "steps" : 972
    } ],
    "lastUpdate" : "20151025T142836Z"
  }, {
    "type" : "place",
    "startTime" : "20151024T235325-0400",
    "endTime" : "20151025T001824-0400",
    "activities" : [ {
      "activity" : "walking",
      "group" : "walking",
      "manual" : false,
      "startTime" : "20151024T235848-0400",
      "endTime" : "20151025T000000-0400",
      "duration" : 72.0,
      "distance" : 66.0,
      "steps" : 132
    } ],
    "lastUpdate" : "20151025T150323Z"
  } ],
  "lastUpdate" : "20151105T152209Z"
} ]