[ {
  "date" : "20151031",
  "summary" : [ {
    "activity" : "walking",
    "group" : "walking",
    "duration" : 3690.0,
    "distance" : 4367.0,
    "steps" : 6025
  }, {
    "activity" : "transport",
    "group" : "transport",
    "duration" : 1533.0,
    "distance" : 11148.0
  } ],
  "segments" : [ {
    "type" : "place",
    "startTime" : "20151031T121151-0400",
    "endTime" : "20151031T121830-0400",
    "activities" : [ {
      "activity" : "walking",
      "group" : "walking",
      "manual" : false,
      "startTime" : "20151031T121151-0400",
      "endTime" : "20151031T121532-0400",
      "duration" : 221.0,
      "distance" : 326.0,
      "steps" : 435
    } ],
    "lastUpdate" : "20151031T211046Z"
  }, {
    "type" : "move",
    "startTime" : "20151031T121830-0400",
    "endTime" : "20151031T124408-0400",
    "activities" : [ {
      "activity" : "walking",
      "group" : "walking",
      "manual" : false,
      "startTime" : "20151031T121830-0400",
      "endTime" : "20151031T122407-0400",
      "duration" : 337.0,
      "distance" : 486.0,
      "steps" : 636
    }, {
      "activity" : "transport",
      "group" : "transport",
      "manual" : false,
      "startTime" : "20151031T122407-0400",
      "endTime" : "20151031T123738-0400",
      "duration" : 811.0,
      "distance" : 5547.0
    }, {
      "activity" : "walking",
      "group" : "walking",
      "manual" : false,
      "startTime" : "20151031T123738-0400",
      "endTime" : "20151031T124408-0400",
      "duration" : 390.0,
      "distance" : 398.0,
      "steps" : 603
    } ],
    "lastUpdate" : "20151031T211046Z"
  }, {
    "type" : "place",
    "startTime" : "20151031T124408-0400",
    "endTime" : "20151031T163839-0400",
    "activities" : [ {
      "activity" : "walking",
      "group" : "walking",
      "manual" : false,
      "startTime" : "20151031T124408-0400",
      "endTime" : "20151031T125230-0400",
      "duration" : 502.0,
      "distance" : 538.0,
      "steps" : 718
    }, {
      "activity" : "walking",
      "group" : "walking",
      "manual" : false,
      "startTime" : "20151031T130000-0400",
      "endTime" : "20151031T130409-0400",
      "duration" : 249.0,
      "distance" : 262.0,
      "steps" : 349
    }, {
      "activity" : "walking",
      "group" : "walking",
      "manual" : false,
      "startTime" : "20151031T140436-0400",
      "endTime" : "20151031T141106-0400",
      "duration" : 390.0,
      "distance" : 543.0,
      "steps" : 724
    }, {
      "activity" : "walking",
      "group" : "walking",
      "manual" : false,
      "startTime" : "20151031T162744-0400",
      "endTime" : "20151031T162944-0400",
      "duration" : 120.0,
      "distance" : 116.0,
      "steps" : 231
    } ],
    "lastUpdate" : "20151101T015303Z"
  }, {
    "type" : "move",
    "startTime" : "20151031T163839-0400",
    "endTime" : "20151031T164247-0400",
    "activities" : [ {
      "activity" : "walking",
      "group" : "walking",
      "manual" : false,
      "startTime" : "20151031T163839-0400",
      "endTime" : "20151031T164247-0400",
      "duration" : 248.0,
      "distance" : 361.0,
      "steps" : 416
    } ],
    "lastUpdate" : "20151101T012003Z"
  }, {
    "type" : "place",
    "startTime" : "20151031T164247-0400",
    "endTime" : "20151031T164713-0400",
    "activities" : [ {
      "activity" : "walking",
      "group" : "walking",
      "manual" : false,
      "startTime" : "20151031T164445-0400",
      "endTime" : "20151031T164515-0400",
      "duration" : 30.0,
      "distance" : 30.0,
      "steps" : 60
    } ],
    "lastUpdate" : "20151101T012003Z"
  }, {
    "type" : "move",
    "startTime" : "20151031T164713-0400",
    "endTime" : "20151031T170617-0400",
    "activities" : [ {
      "activity" : "transport",
      "group" : "transport",
      "manual" : false,
      "startTime" : "20151031T164713-0400",
      "endTime" : "20151031T165915-0400",
      "duration" : 722.0,
      "distance" : 5601.0
    }, {
      "activity" : "walking",
      "group" : "walking",
      "manual" : false,
      "startTime" : "20151031T165915-0400",
      "endTime" : "20151031T170618-0400",
      "duration" : 423.0,
      "distance" : 520.0,
      "steps" : 737
    } ],
    "lastUpdate" : "20151101T012003Z"
  }, {
    "type" : "place",
    "startTime" : "20151031T170617-0400",
    "endTime" : "20151101T010655-0400",
    "activities" : [ {
      "activity" : "walking",
      "group" : "walking",
      "manual" : false,
      "startTime" : "20151031T171315-0400",
      "endTime" : "20151031T171545-0400",
      "duration" : 150.0,
      "distance" : 166.0,
      "steps" : 221
    }, {
      "activity" : "walking",
      "group" : "walking",
      "manual" : false,
      "startTime" : "20151031T182453-0400",
      "endTime" : "20151031T182623-0400",
      "duration" : 90.0,
      "distance" : 85.0,
      "steps" : 171
    }, {
      "activity" : "walking",
      "group" : "walking",
      "manual" : false,
      "startTime" : "20151031T192629-0400",
      "endTime" : "20151031T193459-0400",
      "duration" : 510.0,
      "distance" : 521.0,
      "steps" : 694
    }, {
      "activity" : "walking",
      "group" : "walking",
      "manual" : false,
      "startTime" : "20151031T213053-0400",
      "endTime" : "20151031T213123-0400",
      "duration" : 30.0,
      "distance" : 15.0,
      "steps" : 30
    } ],
    "lastUpdate" : "20151105T152209Z"
  } ],
  "lastUpdate" : "20151105T152209Z"
} ]