[ {
  "date" : "20151028",
  "summary" : [ {
    "activity" : "walking",
    "group" : "walking",
    "duration" : 3182.0,
    "distance" : 3680.0,
    "steps" : 5286
  }, {
    "activity" : "transport",
    "group" : "transport",
    "duration" : 545.0,
    "distance" : 3446.0
  } ],
  "segments" : [ {
    "type" : "place",
    "startTime" : "20151027T225311-0400",
    "endTime" : "20151028T014510-0400",
    "activities" : [ {
      "activity" : "walking",
      "group" : "walking",
      "manual" : false,
      "startTime" : "20151028T000224-0400",
      "endTime" : "20151028T000527-0400",
      "duration" : 183.0,
      "distance" : 163.0,
      "steps" : 217
    }, {
      "activity" : "walking",
      "group" : "walking",
      "manual" : false,
      "startTime" : "20151028T010238-0400",
      "endTime" : "20151028T010246-0400",
      "duration" : 8.0,
      "distance" : 5.0,
      "steps" : 10
    } ],
    "lastUpdate" : "20151028T203200Z"
  }, {
    "type" : "move",
    "startTime" : "20151028T014510-0400",
    "endTime" : "20151028T015547-0400",
    "activities" : [ {
      "activity" : "walking",
      "group" : "walking",
      "manual" : false,
      "startTime" : "20151028T014510-0400",
      "endTime" : "20151028T015547-0400",
      "duration" : 637.0,
      "distance" : 794.0,
      "steps" : 1261
    } ],
    "lastUpdate" : "20151028T144529Z"
  }, {
    "type" : "place",
    "startTime" : "20151028T015547-0400",
    "endTime" : "20151028T021744-0400",
    "activities" : [ {
      "activity" : "walking",
      "group" : "walking",
      "manual" : false,
      "startTime" : "20151028T015842-0400",
      "endTime" : "20151028T015912-0400",
      "duration" : 30.0,
      "distance" : 25.0,
      "steps" : 50
    }, {
      "activity" : "walking",
      "group" : "walking",
      "manual" : false,
      "startTime" : "20151028T020012-0400",
      "endTime" : "20151028T020042-0400",
      "duration" : 30.0,
      "distance" : 25.0,
      "steps" : 50
    } ],
    "lastUpdate" : "20151028T203237Z"
  }, {
    "type" : "move",
    "startTime" : "20151028T021744-0400",
    "endTime" : "20151028T023154-0400",
    "activities" : [ {
      "activity" : "transport",
      "group" : "transport",
      "manual" : false,
      "startTime" : "20151028T021744-0400",
      "endTime" : "20151028T022649-0400",
      "duration" : 545.0,
      "distance" : 3446.0
    }, {
      "activity" : "walking",
      "group" : "walking",
      "manual" : false,
      "startTime" : "20151028T022649-0400",
      "endTime" : "20151028T023154-0400",
      "duration" : 305.0,
      "distance" : 388.0,
      "steps" : 500
    } ],
    "lastUpdate" : "20151028T191545Z"
  }, {
    "type" : "place",
    "startTime" : "20151028T104016-0400",
    "endTime" : "20151029T002400-0400",
    "activities" : [ {
      "activity" : "walking",
      "group" : "walking",
      "manual" : false,
      "startTime" : "20151028T104016-0400",
      "endTime" : "20151028T104453-0400",
      "duration" : 277.0,
      "distance" : 380.0,
      "steps" : 506
    }, {
      "activity" : "walking",
      "group" : "walking",
      "manual" : false,
      "startTime" : "20151028T110000-0400",
      "endTime" : "20151028T110033-0400",
      "duration" : 33.0,
      "distance" : 33.0,
      "steps" : 65
    }, {
      "activity" : "walking",
      "group" : "walking",
      "manual" : false,
      "startTime" : "20151028T123502-0400",
      "endTime" : "20151028T123735-0400",
      "duration" : 153.0,
      "distance" : 216.0,
      "steps" : 288
    }, {
      "activity" : "walking",
      "group" : "walking",
      "manual" : false,
      "startTime" : "20151028T130540-0400",
      "endTime" : "20151028T131040-0400",
      "duration" : 300.0,
      "distance" : 294.0,
      "steps" : 392
    }, {
      "activity" : "walking",
      "group" : "walking",
      "manual" : false,
      "startTime" : "20151028T140212-0400",
      "endTime" : "20151028T140412-0400",
      "duration" : 120.0,
      "distance" : 143.0,
      "steps" : 191
    }, {
      "activity" : "walking",
      "group" : "walking",
      "manual" : false,
      "startTime" : "20151028T155946-0400",
      "endTime" : "20151028T160247-0400",
      "duration" : 181.0,
      "distance" : 134.0,
      "steps" : 181
    }, {
      "activity" : "walking",
      "group" : "walking",
      "manual" : false,
      "startTime" : "20151028T172835-0400",
      "endTime" : "20151028T172938-0400",
      "duration" : 63.0,
      "distance" : 54.0,
      "steps" : 109
    }, {
      "activity" : "walking",
      "group" : "walking",
      "manual" : false,
      "startTime" : "20151028T184009-0400",
      "endTime" : "20151028T184139-0400",
      "duration" : 90.0,
      "distance" : 70.0,
      "steps" : 141
    }, {
      "activity" : "walking",
      "group" : "walking",
      "manual" : false,
      "startTime" : "20151028T192542-0400",
      "endTime" : "20151028T193401-0400",
      "duration" : 499.0,
      "distance" : 642.0,
      "steps" : 856
    }, {
      "activity" : "walking",
      "group" : "walking",
      "manual" : false,
      "startTime" : "20151028T200526-0400",
      "endTime" : "20151028T200656-0400",
      "duration" : 90.0,
      "distance" : 75.0,
      "steps" : 151
    }, {
      "activity" : "walking",
      "group" : "walking",
      "manual" : false,
      "startTime" : "20151028T211021-0400",
      "endTime" : "20151028T211324-0400",
      "duration" : 183.0,
      "distance" : 239.0,
      "steps" : 318
    } ],
    "lastUpdate" : "20151105T152209Z"
  } ],
  "lastUpdate" : "20151105T152209Z"
} ]