[ {
  "date" : "20151023",
  "summary" : [ {
    "activity" : "walking",
    "group" : "walking",
    "duration" : 6334.0,
    "distance" : 5716.0,
    "steps" : 8999
  }, {
    "activity" : "train",
    "group" : "transport",
    "duration" : 210.0,
    "distance" : 1199.0
  } ],
  "segments" : [ {
    "type" : "place",
    "startTime" : "20151023T104535-0400",
    "endTime" : "20151023T135155-0400",
    "activities" : [ {
      "activity" : "walking",
      "group" : "walking",
      "manual" : false,
      "startTime" : "20151023T104603-0400",
      "endTime" : "20151023T104648-0400",
      "duration" : 45.0,
      "distance" : 28.0,
      "steps" : 56
    }, {
      "activity" : "walking",
      "group" : "walking",
      "manual" : false,
      "startTime" : "20151023T113108-0400",
      "endTime" : "20151023T113241-0400",
      "duration" : 93.0,
      "distance" : 65.0,
      "steps" : 129
    } ],
    "lastUpdate" : "20151105T152209Z"
  }, {
    "type" : "move",
    "startTime" : "20151023T135155-0400",
    "endTime" : "20151023T140054-0400",
    "activities" : [ {
      "activity" : "walking",
      "group" : "walking",
      "manual" : false,
      "startTime" : "20151023T135155-0400",
      "endTime" : "20151023T140054-0400",
      "duration" : 539.0,
      "distance" : 557.0,
      "steps" : 746
    } ],
    "lastUpdate" : "20151023T183315Z"
  }, {
    "type" : "place",
    "startTime" : "20151023T140054-0400",
    "endTime" : "20151023T142619-0400",
    "activities" : [ {
      "activity" : "walking",
      "group" : "walking",
      "manual" : false,
      "startTime" : "20151023T141720-0400",
      "endTime" : "20151023T141820-0400",
      "duration" : 60.0,
      "distance" : 45.0,
      "steps" : 90
    } ],
    "lastUpdate" : "20151029T193554Z"
  }, {
    "type" : "move",
    "startTime" : "20151023T142619-0400",
    "endTime" : "20151023T143402-0400",
    "activities" : [ {
      "activity" : "walking",
      "group" : "walking",
      "manual" : false,
      "startTime" : "20151023T142619-0400",
      "endTime" : "20151023T143402-0400",
      "duration" : 463.0,
      "distance" : 426.0,
      "steps" : 689
    } ],
    "lastUpdate" : "20151023T201939Z"
  }, {
    "type" : "place",
    "startTime" : "20151023T143402-0400",
    "endTime" : "20151023T182658-0400",
    "activities" : [ {
      "activity" : "walking",
      "group" : "walking",
      "manual" : false,
      "startTime" : "20151023T155723-0400",
      "endTime" : "20151023T155753-0400",
      "duration" : 30.0,
      "distance" : 35.0,
      "steps" : 70
    }, {
      "activity" : "walking",
      "group" : "walking",
      "manual" : false,
      "startTime" : "20151023T171420-0400",
      "endTime" : "20151023T171850-0400",
      "duration" : 270.0,
      "distance" : 249.0,
      "steps" : 332
    }, {
      "activity" : "walking",
      "group" : "walking",
      "manual" : false,
      "startTime" : "20151023T180036-0400",
      "endTime" : "20151023T180205-0400",
      "duration" : 89.0,
      "distance" : 60.0,
      "steps" : 120
    } ],
    "lastUpdate" : "20151105T152209Z"
  }, {
    "type" : "move",
    "startTime" : "20151023T182658-0400",
    "endTime" : "20151023T184802-0400",
    "activities" : [ {
      "activity" : "walking",
      "group" : "walking",
      "manual" : false,
      "startTime" : "20151023T182658-0400",
      "endTime" : "20151023T183430-0400",
      "duration" : 452.0,
      "distance" : 308.0,
      "steps" : 616
    }, {
      "activity" : "train",
      "group" : "transport",
      "manual" : false,
      "startTime" : "20151023T183430-0400",
      "endTime" : "20151023T183800-0400",
      "duration" : 210.0,
      "distance" : 1199.0
    }, {
      "activity" : "walking",
      "group" : "walking",
      "manual" : false,
      "startTime" : "20151023T183800-0400",
      "endTime" : "20151023T184802-0400",
      "duration" : 602.0,
      "distance" : 546.0,
      "steps" : 858
    } ],
    "lastUpdate" : "20151024T223208Z"
  }, {
    "type" : "place",
    "startTime" : "20151023T184802-0400",
    "endTime" : "20151023T193159-0400",
    "activities" : [ {
      "activity" : "walking",
      "group" : "walking",
      "manual" : false,
      "startTime" : "20151023T185101-0400",
      "endTime" : "20151023T185201-0400",
      "duration" : 60.0,
      "distance" : 35.0,
      "steps" : 70
    }, {
      "activity" : "walking",
      "group" : "walking",
      "manual" : false,
      "startTime" : "20151023T191602-0400",
      "endTime" : "20151023T191732-0400",
      "duration" : 90.0,
      "distance" : 60.0,
      "steps" : 121
    } ],
    "lastUpdate" : "20151024T152718Z"
  }, {
    "type" : "move",
    "startTime" : "20151023T193159-0400",
    "endTime" : "20151023T193754-0400",
    "activities" : [ {
      "activity" : "walking",
      "group" : "walking",
      "manual" : false,
      "startTime" : "20151023T193159-0400",
      "endTime" : "20151023T193754-0400",
      "duration" : 355.0,
      "distance" : 377.0,
      "steps" : 347
    } ],
    "lastUpdate" : "20151024T152623Z"
  }, {
    "type" : "place",
    "startTime" : "20151023T193754-0400",
    "endTime" : "20151023T201845-0400",
    "activities" : [ {
      "activity" : "walking",
      "group" : "walking",
      "manual" : false,
      "startTime" : "20151023T193754-0400",
      "endTime" : "20151023T193901-0400",
      "duration" : 67.0,
      "distance" : 61.0,
      "steps" : 122
    }, {
      "activity" : "walking",
      "group" : "walking",
      "manual" : false,
      "startTime" : "20151023T200310-0400",
      "endTime" : "20151023T200705-0400",
      "duration" : 235.0,
      "distance" : 210.0,
      "steps" : 280
    } ],
    "lastUpdate" : "20151024T152739Z"
  }, {
    "type" : "move",
    "startTime" : "20151023T201845-0400",
    "endTime" : "20151023T202452-0400",
    "activities" : [ {
      "activity" : "walking",
      "group" : "walking",
      "manual" : false,
      "startTime" : "20151023T201845-0400",
      "endTime" : "20151023T202452-0400",
      "duration" : 367.0,
      "distance" : 338.0,
      "steps" : 475
    } ],
    "lastUpdate" : "20151024T152627Z"
  }, {
    "type" : "place",
    "startTime" : "20151023T202452-0400",
    "endTime" : "20151023T215654-0400",
    "activities" : [ {
      "activity" : "walking",
      "group" : "walking",
      "manual" : false,
      "startTime" : "20151023T203820-0400",
      "endTime" : "20151023T203950-0400",
      "duration" : 90.0,
      "distance" : 50.0,
      "steps" : 100
    }, {
      "activity" : "walking",
      "group" : "walking",
      "manual" : false,
      "startTime" : "20151023T210121-0400",
      "endTime" : "20151023T211328-0400",
      "duration" : 727.0,
      "distance" : 781.0,
      "steps" : 1042
    } ],
    "lastUpdate" : "20151024T152938Z"
  }, {
    "type" : "move",
    "startTime" : "20151023T215654-0400",
    "endTime" : "20151023T220710-0400",
    "activities" : [ {
      "activity" : "walking",
      "group" : "walking",
      "manual" : false,
      "startTime" : "20151023T215654-0400",
      "endTime" : "20151023T220710-0400",
      "duration" : 616.0,
      "distance" : 563.0,
      "steps" : 890
    } ],
    "lastUpdate" : "20151024T152631Z"
  }, {
    "type" : "place",
    "startTime" : "20151023T220710-0400",
    "endTime" : "20151023T223900-0400",
    "activities" : [ {
      "activity" : "walking",
      "group" : "walking",
      "manual" : false,
      "startTime" : "20151023T221125-0400",
      "endTime" : "20151023T221255-0400",
      "duration" : 90.0,
      "distance" : 65.0,
      "steps" : 131
    } ],
    "lastUpdate" : "20151024T152844Z"
  }, {
    "type" : "move",
    "startTime" : "20151023T223900-0400",
    "endTime" : "20151023T225404-0400",
    "activities" : [ {
      "activity" : "walking",
      "group" : "walking",
      "manual" : false,
      "startTime" : "20151023T223900-0400",
      "endTime" : "20151023T225404-0400",
      "duration" : 904.0,
      "distance" : 782.0,
      "steps" : 1564
    } ],
    "lastUpdate" : "20151024T152633Z"
  }, {
    "type" : "place",
    "startTime" : "20151023T225404-0400",
    "endTime" : "20151024T004058-0400",
    "activities" : [ {
      "activity" : "walking",
      "group" : "walking",
      "manual" : false,
      "startTime" : "20151023T225534-0400",
      "endTime" : "20151023T225704-0400",
      "duration" : 90.0,
      "distance" : 75.0,
      "steps" : 151
    } ],
    "lastUpdate" : "20151024T165931Z"
  } ],
  "lastUpdate" : "20151105T152209Z"
} ]