[ {
  "date" : "20151105",
  "summary" : [ {
    "activity" : "walking",
    "group" : "walking",
    "duration" : 812.0,
    "distance" : 971.0,
    "steps" : 1514
  } ],
  "segments" : [ {
    "type" : "place",
    "startTime" : "20151104T215806-0500",
    "endTime" : "20151105T024518-0500",
    "activities" : [ {
      "activity" : "walking",
      "group" : "walking",
      "manual" : false,
      "startTime" : "20151105T001922-0500",
      "endTime" : "20151105T001952-0500",
      "duration" : 30.0,
      "distance" : 35.0,
      "steps" : 70
    }, {
      "activity" : "walking",
      "group" : "walking",
      "manual" : false,
      "startTime" : "20151105T021928-0500",
      "endTime" : "20151105T022131-0500",
      "duration" : 123.0,
      "distance" : 163.0,
      "steps" : 217
    } ],
    "lastUpdate" : "20151105T152209Z"
  }, {
    "type" : "move",
    "startTime" : "20151105T024518-0500",
    "endTime" : "20151105T024924-0500",
    "activities" : [ {
      "activity" : "walking",
      "group" : "walking",
      "manual" : false,
      "startTime" : "20151105T024518-0500",
      "endTime" : "20151105T024924-0500",
      "duration" : 246.0,
      "distance" : 354.0,
      "steps" : 463
    } ],
    "lastUpdate" : "20151105T152146Z"
  }, {
    "type" : "place",
    "startTime" : "20151105T024924-0500",
    "endTime" : "20151105T025421-0500",
    "activities" : [ {
      "activity" : "walking",
      "group" : "walking",
      "manual" : false,
      "startTime" : "20151105T025152-0500",
      "endTime" : "20151105T025222-0500",
      "duration" : 30.0,
      "distance" : 15.0,
      "steps" : 30
    } ],
    "lastUpdate" : "20151105T152146Z"
  }, {
    "type" : "move",
    "startTime" : "20151105T095315-0500",
    "endTime" : "20151105T095937-0500",
    "activities" : [ {
      "activity" : "walking",
      "group" : "walking",
      "manual" : false,
      "startTime" : "20151105T095315-0500",
      "endTime" : "20151105T095938-0500",
      "duration" : 383.0,
      "distance" : 404.0,
      "steps" : 734
    } ],
    "lastUpdate" : "20151105T152146Z"
  } ],
  "lastUpdate" : "20151105T152209Z"
} ]