[ {
  "date" : "20151027",
  "summary" : [ {
    "activity" : "walking",
    "group" : "walking",
    "duration" : 6667.0,
    "distance" : 7556.0,
    "steps" : 11174
  }, {
    "activity" : "transport",
    "group" : "transport",
    "duration" : 2011.0,
    "distance" : 5462.0
  } ],
  "segments" : [ {
    "type" : "move",
    "startTime" : "20151027T010110-0400",
    "endTime" : "20151027T011422-0400",
    "activities" : [ {
      "activity" : "walking",
      "group" : "walking",
      "manual" : false,
      "startTime" : "20151027T010110-0400",
      "endTime" : "20151027T011422-0400",
      "duration" : 792.0,
      "distance" : 965.0,
      "steps" : 1208
    } ],
    "lastUpdate" : "20151027T153944Z"
  }, {
    "type" : "move",
    "startTime" : "20151027T100815-0400",
    "endTime" : "20151027T101230-0400",
    "activities" : [ {
      "activity" : "walking",
      "group" : "walking",
      "manual" : false,
      "startTime" : "20151027T100815-0400",
      "endTime" : "20151027T101230-0400",
      "duration" : 255.0,
      "distance" : 285.0,
      "steps" : 416
    } ],
    "lastUpdate" : "20151027T153944Z"
  }, {
    "type" : "place",
    "startTime" : "20151027T101230-0400",
    "endTime" : "20151027T114850-0400",
    "activities" : [ {
      "activity" : "walking",
      "group" : "walking",
      "manual" : false,
      "startTime" : "20151027T101556-0400",
      "endTime" : "20151027T101626-0400",
      "duration" : 30.0,
      "distance" : 30.0,
      "steps" : 60
    }, {
      "activity" : "walking",
      "group" : "walking",
      "manual" : false,
      "startTime" : "20151027T113403-0400",
      "endTime" : "20151027T113603-0400",
      "duration" : 120.0,
      "distance" : 188.0,
      "steps" : 251
    } ],
    "lastUpdate" : "20151105T152209Z"
  }, {
    "type" : "move",
    "startTime" : "20151027T114850-0400",
    "endTime" : "20151027T120337-0400",
    "activities" : [ {
      "activity" : "walking",
      "group" : "walking",
      "manual" : false,
      "startTime" : "20151027T114850-0400",
      "endTime" : "20151027T120337-0400",
      "duration" : 887.0,
      "distance" : 1192.0,
      "steps" : 1564
    } ],
    "lastUpdate" : "20151027T162535Z"
  }, {
    "type" : "place",
    "startTime" : "20151027T120337-0400",
    "endTime" : "20151027T124639-0400",
    "activities" : [ {
      "activity" : "walking",
      "group" : "walking",
      "manual" : false,
      "startTime" : "20151027T120337-0400",
      "endTime" : "20151027T120403-0400",
      "duration" : 26.0,
      "distance" : 13.0,
      "steps" : 21
    } ],
    "lastUpdate" : "20151027T175742Z"
  }, {
    "type" : "move",
    "startTime" : "20151027T124639-0400",
    "endTime" : "20151027T125749-0400",
    "activities" : [ {
      "activity" : "walking",
      "group" : "walking",
      "manual" : false,
      "startTime" : "20151027T124639-0400",
      "endTime" : "20151027T125750-0400",
      "duration" : 671.0,
      "distance" : 878.0,
      "steps" : 1157
    } ],
    "lastUpdate" : "20151027T175742Z"
  }, {
    "type" : "place",
    "startTime" : "20151027T125750-0400",
    "endTime" : "20151027T182555-0400",
    "activities" : [ {
      "activity" : "walking",
      "group" : "walking",
      "manual" : false,
      "startTime" : "20151027T173438-0400",
      "endTime" : "20151027T173642-0400",
      "duration" : 124.0,
      "distance" : 155.0,
      "steps" : 206
    } ],
    "lastUpdate" : "20151105T152209Z"
  }, {
    "type" : "move",
    "startTime" : "20151027T182555-0400",
    "endTime" : "20151027T190619-0400",
    "activities" : [ {
      "activity" : "walking",
      "group" : "walking",
      "manual" : false,
      "startTime" : "20151027T182555-0400",
      "endTime" : "20151027T182815-0400",
      "duration" : 140.0,
      "distance" : 141.0,
      "steps" : 281
    }, {
      "activity" : "transport",
      "group" : "transport",
      "manual" : false,
      "startTime" : "20151027T182814-0400",
      "endTime" : "20151027T184915-0400",
      "duration" : 1261.0,
      "distance" : 2469.0
    }, {
      "activity" : "walking",
      "group" : "walking",
      "manual" : false,
      "startTime" : "20151027T184915-0400",
      "endTime" : "20151027T185315-0400",
      "duration" : 240.0,
      "distance" : 276.0,
      "steps" : 443
    }, {
      "activity" : "transport",
      "group" : "transport",
      "manual" : false,
      "startTime" : "20151027T185315-0400",
      "endTime" : "20151027T185715-0400",
      "duration" : 240.0,
      "distance" : 913.0
    }, {
      "activity" : "walking",
      "group" : "walking",
      "manual" : false,
      "startTime" : "20151027T185716-0400",
      "endTime" : "20151027T190619-0400",
      "duration" : 543.0,
      "distance" : 458.0,
      "steps" : 839
    } ],
    "lastUpdate" : "20151028T002208Z"
  }, {
    "type" : "move",
    "startTime" : "20151027T191916-0400",
    "endTime" : "20151027T192453-0400",
    "activities" : [ {
      "activity" : "walking",
      "group" : "walking",
      "manual" : false,
      "startTime" : "20151027T191916-0400",
      "endTime" : "20151027T192453-0400",
      "duration" : 337.0,
      "distance" : 333.0,
      "steps" : 666
    } ],
    "lastUpdate" : "20151028T002208Z"
  }, {
    "type" : "place",
    "startTime" : "20151027T192453-0400",
    "endTime" : "20151027T195552-0400",
    "activities" : [ {
      "activity" : "walking",
      "group" : "walking",
      "manual" : false,
      "startTime" : "20151027T192617-0400",
      "endTime" : "20151027T193133-0400",
      "duration" : 316.0,
      "distance" : 287.0,
      "steps" : 382
    } ],
    "lastUpdate" : "20151028T144529Z"
  }, {
    "type" : "move",
    "startTime" : "20151027T195552-0400",
    "endTime" : "20151027T200900-0400",
    "activities" : [ {
      "activity" : "walking",
      "group" : "walking",
      "manual" : false,
      "startTime" : "20151027T195552-0400",
      "endTime" : "20151027T200900-0400",
      "duration" : 788.0,
      "distance" : 902.0,
      "steps" : 1320
    } ],
    "lastUpdate" : "20151028T144529Z"
  }, {
    "type" : "place",
    "startTime" : "20151027T200900-0400",
    "endTime" : "20151027T222623-0400",
    "activities" : [ {
      "activity" : "walking",
      "group" : "walking",
      "manual" : false,
      "startTime" : "20151027T202631-0400",
      "endTime" : "20151027T202901-0400",
      "duration" : 150.0,
      "distance" : 143.0,
      "steps" : 191
    }, {
      "activity" : "walking",
      "group" : "walking",
      "manual" : false,
      "startTime" : "20151027T214043-0400",
      "endTime" : "20151027T214143-0400",
      "duration" : 60.0,
      "distance" : 60.0,
      "steps" : 121
    }, {
      "activity" : "walking",
      "group" : "walking",
      "manual" : false,
      "startTime" : "20151027T222507-0400",
      "endTime" : "20151027T222537-0400",
      "duration" : 30.0,
      "distance" : 35.0,
      "steps" : 70
    } ],
    "lastUpdate" : "20151105T152209Z"
  }, {
    "type" : "move",
    "startTime" : "20151027T222623-0400",
    "endTime" : "20151027T225311-0400",
    "activities" : [ {
      "activity" : "walking",
      "group" : "walking",
      "manual" : false,
      "startTime" : "20151027T222623-0400",
      "endTime" : "20151027T223107-0400",
      "duration" : 284.0,
      "distance" : 222.0,
      "steps" : 443
    }, {
      "activity" : "transport",
      "group" : "transport",
      "manual" : false,
      "startTime" : "20151027T223107-0400",
      "endTime" : "20151027T223937-0400",
      "duration" : 510.0,
      "distance" : 2080.0
    }, {
      "activity" : "walking",
      "group" : "walking",
      "manual" : false,
      "startTime" : "20151027T223937-0400",
      "endTime" : "20151027T225311-0400",
      "duration" : 814.0,
      "distance" : 953.0,
      "steps" : 1455
    } ],
    "lastUpdate" : "20151028T144529Z"
  }, {
    "type" : "place",
    "startTime" : "20151027T225311-0400",
    "endTime" : "20151028T014510-0400",
    "activities" : [ {
      "activity" : "walking",
      "group" : "walking",
      "manual" : false,
      "startTime" : "20151027T232939-0400",
      "endTime" : "20151027T233039-0400",
      "duration" : 60.0,
      "distance" : 40.0,
      "steps" : 80
    } ],
    "lastUpdate" : "20151028T203200Z"
  } ],
  "lastUpdate" : "20151105T152209Z"
} ]