[ {
  "date" : "20151025",
  "summary" : [ {
    "activity" : "walking",
    "group" : "walking",
    "duration" : 4855.0,
    "distance" : 5832.0,
    "steps" : 8025
  }, {
    "activity" : "train",
    "group" : "transport",
    "duration" : 360.0,
    "distance" : 2363.0
  } ],
  "segments" : [ {
    "type" : "place",
    "startTime" : "20151024T235325-0400",
    "endTime" : "20151025T001824-0400",
    "activities" : [ {
      "activity" : "walking",
      "group" : "walking",
      "manual" : false,
      "startTime" : "20151025T000000-0400",
      "endTime" : "20151025T000118-0400",
      "duration" : 78.0,
      "distance" : 70.0,
      "steps" : 139
    } ],
    "lastUpdate" : "20151025T150323Z"
  }, {
    "type" : "move",
    "startTime" : "20151025T001824-0400",
    "endTime" : "20151025T002230-0400",
    "activities" : [ {
      "activity" : "walking",
      "group" : "walking",
      "manual" : false,
      "startTime" : "20151025T001824-0400",
      "endTime" : "20151025T002230-0400",
      "duration" : 246.0,
      "distance" : 374.0,
      "steps" : 485
    } ],
    "lastUpdate" : "20151025T150323Z"
  }, {
    "type" : "move",
    "startTime" : "20151025T002438-0400",
    "endTime" : "20151025T004408-0400",
    "activities" : [ {
      "activity" : "walking",
      "group" : "walking",
      "manual" : false,
      "startTime" : "20151025T002438-0400",
      "endTime" : "20151025T003330-0400",
      "duration" : 532.0,
      "distance" : 636.0,
      "steps" : 954
    }, {
      "activity" : "train",
      "group" : "transport",
      "manual" : false,
      "startTime" : "20151025T003330-0400",
      "endTime" : "20151025T003930-0400",
      "duration" : 360.0,
      "distance" : 2363.0
    }, {
      "activity" : "walking",
      "group" : "walking",
      "manual" : false,
      "startTime" : "20151025T003930-0400",
      "endTime" : "20151025T004408-0400",
      "duration" : 278.0,
      "distance" : 401.0,
      "steps" : 475
    } ],
    "lastUpdate" : "20151025T150411Z"
  }, {
    "type" : "place",
    "startTime" : "20151025T004408-0400",
    "endTime" : "20151025T004714-0400",
    "activities" : [ {
      "activity" : "walking",
      "group" : "walking",
      "manual" : false,
      "startTime" : "20151025T004600-0400",
      "endTime" : "20151025T004630-0400",
      "duration" : 30.0,
      "distance" : 30.0,
      "steps" : 60
    } ],
    "lastUpdate" : "20151026T145957Z"
  }, {
    "type" : "move",
    "startTime" : "20151025T101246-0400",
    "endTime" : "20151025T102941-0400",
    "activities" : [ {
      "activity" : "walking",
      "group" : "walking",
      "manual" : false,
      "startTime" : "20151025T101246-0400",
      "endTime" : "20151025T102941-0400",
      "duration" : 1015.0,
      "distance" : 1435.0,
      "steps" : 1797
    } ],
    "lastUpdate" : "20151025T150323Z"
  }, {
    "type" : "place",
    "startTime" : "20151025T102941-0400",
    "endTime" : "20151025T202911-0400",
    "activities" : [ {
      "activity" : "walking",
      "group" : "walking",
      "manual" : false,
      "startTime" : "20151025T103102-0400",
      "endTime" : "20151025T103132-0400",
      "duration" : 30.0,
      "distance" : 25.0,
      "steps" : 50
    }, {
      "activity" : "walking",
      "group" : "walking",
      "manual" : false,
      "startTime" : "20151025T111514-0400",
      "endTime" : "20151025T111544-0400",
      "duration" : 30.0,
      "distance" : 25.0,
      "steps" : 50
    }, {
      "activity" : "walking",
      "group" : "walking",
      "manual" : false,
      "startTime" : "20151025T120746-0400",
      "endTime" : "20151025T120916-0400",
      "duration" : 90.0,
      "distance" : 88.0,
      "steps" : 177
    }, {
      "activity" : "walking",
      "group" : "walking",
      "manual" : false,
      "startTime" : "20151025T131528-0400",
      "endTime" : "20151025T131756-0400",
      "duration" : 148.0,
      "distance" : 249.0,
      "steps" : 331
    }, {
      "activity" : "walking",
      "group" : "walking",
      "manual" : false,
      "startTime" : "20151025T140906-0400",
      "endTime" : "20151025T141538-0400",
      "duration" : 392.0,
      "distance" : 471.0,
      "steps" : 628
    }, {
      "activity" : "walking",
      "group" : "walking",
      "manual" : false,
      "startTime" : "20151025T160913-0400",
      "endTime" : "20151025T161345-0400",
      "duration" : 272.0,
      "distance" : 246.0,
      "steps" : 328
    }, {
      "activity" : "walking",
      "group" : "walking",
      "manual" : false,
      "startTime" : "20151025T172622-0400",
      "endTime" : "20151025T172943-0400",
      "duration" : 201.0,
      "distance" : 204.0,
      "steps" : 271
    }, {
      "activity" : "walking",
      "group" : "walking",
      "manual" : false,
      "startTime" : "20151025T180055-0400",
      "endTime" : "20151025T180425-0400",
      "duration" : 210.0,
      "distance" : 226.0,
      "steps" : 302
    }, {
      "activity" : "walking",
      "group" : "walking",
      "manual" : false,
      "startTime" : "20151025T193238-0400",
      "endTime" : "20151025T193341-0400",
      "duration" : 63.0,
      "distance" : 58.0,
      "steps" : 116
    }, {
      "activity" : "walking",
      "group" : "walking",
      "manual" : false,
      "startTime" : "20151025T200038-0400",
      "endTime" : "20151025T200611-0400",
      "duration" : 333.0,
      "distance" : 398.0,
      "steps" : 530
    } ],
    "lastUpdate" : "20151105T152209Z"
  }, {
    "type" : "move",
    "startTime" : "20151025T202911-0400",
    "endTime" : "20151025T203842-0400",
    "activities" : [ {
      "activity" : "walking",
      "group" : "walking",
      "manual" : false,
      "startTime" : "20151025T202911-0400",
      "endTime" : "20151025T203842-0400",
      "duration" : 571.0,
      "distance" : 538.0,
      "steps" : 835
    } ],
    "lastUpdate" : "20151026T145641Z"
  }, {
    "type" : "place",
    "startTime" : "20151025T203842-0400",
    "endTime" : "20151026T001801-0400",
    "activities" : [ {
      "activity" : "walking",
      "group" : "walking",
      "manual" : false,
      "startTime" : "20151025T204138-0400",
      "endTime" : "20151025T204644-0400",
      "duration" : 306.0,
      "distance" : 328.0,
      "steps" : 437
    }, {
      "activity" : "walking",
      "group" : "walking",
      "manual" : false,
      "startTime" : "20151025T233208-0400",
      "endTime" : "20151025T233238-0400",
      "duration" : 30.0,
      "distance" : 30.0,
      "steps" : 60
    } ],
    "lastUpdate" : "20151026T145957Z"
  } ],
  "lastUpdate" : "20151105T152209Z"
} ]