[ {
  "date" : "20151023",
  "summary" : [ {
    "activity" : "walking",
    "group" : "walking",
    "duration" : 6334.0,
    "distance" : 5716.0,
    "steps" : 8999
  }, {
    "activity" : "train",
    "group" : "transport",
    "duration" : 210.0,
    "distance" : 1199.0
  } ],
  "lastUpdate" : "20151029T193822Z"
}, {
  "date" : "20151024",
  "summary" : [ {
    "activity" : "walking",
    "group" : "walking",
    "duration" : 2796.0,
    "distance" : 3173.0,
    "steps" : 4596
  }, {
    "activity" : "transport",
    "group" : "transport",
    "duration" : 477.0,
    "distance" : 3943.0
  } ],
  "lastUpdate" : "20151029T193822Z"
}, {
  "date" : "20151025",
  "summary" : [ {
    "activity" : "walking",
    "group" : "walking",
    "duration" : 4855.0,
    "distance" : 5832.0,
    "steps" : 8025
  }, {
    "activity" : "train",
    "group" : "transport",
    "duration" : 360.0,
    "distance" : 2363.0
  } ],
  "lastUpdate" : "20151029T193822Z"
}, {
  "date" : "20151026",
  "summary" : [ {
    "activity" : "running",
    "group" : "running",
    "duration" : 1111.0,
    "distance" : 2562.0,
    "steps" : 2847
  }, {
    "activity" : "train",
    "group" : "transport",
    "duration" : 601.0,
    "distance" : 3510.0
  }, {
    "activity" : "cycling",
    "group" : "cycling",
    "duration" : 1200.0,
    "distance" : 0.0
  }, {
    "activity" : "walking",
    "group" : "walking",
    "duration" : 6219.0,
    "distance" : 7532.0,
    "steps" : 10040
  }, {
    "activity" : "bus",
    "group" : "transport",
    "duration" : 841.0,
    "distance" : 2399.0
  }, {
    "activity" : "rowing",
    "duration" : 1200.0,
    "distance" : 0.0
  } ],
  "lastUpdate" : "20151029T193822Z"
}, {
  "date" : "20151027",
  "summary" : [ {
    "activity" : "walking",
    "group" : "walking",
    "duration" : 6667.0,
    "distance" : 7556.0,
    "steps" : 11174
  }, {
    "activity" : "transport",
    "group" : "transport",
    "duration" : 2011.0,
    "distance" : 5462.0
  } ],
  "lastUpdate" : "20151029T193822Z"
}, {
  "date" : "20151028",
  "summary" : [ {
    "activity" : "walking",
    "group" : "walking",
    "duration" : 3182.0,
    "distance" : 3680.0,
    "steps" : 5286
  }, {
    "activity" : "transport",
    "group" : "transport",
    "duration" : 545.0,
    "distance" : 3446.0
  } ],
  "lastUpdate" : "20151029T193822Z"
}, {
  "date" : "20151029",
  "summary" : [ {
    "activity" : "walking",
    "group" : "walking",
    "duration" : 3596.0,
    "distance" : 4085.0,
    "steps" : 6087
  } ],
  "lastUpdate" : "20151029T195230Z"
} ]