[ {
  "date" : "20151101",
  "summary" : [ {
    "activity" : "walking",
    "group" : "walking",
    "duration" : 6205.0,
    "distance" : 7765.0,
    "steps" : 10352
  } ],
  "segments" : [ {
    "type" : "place",
    "startTime" : "20151031T170617-0400",
    "endTime" : "20151101T010655-0400",
    "place" : {
      "id" : 230084909,
      "name" : "Cornell Tech",
      "type" : "foursquare",
      "foursquareId" : "4fdf4038e4b044d93c4fae68",
      "foursquareCategoryIds" : [ "4bf58dd8d48988d1ae941735" ],
      "location" : {
        "lat" : 40.74090046467149,
        "lon" : -74.00221109390259
      }
    },
    "activities" : [ {
      "activity" : "walking",
      "group" : "walking",
      "manual" : false,
      "startTime" : "20151101T010255-0400",
      "endTime" : "20151101T010525-0400",
      "duration" : 150.0,
      "distance" : 159.0,
      "steps" : 212,
      "trackPoints" : [ ]
    } ],
    "lastUpdate" : "20151105T152209Z"
  }, {
    "type" : "move",
    "startTime" : "20151101T010655-0400",
    "endTime" : "20151101T011004-0400",
    "activities" : [ {
      "activity" : "walking",
      "group" : "walking",
      "manual" : false,
      "startTime" : "20151101T010655-0400",
      "endTime" : "20151101T011004-0400",
      "duration" : 189.0,
      "distance" : 344.0,
      "steps" : 369,
      "trackPoints" : [ {
        "lat" : 40.7409004647,
        "lon" : -74.0022110939,
        "time" : "20151101T010655-0400"
      }, {
        "lat" : 40.7403174171,
        "lon" : -74.0016896046,
        "time" : "20151101T010713-0400"
      }, {
        "lat" : 40.7402571531,
        "lon" : -74.0015275466,
        "time" : "20151101T010728-0400"
      }, {
        "lat" : 40.7401036269,
        "lon" : -74.0010871378,
        "time" : "20151101T010750-0400"
      }, {
        "lat" : 40.7399696714,
        "lon" : -74.0008347212,
        "time" : "20151101T010808-0400"
      }, {
        "lat" : 40.739821256,
        "lon" : -74.0004932166,
        "time" : "20151101T010829-0400"
      }, {
        "lat" : 40.7395605931,
        "lon" : -73.9999225362,
        "time" : "20151101T010905-0400"
      }, {
        "lat" : 40.7393276909,
        "lon" : -73.9995139974,
        "time" : "20151101T010931-0400"
      }, {
        "lat" : 40.7391834348,
        "lon" : -73.9999108065,
        "time" : "20151101T011004-0400"
      } ]
    } ],
    "lastUpdate" : "20151101T154541Z"
  }, {
    "type" : "place",
    "startTime" : "20151101T011004-0400",
    "endTime" : "20151101T092336-0500",
    "place" : {
      "id" : 230455257,
      "name" : "Home",
      "type" : "home",
      "location" : {
        "lat" : 40.7391834348,
        "lon" : -73.9999108065
      }
    },
    "lastUpdate" : "20151101T191336Z"
  }, {
    "type" : "move",
    "startTime" : "20151101T092336-0500",
    "endTime" : "20151101T094108-0500",
    "activities" : [ {
      "activity" : "walking",
      "group" : "walking",
      "manual" : false,
      "startTime" : "20151101T092336-0500",
      "endTime" : "20151101T094109-0500",
      "duration" : 1053.0,
      "distance" : 1512.0,
      "steps" : 1827,
      "trackPoints" : [ {
        "lat" : 40.7391834348,
        "lon" : -73.9999108065,
        "time" : "20151101T092336-0500"
      }, {
        "lat" : 40.7391252206,
        "lon" : -73.9995916689,
        "time" : "20151101T092423-0500"
      }, {
        "lat" : 40.7391361383,
        "lon" : -73.9995992826,
        "time" : "20151101T092443-0500"
      }, {
        "lat" : 40.7391799156,
        "lon" : -73.999388947,
        "time" : "20151101T092512-0500"
      }, {
        "lat" : 40.7392585516,
        "lon" : -73.9992711637,
        "time" : "20151101T092529-0500"
      }, {
        "lat" : 40.7393733244,
        "lon" : -73.999104667,
        "time" : "20151101T092546-0500"
      }, {
        "lat" : 40.7397428931,
        "lon" : -73.9988502165,
        "time" : "20151101T092607-0500"
      }, {
        "lat" : 40.7400884557,
        "lon" : -73.9986114385,
        "time" : "20151101T092631-0500"
      }, {
        "lat" : 40.7403934553,
        "lon" : -73.9983643323,
        "time" : "20151101T092652-0500"
      }, {
        "lat" : 40.7407425593,
        "lon" : -73.9980994347,
        "time" : "20151101T092719-0500"
      }, {
        "lat" : 40.7409885019,
        "lon" : -73.9978976301,
        "time" : "20151101T092740-0500"
      }, {
        "lat" : 40.7412535605,
        "lon" : -73.9976944114,
        "time" : "20151101T092800-0500"
      }, {
        "lat" : 40.7414591883,
        "lon" : -73.9975133228,
        "time" : "20151101T092821-0500"
      }, {
        "lat" : 40.7417209818,
        "lon" : -73.997354197,
        "time" : "20151101T092842-0500"
      }, {
        "lat" : 40.7419105001,
        "lon" : -73.9971717367,
        "time" : "20151101T092858-0500"
      }, {
        "lat" : 40.7421555685,
        "lon" : -73.9968759691,
        "time" : "20151101T092917-0500"
      }, {
        "lat" : 40.7424964462,
        "lon" : -73.9965892932,
        "time" : "20151101T092943-0500"
      }, {
        "lat" : 40.7428509984,
        "lon" : -73.9964806602,
        "time" : "20151101T093003-0500"
      }, {
        "lat" : 40.7431758515,
        "lon" : -73.9963203958,
        "time" : "20151101T093023-0500"
      }, {
        "lat" : 40.7435218721,
        "lon" : -73.9960855776,
        "time" : "20151101T093043-0500"
      }, {
        "lat" : 40.7438279384,
        "lon" : -73.9958971986,
        "time" : "20151101T093103-0500"
      }, {
        "lat" : 40.7441218642,
        "lon" : -73.9957053312,
        "time" : "20151101T093124-0500"
      }, {
        "lat" : 40.7442722445,
        "lon" : -73.9956960183,
        "time" : "20151101T093144-0500"
      }, {
        "lat" : 40.7444019528,
        "lon" : -73.9955440347,
        "time" : "20151101T093204-0500"
      }, {
        "lat" : 40.7447139848,
        "lon" : -73.995253913,
        "time" : "20151101T093231-0500"
      }, {
        "lat" : 40.7450326453,
        "lon" : -73.99503168,
        "time" : "20151101T093250-0500"
      }, {
        "lat" : 40.7452351547,
        "lon" : -73.9949239074,
        "time" : "20151101T093306-0500"
      }, {
        "lat" : 40.7454479487,
        "lon" : -73.9947054887,
        "time" : "20151101T093324-0500"
      }, {
        "lat" : 40.7454462661,
        "lon" : -73.9946853736,
        "time" : "20151101T093342-0500"
      }, {
        "lat" : 40.7456824127,
        "lon" : -73.9944611042,
        "time" : "20151101T093357-0500"
      }, {
        "lat" : 40.7460701851,
        "lon" : -73.9942000566,
        "time" : "20151101T093417-0500"
      }, {
        "lat" : 40.7463577247,
        "lon" : -73.9939861061,
        "time" : "20151101T093437-0500"
      }, {
        "lat" : 40.7466038446,
        "lon" : -73.9937982897,
        "time" : "20151101T093457-0500"
      }, {
        "lat" : 40.7470326575,
        "lon" : -73.9935117603,
        "time" : "20151101T093531-0500"
      }, {
        "lat" : 40.7473716598,
        "lon" : -73.9932988069,
        "time" : "20151101T093552-0500"
      }, {
        "lat" : 40.747672149,
        "lon" : -73.9930552453,
        "time" : "20151101T093612-0500"
      }, {
        "lat" : 40.7479983062,
        "lon" : -73.9928118176,
        "time" : "20151101T093633-0500"
      }, {
        "lat" : 40.7485483457,
        "lon" : -73.9925418656,
        "time" : "20151101T093707-0500"
      }, {
        "lat" : 40.7488112661,
        "lon" : -73.9924184679,
        "time" : "20151101T093727-0500"
      }, {
        "lat" : 40.7490653449,
        "lon" : -73.9921934027,
        "time" : "20151101T093747-0500"
      }, {
        "lat" : 40.7491622131,
        "lon" : -73.9920372375,
        "time" : "20151101T093807-0500"
      }, {
        "lat" : 40.7491200653,
        "lon" : -73.991812472,
        "time" : "20151101T093827-0500"
      }, {
        "lat" : 40.7490052326,
        "lon" : -73.9915124992,
        "time" : "20151101T093847-0500"
      }, {
        "lat" : 40.7488732412,
        "lon" : -73.991108843,
        "time" : "20151101T093908-0500"
      }, {
        "lat" : 40.748782289,
        "lon" : -73.9907321779,
        "time" : "20151101T093928-0500"
      }, {
        "lat" : 40.7488826626,
        "lon" : -73.9904855043,
        "time" : "20151101T094009-0500"
      }, {
        "lat" : 40.7489279151,
        "lon" : -73.9903547436,
        "time" : "20151101T094108-0500"
      } ]
    } ],
    "lastUpdate" : "20151101T191336Z"
  }, {
    "type" : "place",
    "startTime" : "20151101T094109-0500",
    "endTime" : "20151101T102531-0500",
    "place" : {
      "id" : 232899185,
      "name" : "Church of St. Francis of Assisi",
      "type" : "foursquare",
      "foursquareId" : "4b524706f964a5205c7427e3",
      "foursquareCategoryIds" : [ "4bf58dd8d48988d132941735" ],
      "location" : {
        "lat" : 40.7487687770178,
        "lon" : -73.99062395095825
      }
    },
    "activities" : [ {
      "activity" : "walking",
      "group" : "walking",
      "manual" : false,
      "startTime" : "20151101T101654-0500",
      "endTime" : "20151101T101724-0500",
      "duration" : 30.0,
      "distance" : 25.0,
      "steps" : 50,
      "trackPoints" : [ ]
    } ],
    "lastUpdate" : "20151102T000032Z"
  }, {
    "type" : "move",
    "startTime" : "20151101T102531-0500",
    "endTime" : "20151101T104742-0500",
    "activities" : [ {
      "activity" : "walking",
      "group" : "walking",
      "manual" : false,
      "startTime" : "20151101T102531-0500",
      "endTime" : "20151101T104742-0500",
      "duration" : 1331.0,
      "distance" : 1796.0,
      "steps" : 2240,
      "trackPoints" : [ {
        "lat" : 40.7489279151,
        "lon" : -73.9903547436,
        "time" : "20151101T102531-0500"
      }, {
        "lat" : 40.7488567899,
        "lon" : -73.9908193538,
        "time" : "20151101T102623-0500"
      }, {
        "lat" : 40.7489222616,
        "lon" : -73.9911668114,
        "time" : "20151101T102643-0500"
      }, {
        "lat" : 40.748997288,
        "lon" : -73.9914868882,
        "time" : "20151101T102704-0500"
      }, {
        "lat" : 40.7490933233,
        "lon" : -73.9918634524,
        "time" : "20151101T102731-0500"
      }, {
        "lat" : 40.7490910579,
        "lon" : -73.9920521646,
        "time" : "20151101T102751-0500"
      }, {
        "lat" : 40.7490513871,
        "lon" : -73.9920740981,
        "time" : "20151101T102811-0500"
      }, {
        "lat" : 40.7488867868,
        "lon" : -73.9920853848,
        "time" : "20151101T102830-0500"
      }, {
        "lat" : 40.7485788365,
        "lon" : -73.9921415208,
        "time" : "20151101T102848-0500"
      }, {
        "lat" : 40.7484299575,
        "lon" : -73.9925635414,
        "time" : "20151101T102909-0500"
      }, {
        "lat" : 40.7482119597,
        "lon" : -73.9927162852,
        "time" : "20151101T102929-0500"
      }, {
        "lat" : 40.7479058864,
        "lon" : -73.9929059778,
        "time" : "20151101T102950-0500"
      }, {
        "lat" : 40.7475677773,
        "lon" : -73.9931043112,
        "time" : "20151101T103010-0500"
      }, {
        "lat" : 40.7472275923,
        "lon" : -73.9933467943,
        "time" : "20151101T103037-0500"
      }, {
        "lat" : 40.7468498789,
        "lon" : -73.993611002,
        "time" : "20151101T103111-0500"
      }, {
        "lat" : 40.7465673341,
        "lon" : -73.9937860709,
        "time" : "20151101T103131-0500"
      }, {
        "lat" : 40.7463193155,
        "lon" : -73.9939945532,
        "time" : "20151101T103151-0500"
      }, {
        "lat" : 40.7459427806,
        "lon" : -73.9942890205,
        "time" : "20151101T103211-0500"
      }, {
        "lat" : 40.7456575286,
        "lon" : -73.9946725844,
        "time" : "20151101T103227-0500"
      }, {
        "lat" : 40.7455905751,
        "lon" : -73.9947256729,
        "time" : "20151101T103244-0500"
      }, {
        "lat" : 40.745209077,
        "lon" : -73.9947865599,
        "time" : "20151101T103304-0500"
      }, {
        "lat" : 40.7454847431,
        "lon" : -73.9951476876,
        "time" : "20151101T103325-0500"
      }, {
        "lat" : 40.7457239457,
        "lon" : -73.9954997045,
        "time" : "20151101T103346-0500"
      }, {
        "lat" : 40.745922313,
        "lon" : -73.9959311391,
        "time" : "20151101T103407-0500"
      }, {
        "lat" : 40.7460937866,
        "lon" : -73.9963244623,
        "time" : "20151101T103428-0500"
      }, {
        "lat" : 40.7462350357,
        "lon" : -73.9966405192,
        "time" : "20151101T103448-0500"
      }, {
        "lat" : 40.7463475644,
        "lon" : -73.996952105,
        "time" : "20151101T103509-0500"
      }, {
        "lat" : 40.7463586759,
        "lon" : -73.9975620095,
        "time" : "20151101T103543-0500"
      }, {
        "lat" : 40.7461687931,
        "lon" : -73.9978829412,
        "time" : "20151101T103603-0500"
      }, {
        "lat" : 40.7457551088,
        "lon" : -73.9983332203,
        "time" : "20151101T103628-0500"
      }, {
        "lat" : 40.7454078252,
        "lon" : -73.9983893875,
        "time" : "20151101T103650-0500"
      }, {
        "lat" : 40.7452144562,
        "lon" : -73.9986801173,
        "time" : "20151101T103706-0500"
      }, {
        "lat" : 40.7452030688,
        "lon" : -73.9985988922,
        "time" : "20151101T103724-0500"
      }, {
        "lat" : 40.7450630647,
        "lon" : -73.998666998,
        "time" : "20151101T103744-0500"
      }, {
        "lat" : 40.7447839463,
        "lon" : -73.9988753397,
        "time" : "20151101T103804-0500"
      }, {
        "lat" : 40.7444284524,
        "lon" : -73.9991305224,
        "time" : "20151101T103838-0500"
      }, {
        "lat" : 40.7441336294,
        "lon" : -73.9993639571,
        "time" : "20151101T103859-0500"
      }, {
        "lat" : 40.7437680028,
        "lon" : -73.9996442368,
        "time" : "20151101T103926-0500"
      }, {
        "lat" : 40.7435761971,
        "lon" : -73.9997634055,
        "time" : "20151101T103947-0500"
      }, {
        "lat" : 40.74336755,
        "lon" : -73.9998469267,
        "time" : "20151101T104007-0500"
      }, {
        "lat" : 40.743124765,
        "lon" : -74.0001059525,
        "time" : "20151101T104028-0500"
      }, {
        "lat" : 40.7427898344,
        "lon" : -74.0003631062,
        "time" : "20151101T104049-0500"
      }, {
        "lat" : 40.7425336978,
        "lon" : -74.000350999,
        "time" : "20151101T104109-0500"
      }, {
        "lat" : 40.7422945442,
        "lon" : -74.0005694451,
        "time" : "20151101T104127-0500"
      }, {
        "lat" : 40.7420353971,
        "lon" : -74.0007406593,
        "time" : "20151101T104148-0500"
      }, {
        "lat" : 40.7418018343,
        "lon" : -74.0010230652,
        "time" : "20151101T104208-0500"
      }, {
        "lat" : 40.7415442333,
        "lon" : -74.0012086743,
        "time" : "20151101T104228-0500"
      }, {
        "lat" : 40.7413332505,
        "lon" : -74.0014166418,
        "time" : "20151101T104248-0500"
      }, {
        "lat" : 40.7411435065,
        "lon" : -74.0015670894,
        "time" : "20151101T104308-0500"
      }, {
        "lat" : 40.740996117,
        "lon" : -74.0017285784,
        "time" : "20151101T104329-0500"
      }, {
        "lat" : 40.740850217,
        "lon" : -74.0018065201,
        "time" : "20151101T104349-0500"
      }, {
        "lat" : 40.7407514781,
        "lon" : -74.0018391775,
        "time" : "20151101T104410-0500"
      }, {
        "lat" : 40.7407884035,
        "lon" : -74.0018501968,
        "time" : "20151101T104431-0500"
      }, {
        "lat" : 40.7408287754,
        "lon" : -74.0018346151,
        "time" : "20151101T104451-0500"
      }, {
        "lat" : 40.7409420203,
        "lon" : -74.0018128352,
        "time" : "20151101T104511-0500"
      }, {
        "lat" : 40.7410635586,
        "lon" : -74.0018096881,
        "time" : "20151101T104531-0500"
      }, {
        "lat" : 40.7410978776,
        "lon" : -74.0018274975,
        "time" : "20151101T104550-0500"
      }, {
        "lat" : 40.7411789471,
        "lon" : -74.0019091181,
        "time" : "20151101T104655-0500"
      }, {
        "lat" : 40.7412186206,
        "lon" : -74.0014792254,
        "time" : "20151101T104742-0500"
      } ]
    } ],
    "lastUpdate" : "20151101T191336Z"
  }, {
    "type" : "place",
    "startTime" : "20151101T104742-0500",
    "endTime" : "20151101T120029-0500",
    "place" : {
      "id" : 230084909,
      "name" : "Cornell Tech",
      "type" : "foursquare",
      "foursquareId" : "4fdf4038e4b044d93c4fae68",
      "foursquareCategoryIds" : [ "4bf58dd8d48988d1ae941735" ],
      "location" : {
        "lat" : 40.74090046467149,
        "lon" : -74.00221109390259
      }
    },
    "activities" : [ {
      "activity" : "walking",
      "group" : "walking",
      "manual" : false,
      "startTime" : "20151101T104856-0500",
      "endTime" : "20151101T104926-0500",
      "duration" : 30.0,
      "distance" : 30.0,
      "steps" : 60,
      "trackPoints" : [ ]
    }, {
      "activity" : "walking",
      "group" : "walking",
      "manual" : false,
      "startTime" : "20151101T110032-0500",
      "endTime" : "20151101T110202-0500",
      "duration" : 90.0,
      "distance" : 81.0,
      "steps" : 161,
      "trackPoints" : [ ]
    } ],
    "lastUpdate" : "20151102T000158Z"
  }, {
    "type" : "move",
    "startTime" : "20151101T120029-0500",
    "endTime" : "20151101T122515-0500",
    "activities" : [ {
      "activity" : "walking",
      "group" : "walking",
      "manual" : false,
      "startTime" : "20151101T120029-0500",
      "endTime" : "20151101T122515-0500",
      "duration" : 1486.0,
      "distance" : 2118.0,
      "steps" : 2642,
      "trackPoints" : [ {
        "lat" : 40.7412186206,
        "lon" : -74.0014792254,
        "time" : "20151101T120029-0500"
      }, {
        "lat" : 40.7410636797,
        "lon" : -74.0017032224,
        "time" : "20151101T120114-0500"
      }, {
        "lat" : 40.7410606791,
        "lon" : -74.0016834495,
        "time" : "20151101T120202-0500"
      }, {
        "lat" : 40.7408282587,
        "lon" : -74.0017747253,
        "time" : "20151101T120228-0500"
      }, {
        "lat" : 40.7409342857,
        "lon" : -74.0017195159,
        "time" : "20151101T120244-0500"
      }, {
        "lat" : 40.7410864531,
        "lon" : -74.0016339439,
        "time" : "20151101T120300-0500"
      }, {
        "lat" : 40.741295477,
        "lon" : -74.0014091103,
        "time" : "20151101T120320-0500"
      }, {
        "lat" : 40.741375102,
        "lon" : -74.0009992274,
        "time" : "20151101T120344-0500"
      }, {
        "lat" : 40.7418482925,
        "lon" : -74.0013195448,
        "time" : "20151101T120411-0500"
      }, {
        "lat" : 40.741899614,
        "lon" : -74.0016415704,
        "time" : "20151101T120428-0500"
      }, {
        "lat" : 40.7416912701,
        "lon" : -74.0014911596,
        "time" : "20151101T120449-0500"
      }, {
        "lat" : 40.7414890602,
        "lon" : -74.0014223806,
        "time" : "20151101T120510-0500"
      }, {
        "lat" : 40.741297785,
        "lon" : -74.0014912913,
        "time" : "20151101T120531-0500"
      }, {
        "lat" : 40.7411035414,
        "lon" : -74.001617074,
        "time" : "20151101T120552-0500"
      }, {
        "lat" : 40.7408633209,
        "lon" : -74.0017495714,
        "time" : "20151101T120612-0500"
      }, {
        "lat" : 40.7406289135,
        "lon" : -74.0018226437,
        "time" : "20151101T120633-0500"
      }, {
        "lat" : 40.7404383021,
        "lon" : -74.0017419464,
        "time" : "20151101T120653-0500"
      }, {
        "lat" : 40.7401738033,
        "lon" : -74.0013181112,
        "time" : "20151101T120727-0500"
      }, {
        "lat" : 40.7400272175,
        "lon" : -74.0009754703,
        "time" : "20151101T120748-0500"
      }, {
        "lat" : 40.7398702707,
        "lon" : -74.000634314,
        "time" : "20151101T120809-0500"
      }, {
        "lat" : 40.7397554484,
        "lon" : -74.0003923818,
        "time" : "20151101T120824-0500"
      }, {
        "lat" : 40.7395807642,
        "lon" : -73.9999655338,
        "time" : "20151101T120843-0500"
      }, {
        "lat" : 40.7393178523,
        "lon" : -73.999300063,
        "time" : "20151101T120917-0500"
      }, {
        "lat" : 40.7392600629,
        "lon" : -73.9990023121,
        "time" : "20151101T120938-0500"
      }, {
        "lat" : 40.739049683,
        "lon" : -73.9987492927,
        "time" : "20151101T120959-0500"
      }, {
        "lat" : 40.7389061012,
        "lon" : -73.9984077596,
        "time" : "20151101T121020-0500"
      }, {
        "lat" : 40.7387496718,
        "lon" : -73.9980258315,
        "time" : "20151101T121041-0500"
      }, {
        "lat" : 40.7386013437,
        "lon" : -73.9976714408,
        "time" : "20151101T121059-0500"
      }, {
        "lat" : 40.7383997327,
        "lon" : -73.997274504,
        "time" : "20151101T121120-0500"
      }, {
        "lat" : 40.7379891512,
        "lon" : -73.9968820979,
        "time" : "20151101T121147-0500"
      }, {
        "lat" : 40.7373599426,
        "lon" : -73.9967424398,
        "time" : "20151101T121206-0500"
      }, {
        "lat" : 40.7377391608,
        "lon" : -73.9963614314,
        "time" : "20151101T121224-0500"
      }, {
        "lat" : 40.7377531935,
        "lon" : -73.9964563114,
        "time" : "20151101T121242-0500"
      }, {
        "lat" : 40.7378543266,
        "lon" : -73.9965117566,
        "time" : "20151101T121308-0500"
      }, {
        "lat" : 40.7378751041,
        "lon" : -73.996514379,
        "time" : "20151101T121327-0500"
      }, {
        "lat" : 40.7378888976,
        "lon" : -73.9965159927,
        "time" : "20151101T121347-0500"
      }, {
        "lat" : 40.7378888976,
        "lon" : -73.9965159927,
        "time" : "20151101T121407-0500"
      }, {
        "lat" : 40.7378436927,
        "lon" : -73.9965249329,
        "time" : "20151101T121427-0500"
      }, {
        "lat" : 40.7380206572,
        "lon" : -73.9965233369,
        "time" : "20151101T121447-0500"
      }, {
        "lat" : 40.7382259041,
        "lon" : -73.9967907914,
        "time" : "20151101T121507-0500"
      }, {
        "lat" : 40.7384091669,
        "lon" : -73.9971354036,
        "time" : "20151101T121528-0500"
      }, {
        "lat" : 40.7385977231,
        "lon" : -73.9974328276,
        "time" : "20151101T121549-0500"
      }, {
        "lat" : 40.738680886,
        "lon" : -73.9974707978,
        "time" : "20151101T121604-0500"
      }, {
        "lat" : 40.7388247906,
        "lon" : -73.9976857454,
        "time" : "20151101T121623-0500"
      }, {
        "lat" : 40.7389621909,
        "lon" : -73.9984096345,
        "time" : "20151101T121643-0500"
      }, {
        "lat" : 40.7390759173,
        "lon" : -73.9989548376,
        "time" : "20151101T121704-0500"
      }, {
        "lat" : 40.7392000973,
        "lon" : -73.9994109131,
        "time" : "20151101T121731-0500"
      }, {
        "lat" : 40.7394838766,
        "lon" : -73.9998044307,
        "time" : "20151101T121752-0500"
      }, {
        "lat" : 40.7396915316,
        "lon" : -74.0002085479,
        "time" : "20151101T121813-0500"
      }, {
        "lat" : 40.7398603285,
        "lon" : -74.0005833382,
        "time" : "20151101T121834-0500"
      }, {
        "lat" : 40.7400557853,
        "lon" : -74.0010375189,
        "time" : "20151101T121900-0500"
      }, {
        "lat" : 40.7402352006,
        "lon" : -74.0014224116,
        "time" : "20151101T121922-0500"
      }, {
        "lat" : 40.740472661,
        "lon" : -74.0017539044,
        "time" : "20151101T121944-0500"
      }, {
        "lat" : 40.7407175922,
        "lon" : -74.0023586136,
        "time" : "20151101T122002-0500"
      }, {
        "lat" : 40.7404924099,
        "lon" : -74.0023177353,
        "time" : "20151101T122022-0500"
      }, {
        "lat" : 40.7406401166,
        "lon" : -74.0025812156,
        "time" : "20151101T122037-0500"
      }, {
        "lat" : 40.7408983488,
        "lon" : -74.0030267782,
        "time" : "20151101T122055-0500"
      }, {
        "lat" : 40.7410902975,
        "lon" : -74.0034273319,
        "time" : "20151101T122116-0500"
      }, {
        "lat" : 40.741317607,
        "lon" : -74.0039297836,
        "time" : "20151101T122144-0500"
      }, {
        "lat" : 40.7414868214,
        "lon" : -74.0042984316,
        "time" : "20151101T122205-0500"
      }, {
        "lat" : 40.7416480652,
        "lon" : -74.004572002,
        "time" : "20151101T122226-0500"
      }, {
        "lat" : 40.7417928397,
        "lon" : -74.0047272425,
        "time" : "20151101T122259-0500"
      }, {
        "lat" : 40.7418226998,
        "lon" : -74.0048320689,
        "time" : "20151101T122320-0500"
      }, {
        "lat" : 40.7418617625,
        "lon" : -74.0050059621,
        "time" : "20151101T122339-0500"
      }, {
        "lat" : 40.7419854584,
        "lon" : -74.0053885056,
        "time" : "20151101T122359-0500"
      }, {
        "lat" : 40.7421968448,
        "lon" : -74.0059679726,
        "time" : "20151101T122421-0500"
      }, {
        "lat" : 40.7423379685,
        "lon" : -74.0062426383,
        "time" : "20151101T122441-0500"
      }, {
        "lat" : 40.7422936111,
        "lon" : -74.0062100112,
        "time" : "20151101T122515-0500"
      } ]
    } ],
    "lastUpdate" : "20151101T191336Z"
  }, {
    "type" : "place",
    "startTime" : "20151101T122515-0500",
    "endTime" : "20151101T122841-0500",
    "place" : {
      "id" : 231930450,
      "type" : "unknown",
      "location" : {
        "lat" : 40.7422936111,
        "lon" : -74.0062100112
      }
    },
    "activities" : [ {
      "activity" : "walking",
      "group" : "walking",
      "manual" : false,
      "startTime" : "20151101T122643-0500",
      "endTime" : "20151101T122713-0500",
      "duration" : 30.0,
      "distance" : 25.0,
      "steps" : 50,
      "trackPoints" : [ ]
    } ],
    "lastUpdate" : "20151101T191336Z"
  }, {
    "type" : "move",
    "startTime" : "20151101T122841-0500",
    "endTime" : "20151101T124016-0500",
    "activities" : [ {
      "activity" : "walking",
      "group" : "walking",
      "manual" : false,
      "startTime" : "20151101T122841-0500",
      "endTime" : "20151101T124015-0500",
      "duration" : 694.0,
      "distance" : 521.0,
      "steps" : 1042,
      "trackPoints" : [ {
        "lat" : 40.7422936111,
        "lon" : -74.0062100112,
        "time" : "20151101T122841-0500"
      }, {
        "lat" : 40.7422622855,
        "lon" : -74.006104129,
        "time" : "20151101T122901-0500"
      }, {
        "lat" : 40.7422310948,
        "lon" : -74.0060653033,
        "time" : "20151101T122922-0500"
      }, {
        "lat" : 40.7420763874,
        "lon" : -74.0056957673,
        "time" : "20151101T122942-0500"
      }, {
        "lat" : 40.7418709821,
        "lon" : -74.0050279662,
        "time" : "20151101T123009-0500"
      }, {
        "lat" : 40.7418069784,
        "lon" : -74.0048798114,
        "time" : "20151101T123029-0500"
      }, {
        "lat" : 40.7417381368,
        "lon" : -74.0047578212,
        "time" : "20151101T123049-0500"
      }, {
        "lat" : 40.7417489572,
        "lon" : -74.0047554577,
        "time" : "20151101T123115-0500"
      }, {
        "lat" : 40.741679292,
        "lon" : -74.0046486493,
        "time" : "20151101T123136-0500"
      }, {
        "lat" : 40.7414662578,
        "lon" : -74.0042775419,
        "time" : "20151101T123157-0500"
      }, {
        "lat" : 40.7413292611,
        "lon" : -74.0039604174,
        "time" : "20151101T123217-0500"
      }, {
        "lat" : 40.7411667634,
        "lon" : -74.0035874554,
        "time" : "20151101T123238-0500"
      }, {
        "lat" : 40.7410095138,
        "lon" : -74.003239617,
        "time" : "20151101T123259-0500"
      }, {
        "lat" : 40.7408364049,
        "lon" : -74.0028523034,
        "time" : "20151101T123321-0500"
      }, {
        "lat" : 40.7406850998,
        "lon" : -74.0025162856,
        "time" : "20151101T123342-0500"
      }, {
        "lat" : 40.740570648,
        "lon" : -74.0021711125,
        "time" : "20151101T123403-0500"
      }, {
        "lat" : 40.7406043464,
        "lon" : -74.0019254695,
        "time" : "20151101T123424-0500"
      }, {
        "lat" : 40.7407358938,
        "lon" : -74.0018674361,
        "time" : "20151101T123445-0500"
      }, {
        "lat" : 40.7408317983,
        "lon" : -74.0018408643,
        "time" : "20151101T123503-0500"
      }, {
        "lat" : 40.7408540241,
        "lon" : -74.0018277632,
        "time" : "20151101T123522-0500"
      }, {
        "lat" : 40.7409931343,
        "lon" : -74.001796206,
        "time" : "20151101T123544-0500"
      }, {
        "lat" : 40.7410547686,
        "lon" : -74.0017790556,
        "time" : "20151101T123606-0500"
      }, {
        "lat" : 40.7410664106,
        "lon" : -74.0017717082,
        "time" : "20151101T123627-0500"
      }, {
        "lat" : 40.7410723878,
        "lon" : -74.0017730026,
        "time" : "20151101T123649-0500"
      }, {
        "lat" : 40.7410800972,
        "lon" : -74.0017741464,
        "time" : "20151101T123726-0500"
      }, {
        "lat" : 40.7410821566,
        "lon" : -74.0017761567,
        "time" : "20151101T123755-0500"
      }, {
        "lat" : 40.7410814804,
        "lon" : -74.0017771883,
        "time" : "20151101T123825-0500"
      }, {
        "lat" : 40.741088246,
        "lon" : -74.0017869047,
        "time" : "20151101T123840-0500"
      }, {
        "lat" : 40.7410861987,
        "lon" : -74.0017842851,
        "time" : "20151101T123901-0500"
      }, {
        "lat" : 40.7410979307,
        "lon" : -74.0017973387,
        "time" : "20151101T123923-0500"
      }, {
        "lat" : 40.7411140661,
        "lon" : -74.0018119277,
        "time" : "20151101T123945-0500"
      }, {
        "lat" : 40.7412186206,
        "lon" : -74.0014792254,
        "time" : "20151101T124016-0500"
      } ]
    } ],
    "lastUpdate" : "20151101T191336Z"
  }, {
    "type" : "place",
    "startTime" : "20151101T124016-0500",
    "endTime" : "20151101T202125-0500",
    "place" : {
      "id" : 230084909,
      "name" : "Cornell Tech",
      "type" : "foursquare",
      "foursquareId" : "4fdf4038e4b044d93c4fae68",
      "foursquareCategoryIds" : [ "4bf58dd8d48988d1ae941735" ],
      "location" : {
        "lat" : 40.74090046467149,
        "lon" : -74.00221109390259
      }
    },
    "lastUpdate" : "20151102T160341Z"
  }, {
    "type" : "move",
    "startTime" : "20151101T202125-0500",
    "endTime" : "20151101T203037-0500",
    "activities" : [ {
      "activity" : "walking",
      "group" : "walking",
      "manual" : false,
      "startTime" : "20151101T202125-0500",
      "endTime" : "20151101T203037-0500",
      "duration" : 552.0,
      "distance" : 550.0,
      "steps" : 884,
      "trackPoints" : [ {
        "lat" : 40.741200748,
        "lon" : -74.0019471554,
        "time" : "20151101T202125-0500"
      }, {
        "lat" : 40.7410580883,
        "lon" : -74.0018507633,
        "time" : "20151101T202208-0500"
      }, {
        "lat" : 40.7410391074,
        "lon" : -74.0018386533,
        "time" : "20151101T202237-0500"
      }, {
        "lat" : 40.7409988776,
        "lon" : -74.0018368647,
        "time" : "20151101T202321-0500"
      }, {
        "lat" : 40.7409263857,
        "lon" : -74.0018442819,
        "time" : "20151101T202340-0500"
      }, {
        "lat" : 40.7406487121,
        "lon" : -74.0019355331,
        "time" : "20151101T202410-0500"
      }, {
        "lat" : 40.7404491404,
        "lon" : -74.0019634748,
        "time" : "20151101T202427-0500"
      }, {
        "lat" : 40.7403056384,
        "lon" : -74.0017887188,
        "time" : "20151101T202450-0500"
      }, {
        "lat" : 40.7401487183,
        "lon" : -74.0013142806,
        "time" : "20151101T202513-0500"
      }, {
        "lat" : 40.7400373234,
        "lon" : -74.0010278605,
        "time" : "20151101T202529-0500"
      }, {
        "lat" : 40.7398295987,
        "lon" : -74.0005338276,
        "time" : "20151101T202557-0500"
      }, {
        "lat" : 40.7396692972,
        "lon" : -74.0001740628,
        "time" : "20151101T202616-0500"
      }, {
        "lat" : 40.7394488499,
        "lon" : -73.9997377556,
        "time" : "20151101T202637-0500"
      }, {
        "lat" : 40.7391972665,
        "lon" : -73.9994353917,
        "time" : "20151101T202659-0500"
      }, {
        "lat" : 40.7390447936,
        "lon" : -73.9993780788,
        "time" : "20151101T202719-0500"
      }, {
        "lat" : 40.7390318592,
        "lon" : -73.9993079316,
        "time" : "20151101T202739-0500"
      }, {
        "lat" : 40.7390137514,
        "lon" : -73.9991993577,
        "time" : "20151101T202759-0500"
      }, {
        "lat" : 40.7389780105,
        "lon" : -73.9992479036,
        "time" : "20151101T202820-0500"
      }, {
        "lat" : 40.739042725,
        "lon" : -73.9991639627,
        "time" : "20151101T202840-0500"
      }, {
        "lat" : 40.739040577,
        "lon" : -73.9991899837,
        "time" : "20151101T202859-0500"
      }, {
        "lat" : 40.7389774599,
        "lon" : -73.999138751,
        "time" : "20151101T202918-0500"
      }, {
        "lat" : 40.7388933418,
        "lon" : -73.9990925639,
        "time" : "20151101T202939-0500"
      }, {
        "lat" : 40.7387528942,
        "lon" : -73.9991097138,
        "time" : "20151101T202958-0500"
      }, {
        "lat" : 40.7385485732,
        "lon" : -73.9991741682,
        "time" : "20151101T203017-0500"
      }, {
        "lat" : 40.7391834348,
        "lon" : -73.9999108065,
        "time" : "20151101T203037-0500"
      } ]
    } ],
    "lastUpdate" : "20151102T152737Z"
  }, {
    "type" : "place",
    "startTime" : "20151101T203037-0500",
    "endTime" : "20151102T000106-0500",
    "place" : {
      "id" : 230455257,
      "name" : "Home",
      "type" : "home",
      "location" : {
        "lat" : 40.7391834348,
        "lon" : -73.9999108065
      }
    },
    "activities" : [ {
      "activity" : "walking",
      "group" : "walking",
      "manual" : false,
      "startTime" : "20151101T203106-0500",
      "endTime" : "20151101T203606-0500",
      "duration" : 300.0,
      "distance" : 370.0,
      "steps" : 493,
      "trackPoints" : [ ]
    }, {
      "activity" : "walking",
      "group" : "walking",
      "manual" : false,
      "startTime" : "20151101T210207-0500",
      "endTime" : "20151101T210607-0500",
      "duration" : 240.0,
      "distance" : 219.0,
      "steps" : 292,
      "trackPoints" : [ ]
    }, {
      "activity" : "walking",
      "group" : "walking",
      "manual" : false,
      "startTime" : "20151101T221233-0500",
      "endTime" : "20151101T221303-0500",
      "duration" : 30.0,
      "distance" : 15.0,
      "steps" : 30,
      "trackPoints" : [ ]
    } ],
    "lastUpdate" : "20151102T160306Z"
  } ],
  "lastUpdate" : "20151105T152209Z"
}, {
  "date" : "20151102",
  "summary" : [ {
    "activity" : "walking",
    "group" : "walking",
    "duration" : 4643.0,
    "distance" : 4926.0,
    "steps" : 7344
  }, {
    "activity" : "running",
    "group" : "running",
    "duration" : 841.0,
    "distance" : 1893.0,
    "steps" : 2103
  } ],
  "segments" : [ {
    "type" : "place",
    "startTime" : "20151101T203037-0500",
    "endTime" : "20151102T000106-0500",
    "place" : {
      "id" : 230455257,
      "name" : "Home",
      "type" : "home",
      "location" : {
        "lat" : 40.7391834348,
        "lon" : -73.9999108065
      }
    },
    "lastUpdate" : "20151102T160306Z"
  }, {
    "type" : "place",
    "startTime" : "20151102T081359-0500",
    "endTime" : "20151102T085906-0500",
    "place" : {
      "id" : 233405815,
      "type" : "unknown",
      "location" : {
        "lat" : 40.741208814,
        "lon" : -74.0014312226
      }
    },
    "activities" : [ {
      "activity" : "walking",
      "group" : "walking",
      "manual" : false,
      "startTime" : "20151102T081359-0500",
      "endTime" : "20151102T082309-0500",
      "duration" : 550.0,
      "distance" : 883.0,
      "steps" : 1177,
      "trackPoints" : [ ]
    }, {
      "activity" : "running",
      "group" : "running",
      "manual" : false,
      "startTime" : "20151102T081739-0500",
      "endTime" : "20151102T083140-0500",
      "duration" : 841.0,
      "distance" : 1893.0,
      "steps" : 2103,
      "trackPoints" : [ ]
    } ],
    "lastUpdate" : "20151103T143803Z"
  }, {
    "type" : "move",
    "startTime" : "20151102T085906-0500",
    "endTime" : "20151102T090442-0500",
    "activities" : [ {
      "activity" : "walking",
      "group" : "walking",
      "manual" : false,
      "startTime" : "20151102T085906-0500",
      "endTime" : "20151102T090443-0500",
      "duration" : 337.0,
      "distance" : 484.0,
      "steps" : 738,
      "trackPoints" : [ {
        "lat" : 40.7412186206,
        "lon" : -74.0014792254,
        "time" : "20151102T085906-0500"
      }, {
        "lat" : 40.7411308137,
        "lon" : -74.0016718247,
        "time" : "20151102T085926-0500"
      }, {
        "lat" : 40.7411402082,
        "lon" : -74.001642365,
        "time" : "20151102T085946-0500"
      }, {
        "lat" : 40.7411588029,
        "lon" : -74.0015944506,
        "time" : "20151102T085959-0500"
      }, {
        "lat" : 40.7411588168,
        "lon" : -74.0015944148,
        "time" : "20151102T090000-0500"
      }, {
        "lat" : 40.7411775427,
        "lon" : -74.0015461626,
        "time" : "20151102T090013-0500"
      }, {
        "lat" : 40.7411255769,
        "lon" : -74.0015586255,
        "time" : "20151102T090033-0500"
      }, {
        "lat" : 40.7411107561,
        "lon" : -74.0018378846,
        "time" : "20151102T090050-0500"
      }, {
        "lat" : 40.7409388038,
        "lon" : -74.0020830273,
        "time" : "20151102T090106-0500"
      }, {
        "lat" : 40.740591919,
        "lon" : -74.0021563885,
        "time" : "20151102T090124-0500"
      }, {
        "lat" : 40.7403737367,
        "lon" : -74.0018114176,
        "time" : "20151102T090140-0500"
      }, {
        "lat" : 40.7402032026,
        "lon" : -74.0014264332,
        "time" : "20151102T090202-0500"
      }, {
        "lat" : 40.7400566686,
        "lon" : -74.0010598595,
        "time" : "20151102T090223-0500"
      }, {
        "lat" : 40.739915555,
        "lon" : -74.0007288777,
        "time" : "20151102T090243-0500"
      }, {
        "lat" : 40.7397661059,
        "lon" : -74.0003683023,
        "time" : "20151102T090304-0500"
      }, {
        "lat" : 40.7394918397,
        "lon" : -73.9997983489,
        "time" : "20151102T090341-0500"
      }, {
        "lat" : 40.7393175713,
        "lon" : -73.9995182835,
        "time" : "20151102T090402-0500"
      }, {
        "lat" : 40.7391930122,
        "lon" : -73.999480592,
        "time" : "20151102T090422-0500"
      }, {
        "lat" : 40.7391834348,
        "lon" : -73.9999108065,
        "time" : "20151102T090442-0500"
      } ]
    } ],
    "lastUpdate" : "20151102T160306Z"
  }, {
    "type" : "place",
    "startTime" : "20151102T090442-0500",
    "endTime" : "20151102T101445-0500",
    "place" : {
      "id" : 230455257,
      "name" : "Home",
      "type" : "home",
      "location" : {
        "lat" : 40.7391834348,
        "lon" : -73.9999108065
      }
    },
    "activities" : [ {
      "activity" : "walking",
      "group" : "walking",
      "manual" : false,
      "startTime" : "20151102T100949-0500",
      "endTime" : "20151102T101019-0500",
      "duration" : 30.0,
      "distance" : 35.0,
      "steps" : 70,
      "trackPoints" : [ ]
    } ],
    "lastUpdate" : "20151102T160306Z"
  }, {
    "type" : "move",
    "startTime" : "20151102T101445-0500",
    "endTime" : "20151102T102356-0500",
    "activities" : [ {
      "activity" : "walking",
      "group" : "walking",
      "manual" : false,
      "startTime" : "20151102T101445-0500",
      "endTime" : "20151102T102356-0500",
      "duration" : 551.0,
      "distance" : 513.0,
      "steps" : 1026,
      "trackPoints" : [ {
        "lat" : 40.7391834348,
        "lon" : -73.9999108065,
        "time" : "20151102T101445-0500"
      }, {
        "lat" : 40.739201197,
        "lon" : -73.9995731071,
        "time" : "20151102T101509-0500"
      }, {
        "lat" : 40.7391722941,
        "lon" : -73.9995184461,
        "time" : "20151102T101531-0500"
      }, {
        "lat" : 40.7392403681,
        "lon" : -73.9995087652,
        "time" : "20151102T101550-0500"
      }, {
        "lat" : 40.7394860513,
        "lon" : -73.9997864853,
        "time" : "20151102T101612-0500"
      }, {
        "lat" : 40.7397220773,
        "lon" : -74.000225679,
        "time" : "20151102T101640-0500"
      }, {
        "lat" : 40.7399087748,
        "lon" : -74.0005320131,
        "time" : "20151102T101701-0500"
      }, {
        "lat" : 40.7401253772,
        "lon" : -74.0006863092,
        "time" : "20151102T101720-0500"
      }, {
        "lat" : 40.7401854805,
        "lon" : -74.0010956991,
        "time" : "20151102T101743-0500"
      }, {
        "lat" : 40.7402733705,
        "lon" : -74.0015296764,
        "time" : "20151102T101806-0500"
      }, {
        "lat" : 40.7403883183,
        "lon" : -74.001827856,
        "time" : "20151102T101826-0500"
      }, {
        "lat" : 40.740516463,
        "lon" : -74.0019386288,
        "time" : "20151102T101847-0500"
      }, {
        "lat" : 40.7407522931,
        "lon" : -74.0018464054,
        "time" : "20151102T101910-0500"
      }, {
        "lat" : 40.7409434025,
        "lon" : -74.0017641904,
        "time" : "20151102T101931-0500"
      }, {
        "lat" : 40.7410308831,
        "lon" : -74.0017970457,
        "time" : "20151102T101951-0500"
      }, {
        "lat" : 40.7410778143,
        "lon" : -74.0018261159,
        "time" : "20151102T102011-0500"
      }, {
        "lat" : 40.7410775093,
        "lon" : -74.0018031925,
        "time" : "20151102T102031-0500"
      }, {
        "lat" : 40.7410804025,
        "lon" : -74.0017788484,
        "time" : "20151102T102052-0500"
      }, {
        "lat" : 40.7411135474,
        "lon" : -74.0018136976,
        "time" : "20151102T102121-0500"
      }, {
        "lat" : 40.7411606298,
        "lon" : -74.00186403,
        "time" : "20151102T102137-0500"
      }, {
        "lat" : 40.7411932293,
        "lon" : -74.0019022681,
        "time" : "20151102T102159-0500"
      }, {
        "lat" : 40.7411830409,
        "lon" : -74.0018891824,
        "time" : "20151102T102221-0500"
      }, {
        "lat" : 40.7411695287,
        "lon" : -74.0018807962,
        "time" : "20151102T102243-0500"
      }, {
        "lat" : 40.7411557068,
        "lon" : -74.001862724,
        "time" : "20151102T102305-0500"
      }, {
        "lat" : 40.7411666474,
        "lon" : -74.0018663957,
        "time" : "20151102T102335-0500"
      }, {
        "lat" : 40.7412186206,
        "lon" : -74.0014792254,
        "time" : "20151102T102356-0500"
      } ]
    } ],
    "lastUpdate" : "20151102T160306Z"
  }, {
    "type" : "place",
    "startTime" : "20151102T102356-0500",
    "endTime" : "20151102T234144-0500",
    "place" : {
      "id" : 230084909,
      "name" : "Cornell Tech",
      "type" : "foursquare",
      "foursquareId" : "4fdf4038e4b044d93c4fae68",
      "foursquareCategoryIds" : [ "4bf58dd8d48988d1ae941735" ],
      "location" : {
        "lat" : 40.74090046467149,
        "lon" : -74.00221109390259
      }
    },
    "activities" : [ {
      "activity" : "walking",
      "group" : "walking",
      "manual" : false,
      "startTime" : "20151102T102550-0500",
      "endTime" : "20151102T102620-0500",
      "duration" : 30.0,
      "distance" : 25.0,
      "steps" : 50,
      "trackPoints" : [ ]
    }, {
      "activity" : "walking",
      "group" : "walking",
      "manual" : false,
      "startTime" : "20151102T110033-0500",
      "endTime" : "20151102T110103-0500",
      "duration" : 30.0,
      "distance" : 30.0,
      "steps" : 60,
      "trackPoints" : [ ]
    }, {
      "activity" : "walking",
      "group" : "walking",
      "manual" : false,
      "startTime" : "20151102T120313-0500",
      "endTime" : "20151102T120713-0500",
      "duration" : 240.0,
      "distance" : 317.0,
      "steps" : 423,
      "trackPoints" : [ ]
    }, {
      "activity" : "walking",
      "group" : "walking",
      "manual" : false,
      "startTime" : "20151102T131309-0500",
      "endTime" : "20151102T131439-0500",
      "duration" : 90.0,
      "distance" : 75.0,
      "steps" : 151,
      "trackPoints" : [ ]
    }, {
      "activity" : "walking",
      "group" : "walking",
      "manual" : false,
      "startTime" : "20151102T140453-0500",
      "endTime" : "20151102T141224-0500",
      "duration" : 451.0,
      "distance" : 514.0,
      "steps" : 685,
      "trackPoints" : [ ]
    }, {
      "activity" : "walking",
      "group" : "walking",
      "manual" : false,
      "startTime" : "20151102T154435-0500",
      "endTime" : "20151102T155205-0500",
      "duration" : 450.0,
      "distance" : 377.0,
      "steps" : 503,
      "trackPoints" : [ ]
    }, {
      "activity" : "walking",
      "group" : "walking",
      "manual" : false,
      "startTime" : "20151102T162907-0500",
      "endTime" : "20151102T163109-0500",
      "duration" : 122.0,
      "distance" : 122.0,
      "steps" : 163,
      "trackPoints" : [ ]
    }, {
      "activity" : "walking",
      "group" : "walking",
      "manual" : false,
      "startTime" : "20151102T173849-0500",
      "endTime" : "20151102T174249-0500",
      "duration" : 240.0,
      "distance" : 332.0,
      "steps" : 442,
      "trackPoints" : [ ]
    }, {
      "activity" : "walking",
      "group" : "walking",
      "manual" : false,
      "startTime" : "20151102T180050-0500",
      "endTime" : "20151102T180538-0500",
      "duration" : 288.0,
      "distance" : 273.0,
      "steps" : 364,
      "trackPoints" : [ ]
    }, {
      "activity" : "walking",
      "group" : "walking",
      "manual" : false,
      "startTime" : "20151102T201846-0500",
      "endTime" : "20151102T202748-0500",
      "duration" : 542.0,
      "distance" : 506.0,
      "steps" : 675,
      "trackPoints" : [ ]
    }, {
      "activity" : "walking",
      "group" : "walking",
      "manual" : false,
      "startTime" : "20151102T231838-0500",
      "endTime" : "20151102T231908-0500",
      "duration" : 30.0,
      "distance" : 20.0,
      "steps" : 40,
      "trackPoints" : [ ]
    } ],
    "lastUpdate" : "20151105T152209Z"
  }, {
    "type" : "move",
    "startTime" : "20151102T234144-0500",
    "endTime" : "20151102T235247-0500",
    "activities" : [ {
      "activity" : "walking",
      "group" : "walking",
      "manual" : false,
      "startTime" : "20151102T234144-0500",
      "endTime" : "20151102T235246-0500",
      "duration" : 662.0,
      "distance" : 420.0,
      "steps" : 777,
      "trackPoints" : [ {
        "lat" : 40.7409004647,
        "lon" : -74.0022110939,
        "time" : "20151102T234144-0500"
      }, {
        "lat" : 40.741078149,
        "lon" : -74.0019135446,
        "time" : "20151102T234240-0500"
      }, {
        "lat" : 40.7410709479,
        "lon" : -74.0019100403,
        "time" : "20151102T234300-0500"
      }, {
        "lat" : 40.7410430256,
        "lon" : -74.0018860732,
        "time" : "20151102T234432-0500"
      }, {
        "lat" : 40.7410679606,
        "lon" : -74.0018731984,
        "time" : "20151102T234512-0500"
      }, {
        "lat" : 40.7410392593,
        "lon" : -74.0018647669,
        "time" : "20151102T234530-0500"
      }, {
        "lat" : 40.740984308,
        "lon" : -74.0018598799,
        "time" : "20151102T234549-0500"
      }, {
        "lat" : 40.7407894153,
        "lon" : -74.0018597792,
        "time" : "20151102T234612-0500"
      }, {
        "lat" : 40.7407172803,
        "lon" : -74.0018461103,
        "time" : "20151102T234635-0500"
      }, {
        "lat" : 40.7406548946,
        "lon" : -74.0018222966,
        "time" : "20151102T234710-0500"
      }, {
        "lat" : 40.7404636424,
        "lon" : -74.0017537228,
        "time" : "20151102T234744-0500"
      }, {
        "lat" : 40.7403126793,
        "lon" : -74.0016000809,
        "time" : "20151102T234804-0500"
      }, {
        "lat" : 40.7402083632,
        "lon" : -74.0013537983,
        "time" : "20151102T234829-0500"
      }, {
        "lat" : 40.7400785167,
        "lon" : -74.0011782638,
        "time" : "20151102T234852-0500"
      }, {
        "lat" : 40.739929449,
        "lon" : -74.000700138,
        "time" : "20151102T234911-0500"
      }, {
        "lat" : 40.739728263,
        "lon" : -74.0002590553,
        "time" : "20151102T234932-0500"
      }, {
        "lat" : 40.7394640835,
        "lon" : -73.9997050402,
        "time" : "20151102T235000-0500"
      }, {
        "lat" : 40.7393311092,
        "lon" : -73.9994384118,
        "time" : "20151102T235020-0500"
      }, {
        "lat" : 40.7392226383,
        "lon" : -73.9994274597,
        "time" : "20151102T235047-0500"
      }, {
        "lat" : 40.7391403532,
        "lon" : -73.9994914213,
        "time" : "20151102T235106-0500"
      }, {
        "lat" : 40.7390834925,
        "lon" : -73.9996216693,
        "time" : "20151102T235126-0500"
      }, {
        "lat" : 40.7391145984,
        "lon" : -73.9997598086,
        "time" : "20151102T235146-0500"
      }, {
        "lat" : 40.7390927996,
        "lon" : -73.9997484206,
        "time" : "20151102T235206-0500"
      }, {
        "lat" : 40.7391013689,
        "lon" : -73.9997582255,
        "time" : "20151102T235226-0500"
      }, {
        "lat" : 40.7391834348,
        "lon" : -73.9999108065,
        "time" : "20151102T235247-0500"
      } ]
    } ],
    "lastUpdate" : "20151103T140053Z"
  }, {
    "type" : "place",
    "startTime" : "20151102T235247-0500",
    "endTime" : "20151103T074147-0500",
    "place" : {
      "id" : 230455257,
      "name" : "Home",
      "type" : "home",
      "location" : {
        "lat" : 40.7391834348,
        "lon" : -73.9999108065
      }
    },
    "lastUpdate" : "20151103T143742Z"
  } ],
  "lastUpdate" : "20151105T152209Z"
}, {
  "date" : "20151103",
  "summary" : [ {
    "activity" : "walking",
    "group" : "walking",
    "duration" : 654.0,
    "distance" : 723.0,
    "steps" : 1068
  } ],
  "segments" : [ {
    "type" : "place",
    "startTime" : "20151102T235247-0500",
    "endTime" : "20151103T074147-0500",
    "place" : {
      "id" : 230455257,
      "name" : "Home",
      "type" : "home",
      "location" : {
        "lat" : 40.7391834348,
        "lon" : -73.9999108065
      }
    },
    "lastUpdate" : "20151103T143742Z"
  }, {
    "type" : "place",
    "startTime" : "20151103T090110-0500",
    "endTime" : "20151104T010042-0500",
    "place" : {
      "id" : 230084909,
      "name" : "Cornell Tech",
      "type" : "foursquare",
      "foursquareId" : "4fdf4038e4b044d93c4fae68",
      "foursquareCategoryIds" : [ "4bf58dd8d48988d1ae941735" ],
      "location" : {
        "lat" : 40.74090046467149,
        "lon" : -74.00221109390259
      }
    },
    "activities" : [ {
      "activity" : "walking",
      "group" : "walking",
      "manual" : false,
      "startTime" : "20151103T093753-0500",
      "endTime" : "20151103T094247-0500",
      "duration" : 294.0,
      "distance" : 372.0,
      "steps" : 497,
      "trackPoints" : [ ]
    }, {
      "activity" : "walking",
      "group" : "walking",
      "manual" : false,
      "startTime" : "20151103T100413-0500",
      "endTime" : "20151103T100443-0500",
      "duration" : 30.0,
      "distance" : 25.0,
      "steps" : 50,
      "trackPoints" : [ ]
    }, {
      "activity" : "walking",
      "group" : "walking",
      "manual" : false,
      "startTime" : "20151103T133251-0500",
      "endTime" : "20151103T133321-0500",
      "duration" : 30.0,
      "distance" : 30.0,
      "steps" : 60,
      "trackPoints" : [ ]
    }, {
      "activity" : "walking",
      "group" : "walking",
      "manual" : false,
      "startTime" : "20151103T190030-0500",
      "endTime" : "20151103T190330-0500",
      "duration" : 180.0,
      "distance" : 196.0,
      "steps" : 261,
      "trackPoints" : [ ]
    }, {
      "activity" : "walking",
      "group" : "walking",
      "manual" : false,
      "startTime" : "20151103T201329-0500",
      "endTime" : "20151103T201359-0500",
      "duration" : 30.0,
      "distance" : 25.0,
      "steps" : 50,
      "trackPoints" : [ ]
    }, {
      "activity" : "walking",
      "group" : "walking",
      "manual" : false,
      "startTime" : "20151103T210720-0500",
      "endTime" : "20151103T210750-0500",
      "duration" : 30.0,
      "distance" : 20.0,
      "steps" : 40,
      "trackPoints" : [ ]
    }, {
      "activity" : "walking",
      "group" : "walking",
      "manual" : false,
      "startTime" : "20151103T234135-0500",
      "endTime" : "20151103T234235-0500",
      "duration" : 60.0,
      "distance" : 55.0,
      "steps" : 110,
      "trackPoints" : [ ]
    } ],
    "lastUpdate" : "20151104T160606Z"
  } ],
  "lastUpdate" : "20151104T160606Z"
}, {
  "date" : "20151104",
  "summary" : [ {
    "activity" : "walking",
    "group" : "walking",
    "duration" : 3086.0,
    "distance" : 3105.0,
    "steps" : 4721
  } ],
  "segments" : [ {
    "type" : "place",
    "startTime" : "20151103T090110-0500",
    "endTime" : "20151104T010042-0500",
    "place" : {
      "id" : 230084909,
      "name" : "Cornell Tech",
      "type" : "foursquare",
      "foursquareId" : "4fdf4038e4b044d93c4fae68",
      "foursquareCategoryIds" : [ "4bf58dd8d48988d1ae941735" ],
      "location" : {
        "lat" : 40.74090046467149,
        "lon" : -74.00221109390259
      }
    },
    "activities" : [ {
      "activity" : "walking",
      "group" : "walking",
      "manual" : false,
      "startTime" : "20151104T005610-0500",
      "endTime" : "20151104T005640-0500",
      "duration" : 30.0,
      "distance" : 20.0,
      "steps" : 40,
      "trackPoints" : [ ]
    } ],
    "lastUpdate" : "20151104T160606Z"
  }, {
    "type" : "move",
    "startTime" : "20151104T010042-0500",
    "endTime" : "20151104T011028-0500",
    "activities" : [ {
      "activity" : "walking",
      "group" : "walking",
      "manual" : false,
      "startTime" : "20151104T010042-0500",
      "endTime" : "20151104T011028-0500",
      "duration" : 586.0,
      "distance" : 516.0,
      "steps" : 746,
      "trackPoints" : [ {
        "lat" : 40.7412186206,
        "lon" : -74.0014792254,
        "time" : "20151104T010042-0500"
      }, {
        "lat" : 40.7410441434,
        "lon" : -74.0016903769,
        "time" : "20151104T010148-0500"
      }, {
        "lat" : 40.7410217257,
        "lon" : -74.0016596879,
        "time" : "20151104T010246-0500"
      }, {
        "lat" : 40.7410124003,
        "lon" : -74.0016782757,
        "time" : "20151104T010305-0500"
      }, {
        "lat" : 40.7408795198,
        "lon" : -74.0017614768,
        "time" : "20151104T010334-0500"
      }, {
        "lat" : 40.7408808989,
        "lon" : -74.0016372783,
        "time" : "20151104T010356-0500"
      }, {
        "lat" : 40.7413039954,
        "lon" : -74.0011371792,
        "time" : "20151104T010422-0500"
      }, {
        "lat" : 40.7408332406,
        "lon" : -74.0015024285,
        "time" : "20151104T010438-0500"
      }, {
        "lat" : 40.7404421243,
        "lon" : -74.0016434193,
        "time" : "20151104T010459-0500"
      }, {
        "lat" : 40.7402666031,
        "lon" : -74.0014993236,
        "time" : "20151104T010522-0500"
      }, {
        "lat" : 40.7401529767,
        "lon" : -74.0012786381,
        "time" : "20151104T010540-0500"
      }, {
        "lat" : 40.7400151345,
        "lon" : -74.0009467028,
        "time" : "20151104T010602-0500"
      }, {
        "lat" : 40.7398743237,
        "lon" : -74.0006228112,
        "time" : "20151104T010624-0500"
      }, {
        "lat" : 40.7396452319,
        "lon" : -74.0000820436,
        "time" : "20151104T010653-0500"
      }, {
        "lat" : 40.7394897696,
        "lon" : -73.9997570449,
        "time" : "20151104T010714-0500"
      }, {
        "lat" : 40.7393628795,
        "lon" : -73.999489601,
        "time" : "20151104T010734-0500"
      }, {
        "lat" : 40.7393012959,
        "lon" : -73.9994001517,
        "time" : "20151104T010757-0500"
      }, {
        "lat" : 40.7392639378,
        "lon" : -73.9993959281,
        "time" : "20151104T010812-0500"
      }, {
        "lat" : 40.739191772,
        "lon" : -73.9994538271,
        "time" : "20151104T010833-0500"
      }, {
        "lat" : 40.7391325525,
        "lon" : -73.9995418023,
        "time" : "20151104T010852-0500"
      }, {
        "lat" : 40.7391263391,
        "lon" : -73.9996727371,
        "time" : "20151104T010911-0500"
      }, {
        "lat" : 40.7391429769,
        "lon" : -73.9997394101,
        "time" : "20151104T010934-0500"
      }, {
        "lat" : 40.7391639462,
        "lon" : -73.9998261925,
        "time" : "20151104T010957-0500"
      }, {
        "lat" : 40.7391180253,
        "lon" : -73.9998431172,
        "time" : "20151104T011028-0500"
      } ]
    } ],
    "lastUpdate" : "20151104T160538Z"
  }, {
    "type" : "place",
    "startTime" : "20151104T094854-0500",
    "endTime" : "20151104T213932-0500",
    "place" : {
      "id" : 230084909,
      "name" : "Cornell Tech",
      "type" : "foursquare",
      "foursquareId" : "4fdf4038e4b044d93c4fae68",
      "foursquareCategoryIds" : [ "4bf58dd8d48988d1ae941735" ],
      "location" : {
        "lat" : 40.74090046467149,
        "lon" : -74.00221109390259
      }
    },
    "activities" : [ {
      "activity" : "walking",
      "group" : "walking",
      "manual" : false,
      "startTime" : "20151104T112335-0500",
      "endTime" : "20151104T112605-0500",
      "duration" : 150.0,
      "distance" : 196.0,
      "steps" : 262,
      "trackPoints" : [ ]
    }, {
      "activity" : "walking",
      "group" : "walking",
      "manual" : false,
      "startTime" : "20151104T121815-0500",
      "endTime" : "20151104T121945-0500",
      "duration" : 90.0,
      "distance" : 75.0,
      "steps" : 151,
      "trackPoints" : [ ]
    }, {
      "activity" : "walking",
      "group" : "walking",
      "manual" : false,
      "startTime" : "20151104T135204-0500",
      "endTime" : "20151104T135307-0500",
      "duration" : 63.0,
      "distance" : 42.0,
      "steps" : 85,
      "trackPoints" : [ ]
    }, {
      "activity" : "walking",
      "group" : "walking",
      "manual" : false,
      "startTime" : "20151104T140614-0500",
      "endTime" : "20151104T141014-0500",
      "duration" : 240.0,
      "distance" : 294.0,
      "steps" : 392,
      "trackPoints" : [ ]
    }, {
      "activity" : "walking",
      "group" : "walking",
      "manual" : false,
      "startTime" : "20151104T164817-0500",
      "endTime" : "20151104T164958-0500",
      "duration" : 101.0,
      "distance" : 93.0,
      "steps" : 186,
      "trackPoints" : [ ]
    }, {
      "activity" : "walking",
      "group" : "walking",
      "manual" : false,
      "startTime" : "20151104T170000-0500",
      "endTime" : "20151104T170549-0500",
      "duration" : 349.0,
      "distance" : 373.0,
      "steps" : 498,
      "trackPoints" : [ ]
    }, {
      "activity" : "walking",
      "group" : "walking",
      "manual" : false,
      "startTime" : "20151104T183347-0500",
      "endTime" : "20151104T183517-0500",
      "duration" : 90.0,
      "distance" : 65.0,
      "steps" : 131,
      "trackPoints" : [ ]
    }, {
      "activity" : "walking",
      "group" : "walking",
      "manual" : false,
      "startTime" : "20151104T200841-0500",
      "endTime" : "20151104T200911-0500",
      "duration" : 30.0,
      "distance" : 15.0,
      "steps" : 20,
      "trackPoints" : [ ]
    }, {
      "activity" : "walking",
      "group" : "walking",
      "manual" : false,
      "startTime" : "20151104T210626-0500",
      "endTime" : "20151104T210656-0500",
      "duration" : 30.0,
      "distance" : 25.0,
      "steps" : 50,
      "trackPoints" : [ ]
    } ],
    "lastUpdate" : "20151105T152209Z"
  }, {
    "type" : "move",
    "startTime" : "20151104T213932-0500",
    "endTime" : "20151104T214836-0500",
    "activities" : [ {
      "activity" : "walking",
      "group" : "walking",
      "manual" : false,
      "startTime" : "20151104T213932-0500",
      "endTime" : "20151104T214836-0500",
      "duration" : 544.0,
      "distance" : 552.0,
      "steps" : 860,
      "trackPoints" : [ {
        "lat" : 40.7409004647,
        "lon" : -74.0022110939,
        "time" : "20151104T213932-0500"
      }, {
        "lat" : 40.7409547814,
        "lon" : -74.0019824998,
        "time" : "20151104T213956-0500"
      }, {
        "lat" : 40.7408497754,
        "lon" : -74.001932042,
        "time" : "20151104T214016-0500"
      }, {
        "lat" : 40.7407028732,
        "lon" : -74.0018506894,
        "time" : "20151104T214042-0500"
      }, {
        "lat" : 40.7407313634,
        "lon" : -74.0018773142,
        "time" : "20151104T214058-0500"
      }, {
        "lat" : 40.7409025639,
        "lon" : -74.0019633638,
        "time" : "20151104T214118-0500"
      }, {
        "lat" : 40.7410618257,
        "lon" : -74.0021318393,
        "time" : "20151104T214143-0500"
      }, {
        "lat" : 40.7411758828,
        "lon" : -74.0017761508,
        "time" : "20151104T214202-0500"
      }, {
        "lat" : 40.741274104,
        "lon" : -74.001531026,
        "time" : "20151104T214222-0500"
      }, {
        "lat" : 40.7413984438,
        "lon" : -74.0013752534,
        "time" : "20151104T214242-0500"
      }, {
        "lat" : 40.7415086737,
        "lon" : -74.0012582244,
        "time" : "20151104T214259-0500"
      }, {
        "lat" : 40.7416686097,
        "lon" : -74.0011580365,
        "time" : "20151104T214319-0500"
      }, {
        "lat" : 40.7419619768,
        "lon" : -74.0009513471,
        "time" : "20151104T214347-0500"
      }, {
        "lat" : 40.7421192899,
        "lon" : -74.0008308179,
        "time" : "20151104T214407-0500"
      }, {
        "lat" : 40.7422393515,
        "lon" : -74.0007745735,
        "time" : "20151104T214427-0500"
      }, {
        "lat" : 40.7423681476,
        "lon" : -74.0005849636,
        "time" : "20151104T214447-0500"
      }, {
        "lat" : 40.7424673298,
        "lon" : -74.0003292643,
        "time" : "20151104T214508-0500"
      }, {
        "lat" : 40.7426620635,
        "lon" : -73.9999512526,
        "time" : "20151104T214528-0500"
      }, {
        "lat" : 40.7428642767,
        "lon" : -73.9998680167,
        "time" : "20151104T214546-0500"
      }, {
        "lat" : 40.7427933821,
        "lon" : -74.0001722143,
        "time" : "20151104T214604-0500"
      }, {
        "lat" : 40.7429413224,
        "lon" : -74.0001673109,
        "time" : "20151104T214624-0500"
      }, {
        "lat" : 40.7431112271,
        "lon" : -74.0000726009,
        "time" : "20151104T214644-0500"
      }, {
        "lat" : 40.7434067854,
        "lon" : -73.9998597134,
        "time" : "20151104T214713-0500"
      }, {
        "lat" : 40.7436091604,
        "lon" : -73.9996976994,
        "time" : "20151104T214735-0500"
      }, {
        "lat" : 40.7437454233,
        "lon" : -73.9995968539,
        "time" : "20151104T214755-0500"
      }, {
        "lat" : 40.7438344264,
        "lon" : -73.9995446147,
        "time" : "20151104T214816-0500"
      }, {
        "lat" : 40.7437626047,
        "lon" : -73.9995954129,
        "time" : "20151104T214836-0500"
      } ]
    } ],
    "lastUpdate" : "20151105T033612Z"
  }, {
    "type" : "place",
    "startTime" : "20151104T214836-0500",
    "endTime" : "20151104T215134-0500",
    "place" : {
      "id" : 233802877,
      "type" : "unknown",
      "location" : {
        "lat" : 40.7437626047,
        "lon" : -73.9995954129
      }
    },
    "lastUpdate" : "20151105T033612Z"
  }, {
    "type" : "move",
    "startTime" : "20151104T215134-0500",
    "endTime" : "20151104T215806-0500",
    "activities" : [ {
      "activity" : "walking",
      "group" : "walking",
      "manual" : false,
      "startTime" : "20151104T215134-0500",
      "endTime" : "20151104T215806-0500",
      "duration" : 392.0,
      "distance" : 389.0,
      "steps" : 687,
      "trackPoints" : [ {
        "lat" : 40.7437626047,
        "lon" : -73.9995954129,
        "time" : "20151104T215134-0500"
      }, {
        "lat" : 40.7436623652,
        "lon" : -73.9996535375,
        "time" : "20151104T215155-0500"
      }, {
        "lat" : 40.7434691735,
        "lon" : -73.9997452011,
        "time" : "20151104T215222-0500"
      }, {
        "lat" : 40.7434344327,
        "lon" : -73.9998442551,
        "time" : "20151104T215237-0500"
      }, {
        "lat" : 40.7434542091,
        "lon" : -73.9999691753,
        "time" : "20151104T215253-0500"
      }, {
        "lat" : 40.7432534988,
        "lon" : -74.0001055262,
        "time" : "20151104T215309-0500"
      }, {
        "lat" : 40.7430163868,
        "lon" : -74.0001921113,
        "time" : "20151104T215329-0500"
      }, {
        "lat" : 40.7428526081,
        "lon" : -74.000363832,
        "time" : "20151104T215349-0500"
      }, {
        "lat" : 40.7426318431,
        "lon" : -74.0004814134,
        "time" : "20151104T215409-0500"
      }, {
        "lat" : 40.7424500918,
        "lon" : -74.0005915288,
        "time" : "20151104T215429-0500"
      }, {
        "lat" : 40.7423287745,
        "lon" : -74.000733862,
        "time" : "20151104T215450-0500"
      }, {
        "lat" : 40.7422460204,
        "lon" : -74.0009010491,
        "time" : "20151104T215508-0500"
      }, {
        "lat" : 40.7419897168,
        "lon" : -74.0009649852,
        "time" : "20151104T215528-0500"
      }, {
        "lat" : 40.7417842306,
        "lon" : -74.0010885923,
        "time" : "20151104T215549-0500"
      }, {
        "lat" : 40.741577741,
        "lon" : -74.0012960696,
        "time" : "20151104T215609-0500"
      }, {
        "lat" : 40.7413390589,
        "lon" : -74.001341069,
        "time" : "20151104T215630-0500"
      }, {
        "lat" : 40.7411328256,
        "lon" : -74.0012476195,
        "time" : "20151104T215658-0500"
      }, {
        "lat" : 40.7410909726,
        "lon" : -74.001498192,
        "time" : "20151104T215714-0500"
      }, {
        "lat" : 40.7411212959,
        "lon" : -74.0015618023,
        "time" : "20151104T215739-0500"
      }, {
        "lat" : 40.7412186206,
        "lon" : -74.0014792254,
        "time" : "20151104T215806-0500"
      } ]
    } ],
    "lastUpdate" : "20151105T033612Z"
  }, {
    "type" : "place",
    "startTime" : "20151104T215806-0500",
    "endTime" : "20151105T024518-0500",
    "place" : {
      "id" : 230084909,
      "name" : "Cornell Tech",
      "type" : "foursquare",
      "foursquareId" : "4fdf4038e4b044d93c4fae68",
      "foursquareCategoryIds" : [ "4bf58dd8d48988d1ae941735" ],
      "location" : {
        "lat" : 40.74090046467149,
        "lon" : -74.00221109390259
      }
    },
    "activities" : [ {
      "activity" : "walking",
      "group" : "walking",
      "manual" : false,
      "startTime" : "20151104T215935-0500",
      "endTime" : "20151104T220336-0500",
      "duration" : 241.0,
      "distance" : 269.0,
      "steps" : 372,
      "trackPoints" : [ ]
    }, {
      "activity" : "walking",
      "group" : "walking",
      "manual" : false,
      "startTime" : "20151104T230540-0500",
      "endTime" : "20151104T230810-0500",
      "duration" : 150.0,
      "distance" : 181.0,
      "steps" : 241,
      "trackPoints" : [ ]
    } ],
    "lastUpdate" : "20151105T152209Z"
  } ],
  "lastUpdate" : "20151105T152209Z"
}, {
  "date" : "20151105",
  "summary" : [ {
    "activity" : "walking",
    "group" : "walking",
    "duration" : 812.0,
    "distance" : 971.0,
    "steps" : 1514
  } ],
  "segments" : [ {
    "type" : "place",
    "startTime" : "20151104T215806-0500",
    "endTime" : "20151105T024518-0500",
    "place" : {
      "id" : 230084909,
      "name" : "Cornell Tech",
      "type" : "foursquare",
      "foursquareId" : "4fdf4038e4b044d93c4fae68",
      "foursquareCategoryIds" : [ "4bf58dd8d48988d1ae941735" ],
      "location" : {
        "lat" : 40.74090046467149,
        "lon" : -74.00221109390259
      }
    },
    "activities" : [ {
      "activity" : "walking",
      "group" : "walking",
      "manual" : false,
      "startTime" : "20151105T001922-0500",
      "endTime" : "20151105T001952-0500",
      "duration" : 30.0,
      "distance" : 35.0,
      "steps" : 70,
      "trackPoints" : [ ]
    }, {
      "activity" : "walking",
      "group" : "walking",
      "manual" : false,
      "startTime" : "20151105T021928-0500",
      "endTime" : "20151105T022131-0500",
      "duration" : 123.0,
      "distance" : 163.0,
      "steps" : 217,
      "trackPoints" : [ ]
    } ],
    "lastUpdate" : "20151105T152209Z"
  }, {
    "type" : "move",
    "startTime" : "20151105T024518-0500",
    "endTime" : "20151105T024924-0500",
    "activities" : [ {
      "activity" : "walking",
      "group" : "walking",
      "manual" : false,
      "startTime" : "20151105T024518-0500",
      "endTime" : "20151105T024924-0500",
      "duration" : 246.0,
      "distance" : 354.0,
      "steps" : 463,
      "trackPoints" : [ {
        "lat" : 40.7412186206,
        "lon" : -74.0014792254,
        "time" : "20151105T024518-0500"
      }, {
        "lat" : 40.7408801934,
        "lon" : -74.0018921676,
        "time" : "20151105T024534-0500"
      }, {
        "lat" : 40.740660425,
        "lon" : -74.0018897151,
        "time" : "20151105T024552-0500"
      }, {
        "lat" : 40.7405109247,
        "lon" : -74.0018619009,
        "time" : "20151105T024608-0500"
      }, {
        "lat" : 40.7402994746,
        "lon" : -74.0017682713,
        "time" : "20151105T024628-0500"
      }, {
        "lat" : 40.7402828008,
        "lon" : -74.0017266427,
        "time" : "20151105T024645-0500"
      }, {
        "lat" : 40.7401318512,
        "lon" : -74.0012771642,
        "time" : "20151105T024719-0500"
      }, {
        "lat" : 40.7400083239,
        "lon" : -74.0009548176,
        "time" : "20151105T024740-0500"
      }, {
        "lat" : 40.7398935813,
        "lon" : -74.0006782683,
        "time" : "20151105T024759-0500"
      }, {
        "lat" : 40.7397642,
        "lon" : -74.0003552387,
        "time" : "20151105T024820-0500"
      }, {
        "lat" : 40.7396492423,
        "lon" : -74.0000918412,
        "time" : "20151105T024835-0500"
      }, {
        "lat" : 40.739477565,
        "lon" : -73.999731083,
        "time" : "20151105T024856-0500"
      }, {
        "lat" : 40.7391834348,
        "lon" : -73.9999108065,
        "time" : "20151105T024924-0500"
      } ]
    } ],
    "lastUpdate" : "20151105T152146Z"
  }, {
    "type" : "place",
    "startTime" : "20151105T024924-0500",
    "endTime" : "20151105T025421-0500",
    "place" : {
      "id" : 230455257,
      "name" : "Home",
      "type" : "home",
      "location" : {
        "lat" : 40.7391834348,
        "lon" : -73.9999108065
      }
    },
    "activities" : [ {
      "activity" : "walking",
      "group" : "walking",
      "manual" : false,
      "startTime" : "20151105T025152-0500",
      "endTime" : "20151105T025222-0500",
      "duration" : 30.0,
      "distance" : 15.0,
      "steps" : 30,
      "trackPoints" : [ ]
    } ],
    "lastUpdate" : "20151105T152146Z"
  }, {
    "type" : "move",
    "startTime" : "20151105T095315-0500",
    "endTime" : "20151105T095937-0500",
    "activities" : [ {
      "activity" : "walking",
      "group" : "walking",
      "manual" : false,
      "startTime" : "20151105T095315-0500",
      "endTime" : "20151105T095938-0500",
      "duration" : 383.0,
      "distance" : 404.0,
      "steps" : 734,
      "trackPoints" : [ {
        "lat" : 40.7392806727,
        "lon" : -73.9997279651,
        "time" : "20151105T095315-0500"
      }, {
        "lat" : 40.7392863717,
        "lon" : -73.9997244703,
        "time" : "20151105T095332-0500"
      }, {
        "lat" : 40.7392888958,
        "lon" : -73.9997250664,
        "time" : "20151105T095349-0500"
      }, {
        "lat" : 40.7391710893,
        "lon" : -73.9997111496,
        "time" : "20151105T095419-0500"
      }, {
        "lat" : 40.7393480993,
        "lon" : -73.9996866726,
        "time" : "20151105T095442-0500"
      }, {
        "lat" : 40.739703665,
        "lon" : -74.0002655092,
        "time" : "20151105T095514-0500"
      }, {
        "lat" : 40.7398767915,
        "lon" : -74.0006407467,
        "time" : "20151105T095535-0500"
      }, {
        "lat" : 40.7400179768,
        "lon" : -74.0009794618,
        "time" : "20151105T095554-0500"
      }, {
        "lat" : 40.7401619073,
        "lon" : -74.0013384134,
        "time" : "20151105T095615-0500"
      }, {
        "lat" : 40.7402874531,
        "lon" : -74.0016787694,
        "time" : "20151105T095635-0500"
      }, {
        "lat" : 40.7403931149,
        "lon" : -74.0019989749,
        "time" : "20151105T095657-0500"
      }, {
        "lat" : 40.7404230354,
        "lon" : -74.0020465388,
        "time" : "20151105T095715-0500"
      }, {
        "lat" : 40.7405947188,
        "lon" : -74.0020753606,
        "time" : "20151105T095734-0500"
      }, {
        "lat" : 40.7408323199,
        "lon" : -74.0019040622,
        "time" : "20151105T095753-0500"
      }, {
        "lat" : 40.7409819434,
        "lon" : -74.0018593147,
        "time" : "20151105T095809-0500"
      }, {
        "lat" : 40.7410929362,
        "lon" : -74.0019088431,
        "time" : "20151105T095830-0500"
      }, {
        "lat" : 40.7410944447,
        "lon" : -74.001914418,
        "time" : "20151105T095850-0500"
      }, {
        "lat" : 40.7411780937,
        "lon" : -74.0019597967,
        "time" : "20151105T095917-0500"
      }, {
        "lat" : 40.7409004647,
        "lon" : -74.0022110939,
        "time" : "20151105T095937-0500"
      } ]
    } ],
    "lastUpdate" : "20151105T152146Z"
  }, {
    "type" : "place",
    "startTime" : "20151105T095937-0500",
    "endTime" : "20151105T102139-0500",
    "place" : {
      "id" : 230084909,
      "name" : "Cornell Tech",
      "type" : "foursquare",
      "foursquareId" : "4fdf4038e4b044d93c4fae68",
      "foursquareCategoryIds" : [ "4bf58dd8d48988d1ae941735" ],
      "location" : {
        "lat" : 40.74090046467149,
        "lon" : -74.00221109390259
      }
    },
    "lastUpdate" : "20151105T152209Z"
  } ],
  "lastUpdate" : "20151105T152209Z"
} ]