[ {
  "date" : "20151027",
  "segments" : [ {
    "type" : "place",
    "startTime" : "20151026T210232-0400",
    "endTime" : "20151027T010110-0400",
    "place" : {
      "id" : 230084909,
      "name" : "Cornell Tech",
      "type" : "foursquare",
      "foursquareId" : "4fdf4038e4b044d93c4fae68",
      "foursquareCategoryIds" : [ "4bf58dd8d48988d1ae941735" ],
      "location" : {
        "lat" : 40.74090046467149,
        "lon" : -74.00221109390259
      }
    },
    "lastUpdate" : "20151029T193822Z"
  }, {
    "type" : "place",
    "startTime" : "20151027T101230-0400",
    "endTime" : "20151027T114850-0400",
    "place" : {
      "id" : 230084909,
      "name" : "Cornell Tech",
      "type" : "foursquare",
      "foursquareId" : "4fdf4038e4b044d93c4fae68",
      "foursquareCategoryIds" : [ "4bf58dd8d48988d1ae941735" ],
      "location" : {
        "lat" : 40.74090046467149,
        "lon" : -74.00221109390259
      }
    },
    "lastUpdate" : "20151029T193822Z"
  }, {
    "type" : "place",
    "startTime" : "20151027T120337-0400",
    "endTime" : "20151027T124639-0400",
    "place" : {
      "id" : 231360124,
      "name" : "New York Doctors Walk-In Urgent Care",
      "type" : "foursquare",
      "foursquareId" : "4d3c518744f5a0930398cbbb",
      "foursquareCategoryIds" : [ "4bf58dd8d48988d177941735" ],
      "location" : {
        "lat" : 40.73651,
        "lon" : -73.99691
      }
    },
    "lastUpdate" : "20151027T175742Z"
  }, {
    "type" : "place",
    "startTime" : "20151027T125750-0400",
    "endTime" : "20151027T182555-0400",
    "place" : {
      "id" : 230084909,
      "name" : "Cornell Tech",
      "type" : "foursquare",
      "foursquareId" : "4fdf4038e4b044d93c4fae68",
      "foursquareCategoryIds" : [ "4bf58dd8d48988d1ae941735" ],
      "location" : {
        "lat" : 40.74090046467149,
        "lon" : -74.00221109390259
      }
    },
    "lastUpdate" : "20151029T193822Z"
  }, {
    "type" : "place",
    "startTime" : "20151027T190619-0400",
    "endTime" : "20151027T191916-0400",
    "place" : {
      "id" : 231460125,
      "name" : "Wendy's",
      "type" : "foursquare",
      "foursquareId" : "4b32b549f964a520561225e3",
      "foursquareCategoryIds" : [ "4bf58dd8d48988d16e941735" ],
      "location" : {
        "lat" : 40.73563273531996,
        "lon" : -73.99258419960101
      }
    },
    "lastUpdate" : "20151029T135511Z"
  }, {
    "type" : "place",
    "startTime" : "20151027T192453-0400",
    "endTime" : "20151027T195552-0400",
    "place" : {
      "id" : 230455171,
      "name" : "Party City",
      "type" : "foursquare",
      "foursquareId" : "4a66352af964a52034c81fe3",
      "foursquareCategoryIds" : [ "4bf58dd8d48988d128951735" ],
      "location" : {
        "lat" : 40.73698341524972,
        "lon" : -73.99541917523608
      }
    },
    "lastUpdate" : "20151028T144529Z"
  }, {
    "type" : "place",
    "startTime" : "20151027T200900-0400",
    "endTime" : "20151027T222623-0400",
    "place" : {
      "id" : 230084909,
      "name" : "Cornell Tech",
      "type" : "foursquare",
      "foursquareId" : "4fdf4038e4b044d93c4fae68",
      "foursquareCategoryIds" : [ "4bf58dd8d48988d1ae941735" ],
      "location" : {
        "lat" : 40.74090046467149,
        "lon" : -74.00221109390259
      }
    },
    "lastUpdate" : "20151029T193822Z"
  }, {
    "type" : "place",
    "startTime" : "20151027T225311-0400",
    "endTime" : "20151028T014510-0400",
    "place" : {
      "id" : 231598892,
      "name" : "The Blind Barber",
      "type" : "foursquare",
      "foursquareId" : "4be367f82fc7d13aa08a083a",
      "foursquareCategoryIds" : [ "4bf58dd8d48988d1d4941735" ],
      "location" : {
        "lat" : 40.72705648280683,
        "lon" : -73.98041169261889
      }
    },
    "lastUpdate" : "20151028T203200Z"
  } ],
  "lastUpdate" : "20151029T193822Z"
} ]