[ {
  "date" : "20151028",
  "segments" : [ {
    "type" : "place",
    "startTime" : "20151027T225311-0400",
    "endTime" : "20151028T014510-0400",
    "place" : {
      "id" : 231598892,
      "name" : "The Blind Barber",
      "type" : "foursquare",
      "foursquareId" : "4be367f82fc7d13aa08a083a",
      "foursquareCategoryIds" : [ "4bf58dd8d48988d1d4941735" ],
      "location" : {
        "lat" : 40.72705648280683,
        "lon" : -73.98041169261889
      }
    },
    "lastUpdate" : "20151028T203200Z"
  }, {
    "type" : "place",
    "startTime" : "20151028T015547-0400",
    "endTime" : "20151028T021744-0400",
    "place" : {
      "id" : 231598939,
      "name" : "Horus Café & Kebab House",
      "type" : "foursquare",
      "foursquareId" : "40fb0f00f964a520d80a1fe3",
      "foursquareCategoryIds" : [ "4bf58dd8d48988d119941735" ],
      "location" : {
        "lat" : 40.72439748364204,
        "lon" : -73.98165136086156
      }
    },
    "lastUpdate" : "20151028T203237Z"
  }, {
    "type" : "place",
    "startTime" : "20151028T023154-0400",
    "endTime" : "20151028T023333-0400",
    "place" : {
      "id" : 230455257,
      "name" : "Home",
      "type" : "home",
      "location" : {
        "lat" : 40.7391834348,
        "lon" : -73.9999108065
      }
    },
    "lastUpdate" : "20151028T191545Z"
  }, {
    "type" : "place",
    "startTime" : "20151028T104016-0400",
    "endTime" : "20151029T002400-0400",
    "place" : {
      "id" : 230084909,
      "name" : "Cornell Tech",
      "type" : "foursquare",
      "foursquareId" : "4fdf4038e4b044d93c4fae68",
      "foursquareCategoryIds" : [ "4bf58dd8d48988d1ae941735" ],
      "location" : {
        "lat" : 40.74090046467149,
        "lon" : -74.00221109390259
      }
    },
    "lastUpdate" : "20151029T193822Z"
  } ],
  "lastUpdate" : "20151029T193822Z"
} ]