[ {
  "date" : "20151023",
  "segments" : [ {
    "type" : "place",
    "startTime" : "20151023T104535-0400",
    "endTime" : "20151023T135155-0400",
    "place" : {
      "id" : 230084909,
      "name" : "Cornell Tech",
      "type" : "foursquare",
      "foursquareId" : "4fdf4038e4b044d93c4fae68",
      "foursquareCategoryIds" : [ "4bf58dd8d48988d1ae941735" ],
      "location" : {
        "lat" : 40.74090046467149,
        "lon" : -74.00221109390259
      }
    },
    "lastUpdate" : "20151029T193822Z"
  }, {
    "type" : "place",
    "startTime" : "20151023T140054-0400",
    "endTime" : "20151023T142619-0400",
    "place" : {
      "id" : 230153948,
      "name" : "Chelsea Market",
      "type" : "foursquare",
      "foursquareId" : "41390580f964a520dc1a1fe3",
      "foursquareCategoryIds" : [ "50be8ee891d4fa8dcc7199a7" ],
      "location" : {
        "lat" : 40.74224172008897,
        "lon" : -74.00545120239258
      }
    },
    "lastUpdate" : "20151029T193554Z"
  }, {
    "type" : "place",
    "startTime" : "20151023T143402-0400",
    "endTime" : "20151023T182658-0400",
    "place" : {
      "id" : 230084909,
      "name" : "Cornell Tech",
      "type" : "foursquare",
      "foursquareId" : "4fdf4038e4b044d93c4fae68",
      "foursquareCategoryIds" : [ "4bf58dd8d48988d1ae941735" ],
      "location" : {
        "lat" : 40.74090046467149,
        "lon" : -74.00221109390259
      }
    },
    "lastUpdate" : "20151029T193822Z"
  }, {
    "type" : "place",
    "startTime" : "20151023T184802-0400",
    "endTime" : "20151023T193159-0400",
    "place" : {
      "id" : 230455069,
      "name" : "Amsterdam Billiards & Bar",
      "type" : "foursquare",
      "foursquareId" : "4a91a619f964a520271b20e3",
      "foursquareCategoryIds" : [ "4bf58dd8d48988d1e3931735" ],
      "location" : {
        "lat" : 40.731823,
        "lon" : -73.9898
      }
    },
    "lastUpdate" : "20151024T152718Z"
  }, {
    "type" : "place",
    "startTime" : "20151023T193754-0400",
    "endTime" : "20151023T201845-0400",
    "place" : {
      "id" : 230455084,
      "name" : "Best Buy",
      "type" : "foursquare",
      "foursquareId" : "4afd738bf964a520e92722e3",
      "foursquareCategoryIds" : [ "4bf58dd8d48988d122951735" ],
      "location" : {
        "lat" : 40.734269,
        "lon" : -73.990084
      }
    },
    "lastUpdate" : "20151024T152739Z"
  }, {
    "type" : "place",
    "startTime" : "20151023T202452-0400",
    "endTime" : "20151023T215654-0400",
    "place" : {
      "id" : 230455145,
      "name" : "Burlington Coat Factory",
      "type" : "foursquare",
      "foursquareId" : "505a0a7ee4b0fbd8289d86fc",
      "foursquareCategoryIds" : [ "4bf58dd8d48988d103951735" ],
      "location" : {
        "lat" : 40.73522624860998,
        "lon" : -73.99116039276123
      }
    },
    "lastUpdate" : "20151024T152938Z"
  }, {
    "type" : "place",
    "startTime" : "20151023T220710-0400",
    "endTime" : "20151023T223900-0400",
    "place" : {
      "id" : 230455171,
      "name" : "Party City",
      "type" : "foursquare",
      "foursquareId" : "4a66352af964a52034c81fe3",
      "foursquareCategoryIds" : [ "4bf58dd8d48988d128951735" ],
      "location" : {
        "lat" : 40.73698341524972,
        "lon" : -73.99541917523608
      }
    },
    "lastUpdate" : "20151024T152844Z"
  }, {
    "type" : "place",
    "startTime" : "20151023T225404-0400",
    "endTime" : "20151024T004058-0400",
    "place" : {
      "id" : 230455172,
      "name" : "Bunga's Den",
      "type" : "foursquare",
      "foursquareId" : "4af4f840f964a520c1f721e3",
      "foursquareCategoryIds" : [ "4bf58dd8d48988d116941735" ],
      "location" : {
        "lat" : 40.738143,
        "lon" : -73.998552
      }
    },
    "lastUpdate" : "20151024T165931Z"
  } ],
  "lastUpdate" : "20151029T193822Z"
} ]