[ {
  "date" : "20151024",
  "segments" : [ {
    "type" : "place",
    "startTime" : "20151023T225404-0400",
    "endTime" : "20151024T004058-0400",
    "place" : {
      "id" : 230455172,
      "name" : "Bunga's Den",
      "type" : "foursquare",
      "foursquareId" : "4af4f840f964a520c1f721e3",
      "foursquareCategoryIds" : [ "4bf58dd8d48988d116941735" ],
      "location" : {
        "lat" : 40.738143,
        "lon" : -73.998552
      }
    },
    "lastUpdate" : "20151024T165931Z"
  }, {
    "type" : "place",
    "startTime" : "20151024T004622-0400",
    "endTime" : "20151024T004757-0400",
    "place" : {
      "id" : 230455257,
      "name" : "Home",
      "type" : "home",
      "location" : {
        "lat" : 40.7391834348,
        "lon" : -73.9999108065
      }
    },
    "lastUpdate" : "20151026T145957Z"
  }, {
    "type" : "place",
    "startTime" : "20151024T112633-0400",
    "endTime" : "20151024T230012-0400",
    "place" : {
      "id" : 230084909,
      "name" : "Cornell Tech",
      "type" : "foursquare",
      "foursquareId" : "4fdf4038e4b044d93c4fae68",
      "foursquareCategoryIds" : [ "4bf58dd8d48988d1ae941735" ],
      "location" : {
        "lat" : 40.74090046467149,
        "lon" : -74.00221109390259
      }
    },
    "lastUpdate" : "20151029T193822Z"
  }, {
    "type" : "place",
    "startTime" : "20151024T232315-0400",
    "endTime" : "20151024T234344-0400",
    "place" : {
      "id" : 230793610,
      "name" : "The Halal Guys",
      "type" : "foursquare",
      "foursquareId" : "4a19d1edf964a5205a7a1fe3",
      "foursquareCategoryIds" : [ "4bf58dd8d48988d1cb941735" ],
      "location" : {
        "lat" : 40.76172693352597,
        "lon" : -73.97885061753348
      }
    },
    "lastUpdate" : "20151025T150440Z"
  }, {
    "type" : "place",
    "startTime" : "20151024T235325-0400",
    "endTime" : "20151025T001824-0400",
    "place" : {
      "id" : 230793611,
      "type" : "unknown",
      "location" : {
        "lat" : 40.7570204024,
        "lon" : -73.9829117837
      }
    },
    "lastUpdate" : "20151025T150323Z"
  } ],
  "lastUpdate" : "20151029T193822Z"
} ]