[ {
  "date" : "20151029",
  "segments" : [ {
    "type" : "place",
    "startTime" : "20151028T104016-0400",
    "endTime" : "20151029T002400-0400",
    "place" : {
      "id" : 230084909,
      "name" : "Cornell Tech",
      "type" : "foursquare",
      "foursquareId" : "4fdf4038e4b044d93c4fae68",
      "foursquareCategoryIds" : [ "4bf58dd8d48988d1ae941735" ],
      "location" : {
        "lat" : 40.74090046467149,
        "lon" : -74.00221109390259
      }
    },
    "lastUpdate" : "20151029T193822Z"
  }, {
    "type" : "place",
    "startTime" : "20151029T002919-0400",
    "endTime" : "20151029T003225-0400",
    "place" : {
      "id" : 230455257,
      "name" : "Home",
      "type" : "home",
      "location" : {
        "lat" : 40.7391834348,
        "lon" : -73.9999108065
      }
    },
    "lastUpdate" : "20151029T184025Z"
  }, {
    "type" : "place",
    "startTime" : "20151029T094839-0400",
    "endTime" : "20151029T095808-0400",
    "place" : {
      "id" : 231360124,
      "name" : "New York Doctors Walk-In Urgent Care",
      "type" : "foursquare",
      "foursquareId" : "4d3c518744f5a0930398cbbb",
      "foursquareCategoryIds" : [ "4bf58dd8d48988d177941735" ],
      "location" : {
        "lat" : 40.73651,
        "lon" : -73.99691
      }
    },
    "lastUpdate" : "20151029T184025Z"
  }, {
    "type" : "place",
    "startTime" : "20151029T101000-0400",
    "endTime" : "20151029T113549-0400",
    "place" : {
      "id" : 230084909,
      "name" : "Cornell Tech",
      "type" : "foursquare",
      "foursquareId" : "4fdf4038e4b044d93c4fae68",
      "foursquareCategoryIds" : [ "4bf58dd8d48988d1ae941735" ],
      "location" : {
        "lat" : 40.74090046467149,
        "lon" : -74.00221109390259
      }
    },
    "lastUpdate" : "20151029T193822Z"
  }, {
    "type" : "place",
    "startTime" : "20151029T114634-0400",
    "endTime" : "20151029T115027-0400",
    "place" : {
      "id" : 230153948,
      "name" : "Chelsea Market",
      "type" : "foursquare",
      "foursquareId" : "41390580f964a520dc1a1fe3",
      "foursquareCategoryIds" : [ "50be8ee891d4fa8dcc7199a7" ],
      "location" : {
        "lat" : 40.74224172008897,
        "lon" : -74.00545120239258
      }
    },
    "lastUpdate" : "20151029T193554Z"
  }, {
    "type" : "place",
    "startTime" : "20151029T115738-0400",
    "endTime" : "20151029T155227-0400",
    "place" : {
      "id" : 230084909,
      "name" : "Cornell Tech",
      "type" : "foursquare",
      "foursquareId" : "4fdf4038e4b044d93c4fae68",
      "foursquareCategoryIds" : [ "4bf58dd8d48988d1ae941735" ],
      "location" : {
        "lat" : 40.74090046467149,
        "lon" : -74.00221109390259
      }
    },
    "lastUpdate" : "20151029T195230Z"
  } ],
  "lastUpdate" : "20151029T195230Z"
} ]