[ {
  "date" : "20151101",
  "summary" : [ {
    "activity" : "walking",
    "group" : "walking",
    "duration" : 6205.0,
    "distance" : 7765.0,
    "steps" : 10352
  } ],
  "lastUpdate" : "20151105T152209Z"
}, {
  "date" : "20151102",
  "summary" : [ {
    "activity" : "walking",
    "group" : "walking",
    "duration" : 4643.0,
    "distance" : 4926.0,
    "steps" : 7344
  }, {
    "activity" : "running",
    "group" : "running",
    "duration" : 841.0,
    "distance" : 1893.0,
    "steps" : 2103
  } ],
  "lastUpdate" : "20151105T152209Z"
}, {
  "date" : "20151103",
  "summary" : [ {
    "activity" : "walking",
    "group" : "walking",
    "duration" : 654.0,
    "distance" : 723.0,
    "steps" : 1068
  } ],
  "lastUpdate" : "20151104T160606Z"
}, {
  "date" : "20151104",
  "summary" : [ {
    "activity" : "walking",
    "group" : "walking",
    "duration" : 3086.0,
    "distance" : 3105.0,
    "steps" : 4721
  } ],
  "lastUpdate" : "20151105T152209Z"
}, {
  "date" : "20151105",
  "summary" : [ {
    "activity" : "walking",
    "group" : "walking",
    "duration" : 812.0,
    "distance" : 971.0,
    "steps" : 1514
  } ],
  "lastUpdate" : "20151105T152209Z"
} ]