[ {
  "date" : "20151026",
  "segments" : [ {
    "type" : "place",
    "startTime" : "20151025T203842-0400",
    "endTime" : "20151026T001801-0400",
    "place" : {
      "id" : 230455257,
      "name" : "Home",
      "type" : "home",
      "location" : {
        "lat" : 40.7391834348,
        "lon" : -73.9999108065
      }
    },
    "lastUpdate" : "20151026T145957Z"
  }, {
    "type" : "place",
    "startTime" : "20151026T083615-0400",
    "endTime" : "20151026T093807-0400",
    "place" : {
      "id" : 231086419,
      "name" : "New York Sports Club",
      "type" : "foursquare",
      "foursquareId" : "4a71e6e8f964a520d2d91fe3",
      "foursquareCategoryIds" : [ "4bf58dd8d48988d176941735" ],
      "location" : {
        "lat" : 40.74121862055951,
        "lon" : -74.00147922543175
      }
    },
    "lastUpdate" : "20151027T161719Z"
  }, {
    "type" : "place",
    "startTime" : "20151026T094350-0400",
    "endTime" : "20151026T105046-0400",
    "place" : {
      "id" : 230455257,
      "name" : "Home",
      "type" : "home",
      "location" : {
        "lat" : 40.7391834348,
        "lon" : -73.9999108065
      }
    },
    "lastUpdate" : "20151026T151809Z"
  }, {
    "type" : "place",
    "startTime" : "20151026T105700-0400",
    "endTime" : "20151026T191745-0400",
    "place" : {
      "id" : 230084909,
      "name" : "Cornell Tech",
      "type" : "foursquare",
      "foursquareId" : "4fdf4038e4b044d93c4fae68",
      "foursquareCategoryIds" : [ "4bf58dd8d48988d1ae941735" ],
      "location" : {
        "lat" : 40.74090046467149,
        "lon" : -74.00221109390259
      }
    },
    "lastUpdate" : "20151105T152209Z"
  }, {
    "type" : "place",
    "startTime" : "20151026T193317-0400",
    "endTime" : "20151026T195606-0400",
    "place" : {
      "id" : 230793610,
      "name" : "The Halal Guys",
      "type" : "foursquare",
      "foursquareId" : "4a19d1edf964a5205a7a1fe3",
      "foursquareCategoryIds" : [ "4bf58dd8d48988d1cb941735" ],
      "location" : {
        "lat" : 40.76172693352597,
        "lon" : -73.97885061753348
      }
    },
    "lastUpdate" : "20151027T030451Z"
  }, {
    "type" : "place",
    "startTime" : "20151026T201137-0400",
    "endTime" : "20151026T202958-0400",
    "place" : {
      "id" : 231221644,
      "name" : "Breads Bakery",
      "type" : "foursquare",
      "foursquareId" : "5581f0a3498ebf2e88c9f849",
      "foursquareCategoryIds" : [ "4bf58dd8d48988d16a941735" ],
      "location" : {
        "lat" : 40.75448855313416,
        "lon" : -73.98402736930704
      }
    },
    "lastUpdate" : "20151027T161804Z"
  }, {
    "type" : "place",
    "startTime" : "20151026T210232-0400",
    "endTime" : "20151027T010110-0400",
    "place" : {
      "id" : 230084909,
      "name" : "Cornell Tech",
      "type" : "foursquare",
      "foursquareId" : "4fdf4038e4b044d93c4fae68",
      "foursquareCategoryIds" : [ "4bf58dd8d48988d1ae941735" ],
      "location" : {
        "lat" : 40.74090046467149,
        "lon" : -74.00221109390259
      }
    },
    "lastUpdate" : "20151105T152209Z"
  } ],
  "lastUpdate" : "20151105T152209Z"
} ]