[ {
  "date" : "20151103",
  "segments" : [ {
    "type" : "place",
    "startTime" : "20151102T235247-0500",
    "endTime" : "20151103T074147-0500",
    "place" : {
      "id" : 230455257,
      "name" : "Home",
      "type" : "home",
      "location" : {
        "lat" : 40.7391834348,
        "lon" : -73.9999108065
      }
    },
    "lastUpdate" : "20151103T143742Z"
  }, {
    "type" : "place",
    "startTime" : "20151103T090110-0500",
    "endTime" : "20151104T010042-0500",
    "place" : {
      "id" : 230084909,
      "name" : "Cornell Tech",
      "type" : "foursquare",
      "foursquareId" : "4fdf4038e4b044d93c4fae68",
      "foursquareCategoryIds" : [ "4bf58dd8d48988d1ae941735" ],
      "location" : {
        "lat" : 40.74090046467149,
        "lon" : -74.00221109390259
      }
    },
    "lastUpdate" : "20151104T160606Z"
  } ],
  "lastUpdate" : "20151104T160606Z"
} ]