[ {
  "date" : "20151030",
  "segments" : [ {
    "type" : "place",
    "startTime" : "20151030T071316-0400",
    "endTime" : "20151030T072510-0400",
    "place" : {
      "id" : 232206907,
      "type" : "unknown",
      "location" : {
        "lat" : 40.7404524793,
        "lon" : -74.0011420381
      }
    },
    "lastUpdate" : "20151030T173523Z"
  }, {
    "type" : "place",
    "startTime" : "20151030T080047-0400",
    "endTime" : "20151030T083814-0400",
    "place" : {
      "id" : 232206912,
      "name" : "Gallery Rivaa",
      "type" : "foursquare",
      "foursquareId" : "4bd0d2119854d13a9e86f84d",
      "foursquareCategoryIds" : [ "4bf58dd8d48988d1e2931735" ],
      "location" : {
        "lat" : 40.76147480213481,
        "lon" : -73.95037025468532
      }
    },
    "lastUpdate" : "20151030T200401Z"
  }, {
    "type" : "place",
    "startTime" : "20151030T084249-0400",
    "endTime" : "20151030T114023-0400",
    "place" : {
      "id" : 232206913,
      "name" : "PS 217",
      "type" : "foursquare",
      "foursquareId" : "4eb9ce585c5c0e067d14c79e",
      "foursquareCategoryIds" : [ "4bf58dd8d48988d13b941735" ],
      "location" : {
        "lat" : 40.76382906147592,
        "lon" : -73.94797087053819
      }
    },
    "lastUpdate" : "20151030T200431Z"
  }, {
    "type" : "place",
    "startTime" : "20151030T114554-0400",
    "endTime" : "20151030T120734-0400",
    "place" : {
      "id" : 232206912,
      "name" : "Gallery Rivaa",
      "type" : "foursquare",
      "foursquareId" : "4bd0d2119854d13a9e86f84d",
      "foursquareCategoryIds" : [ "4bf58dd8d48988d1e2931735" ],
      "location" : {
        "lat" : 40.76147480213481,
        "lon" : -73.95037025468532
      }
    },
    "lastUpdate" : "20151030T200401Z"
  }, {
    "type" : "place",
    "startTime" : "20151030T133352-0400",
    "endTime" : "20151030T171016-0400",
    "place" : {
      "id" : 230084909,
      "name" : "Cornell Tech",
      "type" : "foursquare",
      "foursquareId" : "4fdf4038e4b044d93c4fae68",
      "foursquareCategoryIds" : [ "4bf58dd8d48988d1ae941735" ],
      "location" : {
        "lat" : 40.74090046467149,
        "lon" : -74.00221109390259
      }
    },
    "lastUpdate" : "20151105T152209Z"
  }, {
    "type" : "place",
    "startTime" : "20151030T174633-0400",
    "endTime" : "20151030T175527-0400",
    "place" : {
      "id" : 230455257,
      "name" : "Home",
      "type" : "home",
      "location" : {
        "lat" : 40.7391834348,
        "lon" : -73.9999108065
      }
    },
    "lastUpdate" : "20151031T161654Z"
  }, {
    "type" : "place",
    "startTime" : "20151030T181406-0400",
    "endTime" : "20151030T184406-0400",
    "place" : {
      "id" : 230455145,
      "name" : "Burlington Coat Factory",
      "type" : "foursquare",
      "foursquareId" : "505a0a7ee4b0fbd8289d86fc",
      "foursquareCategoryIds" : [ "4bf58dd8d48988d103951735" ],
      "location" : {
        "lat" : 40.73522624860998,
        "lon" : -73.99116039276123
      }
    },
    "lastUpdate" : "20151031T161656Z"
  }, {
    "type" : "place",
    "startTime" : "20151030T190310-0400",
    "endTime" : "20151031T021833-0400",
    "place" : {
      "id" : 230455257,
      "name" : "Home",
      "type" : "home",
      "location" : {
        "lat" : 40.7391834348,
        "lon" : -73.9999108065
      }
    },
    "lastUpdate" : "20151031T211046Z"
  } ],
  "lastUpdate" : "20151105T152209Z"
} ]