[ {
  "date" : "20151031",
  "segments" : [ {
    "type" : "place",
    "startTime" : "20151030T190310-0400",
    "endTime" : "20151031T021833-0400",
    "place" : {
      "id" : 230455257,
      "name" : "Home",
      "type" : "home",
      "location" : {
        "lat" : 40.7391834348,
        "lon" : -73.9999108065
      }
    },
    "lastUpdate" : "20151031T211046Z"
  }, {
    "type" : "place",
    "startTime" : "20151031T121151-0400",
    "endTime" : "20151031T121830-0400",
    "place" : {
      "id" : 232206907,
      "type" : "unknown",
      "location" : {
        "lat" : 40.7404524793,
        "lon" : -74.0011420381
      }
    },
    "lastUpdate" : "20151031T211046Z"
  }, {
    "type" : "place",
    "startTime" : "20151031T124408-0400",
    "endTime" : "20151031T163839-0400",
    "place" : {
      "id" : 232639307,
      "name" : "277 West End Avenue",
      "type" : "foursquare",
      "foursquareId" : "4e3b860b7d8b0e9610502a2e",
      "foursquareCategoryIds" : [ "4d954b06a243a5684965b473" ],
      "location" : {
        "lat" : 40.78037117226599,
        "lon" : -73.98418232535889
      }
    },
    "lastUpdate" : "20151101T015303Z"
  }, {
    "type" : "place",
    "startTime" : "20151031T164247-0400",
    "endTime" : "20151031T164713-0400",
    "place" : {
      "id" : 232703645,
      "type" : "unknown",
      "location" : {
        "lat" : 40.77881314,
        "lon" : -73.9819035413
      }
    },
    "lastUpdate" : "20151101T012003Z"
  }, {
    "type" : "place",
    "startTime" : "20151031T170617-0400",
    "endTime" : "20151101T010655-0400",
    "place" : {
      "id" : 230084909,
      "name" : "Cornell Tech",
      "type" : "foursquare",
      "foursquareId" : "4fdf4038e4b044d93c4fae68",
      "foursquareCategoryIds" : [ "4bf58dd8d48988d1ae941735" ],
      "location" : {
        "lat" : 40.74090046467149,
        "lon" : -74.00221109390259
      }
    },
    "lastUpdate" : "20151105T152209Z"
  } ],
  "lastUpdate" : "20151105T152209Z"
} ]