[ {
  "date" : "20151101",
  "segments" : [ {
    "type" : "place",
    "startTime" : "20151031T170617-0400",
    "endTime" : "20151101T010655-0400",
    "place" : {
      "id" : 230084909,
      "name" : "Cornell Tech",
      "type" : "foursquare",
      "foursquareId" : "4fdf4038e4b044d93c4fae68",
      "foursquareCategoryIds" : [ "4bf58dd8d48988d1ae941735" ],
      "location" : {
        "lat" : 40.74090046467149,
        "lon" : -74.00221109390259
      }
    },
    "lastUpdate" : "20151105T152209Z"
  }, {
    "type" : "place",
    "startTime" : "20151101T011004-0400",
    "endTime" : "20151101T092336-0500",
    "place" : {
      "id" : 230455257,
      "name" : "Home",
      "type" : "home",
      "location" : {
        "lat" : 40.7391834348,
        "lon" : -73.9999108065
      }
    },
    "lastUpdate" : "20151101T191336Z"
  }, {
    "type" : "place",
    "startTime" : "20151101T094109-0500",
    "endTime" : "20151101T102531-0500",
    "place" : {
      "id" : 232899185,
      "name" : "Church of St. Francis of Assisi",
      "type" : "foursquare",
      "foursquareId" : "4b524706f964a5205c7427e3",
      "foursquareCategoryIds" : [ "4bf58dd8d48988d132941735" ],
      "location" : {
        "lat" : 40.7487687770178,
        "lon" : -73.99062395095825
      }
    },
    "lastUpdate" : "20151102T000032Z"
  }, {
    "type" : "place",
    "startTime" : "20151101T104742-0500",
    "endTime" : "20151101T120029-0500",
    "place" : {
      "id" : 230084909,
      "name" : "Cornell Tech",
      "type" : "foursquare",
      "foursquareId" : "4fdf4038e4b044d93c4fae68",
      "foursquareCategoryIds" : [ "4bf58dd8d48988d1ae941735" ],
      "location" : {
        "lat" : 40.74090046467149,
        "lon" : -74.00221109390259
      }
    },
    "lastUpdate" : "20151102T000158Z"
  }, {
    "type" : "place",
    "startTime" : "20151101T122515-0500",
    "endTime" : "20151101T122841-0500",
    "place" : {
      "id" : 231930450,
      "type" : "unknown",
      "location" : {
        "lat" : 40.7422936111,
        "lon" : -74.0062100112
      }
    },
    "lastUpdate" : "20151101T191336Z"
  }, {
    "type" : "place",
    "startTime" : "20151101T124016-0500",
    "endTime" : "20151101T202125-0500",
    "place" : {
      "id" : 230084909,
      "name" : "Cornell Tech",
      "type" : "foursquare",
      "foursquareId" : "4fdf4038e4b044d93c4fae68",
      "foursquareCategoryIds" : [ "4bf58dd8d48988d1ae941735" ],
      "location" : {
        "lat" : 40.74090046467149,
        "lon" : -74.00221109390259
      }
    },
    "lastUpdate" : "20151102T160341Z"
  }, {
    "type" : "place",
    "startTime" : "20151101T203037-0500",
    "endTime" : "20151102T000106-0500",
    "place" : {
      "id" : 230455257,
      "name" : "Home",
      "type" : "home",
      "location" : {
        "lat" : 40.7391834348,
        "lon" : -73.9999108065
      }
    },
    "lastUpdate" : "20151102T160306Z"
  } ],
  "lastUpdate" : "20151105T152209Z"
} ]