[ {
  "date" : "20151104",
  "segments" : [ {
    "type" : "place",
    "startTime" : "20151103T090110-0500",
    "endTime" : "20151104T010042-0500",
    "place" : {
      "id" : 230084909,
      "name" : "Cornell Tech",
      "type" : "foursquare",
      "foursquareId" : "4fdf4038e4b044d93c4fae68",
      "foursquareCategoryIds" : [ "4bf58dd8d48988d1ae941735" ],
      "location" : {
        "lat" : 40.74090046467149,
        "lon" : -74.00221109390259
      }
    },
    "lastUpdate" : "20151104T160606Z"
  }, {
    "type" : "place",
    "startTime" : "20151104T094854-0500",
    "endTime" : "20151104T213932-0500",
    "place" : {
      "id" : 230084909,
      "name" : "Cornell Tech",
      "type" : "foursquare",
      "foursquareId" : "4fdf4038e4b044d93c4fae68",
      "foursquareCategoryIds" : [ "4bf58dd8d48988d1ae941735" ],
      "location" : {
        "lat" : 40.74090046467149,
        "lon" : -74.00221109390259
      }
    },
    "lastUpdate" : "20151105T152209Z"
  }, {
    "type" : "place",
    "startTime" : "20151104T214836-0500",
    "endTime" : "20151104T215134-0500",
    "place" : {
      "id" : 233802877,
      "type" : "unknown",
      "location" : {
        "lat" : 40.7437626047,
        "lon" : -73.9995954129
      }
    },
    "lastUpdate" : "20151105T033612Z"
  }, {
    "type" : "place",
    "startTime" : "20151104T215806-0500",
    "endTime" : "20151105T024518-0500",
    "place" : {
      "id" : 230084909,
      "name" : "Cornell Tech",
      "type" : "foursquare",
      "foursquareId" : "4fdf4038e4b044d93c4fae68",
      "foursquareCategoryIds" : [ "4bf58dd8d48988d1ae941735" ],
      "location" : {
        "lat" : 40.74090046467149,
        "lon" : -74.00221109390259
      }
    },
    "lastUpdate" : "20151105T152209Z"
  } ],
  "lastUpdate" : "20151105T152209Z"
} ]