[ {
  "date" : "20151029",
  "summary" : [ {
    "activity" : "walking",
    "group" : "walking",
    "duration" : 3596.0,
    "distance" : 4085.0,
    "steps" : 6087
  } ],
  "segments" : [ {
    "type" : "place",
    "startTime" : "20151028T104016-0400",
    "endTime" : "20151029T002400-0400",
    "activities" : [ {
      "activity" : "walking",
      "group" : "walking",
      "manual" : false,
      "startTime" : "20151029T001610-0400",
      "endTime" : "20151029T001710-0400",
      "duration" : 60.0,
      "distance" : 50.0,
      "steps" : 101
    } ],
    "lastUpdate" : "20151029T193822Z"
  }, {
    "type" : "move",
    "startTime" : "20151029T002400-0400",
    "endTime" : "20151029T002919-0400",
    "activities" : [ {
      "activity" : "walking",
      "group" : "walking",
      "manual" : false,
      "startTime" : "20151029T002400-0400",
      "endTime" : "20151029T002918-0400",
      "duration" : 318.0,
      "distance" : 380.0,
      "steps" : 662
    } ],
    "lastUpdate" : "20151029T184025Z"
  }, {
    "type" : "move",
    "startTime" : "20151029T094154-0400",
    "endTime" : "20151029T094839-0400",
    "activities" : [ {
      "activity" : "walking",
      "group" : "walking",
      "manual" : false,
      "startTime" : "20151029T094154-0400",
      "endTime" : "20151029T094839-0400",
      "duration" : 405.0,
      "distance" : 453.0,
      "steps" : 657
    } ],
    "lastUpdate" : "20151029T184025Z"
  }, {
    "type" : "place",
    "startTime" : "20151029T094839-0400",
    "endTime" : "20151029T095808-0400",
    "activities" : [ {
      "activity" : "walking",
      "group" : "walking",
      "manual" : false,
      "startTime" : "20151029T095529-0400",
      "endTime" : "20151029T095531-0400",
      "duration" : 2.0,
      "distance" : 3.0,
      "steps" : 6
    } ],
    "lastUpdate" : "20151029T184025Z"
  }, {
    "type" : "move",
    "startTime" : "20151029T095808-0400",
    "endTime" : "20151029T101000-0400",
    "activities" : [ {
      "activity" : "walking",
      "group" : "walking",
      "manual" : false,
      "startTime" : "20151029T095808-0400",
      "endTime" : "20151029T101000-0400",
      "duration" : 712.0,
      "distance" : 957.0,
      "steps" : 1077
    } ],
    "lastUpdate" : "20151029T184025Z"
  }, {
    "type" : "place",
    "startTime" : "20151029T101000-0400",
    "endTime" : "20151029T113549-0400",
    "activities" : [ {
      "activity" : "walking",
      "group" : "walking",
      "manual" : false,
      "startTime" : "20151029T101025-0400",
      "endTime" : "20151029T101125-0400",
      "duration" : 60.0,
      "distance" : 75.0,
      "steps" : 151
    } ],
    "lastUpdate" : "20151029T193822Z"
  }, {
    "type" : "move",
    "startTime" : "20151029T113549-0400",
    "endTime" : "20151029T114634-0400",
    "activities" : [ {
      "activity" : "walking",
      "group" : "walking",
      "manual" : false,
      "startTime" : "20151029T113549-0400",
      "endTime" : "20151029T114633-0400",
      "duration" : 644.0,
      "distance" : 555.0,
      "steps" : 1110
    } ],
    "lastUpdate" : "20151029T184025Z"
  }, {
    "type" : "move",
    "startTime" : "20151029T115027-0400",
    "endTime" : "20151029T115738-0400",
    "activities" : [ {
      "activity" : "walking",
      "group" : "walking",
      "manual" : false,
      "startTime" : "20151029T115027-0400",
      "endTime" : "20151029T115738-0400",
      "duration" : 431.0,
      "distance" : 462.0,
      "steps" : 752
    } ],
    "lastUpdate" : "20151029T184025Z"
  }, {
    "type" : "place",
    "startTime" : "20151029T115738-0400",
    "endTime" : "20151029T155227-0400",
    "activities" : [ {
      "activity" : "walking",
      "group" : "walking",
      "manual" : false,
      "startTime" : "20151029T123906-0400",
      "endTime" : "20151029T124006-0400",
      "duration" : 60.0,
      "distance" : 55.0,
      "steps" : 111
    }, {
      "activity" : "walking",
      "group" : "walking",
      "manual" : false,
      "startTime" : "20151029T133236-0400",
      "endTime" : "20151029T133439-0400",
      "duration" : 123.0,
      "distance" : 186.0,
      "steps" : 248
    }, {
      "activity" : "walking",
      "group" : "walking",
      "manual" : false,
      "startTime" : "20151029T141623-0400",
      "endTime" : "20151029T142023-0400",
      "duration" : 240.0,
      "distance" : 317.0,
      "steps" : 423
    }, {
      "activity" : "walking",
      "group" : "walking",
      "manual" : false,
      "startTime" : "20151029T151915-0400",
      "endTime" : "20151029T152816-0400",
      "duration" : 541.0,
      "distance" : 592.0,
      "steps" : 789
    } ],
    "lastUpdate" : "20151029T195230Z"
  } ],
  "lastUpdate" : "20151029T195230Z"
} ]