[ {
  "date" : "20151101",
  "segments" : [ {
    "type" : "place",
    "startTime" : "20151101T010617-0400",
    "endTime" : "20151101T083420-0500",
    "place" : {
      "id" : 276458640,
      "type" : "unknown",
      "location" : {
        "lat" : 40.7856121081,
        "lon" : -73.9720724825
      }
    },
    "lastUpdate" : "20151101T210356Z"
  }, {
    "type" : "place",
    "startTime" : "20151101T084047-0500",
    "endTime" : "20151101T103046-0500",
    "place" : {
      "id" : 276517856,
      "type" : "unknown",
      "location" : {
        "lat" : 40.7869139082,
        "lon" : -73.9733281397
      }
    },
    "lastUpdate" : "20151101T210356Z"
  }, {
    "type" : "place",
    "startTime" : "20151101T103047-0500",
    "endTime" : "20151101T124259-0500",
    "place" : {
      "id" : 279991740,
      "type" : "unknown",
      "location" : {
        "lat" : 40.7846327385,
        "lon" : -73.9700231031
      }
    },
    "lastUpdate" : "20151101T210356Z"
  }, {
    "type" : "place",
    "startTime" : "20151101T125612-0500",
    "endTime" : "20151101T130206-0500",
    "place" : {
      "id" : 279991741,
      "type" : "unknown",
      "location" : {
        "lat" : 40.780814669,
        "lon" : -73.9628881018
      }
    },
    "lastUpdate" : "20151101T210356Z"
  }, {
    "type" : "place",
    "startTime" : "20151101T130812-0500",
    "endTime" : "20151101T132359-0500",
    "place" : {
      "id" : 279991742,
      "type" : "unknown",
      "location" : {
        "lat" : 40.7793761676,
        "lon" : -73.9628203952
      }
    },
    "lastUpdate" : "20151101T210356Z"
  }, {
    "type" : "place",
    "startTime" : "20151101T132359-0500",
    "endTime" : "20151101T134604-0500",
    "place" : {
      "id" : 279991743,
      "type" : "unknown",
      "location" : {
        "lat" : 40.7804526668,
        "lon" : -73.9623457491
      }
    },
    "lastUpdate" : "20151101T210356Z"
  }, {
    "type" : "place",
    "startTime" : "20151101T134720-0500",
    "endTime" : "20151101T135517-0500",
    "place" : {
      "id" : 279991744,
      "type" : "unknown",
      "location" : {
        "lat" : 40.7789860829,
        "lon" : -73.963924247
      }
    },
    "lastUpdate" : "20151101T210356Z"
  }, {
    "type" : "place",
    "startTime" : "20151101T140626-0500",
    "endTime" : "20151101T143319-0500",
    "place" : {
      "id" : 279991745,
      "type" : "unknown",
      "location" : {
        "lat" : 40.7813790753,
        "lon" : -73.9635029079
      }
    },
    "lastUpdate" : "20151101T210356Z"
  }, {
    "type" : "place",
    "startTime" : "20151101T145234-0500",
    "endTime" : "20151101T151341-0500",
    "place" : {
      "id" : 278456134,
      "type" : "unknown",
      "location" : {
        "lat" : 40.7855861515,
        "lon" : -73.9713862068
      }
    },
    "lastUpdate" : "20151101T210356Z"
  }, {
    "type" : "place",
    "startTime" : "20151101T151936-0500",
    "endTime" : "20151101T154938-0500",
    "place" : {
      "id" : 280010801,
      "type" : "unknown",
      "location" : {
        "lat" : 40.7849633936,
        "lon" : -73.9695481718
      }
    },
    "lastUpdate" : "20151101T223805Z"
  }, {
    "type" : "place",
    "startTime" : "20151101T163848-0500",
    "endTime" : "20151101T170501-0500",
    "place" : {
      "id" : 280028892,
      "type" : "unknown",
      "location" : {
        "lat" : 40.8830396782,
        "lon" : -73.9733923791
      }
    },
    "lastUpdate" : "20151101T223805Z"
  }, {
    "type" : "place",
    "startTime" : "20151101T170715-0500",
    "endTime" : "20151101T184708-0500",
    "place" : {
      "id" : 278773861,
      "type" : "unknown",
      "location" : {
        "lat" : 40.881995164,
        "lon" : -73.9773726024
      }
    },
    "lastUpdate" : "20151102T161754Z"
  }, {
    "type" : "place",
    "startTime" : "20151101T190033-0500",
    "endTime" : "20151101T190348-0500",
    "place" : {
      "id" : 280203208,
      "type" : "unknown",
      "location" : {
        "lat" : 40.7862077957,
        "lon" : -73.9723261426
      }
    },
    "lastUpdate" : "20151102T161754Z"
  }, {
    "type" : "place",
    "startTime" : "20151101T212707-0500",
    "endTime" : "20151102T091837-0500",
    "place" : {
      "id" : 280203208,
      "type" : "unknown",
      "location" : {
        "lat" : 40.7862077957,
        "lon" : -73.9723261426
      }
    },
    "lastUpdate" : "20151102T161754Z"
  } ],
  "lastUpdate" : "20151102T161754Z"
}, {
  "date" : "20151102",
  "segments" : [ {
    "type" : "place",
    "startTime" : "20151101T212707-0500",
    "endTime" : "20151102T091837-0500",
    "place" : {
      "id" : 280203208,
      "type" : "unknown",
      "location" : {
        "lat" : 40.7862077957,
        "lon" : -73.9723261426
      }
    },
    "lastUpdate" : "20151102T161754Z"
  }, {
    "type" : "place",
    "startTime" : "20151102T092438-0500",
    "endTime" : "20151102T095141-0500",
    "place" : {
      "id" : 278885341,
      "type" : "unknown",
      "location" : {
        "lat" : 40.7885262849,
        "lon" : -73.9766326913
      }
    },
    "lastUpdate" : "20151102T161754Z"
  }, {
    "type" : "place",
    "startTime" : "20151102T095919-0500",
    "endTime" : "20151103T145225-0500",
    "place" : {
      "id" : 280275256,
      "type" : "unknown",
      "location" : {
        "lat" : 40.7417968236,
        "lon" : -74.0021784707
      }
    },
    "lastUpdate" : "20151103T212825Z"
  } ],
  "lastUpdate" : "20151103T212825Z"
}, {
  "date" : "20151103",
  "segments" : [ {
    "type" : "place",
    "startTime" : "20151102T095919-0500",
    "endTime" : "20151103T145225-0500",
    "place" : {
      "id" : 280275256,
      "type" : "unknown",
      "location" : {
        "lat" : 40.7417968236,
        "lon" : -74.0021784707
      }
    },
    "lastUpdate" : "20151103T212825Z"
  }, {
    "type" : "place",
    "startTime" : "20151103T145226-0500",
    "endTime" : "20151103T181517-0500",
    "place" : {
      "id" : 276372414,
      "type" : "unknown",
      "location" : {
        "lat" : 40.7408375251,
        "lon" : -74.0021916154
      }
    },
    "lastUpdate" : "20151103T234558Z"
  }, {
    "type" : "place",
    "startTime" : "20151103T182351-0500",
    "endTime" : "20151103T203822-0500",
    "place" : {
      "id" : 276386332,
      "type" : "unknown",
      "location" : {
        "lat" : 40.7856083693,
        "lon" : -73.9725035257
      }
    },
    "lastUpdate" : "20151104T025040Z"
  }, {
    "type" : "place",
    "startTime" : "20151103T205027-0500",
    "endTime" : "20151103T215842-0500",
    "place" : {
      "id" : 276386332,
      "type" : "unknown",
      "location" : {
        "lat" : 40.7856083693,
        "lon" : -73.9725035257
      }
    },
    "lastUpdate" : "20151104T083443Z"
  }, {
    "type" : "place",
    "startTime" : "20151103T225607-0500",
    "endTime" : "20151104T091312-0500",
    "place" : {
      "id" : 280691161,
      "type" : "unknown",
      "location" : {
        "lat" : 40.7862701254,
        "lon" : -73.9727265166
      }
    },
    "lastUpdate" : "20151104T143722Z"
  } ],
  "lastUpdate" : "20151104T143722Z"
}, {
  "date" : "20151104",
  "segments" : [ {
    "type" : "place",
    "startTime" : "20151103T225607-0500",
    "endTime" : "20151104T091312-0500",
    "place" : {
      "id" : 280691161,
      "type" : "unknown",
      "location" : {
        "lat" : 40.7862701254,
        "lon" : -73.9727265166
      }
    },
    "lastUpdate" : "20151104T143722Z"
  }, {
    "type" : "place",
    "startTime" : "20151104T091838-0500",
    "endTime" : "20151104T093043-0500",
    "place" : {
      "id" : 280712958,
      "type" : "unknown",
      "location" : {
        "lat" : 40.7879239912,
        "lon" : -73.9766735522
      }
    },
    "lastUpdate" : "20151104T160712Z"
  }, {
    "type" : "place",
    "startTime" : "20151104T095456-0500",
    "endTime" : "20151104T181532-0500",
    "place" : {
      "id" : 277153613,
      "type" : "unknown",
      "location" : {
        "lat" : 40.7413242041,
        "lon" : -74.0021969426
      }
    },
    "lastUpdate" : "20151105T011339Z"
  }, {
    "type" : "place",
    "startTime" : "20151104T184231-0500",
    "endTime" : "20151104T185033-0500",
    "place" : {
      "id" : 276458640,
      "type" : "unknown",
      "location" : {
        "lat" : 40.7856121081,
        "lon" : -73.9720724825
      }
    },
    "lastUpdate" : "20151105T011339Z"
  }, {
    "type" : "place",
    "startTime" : "20151104T185504-0500",
    "endTime" : "20151104T212843-0500",
    "place" : {
      "id" : 276517856,
      "type" : "unknown",
      "location" : {
        "lat" : 40.7869139082,
        "lon" : -73.9733281397
      }
    },
    "lastUpdate" : "20151105T042114Z"
  }, {
    "type" : "place",
    "startTime" : "20151104T213333-0500",
    "endTime" : "20151105T143649-0500",
    "place" : {
      "id" : 280840109,
      "type" : "unknown",
      "location" : {
        "lat" : 40.7859377129,
        "lon" : -73.9721540308
      }
    },
    "lastUpdate" : "20151105T193651Z"
  } ],
  "lastUpdate" : "20151105T193651Z"
}, {
  "date" : "20151105",
  "segments" : [ {
    "type" : "place",
    "startTime" : "20151104T213333-0500",
    "endTime" : "20151105T143649-0500",
    "place" : {
      "id" : 280840109,
      "type" : "unknown",
      "location" : {
        "lat" : 40.7859377129,
        "lon" : -73.9721540308
      }
    },
    "lastUpdate" : "20151105T193651Z"
  } ],
  "lastUpdate" : "20151105T193651Z"
} ]