[ {
  "date" : "20151020",
  "segments" : [ {
    "type" : "place",
    "startTime" : "20151020T154446-0400",
    "endTime" : "20151020T172207-0400",
    "place" : {
      "id" : 276372414,
      "type" : "unknown",
      "location" : {
        "lat" : 40.7408375251,
        "lon" : -74.0021916154
      }
    },
    "lastUpdate" : "20151020T230501Z"
  }, {
    "type" : "place",
    "startTime" : "20151020T174829-0400",
    "endTime" : "20151020T180954-0400",
    "place" : {
      "id" : 276386330,
      "type" : "unknown",
      "location" : {
        "lat" : 40.7871933026,
        "lon" : -73.9740695657
      }
    },
    "lastUpdate" : "20151020T230501Z"
  }, {
    "type" : "place",
    "startTime" : "20151020T181834-0400",
    "endTime" : "20151020T183547-0400",
    "place" : {
      "id" : 276386331,
      "type" : "unknown",
      "location" : {
        "lat" : 40.7870041294,
        "lon" : -73.9772761963
      }
    },
    "lastUpdate" : "20151021T082513Z"
  }, {
    "type" : "place",
    "startTime" : "20151020T184343-0400",
    "endTime" : "20151020T185747-0400",
    "place" : {
      "id" : 276386332,
      "type" : "unknown",
      "location" : {
        "lat" : 40.7856083693,
        "lon" : -73.9725035257
      }
    },
    "lastUpdate" : "20151021T082513Z"
  }, {
    "type" : "place",
    "startTime" : "20151020T185747-0400",
    "endTime" : "20151020T191921-0400",
    "place" : {
      "id" : 276386333,
      "type" : "unknown",
      "location" : {
        "lat" : 40.7859288124,
        "lon" : -73.9746233804
      }
    },
    "lastUpdate" : "20151021T082513Z"
  }, {
    "type" : "place",
    "startTime" : "20151020T191922-0400",
    "endTime" : "20151020T201943-0400",
    "place" : {
      "id" : 276458640,
      "type" : "unknown",
      "location" : {
        "lat" : 40.7856121081,
        "lon" : -73.9720724825
      }
    },
    "lastUpdate" : "20151021T130338Z"
  } ],
  "lastUpdate" : "20151021T130338Z"
}, {
  "date" : "20151021",
  "segments" : [ {
    "type" : "place",
    "startTime" : "20151021T042707-0400",
    "endTime" : "20151021T071339-0400",
    "place" : {
      "id" : 276458640,
      "type" : "unknown",
      "location" : {
        "lat" : 40.7856121081,
        "lon" : -73.9720724825
      }
    },
    "lastUpdate" : "20151021T130338Z"
  }, {
    "type" : "place",
    "startTime" : "20151021T071845-0400",
    "endTime" : "20151021T080615-0400",
    "place" : {
      "id" : 276517856,
      "type" : "unknown",
      "location" : {
        "lat" : 40.7869139082,
        "lon" : -73.9733281397
      }
    },
    "lastUpdate" : "20151021T130338Z"
  }, {
    "type" : "place",
    "startTime" : "20151021T081327-0400",
    "endTime" : "20151021T125642-0400",
    "place" : {
      "id" : 276372414,
      "type" : "unknown",
      "location" : {
        "lat" : 40.7408375251,
        "lon" : -74.0021916154
      }
    },
    "lastUpdate" : "20151021T174741Z"
  }, {
    "type" : "place",
    "startTime" : "20151021T130539-0400",
    "endTime" : "20151021T135730-0400",
    "place" : {
      "id" : 276618824,
      "type" : "unknown",
      "location" : {
        "lat" : 40.751915205,
        "lon" : -73.9877943628
      }
    },
    "lastUpdate" : "20151021T194613Z"
  }, {
    "type" : "place",
    "startTime" : "20151021T141813-0400",
    "endTime" : "20151021T150029-0400",
    "place" : {
      "id" : 276618825,
      "type" : "unknown",
      "location" : {
        "lat" : 40.741155108,
        "lon" : -74.0049633069
      }
    },
    "lastUpdate" : "20151021T194614Z"
  }, {
    "type" : "place",
    "startTime" : "20151021T150822-0400",
    "endTime" : "20151021T185548-0400",
    "place" : {
      "id" : 276618826,
      "type" : "unknown",
      "location" : {
        "lat" : 40.7411268971,
        "lon" : -74.001893874
      }
    },
    "lastUpdate" : "20151022T001909Z"
  }, {
    "type" : "place",
    "startTime" : "20151021T185926-0400",
    "endTime" : "20151021T220211-0400",
    "place" : {
      "id" : 276517856,
      "type" : "unknown",
      "location" : {
        "lat" : 40.7869139082,
        "lon" : -73.9733281397
      }
    },
    "lastUpdate" : "20151022T032542Z"
  }, {
    "type" : "place",
    "startTime" : "20151021T220647-0400",
    "endTime" : "20151021T223835-0400",
    "place" : {
      "id" : 276386332,
      "type" : "unknown",
      "location" : {
        "lat" : 40.7856083693,
        "lon" : -73.9725035257
      }
    },
    "lastUpdate" : "20151022T032542Z"
  }, {
    "type" : "place",
    "startTime" : "20151021T224608-0400",
    "endTime" : "20151021T225022-0400",
    "place" : {
      "id" : 276685780,
      "type" : "unknown",
      "location" : {
        "lat" : 40.7881242103,
        "lon" : -73.9711057044
      }
    },
    "lastUpdate" : "20151022T032542Z"
  }, {
    "type" : "place",
    "startTime" : "20151021T225713-0400",
    "endTime" : "20151022T064417-0400",
    "place" : {
      "id" : 276458640,
      "type" : "unknown",
      "location" : {
        "lat" : 40.7856121081,
        "lon" : -73.9720724825
      }
    },
    "lastUpdate" : "20151022T155216Z"
  } ],
  "lastUpdate" : "20151022T155216Z"
}, {
  "date" : "20151022",
  "segments" : [ {
    "type" : "place",
    "startTime" : "20151021T225713-0400",
    "endTime" : "20151022T064417-0400",
    "place" : {
      "id" : 276458640,
      "type" : "unknown",
      "location" : {
        "lat" : 40.7856121081,
        "lon" : -73.9720724825
      }
    },
    "lastUpdate" : "20151022T155216Z"
  }, {
    "type" : "place",
    "startTime" : "20151022T072745-0400",
    "endTime" : "20151022T080924-0400",
    "place" : {
      "id" : 276831812,
      "type" : "unknown",
      "location" : {
        "lat" : 40.722205459,
        "lon" : -73.8534850772
      }
    },
    "lastUpdate" : "20151022T155216Z"
  }, {
    "type" : "place",
    "startTime" : "20151022T091117-0400",
    "endTime" : "20151022T170319-0400",
    "place" : {
      "id" : 276372414,
      "type" : "unknown",
      "location" : {
        "lat" : 40.7408375251,
        "lon" : -74.0021916154
      }
    },
    "lastUpdate" : "20151022T225800Z"
  }, {
    "type" : "place",
    "startTime" : "20151022T171116-0400",
    "endTime" : "20151022T172546-0400",
    "place" : {
      "id" : 276911234,
      "type" : "unknown",
      "location" : {
        "lat" : 40.7392415893,
        "lon" : -73.9999761038
      }
    },
    "lastUpdate" : "20151022T225800Z"
  }, {
    "type" : "place",
    "startTime" : "20151022T172748-0400",
    "endTime" : "20151022T173605-0400",
    "place" : {
      "id" : 276926692,
      "type" : "unknown",
      "location" : {
        "lat" : 40.7939341013,
        "lon" : -73.9725105078
      }
    },
    "lastUpdate" : "20151022T225800Z"
  }, {
    "type" : "place",
    "startTime" : "20151022T175206-0400",
    "endTime" : "20151022T182456-0400",
    "place" : {
      "id" : 276386330,
      "type" : "unknown",
      "location" : {
        "lat" : 40.7871933026,
        "lon" : -73.9740695657
      }
    },
    "lastUpdate" : "20151022T225800Z"
  }, {
    "type" : "place",
    "startTime" : "20151022T182903-0400",
    "endTime" : "20151022T221215-0400",
    "place" : {
      "id" : 276458640,
      "type" : "unknown",
      "location" : {
        "lat" : 40.7856121081,
        "lon" : -73.9720724825
      }
    },
    "lastUpdate" : "20151023T214925Z"
  }, {
    "type" : "place",
    "startTime" : "20151022T230531-0400",
    "endTime" : "20151022T233333-0400",
    "place" : {
      "id" : 276964258,
      "type" : "unknown",
      "location" : {
        "lat" : 40.7866998268,
        "lon" : -73.9725818776
      }
    },
    "lastUpdate" : "20151023T214925Z"
  }, {
    "type" : "place",
    "startTime" : "20151022T233644-0400",
    "endTime" : "20151023T080231-0400",
    "place" : {
      "id" : 276458640,
      "type" : "unknown",
      "location" : {
        "lat" : 40.7856121081,
        "lon" : -73.9720724825
      }
    },
    "lastUpdate" : "20151023T214925Z"
  } ],
  "lastUpdate" : "20151023T214925Z"
}, {
  "date" : "20151023",
  "segments" : [ {
    "type" : "place",
    "startTime" : "20151022T233644-0400",
    "endTime" : "20151023T080231-0400",
    "place" : {
      "id" : 276458640,
      "type" : "unknown",
      "location" : {
        "lat" : 40.7856121081,
        "lon" : -73.9720724825
      }
    },
    "lastUpdate" : "20151023T214925Z"
  }, {
    "type" : "place",
    "startTime" : "20151023T080606-0400",
    "endTime" : "20151023T085106-0400",
    "place" : {
      "id" : 276964258,
      "type" : "unknown",
      "location" : {
        "lat" : 40.7866998268,
        "lon" : -73.9725818776
      }
    },
    "lastUpdate" : "20151023T214925Z"
  }, {
    "type" : "place",
    "startTime" : "20151023T085654-0400",
    "endTime" : "20151023T093957-0400",
    "place" : {
      "id" : 276458640,
      "type" : "unknown",
      "location" : {
        "lat" : 40.7856121081,
        "lon" : -73.9720724825
      }
    },
    "lastUpdate" : "20151023T214925Z"
  }, {
    "type" : "place",
    "startTime" : "20151023T100400-0400",
    "endTime" : "20151023T145417-0400",
    "place" : {
      "id" : 277153613,
      "type" : "unknown",
      "location" : {
        "lat" : 40.7413242041,
        "lon" : -74.0021969426
      }
    },
    "lastUpdate" : "20151023T214925Z"
  }, {
    "type" : "place",
    "startTime" : "20151023T152442-0400",
    "endTime" : "20151023T154518-0400",
    "place" : {
      "id" : 277204185,
      "type" : "unknown",
      "location" : {
        "lat" : 40.7386331986,
        "lon" : -74.0036888894
      }
    },
    "lastUpdate" : "20151023T214925Z"
  }, {
    "type" : "place",
    "startTime" : "20151023T154926-0400",
    "endTime" : "20151023T162733-0400",
    "place" : {
      "id" : 276618826,
      "type" : "unknown",
      "location" : {
        "lat" : 40.7411268971,
        "lon" : -74.001893874
      }
    },
    "lastUpdate" : "20151023T214925Z"
  }, {
    "type" : "place",
    "startTime" : "20151023T165244-0400",
    "endTime" : "20151023T175125-0400",
    "place" : {
      "id" : 276458640,
      "type" : "unknown",
      "location" : {
        "lat" : 40.7856121081,
        "lon" : -73.9720724825
      }
    },
    "lastUpdate" : "20151025T021019Z"
  } ],
  "lastUpdate" : "20151025T021019Z"
}, {
  "date" : "20151024",
  "segments" : [ {
    "type" : "place",
    "startTime" : "20151024T190821-0400",
    "endTime" : "20151024T212257-0400",
    "place" : {
      "id" : 276458640,
      "type" : "unknown",
      "location" : {
        "lat" : 40.7856121081,
        "lon" : -73.9720724825
      }
    },
    "lastUpdate" : "20151025T021019Z"
  }, {
    "type" : "place",
    "startTime" : "20151024T212926-0400",
    "endTime" : "20151024T214004-0400",
    "place" : {
      "id" : 277654924,
      "type" : "unknown",
      "location" : {
        "lat" : 40.7872798189,
        "lon" : -73.9756668651
      }
    },
    "lastUpdate" : "20151025T021019Z"
  }, {
    "type" : "place",
    "startTime" : "20151024T214436-0400",
    "endTime" : "20151025T083635-0400",
    "place" : {
      "id" : 276458640,
      "type" : "unknown",
      "location" : {
        "lat" : 40.7856121081,
        "lon" : -73.9720724825
      }
    },
    "lastUpdate" : "20151025T131029Z"
  } ],
  "lastUpdate" : "20151025T131029Z"
}, {
  "date" : "20151025",
  "segments" : [ {
    "type" : "place",
    "startTime" : "20151024T214436-0400",
    "endTime" : "20151025T083635-0400",
    "place" : {
      "id" : 276458640,
      "type" : "unknown",
      "location" : {
        "lat" : 40.7856121081,
        "lon" : -73.9720724825
      }
    },
    "lastUpdate" : "20151025T131029Z"
  }, {
    "type" : "place",
    "startTime" : "20151025T084152-0400",
    "endTime" : "20151025T090759-0400",
    "place" : {
      "id" : 276517856,
      "type" : "unknown",
      "location" : {
        "lat" : 40.7869139082,
        "lon" : -73.9733281397
      }
    },
    "lastUpdate" : "20151025T144251Z"
  }, {
    "type" : "place",
    "startTime" : "20151025T091037-0400",
    "endTime" : "20151025T173610-0400",
    "place" : {
      "id" : 276458640,
      "type" : "unknown",
      "location" : {
        "lat" : 40.7856121081,
        "lon" : -73.9720724825
      }
    },
    "lastUpdate" : "20151025T222911Z"
  }, {
    "type" : "place",
    "startTime" : "20151025T174126-0400",
    "endTime" : "20151025T180916-0400",
    "place" : {
      "id" : 276517856,
      "type" : "unknown",
      "location" : {
        "lat" : 40.7869139082,
        "lon" : -73.9733281397
      }
    },
    "lastUpdate" : "20151025T222911Z"
  }, {
    "type" : "place",
    "startTime" : "20151025T181356-0400",
    "endTime" : "20151025T191936-0400",
    "place" : {
      "id" : 276458640,
      "type" : "unknown",
      "location" : {
        "lat" : 40.7856121081,
        "lon" : -73.9720724825
      }
    },
    "lastUpdate" : "20151026T013319Z"
  }, {
    "type" : "place",
    "startTime" : "20151025T192736-0400",
    "endTime" : "20151025T194611-0400",
    "place" : {
      "id" : 277973818,
      "type" : "unknown",
      "location" : {
        "lat" : 40.7932640788,
        "lon" : -73.9766380183
      }
    },
    "lastUpdate" : "20151026T013319Z"
  }, {
    "type" : "place",
    "startTime" : "20151025T195222-0400",
    "endTime" : "20151025T210505-0400",
    "place" : {
      "id" : 277973819,
      "type" : "unknown",
      "location" : {
        "lat" : 40.7961260047,
        "lon" : -73.9614610877
      }
    },
    "lastUpdate" : "20151026T103853Z"
  }, {
    "type" : "place",
    "startTime" : "20151025T212719-0400",
    "endTime" : "20151025T220247-0400",
    "place" : {
      "id" : 277973820,
      "type" : "unknown",
      "location" : {
        "lat" : 40.8548690093,
        "lon" : -73.9367390322
      }
    },
    "lastUpdate" : "20151026T121321Z"
  } ],
  "lastUpdate" : "20151026T121321Z"
}, {
  "date" : "20151026",
  "segments" : [ {
    "type" : "place",
    "startTime" : "20151026T063936-0400",
    "endTime" : "20151026T080903-0400",
    "place" : {
      "id" : 276458640,
      "type" : "unknown",
      "location" : {
        "lat" : 40.7856121081,
        "lon" : -73.9720724825
      }
    },
    "lastUpdate" : "20151026T134810Z"
  }, {
    "type" : "place",
    "startTime" : "20151026T081503-0400",
    "endTime" : "20151026T090004-0400",
    "place" : {
      "id" : 276964258,
      "type" : "unknown",
      "location" : {
        "lat" : 40.7866998268,
        "lon" : -73.9725818776
      }
    },
    "lastUpdate" : "20151026T134810Z"
  }, {
    "type" : "place",
    "startTime" : "20151026T090619-0400",
    "endTime" : "20151026T092008-0400",
    "place" : {
      "id" : 278090371,
      "type" : "unknown",
      "location" : {
        "lat" : 40.7881109874,
        "lon" : -73.9763585264
      }
    },
    "lastUpdate" : "20151026T134810Z"
  }, {
    "type" : "place",
    "startTime" : "20151026T093009-0400",
    "endTime" : "20151026T130126-0400",
    "place" : {
      "id" : 276372414,
      "type" : "unknown",
      "location" : {
        "lat" : 40.7408375251,
        "lon" : -74.0021916154
      }
    },
    "lastUpdate" : "20151026T183035Z"
  }, {
    "type" : "place",
    "startTime" : "20151026T130731-0400",
    "endTime" : "20151026T131648-0400",
    "place" : {
      "id" : 278162738,
      "type" : "unknown",
      "location" : {
        "lat" : 40.7406977641,
        "lon" : -74.005174092
      }
    },
    "lastUpdate" : "20151026T183035Z"
  }, {
    "type" : "place",
    "startTime" : "20151026T132330-0400",
    "endTime" : "20151026T162153-0400",
    "place" : {
      "id" : 277153613,
      "type" : "unknown",
      "location" : {
        "lat" : 40.7413242041,
        "lon" : -74.0021969426
      }
    },
    "lastUpdate" : "20151026T233036Z"
  }, {
    "type" : "place",
    "startTime" : "20151026T175957-0400",
    "endTime" : "20151026T183357-0400",
    "place" : {
      "id" : 277153613,
      "type" : "unknown",
      "location" : {
        "lat" : 40.7413242041,
        "lon" : -74.0021969426
      }
    },
    "lastUpdate" : "20151026T233036Z"
  }, {
    "type" : "place",
    "startTime" : "20151026T190848-0400",
    "endTime" : "20151026T212454-0400",
    "place" : {
      "id" : 278240044,
      "type" : "unknown",
      "location" : {
        "lat" : 40.7684168974,
        "lon" : -73.958938307
      }
    },
    "lastUpdate" : "20151027T023523Z"
  }, {
    "type" : "place",
    "startTime" : "20151026T215633-0400",
    "endTime" : "20151027T085001-0400",
    "place" : {
      "id" : 276458640,
      "type" : "unknown",
      "location" : {
        "lat" : 40.7856121081,
        "lon" : -73.9720724825
      }
    },
    "lastUpdate" : "20151027T162344Z"
  } ],
  "lastUpdate" : "20151027T162344Z"
}, {
  "date" : "20151027",
  "segments" : [ {
    "type" : "place",
    "startTime" : "20151026T215633-0400",
    "endTime" : "20151027T085001-0400",
    "place" : {
      "id" : 276458640,
      "type" : "unknown",
      "location" : {
        "lat" : 40.7856121081,
        "lon" : -73.9720724825
      }
    },
    "lastUpdate" : "20151027T162344Z"
  }, {
    "type" : "place",
    "startTime" : "20151027T092344-0400",
    "endTime" : "20151027T122537-0400",
    "place" : {
      "id" : 276372414,
      "type" : "unknown",
      "location" : {
        "lat" : 40.7408375251,
        "lon" : -74.0021916154
      }
    },
    "lastUpdate" : "20151027T175413Z"
  }, {
    "type" : "place",
    "startTime" : "20151027T122537-0400",
    "endTime" : "20151027T155203-0400",
    "place" : {
      "id" : 278438928,
      "type" : "unknown",
      "location" : {
        "lat" : 40.7413918083,
        "lon" : -74.0015818586
      }
    },
    "lastUpdate" : "20151027T212906Z"
  }, {
    "type" : "place",
    "startTime" : "20151027T160338-0400",
    "endTime" : "20151027T182819-0400",
    "place" : {
      "id" : 276458640,
      "type" : "unknown",
      "location" : {
        "lat" : 40.7856121081,
        "lon" : -73.9720724825
      }
    },
    "lastUpdate" : "20151028T003206Z"
  }, {
    "type" : "place",
    "startTime" : "20151027T184638-0400",
    "endTime" : "20151027T214051-0400",
    "place" : {
      "id" : 278471196,
      "type" : "unknown",
      "location" : {
        "lat" : 40.7751302643,
        "lon" : -73.982203641
      }
    },
    "lastUpdate" : "20151028T033416Z"
  }, {
    "type" : "place",
    "startTime" : "20151027T215939-0400",
    "endTime" : "20151028T092940-0400",
    "place" : {
      "id" : 276926693,
      "type" : "unknown",
      "location" : {
        "lat" : 40.7859467023,
        "lon" : -73.9726016923
      }
    },
    "lastUpdate" : "20151028T142623Z"
  } ],
  "lastUpdate" : "20151028T142623Z"
}, {
  "date" : "20151028",
  "segments" : [ {
    "type" : "place",
    "startTime" : "20151027T215939-0400",
    "endTime" : "20151028T092940-0400",
    "place" : {
      "id" : 276926693,
      "type" : "unknown",
      "location" : {
        "lat" : 40.7859467023,
        "lon" : -73.9726016923
      }
    },
    "lastUpdate" : "20151028T142623Z"
  }, {
    "type" : "place",
    "startTime" : "20151028T095657-0400",
    "endTime" : "20151028T172624-0400",
    "place" : {
      "id" : 277153613,
      "type" : "unknown",
      "location" : {
        "lat" : 40.7413242041,
        "lon" : -74.0021969426
      }
    },
    "lastUpdate" : "20151029T040551Z"
  }, {
    "type" : "place",
    "startTime" : "20151028T173151-0400",
    "endTime" : "20151028T184154-0400",
    "place" : {
      "id" : 276618826,
      "type" : "unknown",
      "location" : {
        "lat" : 40.7411268971,
        "lon" : -74.001893874
      }
    },
    "lastUpdate" : "20151029T040551Z"
  }, {
    "type" : "place",
    "startTime" : "20151028T190148-0400",
    "endTime" : "20151028T200329-0400",
    "place" : {
      "id" : 278773854,
      "type" : "unknown",
      "location" : {
        "lat" : 40.7872933557,
        "lon" : -73.9733004783
      }
    },
    "lastUpdate" : "20151029T142143Z"
  }, {
    "type" : "place",
    "startTime" : "20151028T200547-0400",
    "endTime" : "20151028T205132-0400",
    "place" : {
      "id" : 276926693,
      "type" : "unknown",
      "location" : {
        "lat" : 40.7859467023,
        "lon" : -73.9726016923
      }
    },
    "lastUpdate" : "20151029T142143Z"
  }, {
    "type" : "place",
    "startTime" : "20151028T211111-0400",
    "endTime" : "20151028T221453-0400",
    "place" : {
      "id" : 278773855,
      "type" : "unknown",
      "location" : {
        "lat" : 40.8815752385,
        "lon" : -73.9709523672
      }
    },
    "lastUpdate" : "20151029T142143Z"
  }, {
    "type" : "place",
    "startTime" : "20151028T221653-0400",
    "endTime" : "20151028T223642-0400",
    "place" : {
      "id" : 278773861,
      "type" : "unknown",
      "location" : {
        "lat" : 40.881995164,
        "lon" : -73.9773726024
      }
    },
    "lastUpdate" : "20151029T142143Z"
  }, {
    "type" : "place",
    "startTime" : "20151028T224511-0400",
    "endTime" : "20151028T231128-0400",
    "place" : {
      "id" : 278773862,
      "type" : "unknown",
      "location" : {
        "lat" : 40.8960334556,
        "lon" : -73.9751701795
      }
    },
    "lastUpdate" : "20151029T142143Z"
  }, {
    "type" : "place",
    "startTime" : "20151028T235859-0400",
    "endTime" : "20151029T092211-0400",
    "place" : {
      "id" : 276458640,
      "type" : "unknown",
      "location" : {
        "lat" : 40.7856121081,
        "lon" : -73.9720724825
      }
    },
    "lastUpdate" : "20151029T142143Z"
  } ],
  "lastUpdate" : "20151029T142143Z"
}, {
  "date" : "20151029",
  "segments" : [ {
    "type" : "place",
    "startTime" : "20151028T235859-0400",
    "endTime" : "20151029T092211-0400",
    "place" : {
      "id" : 276458640,
      "type" : "unknown",
      "location" : {
        "lat" : 40.7856121081,
        "lon" : -73.9720724825
      }
    },
    "lastUpdate" : "20151029T142143Z"
  }, {
    "type" : "place",
    "startTime" : "20151029T092632-0400",
    "endTime" : "20151029T094634-0400",
    "place" : {
      "id" : 278885335,
      "type" : "unknown",
      "location" : {
        "lat" : 40.7871201527,
        "lon" : -73.9736767495
      }
    },
    "lastUpdate" : "20151029T161332Z"
  }, {
    "type" : "place",
    "startTime" : "20151029T095207-0400",
    "endTime" : "20151029T100020-0400",
    "place" : {
      "id" : 278885341,
      "type" : "unknown",
      "location" : {
        "lat" : 40.7885262849,
        "lon" : -73.9766326913
      }
    },
    "lastUpdate" : "20151029T161332Z"
  }, {
    "type" : "place",
    "startTime" : "20151029T102107-0400",
    "endTime" : "20151029T123254-0400",
    "place" : {
      "id" : 277153613,
      "type" : "unknown",
      "location" : {
        "lat" : 40.7413242041,
        "lon" : -74.0021969426
      }
    },
    "lastUpdate" : "20151029T180243Z"
  }, {
    "type" : "place",
    "startTime" : "20151029T124103-0400",
    "endTime" : "20151029T130345-0400",
    "place" : {
      "id" : 278945861,
      "type" : "unknown",
      "location" : {
        "lat" : 40.7439794148,
        "lon" : -73.9995050139
      }
    },
    "lastUpdate" : "20151029T180246Z"
  }, {
    "type" : "place",
    "startTime" : "20151029T130647-0400",
    "endTime" : "20151029T131452-0400",
    "place" : {
      "id" : 278945862,
      "type" : "unknown",
      "location" : {
        "lat" : 40.7452660561,
        "lon" : -73.9984733886
      }
    },
    "lastUpdate" : "20151029T180246Z"
  }, {
    "type" : "place",
    "startTime" : "20151029T132344-0400",
    "endTime" : "20151029T191819-0400",
    "place" : {
      "id" : 276618826,
      "type" : "unknown",
      "location" : {
        "lat" : 40.7411268971,
        "lon" : -74.001893874
      }
    },
    "lastUpdate" : "20151030T023428Z"
  }, {
    "type" : "place",
    "startTime" : "20151029T193733-0400",
    "endTime" : "20151029T194356-0400",
    "place" : {
      "id" : 279043636,
      "type" : "unknown",
      "location" : {
        "lat" : 40.7579008559,
        "lon" : -73.9712844028
      }
    },
    "lastUpdate" : "20151030T023428Z"
  }, {
    "type" : "place",
    "startTime" : "20151029T195618-0400",
    "endTime" : "20151030T000833-0400",
    "place" : {
      "id" : 279043637,
      "type" : "unknown",
      "location" : {
        "lat" : 40.7682332314,
        "lon" : -73.9596921265
      }
    },
    "lastUpdate" : "20151030T054627Z"
  } ],
  "lastUpdate" : "20151030T054627Z"
}, {
  "date" : "20151030",
  "segments" : [ {
    "type" : "place",
    "startTime" : "20151029T195618-0400",
    "endTime" : "20151030T000833-0400",
    "place" : {
      "id" : 279043637,
      "type" : "unknown",
      "location" : {
        "lat" : 40.7682332314,
        "lon" : -73.9596921265
      }
    },
    "lastUpdate" : "20151030T054627Z"
  }, {
    "type" : "place",
    "startTime" : "20151030T001913-0400",
    "endTime" : "20151030T083941-0400",
    "place" : {
      "id" : 276458640,
      "type" : "unknown",
      "location" : {
        "lat" : 40.7856121081,
        "lon" : -73.9720724825
      }
    },
    "lastUpdate" : "20151030T133021Z"
  }, {
    "type" : "place",
    "startTime" : "20151030T084457-0400",
    "endTime" : "20151030T091418-0400",
    "place" : {
      "id" : 278885335,
      "type" : "unknown",
      "location" : {
        "lat" : 40.7871201527,
        "lon" : -73.9736767495
      }
    },
    "lastUpdate" : "20151030T163606Z"
  }, {
    "type" : "place",
    "startTime" : "20151030T093052-0400",
    "endTime" : "20151030T094256-0400",
    "place" : {
      "id" : 279214330,
      "type" : "unknown",
      "location" : {
        "lat" : 40.7803779838,
        "lon" : -73.9817626698
      }
    },
    "lastUpdate" : "20151030T163606Z"
  }, {
    "type" : "place",
    "startTime" : "20151030T100211-0400",
    "endTime" : "20151030T113507-0400",
    "place" : {
      "id" : 276386332,
      "type" : "unknown",
      "location" : {
        "lat" : 40.7856083693,
        "lon" : -73.9725035257
      }
    },
    "lastUpdate" : "20151030T163606Z"
  }, {
    "type" : "place",
    "startTime" : "20151030T114146-0400",
    "endTime" : "20151030T120244-0400",
    "place" : {
      "id" : 278864129,
      "type" : "unknown",
      "location" : {
        "lat" : 40.7851627934,
        "lon" : -73.9712033754
      }
    },
    "lastUpdate" : "20151030T163606Z"
  }, {
    "type" : "place",
    "startTime" : "20151030T121230-0400",
    "endTime" : "20151030T151017-0400",
    "place" : {
      "id" : 276372414,
      "type" : "unknown",
      "location" : {
        "lat" : 40.7408375251,
        "lon" : -74.0021916154
      }
    },
    "lastUpdate" : "20151031T231617Z"
  }, {
    "type" : "place",
    "startTime" : "20151030T151411-0400",
    "endTime" : "20151030T152709-0400",
    "place" : {
      "id" : 279270191,
      "type" : "unknown",
      "location" : {
        "lat" : 40.741741525,
        "lon" : -74.0011546501
      }
    },
    "lastUpdate" : "20151031T231617Z"
  }, {
    "type" : "place",
    "startTime" : "20151030T153331-0400",
    "endTime" : "20151030T174016-0400",
    "place" : {
      "id" : 276458640,
      "type" : "unknown",
      "location" : {
        "lat" : 40.7856121081,
        "lon" : -73.9720724825
      }
    },
    "lastUpdate" : "20151101T063835Z"
  } ],
  "lastUpdate" : "20151101T063835Z"
}, {
  "date" : "20151031",
  "segments" : [ {
    "type" : "place",
    "startTime" : "20151031T191626-0400",
    "endTime" : "20151031T231059-0400",
    "place" : {
      "id" : 276458640,
      "type" : "unknown",
      "location" : {
        "lat" : 40.7856121081,
        "lon" : -73.9720724825
      }
    },
    "lastUpdate" : "20151101T210356Z"
  } ],
  "lastUpdate" : "20151101T210356Z"
} ]