[ {
  "date" : "20151027",
  "summary" : [ {
    "activity" : "walking",
    "group" : "walking",
    "duration" : 6667.0,
    "distance" : 7556.0,
    "steps" : 11174
  }, {
    "activity" : "transport",
    "group" : "transport",
    "duration" : 2011.0,
    "distance" : 5462.0
  } ],
  "segments" : [ {
    "type" : "place",
    "startTime" : "20151026T210232-0400",
    "endTime" : "20151027T010110-0400",
    "place" : {
      "id" : 230084909,
      "name" : "Cornell Tech",
      "type" : "foursquare",
      "foursquareId" : "4fdf4038e4b044d93c4fae68",
      "foursquareCategoryIds" : [ "4bf58dd8d48988d1ae941735" ],
      "location" : {
        "lat" : 40.74090046467149,
        "lon" : -74.00221109390259
      }
    },
    "lastUpdate" : "20151105T152209Z"
  }, {
    "type" : "move",
    "startTime" : "20151027T010110-0400",
    "endTime" : "20151027T011422-0400",
    "activities" : [ {
      "activity" : "walking",
      "group" : "walking",
      "manual" : false,
      "startTime" : "20151027T010110-0400",
      "endTime" : "20151027T011422-0400",
      "duration" : 792.0,
      "distance" : 965.0,
      "steps" : 1208,
      "trackPoints" : [ {
        "lat" : 40.7409004647,
        "lon" : -74.0022110939,
        "time" : "20151027T010110-0400"
      }, {
        "lat" : 40.7395876076,
        "lon" : -73.9997821572,
        "time" : "20151027T010137-0400"
      }, {
        "lat" : 40.7393568864,
        "lon" : -73.99953884,
        "time" : "20151027T010158-0400"
      }, {
        "lat" : 40.7393327856,
        "lon" : -73.9996591143,
        "time" : "20151027T010233-0400"
      }, {
        "lat" : 40.7393476566,
        "lon" : -73.9996798936,
        "time" : "20151027T010253-0400"
      }, {
        "lat" : 40.7393599099,
        "lon" : -73.9996933717,
        "time" : "20151027T010313-0400"
      }, {
        "lat" : 40.7393813669,
        "lon" : -73.9997121265,
        "time" : "20151027T010333-0400"
      }, {
        "lat" : 40.7393804094,
        "lon" : -73.9997052551,
        "time" : "20151027T010353-0400"
      }, {
        "lat" : 40.7395146009,
        "lon" : -73.9998532086,
        "time" : "20151027T010420-0400"
      }, {
        "lat" : 40.7397533105,
        "lon" : -74.000187575,
        "time" : "20151027T010441-0400"
      }, {
        "lat" : 40.739954847,
        "lon" : -74.0003193392,
        "time" : "20151027T010458-0400"
      }, {
        "lat" : 40.7400279737,
        "lon" : -74.0005249359,
        "time" : "20151027T010514-0400"
      }, {
        "lat" : 40.7401872141,
        "lon" : -74.001047927,
        "time" : "20151027T010543-0400"
      }, {
        "lat" : 40.7403042169,
        "lon" : -74.0015068253,
        "time" : "20151027T010602-0400"
      }, {
        "lat" : 40.7404557555,
        "lon" : -74.0018391827,
        "time" : "20151027T010623-0400"
      }, {
        "lat" : 40.7405670846,
        "lon" : -74.0019447011,
        "time" : "20151027T010644-0400"
      }, {
        "lat" : 40.7407145304,
        "lon" : -74.0018947603,
        "time" : "20151027T010705-0400"
      }, {
        "lat" : 40.7408276109,
        "lon" : -74.0018656021,
        "time" : "20151027T010725-0400"
      }, {
        "lat" : 40.7408627808,
        "lon" : -74.0018511322,
        "time" : "20151027T010745-0400"
      }, {
        "lat" : 40.7409110428,
        "lon" : -74.0018277364,
        "time" : "20151027T010805-0400"
      }, {
        "lat" : 40.7410338448,
        "lon" : -74.0018283002,
        "time" : "20151027T010830-0400"
      }, {
        "lat" : 40.7411272624,
        "lon" : -74.0018470722,
        "time" : "20151027T010852-0400"
      }, {
        "lat" : 40.7411138651,
        "lon" : -74.0018216628,
        "time" : "20151027T010907-0400"
      }, {
        "lat" : 40.7410563758,
        "lon" : -74.0018148985,
        "time" : "20151027T010929-0400"
      }, {
        "lat" : 40.7408972342,
        "lon" : -74.001837444,
        "time" : "20151027T010950-0400"
      }, {
        "lat" : 40.7407799392,
        "lon" : -74.0018619511,
        "time" : "20151027T011010-0400"
      }, {
        "lat" : 40.74042517,
        "lon" : -74.001866674,
        "time" : "20151027T011044-0400"
      }, {
        "lat" : 40.7403321304,
        "lon" : -74.0017913419,
        "time" : "20151027T011105-0400"
      }, {
        "lat" : 40.7402420162,
        "lon" : -74.0015504185,
        "time" : "20151027T011126-0400"
      }, {
        "lat" : 40.7400613716,
        "lon" : -74.0010814103,
        "time" : "20151027T011156-0400"
      }, {
        "lat" : 40.7399483956,
        "lon" : -74.0007360336,
        "time" : "20151027T011216-0400"
      }, {
        "lat" : 40.7397470915,
        "lon" : -74.0002174544,
        "time" : "20151027T011246-0400"
      }, {
        "lat" : 40.7394651765,
        "lon" : -73.9997159775,
        "time" : "20151027T011311-0400"
      }, {
        "lat" : 40.7392898046,
        "lon" : -73.9995153956,
        "time" : "20151027T011327-0400"
      }, {
        "lat" : 40.739186741,
        "lon" : -73.9995066841,
        "time" : "20151027T011347-0400"
      }, {
        "lat" : 40.7390897649,
        "lon" : -73.9996236111,
        "time" : "20151027T011422-0400"
      } ]
    } ],
    "lastUpdate" : "20151027T153944Z"
  }, {
    "type" : "move",
    "startTime" : "20151027T100815-0400",
    "endTime" : "20151027T101230-0400",
    "activities" : [ {
      "activity" : "walking",
      "group" : "walking",
      "manual" : false,
      "startTime" : "20151027T100815-0400",
      "endTime" : "20151027T101230-0400",
      "duration" : 255.0,
      "distance" : 285.0,
      "steps" : 416,
      "trackPoints" : [ {
        "lat" : 40.7397299362,
        "lon" : -74.0003355024,
        "time" : "20151027T100815-0400"
      }, {
        "lat" : 40.7397420516,
        "lon" : -74.0003556454,
        "time" : "20151027T100838-0400"
      }, {
        "lat" : 40.7399496125,
        "lon" : -74.0008495599,
        "time" : "20151027T100906-0400"
      }, {
        "lat" : 40.7402225067,
        "lon" : -74.0014844171,
        "time" : "20151027T100945-0400"
      }, {
        "lat" : 40.7403297753,
        "lon" : -74.0017278202,
        "time" : "20151027T101002-0400"
      }, {
        "lat" : 40.7404235704,
        "lon" : -74.0019186448,
        "time" : "20151027T101022-0400"
      }, {
        "lat" : 40.7404682268,
        "lon" : -74.001980151,
        "time" : "20151027T101042-0400"
      }, {
        "lat" : 40.7407642389,
        "lon" : -74.0018603865,
        "time" : "20151027T101116-0400"
      }, {
        "lat" : 40.7409582168,
        "lon" : -74.0017844583,
        "time" : "20151027T101137-0400"
      }, {
        "lat" : 40.7410821322,
        "lon" : -74.0018781771,
        "time" : "20151027T101211-0400"
      }, {
        "lat" : 40.7409004647,
        "lon" : -74.0022110939,
        "time" : "20151027T101230-0400"
      } ]
    } ],
    "lastUpdate" : "20151027T153944Z"
  }, {
    "type" : "place",
    "startTime" : "20151027T101230-0400",
    "endTime" : "20151027T114850-0400",
    "place" : {
      "id" : 230084909,
      "name" : "Cornell Tech",
      "type" : "foursquare",
      "foursquareId" : "4fdf4038e4b044d93c4fae68",
      "foursquareCategoryIds" : [ "4bf58dd8d48988d1ae941735" ],
      "location" : {
        "lat" : 40.74090046467149,
        "lon" : -74.00221109390259
      }
    },
    "activities" : [ {
      "activity" : "walking",
      "group" : "walking",
      "manual" : false,
      "startTime" : "20151027T101556-0400",
      "endTime" : "20151027T101626-0400",
      "duration" : 30.0,
      "distance" : 30.0,
      "steps" : 60,
      "trackPoints" : [ ]
    }, {
      "activity" : "walking",
      "group" : "walking",
      "manual" : false,
      "startTime" : "20151027T113403-0400",
      "endTime" : "20151027T113603-0400",
      "duration" : 120.0,
      "distance" : 188.0,
      "steps" : 251,
      "trackPoints" : [ ]
    } ],
    "lastUpdate" : "20151105T152209Z"
  }, {
    "type" : "move",
    "startTime" : "20151027T114850-0400",
    "endTime" : "20151027T120337-0400",
    "activities" : [ {
      "activity" : "walking",
      "group" : "walking",
      "manual" : false,
      "startTime" : "20151027T114850-0400",
      "endTime" : "20151027T120337-0400",
      "duration" : 887.0,
      "distance" : 1192.0,
      "steps" : 1564,
      "trackPoints" : [ {
        "lat" : 40.7409004647,
        "lon" : -74.0022110939,
        "time" : "20151027T114850-0400"
      }, {
        "lat" : 40.7409325765,
        "lon" : -74.0018228351,
        "time" : "20151027T115026-0400"
      }, {
        "lat" : 40.740842507,
        "lon" : -74.001827107,
        "time" : "20151027T115043-0400"
      }, {
        "lat" : 40.7406507662,
        "lon" : -74.0018745854,
        "time" : "20151027T115104-0400"
      }, {
        "lat" : 40.740399253,
        "lon" : -74.0018195546,
        "time" : "20151027T115133-0400"
      }, {
        "lat" : 40.7402891554,
        "lon" : -74.0017183604,
        "time" : "20151027T115150-0400"
      }, {
        "lat" : 40.7400254363,
        "lon" : -74.0015470521,
        "time" : "20151027T115209-0400"
      }, {
        "lat" : 40.7396832375,
        "lon" : -74.0009222628,
        "time" : "20151027T115245-0400"
      }, {
        "lat" : 40.7396735244,
        "lon" : -74.0004016004,
        "time" : "20151027T115309-0400"
      }, {
        "lat" : 40.7395000515,
        "lon" : -73.9999097743,
        "time" : "20151027T115330-0400"
      }, {
        "lat" : 40.7393017832,
        "lon" : -73.9995729003,
        "time" : "20151027T115348-0400"
      }, {
        "lat" : 40.7391046818,
        "lon" : -73.9994838213,
        "time" : "20151027T115408-0400"
      }, {
        "lat" : 40.7387976028,
        "lon" : -73.9995572343,
        "time" : "20151027T115436-0400"
      }, {
        "lat" : 40.7386748376,
        "lon" : -73.9996952775,
        "time" : "20151027T115456-0400"
      }, {
        "lat" : 40.7385759279,
        "lon" : -73.9997924771,
        "time" : "20151027T115517-0400"
      }, {
        "lat" : 40.7382109775,
        "lon" : -73.9999512057,
        "time" : "20151027T115542-0400"
      }, {
        "lat" : 40.7378956482,
        "lon" : -74.0001090934,
        "time" : "20151027T115602-0400"
      }, {
        "lat" : 40.7376245535,
        "lon" : -74.0005417227,
        "time" : "20151027T115622-0400"
      }, {
        "lat" : 40.7374190047,
        "lon" : -74.0003992,
        "time" : "20151027T115645-0400"
      }, {
        "lat" : 40.737760198,
        "lon" : -74.0004709928,
        "time" : "20151027T115703-0400"
      }, {
        "lat" : 40.7380508793,
        "lon" : -74.0007449079,
        "time" : "20151027T115724-0400"
      }, {
        "lat" : 40.7383228887,
        "lon" : -74.0012776914,
        "time" : "20151027T115758-0400"
      }, {
        "lat" : 40.7383135996,
        "lon" : -74.0012170213,
        "time" : "20151027T115819-0400"
      }, {
        "lat" : 40.7381165934,
        "lon" : -74.0007286815,
        "time" : "20151027T115846-0400"
      }, {
        "lat" : 40.7378769923,
        "lon" : -74.0001738456,
        "time" : "20151027T115921-0400"
      }, {
        "lat" : 40.7377807977,
        "lon" : -73.9998888259,
        "time" : "20151027T115941-0400"
      }, {
        "lat" : 40.7376863629,
        "lon" : -73.9996472057,
        "time" : "20151027T115957-0400"
      }, {
        "lat" : 40.737660093,
        "lon" : -73.999600415,
        "time" : "20151027T115959-0400"
      }, {
        "lat" : 40.7376600034,
        "lon" : -73.9996002553,
        "time" : "20151027T120000-0400"
      }, {
        "lat" : 40.7374953927,
        "lon" : -73.999307058,
        "time" : "20151027T120018-0400"
      }, {
        "lat" : 40.7372372993,
        "lon" : -73.998918086,
        "time" : "20151027T120049-0400"
      }, {
        "lat" : 40.7370829665,
        "lon" : -73.9983618249,
        "time" : "20151027T120107-0400"
      }, {
        "lat" : 40.7368581249,
        "lon" : -73.9976185936,
        "time" : "20151027T120142-0400"
      }, {
        "lat" : 40.7367823558,
        "lon" : -73.9973175576,
        "time" : "20151027T120202-0400"
      }, {
        "lat" : 40.7366589722,
        "lon" : -73.9970576966,
        "time" : "20151027T120222-0400"
      }, {
        "lat" : 40.7365801591,
        "lon" : -73.9968934097,
        "time" : "20151027T120257-0400"
      }, {
        "lat" : 40.7365407829,
        "lon" : -73.9968661836,
        "time" : "20151027T120317-0400"
      }, {
        "lat" : 40.73651,
        "lon" : -73.99691,
        "time" : "20151027T120337-0400"
      } ]
    } ],
    "lastUpdate" : "20151027T162535Z"
  }, {
    "type" : "place",
    "startTime" : "20151027T120337-0400",
    "endTime" : "20151027T124639-0400",
    "place" : {
      "id" : 231360124,
      "name" : "New York Doctors Walk-In Urgent Care",
      "type" : "foursquare",
      "foursquareId" : "4d3c518744f5a0930398cbbb",
      "foursquareCategoryIds" : [ "4bf58dd8d48988d177941735" ],
      "location" : {
        "lat" : 40.73651,
        "lon" : -73.99691
      }
    },
    "activities" : [ {
      "activity" : "walking",
      "group" : "walking",
      "manual" : false,
      "startTime" : "20151027T120337-0400",
      "endTime" : "20151027T120403-0400",
      "duration" : 26.0,
      "distance" : 13.0,
      "steps" : 21,
      "trackPoints" : [ ]
    } ],
    "lastUpdate" : "20151027T175742Z"
  }, {
    "type" : "move",
    "startTime" : "20151027T124639-0400",
    "endTime" : "20151027T125749-0400",
    "activities" : [ {
      "activity" : "walking",
      "group" : "walking",
      "manual" : false,
      "startTime" : "20151027T124639-0400",
      "endTime" : "20151027T125750-0400",
      "duration" : 671.0,
      "distance" : 878.0,
      "steps" : 1157,
      "trackPoints" : [ {
        "lat" : 40.73651,
        "lon" : -73.99691,
        "time" : "20151027T124639-0400"
      }, {
        "lat" : 40.736704552,
        "lon" : -73.9970649587,
        "time" : "20151027T124718-0400"
      }, {
        "lat" : 40.7367002189,
        "lon" : -73.9972955982,
        "time" : "20151027T124735-0400"
      }, {
        "lat" : 40.736849573,
        "lon" : -73.9976768061,
        "time" : "20151027T124751-0400"
      }, {
        "lat" : 40.7369961444,
        "lon" : -73.9980505176,
        "time" : "20151027T124807-0400"
      }, {
        "lat" : 40.7371182347,
        "lon" : -73.9983481815,
        "time" : "20151027T124823-0400"
      }, {
        "lat" : 40.7373463747,
        "lon" : -73.9988600155,
        "time" : "20151027T124855-0400"
      }, {
        "lat" : 40.7374808265,
        "lon" : -73.9991635964,
        "time" : "20151027T124913-0400"
      }, {
        "lat" : 40.7376629611,
        "lon" : -73.9995186741,
        "time" : "20151027T124933-0400"
      }, {
        "lat" : 40.7378694834,
        "lon" : -73.9998110992,
        "time" : "20151027T124954-0400"
      }, {
        "lat" : 40.7381758836,
        "lon" : -73.9998590119,
        "time" : "20151027T125015-0400"
      }, {
        "lat" : 40.7384787908,
        "lon" : -73.9997576708,
        "time" : "20151027T125035-0400"
      }, {
        "lat" : 40.7387202981,
        "lon" : -73.9996629892,
        "time" : "20151027T125053-0400"
      }, {
        "lat" : 40.7390166958,
        "lon" : -73.9999926719,
        "time" : "20151027T125117-0400"
      }, {
        "lat" : 40.7390604567,
        "lon" : -74.0005369163,
        "time" : "20151027T125134-0400"
      }, {
        "lat" : 40.73919372,
        "lon" : -74.0010388686,
        "time" : "20151027T125153-0400"
      }, {
        "lat" : 40.73935469,
        "lon" : -74.0014992864,
        "time" : "20151027T125213-0400"
      }, {
        "lat" : 40.7395430829,
        "lon" : -74.0019872814,
        "time" : "20151027T125235-0400"
      }, {
        "lat" : 40.739661947,
        "lon" : -74.0022449874,
        "time" : "20151027T125255-0400"
      }, {
        "lat" : 40.7397660619,
        "lon" : -74.0023203639,
        "time" : "20151027T125315-0400"
      }, {
        "lat" : 40.7399469817,
        "lon" : -74.0022725995,
        "time" : "20151027T125335-0400"
      }, {
        "lat" : 40.7403118006,
        "lon" : -74.0021300389,
        "time" : "20151027T125402-0400"
      }, {
        "lat" : 40.740573468,
        "lon" : -74.0019743973,
        "time" : "20151027T125429-0400"
      }, {
        "lat" : 40.7408752171,
        "lon" : -74.0017966133,
        "time" : "20151027T125451-0400"
      }, {
        "lat" : 40.7410653957,
        "lon" : -74.0018094482,
        "time" : "20151027T125513-0400"
      }, {
        "lat" : 40.7410655569,
        "lon" : -74.0018404912,
        "time" : "20151027T125541-0400"
      }, {
        "lat" : 40.7410583469,
        "lon" : -74.0018476137,
        "time" : "20151027T125558-0400"
      }, {
        "lat" : 40.7410938853,
        "lon" : -74.0018664865,
        "time" : "20151027T125616-0400"
      }, {
        "lat" : 40.7411616428,
        "lon" : -74.0019402333,
        "time" : "20151027T125650-0400"
      }, {
        "lat" : 40.7409004647,
        "lon" : -74.0022110939,
        "time" : "20151027T125749-0400"
      } ]
    } ],
    "lastUpdate" : "20151027T175742Z"
  }, {
    "type" : "place",
    "startTime" : "20151027T125750-0400",
    "endTime" : "20151027T182555-0400",
    "place" : {
      "id" : 230084909,
      "name" : "Cornell Tech",
      "type" : "foursquare",
      "foursquareId" : "4fdf4038e4b044d93c4fae68",
      "foursquareCategoryIds" : [ "4bf58dd8d48988d1ae941735" ],
      "location" : {
        "lat" : 40.74090046467149,
        "lon" : -74.00221109390259
      }
    },
    "activities" : [ {
      "activity" : "walking",
      "group" : "walking",
      "manual" : false,
      "startTime" : "20151027T173438-0400",
      "endTime" : "20151027T173642-0400",
      "duration" : 124.0,
      "distance" : 155.0,
      "steps" : 206,
      "trackPoints" : [ ]
    } ],
    "lastUpdate" : "20151105T152209Z"
  }, {
    "type" : "move",
    "startTime" : "20151027T182555-0400",
    "endTime" : "20151027T190619-0400",
    "activities" : [ {
      "activity" : "walking",
      "group" : "walking",
      "manual" : false,
      "startTime" : "20151027T182555-0400",
      "endTime" : "20151027T182815-0400",
      "duration" : 140.0,
      "distance" : 141.0,
      "steps" : 281,
      "trackPoints" : [ {
        "lat" : 40.7409004647,
        "lon" : -74.0022110939,
        "time" : "20151027T182555-0400"
      }, {
        "lat" : 40.7409397998,
        "lon" : -74.0018180548,
        "time" : "20151027T182633-0400"
      }, {
        "lat" : 40.7409552574,
        "lon" : -74.0018180284,
        "time" : "20151027T182706-0400"
      }, {
        "lat" : 40.740844345,
        "lon" : -74.0018300204,
        "time" : "20151027T182728-0400"
      }, {
        "lat" : 40.7407385986,
        "lon" : -74.0018617882,
        "time" : "20151027T182755-0400"
      }, {
        "lat" : 40.7407744482,
        "lon" : -74.0018338023,
        "time" : "20151027T182814-0400"
      } ]
    }, {
      "activity" : "transport",
      "group" : "transport",
      "manual" : false,
      "startTime" : "20151027T182814-0400",
      "endTime" : "20151027T184915-0400",
      "duration" : 1261.0,
      "distance" : 2469.0,
      "trackPoints" : [ {
        "lat" : 40.7407744482,
        "lon" : -74.0018338023,
        "time" : "20151027T182814-0400"
      }, {
        "lat" : 40.7407898506,
        "lon" : -74.0018227685,
        "time" : "20151027T182834-0400"
      }, {
        "lat" : 40.7408539756,
        "lon" : -74.0017808951,
        "time" : "20151027T182858-0400"
      }, {
        "lat" : 40.7408712117,
        "lon" : -74.0017690834,
        "time" : "20151027T182918-0400"
      }, {
        "lat" : 40.7408853722,
        "lon" : -74.0017593814,
        "time" : "20151027T182938-0400"
      }, {
        "lat" : 40.7413129132,
        "lon" : -74.0014430779,
        "time" : "20151027T182958-0400"
      }, {
        "lat" : 40.7427244499,
        "lon" : -74.0003166714,
        "time" : "20151027T183031-0400"
      }, {
        "lat" : 40.7432086881,
        "lon" : -73.999679512,
        "time" : "20151027T183050-0400"
      }, {
        "lat" : 40.7432086881,
        "lon" : -73.999679512,
        "time" : "20151027T183111-0400"
      }, {
        "lat" : 40.7432090044,
        "lon" : -73.9996736294,
        "time" : "20151027T183131-0400"
      }, {
        "lat" : 40.7432125707,
        "lon" : -73.9996814457,
        "time" : "20151027T183153-0400"
      }, {
        "lat" : 40.7429444754,
        "lon" : -73.9988372166,
        "time" : "20151027T183213-0400"
      }, {
        "lat" : 40.7424194505,
        "lon" : -73.9974450968,
        "time" : "20151027T183240-0400"
      }, {
        "lat" : 40.7423083403,
        "lon" : -73.9971537507,
        "time" : "20151027T183300-0400"
      }, {
        "lat" : 40.7421618664,
        "lon" : -73.9967265065,
        "time" : "20151027T183326-0400"
      }, {
        "lat" : 40.7413095845,
        "lon" : -73.994830559,
        "time" : "20151027T183353-0400"
      }, {
        "lat" : 40.741202595,
        "lon" : -73.9945983404,
        "time" : "20151027T183432-0400"
      }, {
        "lat" : 40.7410016968,
        "lon" : -73.9941148041,
        "time" : "20151027T183453-0400"
      }, {
        "lat" : 40.7409292061,
        "lon" : -73.9938093098,
        "time" : "20151027T183513-0400"
      }, {
        "lat" : 40.7408838357,
        "lon" : -73.9936847781,
        "time" : "20151027T183532-0400"
      }, {
        "lat" : 40.7407927394,
        "lon" : -73.9934648946,
        "time" : "20151027T183554-0400"
      }, {
        "lat" : 40.7406997883,
        "lon" : -73.9932604596,
        "time" : "20151027T183614-0400"
      }, {
        "lat" : 40.740548123,
        "lon" : -73.992914892,
        "time" : "20151027T183634-0400"
      }, {
        "lat" : 40.7405172641,
        "lon" : -73.9928531634,
        "time" : "20151027T183700-0400"
      }, {
        "lat" : 40.7404948096,
        "lon" : -73.9927900375,
        "time" : "20151027T183728-0400"
      }, {
        "lat" : 40.7404351326,
        "lon" : -73.9926488476,
        "time" : "20151027T183748-0400"
      }, {
        "lat" : 40.7403041008,
        "lon" : -73.9923271226,
        "time" : "20151027T183808-0400"
      }, {
        "lat" : 40.7401324405,
        "lon" : -73.9919477284,
        "time" : "20151027T183839-0400"
      }, {
        "lat" : 40.7398854581,
        "lon" : -73.9913051263,
        "time" : "20151027T183858-0400"
      }, {
        "lat" : 40.7398271114,
        "lon" : -73.991161651,
        "time" : "20151027T183919-0400"
      }, {
        "lat" : 40.739745719,
        "lon" : -73.9909401021,
        "time" : "20151027T183947-0400"
      }, {
        "lat" : 40.7394843638,
        "lon" : -73.9903807942,
        "time" : "20151027T184008-0400"
      }, {
        "lat" : 40.7393762364,
        "lon" : -73.9900545521,
        "time" : "20151027T184028-0400"
      }, {
        "lat" : 40.7393787068,
        "lon" : -73.9898711529,
        "time" : "20151027T184059-0400"
      }, {
        "lat" : 40.7388600855,
        "lon" : -73.9888410583,
        "time" : "20151027T184135-0400"
      }, {
        "lat" : 40.7384771039,
        "lon" : -73.9880739491,
        "time" : "20151027T184155-0400"
      }, {
        "lat" : 40.7381443571,
        "lon" : -73.9872129638,
        "time" : "20151027T184215-0400"
      }, {
        "lat" : 40.7380918762,
        "lon" : -73.9869509666,
        "time" : "20151027T184234-0400"
      }, {
        "lat" : 40.7379155591,
        "lon" : -73.9865187451,
        "time" : "20151027T184300-0400"
      }, {
        "lat" : 40.7375871267,
        "lon" : -73.9856898263,
        "time" : "20151027T184401-0400"
      }, {
        "lat" : 40.7369524697,
        "lon" : -73.9844508126,
        "time" : "20151027T184423-0400"
      }, {
        "lat" : 40.736153907,
        "lon" : -73.9825956114,
        "time" : "20151027T184450-0400"
      }, {
        "lat" : 40.7359095802,
        "lon" : -73.9824386447,
        "time" : "20151027T184518-0400"
      }, {
        "lat" : 40.7359095802,
        "lon" : -73.9824386447,
        "time" : "20151027T184540-0400"
      }, {
        "lat" : 40.7359137464,
        "lon" : -73.9824370133,
        "time" : "20151027T184602-0400"
      }, {
        "lat" : 40.7354195434,
        "lon" : -73.9826956424,
        "time" : "20151027T184621-0400"
      }, {
        "lat" : 40.7340454512,
        "lon" : -73.9812647722,
        "time" : "20151027T184655-0400"
      }, {
        "lat" : 40.7335982147,
        "lon" : -73.9803466532,
        "time" : "20151027T184742-0400"
      }, {
        "lat" : 40.7336278235,
        "lon" : -73.980415768,
        "time" : "20151027T184802-0400"
      }, {
        "lat" : 40.7336343908,
        "lon" : -73.980430257,
        "time" : "20151027T184835-0400"
      }, {
        "lat" : 40.7336351275,
        "lon" : -73.9804320505,
        "time" : "20151027T184855-0400"
      }, {
        "lat" : 40.7336378251,
        "lon" : -73.9804404039,
        "time" : "20151027T184915-0400"
      } ]
    }, {
      "activity" : "walking",
      "group" : "walking",
      "manual" : false,
      "startTime" : "20151027T184915-0400",
      "endTime" : "20151027T185315-0400",
      "duration" : 240.0,
      "distance" : 276.0,
      "steps" : 443,
      "trackPoints" : [ {
        "lat" : 40.7336378251,
        "lon" : -73.9804404039,
        "time" : "20151027T184915-0400"
      }, {
        "lat" : 40.7337027003,
        "lon" : -73.9807279269,
        "time" : "20151027T184945-0400"
      }, {
        "lat" : 40.7334955308,
        "lon" : -73.980918032,
        "time" : "20151027T185002-0400"
      }, {
        "lat" : 40.7332835195,
        "lon" : -73.9811038738,
        "time" : "20151027T185022-0400"
      }, {
        "lat" : 40.7330382727,
        "lon" : -73.9813337885,
        "time" : "20151027T185049-0400"
      }, {
        "lat" : 40.7327501371,
        "lon" : -73.9815239145,
        "time" : "20151027T185109-0400"
      }, {
        "lat" : 40.7324910991,
        "lon" : -73.9816529341,
        "time" : "20151027T185129-0400"
      }, {
        "lat" : 40.732210206,
        "lon" : -73.981869743,
        "time" : "20151027T185156-0400"
      }, {
        "lat" : 40.732028483,
        "lon" : -73.9819977351,
        "time" : "20151027T185215-0400"
      }, {
        "lat" : 40.7318593722,
        "lon" : -73.9820732281,
        "time" : "20151027T185233-0400"
      }, {
        "lat" : 40.7317224937,
        "lon" : -73.9820663445,
        "time" : "20151027T185258-0400"
      }, {
        "lat" : 40.7317220238,
        "lon" : -73.9820669594,
        "time" : "20151027T185315-0400"
      } ]
    }, {
      "activity" : "transport",
      "group" : "transport",
      "manual" : false,
      "startTime" : "20151027T185315-0400",
      "endTime" : "20151027T185715-0400",
      "duration" : 240.0,
      "distance" : 913.0,
      "trackPoints" : [ {
        "lat" : 40.7317220238,
        "lon" : -73.9820669594,
        "time" : "20151027T185315-0400"
      }, {
        "lat" : 40.7348033358,
        "lon" : -73.9905650583,
        "time" : "20151027T185716-0400"
      } ]
    }, {
      "activity" : "walking",
      "group" : "walking",
      "manual" : false,
      "startTime" : "20151027T185716-0400",
      "endTime" : "20151027T190619-0400",
      "duration" : 543.0,
      "distance" : 458.0,
      "steps" : 839,
      "trackPoints" : [ {
        "lat" : 40.7348033358,
        "lon" : -73.9905650583,
        "time" : "20151027T185716-0400"
      }, {
        "lat" : 40.7350197665,
        "lon" : -73.9912566667,
        "time" : "20151027T185915-0400"
      }, {
        "lat" : 40.7350707522,
        "lon" : -73.991387563,
        "time" : "20151027T185935-0400"
      }, {
        "lat" : 40.7352291406,
        "lon" : -73.9917728848,
        "time" : "20151027T185956-0400"
      }, {
        "lat" : 40.7352466128,
        "lon" : -73.9918053877,
        "time" : "20151027T185959-0400"
      }, {
        "lat" : 40.7352466695,
        "lon" : -73.9918054931,
        "time" : "20151027T190000-0400"
      }, {
        "lat" : 40.7353622887,
        "lon" : -73.9920205749,
        "time" : "20151027T190020-0400"
      }, {
        "lat" : 40.7354040755,
        "lon" : -73.9921064256,
        "time" : "20151027T190036-0400"
      }, {
        "lat" : 40.7354790101,
        "lon" : -73.9921875472,
        "time" : "20151027T190054-0400"
      }, {
        "lat" : 40.7356716298,
        "lon" : -73.9927013414,
        "time" : "20151027T190111-0400"
      }, {
        "lat" : 40.7358664653,
        "lon" : -73.9932105528,
        "time" : "20151027T190131-0400"
      }, {
        "lat" : 40.7360073339,
        "lon" : -73.9934812882,
        "time" : "20151027T190151-0400"
      }, {
        "lat" : 40.7360809182,
        "lon" : -73.9934884133,
        "time" : "20151027T190211-0400"
      }, {
        "lat" : 40.7360983066,
        "lon" : -73.9935160821,
        "time" : "20151027T190231-0400"
      }, {
        "lat" : 40.7361052308,
        "lon" : -73.9935929646,
        "time" : "20151027T190257-0400"
      }, {
        "lat" : 40.7360931072,
        "lon" : -73.9935744047,
        "time" : "20151027T190317-0400"
      }, {
        "lat" : 40.7360112894,
        "lon" : -73.9935147361,
        "time" : "20151027T190336-0400"
      }, {
        "lat" : 40.7359156263,
        "lon" : -73.9934365217,
        "time" : "20151027T190356-0400"
      }, {
        "lat" : 40.735866168,
        "lon" : -73.993391361,
        "time" : "20151027T190417-0400"
      }, {
        "lat" : 40.7359982576,
        "lon" : -73.9933498061,
        "time" : "20151027T190435-0400"
      }, {
        "lat" : 40.7358957674,
        "lon" : -73.99312143,
        "time" : "20151027T190454-0400"
      }, {
        "lat" : 40.7357184772,
        "lon" : -73.992759491,
        "time" : "20151027T190512-0400"
      }, {
        "lat" : 40.7355691041,
        "lon" : -73.9925112274,
        "time" : "20151027T190531-0400"
      }, {
        "lat" : 40.7355005969,
        "lon" : -73.9925109029,
        "time" : "20151027T190559-0400"
      }, {
        "lat" : 40.7355308159,
        "lon" : -73.9925477144,
        "time" : "20151027T190619-0400"
      } ]
    } ],
    "lastUpdate" : "20151028T002208Z"
  }, {
    "type" : "place",
    "startTime" : "20151027T190619-0400",
    "endTime" : "20151027T191916-0400",
    "place" : {
      "id" : 231460125,
      "name" : "Wendy's",
      "type" : "foursquare",
      "foursquareId" : "4b32b549f964a520561225e3",
      "foursquareCategoryIds" : [ "4bf58dd8d48988d16e941735" ],
      "location" : {
        "lat" : 40.73563273531996,
        "lon" : -73.99258419960101
      }
    },
    "lastUpdate" : "20151029T135511Z"
  }, {
    "type" : "move",
    "startTime" : "20151027T191916-0400",
    "endTime" : "20151027T192453-0400",
    "activities" : [ {
      "activity" : "walking",
      "group" : "walking",
      "manual" : false,
      "startTime" : "20151027T191916-0400",
      "endTime" : "20151027T192453-0400",
      "duration" : 337.0,
      "distance" : 333.0,
      "steps" : 666,
      "trackPoints" : [ {
        "lat" : 40.7355308159,
        "lon" : -73.9925477144,
        "time" : "20151027T191916-0400"
      }, {
        "lat" : 40.7355661537,
        "lon" : -73.9925787928,
        "time" : "20151027T191936-0400"
      }, {
        "lat" : 40.735635001,
        "lon" : -73.9926479911,
        "time" : "20151027T191956-0400"
      }, {
        "lat" : 40.7357364279,
        "lon" : -73.99284578,
        "time" : "20151027T192015-0400"
      }, {
        "lat" : 40.7358955599,
        "lon" : -73.9931581117,
        "time" : "20151027T192035-0400"
      }, {
        "lat" : 40.7360634052,
        "lon" : -73.9935085447,
        "time" : "20151027T192108-0400"
      }, {
        "lat" : 40.7361272846,
        "lon" : -73.993690837,
        "time" : "20151027T192128-0400"
      }, {
        "lat" : 40.7362278925,
        "lon" : -73.9939509644,
        "time" : "20151027T192148-0400"
      }, {
        "lat" : 40.7364568057,
        "lon" : -73.9945319575,
        "time" : "20151027T192216-0400"
      }, {
        "lat" : 40.7365835469,
        "lon" : -73.9948328005,
        "time" : "20151027T192236-0400"
      }, {
        "lat" : 40.7366640803,
        "lon" : -73.9949967687,
        "time" : "20151027T192300-0400"
      }, {
        "lat" : 40.7368114298,
        "lon" : -73.9954499193,
        "time" : "20151027T192330-0400"
      }, {
        "lat" : 40.7368015777,
        "lon" : -73.9954943256,
        "time" : "20151027T192350-0400"
      }, {
        "lat" : 40.7367968449,
        "lon" : -73.9955112459,
        "time" : "20151027T192413-0400"
      }, {
        "lat" : 40.7367639466,
        "lon" : -73.995488729,
        "time" : "20151027T192433-0400"
      }, {
        "lat" : 40.7369834152,
        "lon" : -73.9954191752,
        "time" : "20151027T192453-0400"
      } ]
    } ],
    "lastUpdate" : "20151028T002208Z"
  }, {
    "type" : "place",
    "startTime" : "20151027T192453-0400",
    "endTime" : "20151027T195552-0400",
    "place" : {
      "id" : 230455171,
      "name" : "Party City",
      "type" : "foursquare",
      "foursquareId" : "4a66352af964a52034c81fe3",
      "foursquareCategoryIds" : [ "4bf58dd8d48988d128951735" ],
      "location" : {
        "lat" : 40.73698341524972,
        "lon" : -73.99541917523608
      }
    },
    "activities" : [ {
      "activity" : "walking",
      "group" : "walking",
      "manual" : false,
      "startTime" : "20151027T192617-0400",
      "endTime" : "20151027T193133-0400",
      "duration" : 316.0,
      "distance" : 287.0,
      "steps" : 382,
      "trackPoints" : [ ]
    } ],
    "lastUpdate" : "20151028T144529Z"
  }, {
    "type" : "move",
    "startTime" : "20151027T195552-0400",
    "endTime" : "20151027T200900-0400",
    "activities" : [ {
      "activity" : "walking",
      "group" : "walking",
      "manual" : false,
      "startTime" : "20151027T195552-0400",
      "endTime" : "20151027T200900-0400",
      "duration" : 788.0,
      "distance" : 902.0,
      "steps" : 1320,
      "trackPoints" : [ {
        "lat" : 40.7369834152,
        "lon" : -73.9954191752,
        "time" : "20151027T195552-0400"
      }, {
        "lat" : 40.7369568284,
        "lon" : -73.9958248425,
        "time" : "20151027T195612-0400"
      }, {
        "lat" : 40.7369629794,
        "lon" : -73.9958254793,
        "time" : "20151027T195632-0400"
      }, {
        "lat" : 40.7371195871,
        "lon" : -73.9962314316,
        "time" : "20151027T195705-0400"
      }, {
        "lat" : 40.7372010577,
        "lon" : -73.9964432893,
        "time" : "20151027T195725-0400"
      }, {
        "lat" : 40.73730679,
        "lon" : -73.9967378847,
        "time" : "20151027T195752-0400"
      }, {
        "lat" : 40.7374074984,
        "lon" : -73.9968494999,
        "time" : "20151027T195810-0400"
      }, {
        "lat" : 40.7373939413,
        "lon" : -73.9969562817,
        "time" : "20151027T195827-0400"
      }, {
        "lat" : 40.7375535895,
        "lon" : -73.9972661069,
        "time" : "20151027T195846-0400"
      }, {
        "lat" : 40.7377226335,
        "lon" : -73.997619469,
        "time" : "20151027T195907-0400"
      }, {
        "lat" : 40.7378692458,
        "lon" : -73.9979680873,
        "time" : "20151027T195927-0400"
      }, {
        "lat" : 40.7379974076,
        "lon" : -73.9982532975,
        "time" : "20151027T195946-0400"
      }, {
        "lat" : 40.73808567,
        "lon" : -73.9984408107,
        "time" : "20151027T195959-0400"
      }, {
        "lat" : 40.7380857353,
        "lon" : -73.9984409495,
        "time" : "20151027T200000-0400"
      }, {
        "lat" : 40.7381287532,
        "lon" : -73.9985323411,
        "time" : "20151027T200006-0400"
      }, {
        "lat" : 40.7383196923,
        "lon" : -73.9989435463,
        "time" : "20151027T200026-0400"
      }, {
        "lat" : 40.7384579372,
        "lon" : -73.9992415427,
        "time" : "20151027T200046-0400"
      }, {
        "lat" : 40.7386025562,
        "lon" : -73.999547085,
        "time" : "20151027T200113-0400"
      }, {
        "lat" : 40.7387240149,
        "lon" : -73.9995324274,
        "time" : "20151027T200133-0400"
      }, {
        "lat" : 40.7388963109,
        "lon" : -73.9994547778,
        "time" : "20151027T200153-0400"
      }, {
        "lat" : 40.7390723562,
        "lon" : -73.9994241689,
        "time" : "20151027T200214-0400"
      }, {
        "lat" : 40.7392300361,
        "lon" : -73.9994758864,
        "time" : "20151027T200232-0400"
      }, {
        "lat" : 40.7393984489,
        "lon" : -73.9996774435,
        "time" : "20151027T200251-0400"
      }, {
        "lat" : 40.7395769641,
        "lon" : -73.999992877,
        "time" : "20151027T200311-0400"
      }, {
        "lat" : 40.7397200025,
        "lon" : -74.0002810952,
        "time" : "20151027T200332-0400"
      }, {
        "lat" : 40.7398432698,
        "lon" : -74.0005652709,
        "time" : "20151027T200352-0400"
      }, {
        "lat" : 40.7400343442,
        "lon" : -74.0010264798,
        "time" : "20151027T200421-0400"
      }, {
        "lat" : 40.740174156,
        "lon" : -74.0013622341,
        "time" : "20151027T200441-0400"
      }, {
        "lat" : 40.7402948947,
        "lon" : -74.0016453219,
        "time" : "20151027T200502-0400"
      }, {
        "lat" : 40.7404166826,
        "lon" : -74.0019160122,
        "time" : "20151027T200523-0400"
      }, {
        "lat" : 40.7404527258,
        "lon" : -74.0020685388,
        "time" : "20151027T200544-0400"
      }, {
        "lat" : 40.7404239596,
        "lon" : -74.0022398301,
        "time" : "20151027T200601-0400"
      }, {
        "lat" : 40.7405004936,
        "lon" : -74.0022816914,
        "time" : "20151027T200624-0400"
      }, {
        "lat" : 40.7406203089,
        "lon" : -74.0021302877,
        "time" : "20151027T200647-0400"
      }, {
        "lat" : 40.7407510342,
        "lon" : -74.0019557532,
        "time" : "20151027T200704-0400"
      }, {
        "lat" : 40.7408118687,
        "lon" : -74.0018834637,
        "time" : "20151027T200725-0400"
      }, {
        "lat" : 40.74107214,
        "lon" : -74.0018639617,
        "time" : "20151027T200755-0400"
      }, {
        "lat" : 40.7411645823,
        "lon" : -74.0018953773,
        "time" : "20151027T200817-0400"
      }, {
        "lat" : 40.7411911802,
        "lon" : -74.0019100845,
        "time" : "20151027T200838-0400"
      }, {
        "lat" : 40.7409004647,
        "lon" : -74.0022110939,
        "time" : "20151027T200900-0400"
      } ]
    } ],
    "lastUpdate" : "20151028T144529Z"
  }, {
    "type" : "place",
    "startTime" : "20151027T200900-0400",
    "endTime" : "20151027T222623-0400",
    "place" : {
      "id" : 230084909,
      "name" : "Cornell Tech",
      "type" : "foursquare",
      "foursquareId" : "4fdf4038e4b044d93c4fae68",
      "foursquareCategoryIds" : [ "4bf58dd8d48988d1ae941735" ],
      "location" : {
        "lat" : 40.74090046467149,
        "lon" : -74.00221109390259
      }
    },
    "activities" : [ {
      "activity" : "walking",
      "group" : "walking",
      "manual" : false,
      "startTime" : "20151027T202631-0400",
      "endTime" : "20151027T202901-0400",
      "duration" : 150.0,
      "distance" : 143.0,
      "steps" : 191,
      "trackPoints" : [ ]
    }, {
      "activity" : "walking",
      "group" : "walking",
      "manual" : false,
      "startTime" : "20151027T214043-0400",
      "endTime" : "20151027T214143-0400",
      "duration" : 60.0,
      "distance" : 60.0,
      "steps" : 121,
      "trackPoints" : [ ]
    }, {
      "activity" : "walking",
      "group" : "walking",
      "manual" : false,
      "startTime" : "20151027T222507-0400",
      "endTime" : "20151027T222537-0400",
      "duration" : 30.0,
      "distance" : 35.0,
      "steps" : 70,
      "trackPoints" : [ ]
    } ],
    "lastUpdate" : "20151105T152209Z"
  }, {
    "type" : "move",
    "startTime" : "20151027T222623-0400",
    "endTime" : "20151027T225311-0400",
    "activities" : [ {
      "activity" : "walking",
      "group" : "walking",
      "manual" : false,
      "startTime" : "20151027T222623-0400",
      "endTime" : "20151027T223107-0400",
      "duration" : 284.0,
      "distance" : 222.0,
      "steps" : 443,
      "trackPoints" : [ {
        "lat" : 40.7409004647,
        "lon" : -74.0022110939,
        "time" : "20151027T222623-0400"
      }, {
        "lat" : 40.7408338287,
        "lon" : -74.0018863831,
        "time" : "20151027T222734-0400"
      }, {
        "lat" : 40.7407597038,
        "lon" : -74.0018819781,
        "time" : "20151027T222754-0400"
      }, {
        "lat" : 40.7406722916,
        "lon" : -74.0018982068,
        "time" : "20151027T222816-0400"
      }, {
        "lat" : 40.7406056612,
        "lon" : -74.0019266947,
        "time" : "20151027T222833-0400"
      }, {
        "lat" : 40.740526934,
        "lon" : -74.0020479568,
        "time" : "20151027T222852-0400"
      }, {
        "lat" : 40.7403832641,
        "lon" : -74.0022246409,
        "time" : "20151027T222923-0400"
      }, {
        "lat" : 40.7402883446,
        "lon" : -74.0023023469,
        "time" : "20151027T222942-0400"
      }, {
        "lat" : 40.7400861641,
        "lon" : -74.0024353769,
        "time" : "20151027T223004-0400"
      }, {
        "lat" : 40.7399499198,
        "lon" : -74.0024563071,
        "time" : "20151027T223023-0400"
      }, {
        "lat" : 40.7397785958,
        "lon" : -74.0023663752,
        "time" : "20151027T223042-0400"
      }, {
        "lat" : 40.7396754171,
        "lon" : -74.002161778,
        "time" : "20151027T223107-0400"
      } ]
    }, {
      "activity" : "transport",
      "group" : "transport",
      "manual" : false,
      "startTime" : "20151027T223107-0400",
      "endTime" : "20151027T223937-0400",
      "duration" : 510.0,
      "distance" : 2080.0,
      "trackPoints" : [ {
        "lat" : 40.7396754171,
        "lon" : -74.002161778,
        "time" : "20151027T223107-0400"
      }, {
        "lat" : 40.7315831812,
        "lon" : -73.9835425652,
        "time" : "20151027T223937-0400"
      } ]
    }, {
      "activity" : "walking",
      "group" : "walking",
      "manual" : false,
      "startTime" : "20151027T223937-0400",
      "endTime" : "20151027T225311-0400",
      "duration" : 814.0,
      "distance" : 953.0,
      "steps" : 1455,
      "trackPoints" : [ {
        "lat" : 40.7315831812,
        "lon" : -73.9835425652,
        "time" : "20151027T223937-0400"
      }, {
        "lat" : 40.7312691052,
        "lon" : -73.9826360785,
        "time" : "20151027T224134-0400"
      }, {
        "lat" : 40.7312896307,
        "lon" : -73.9826470806,
        "time" : "20151027T224159-0400"
      }, {
        "lat" : 40.7311699896,
        "lon" : -73.9827179685,
        "time" : "20151027T224219-0400"
      }, {
        "lat" : 40.7309952163,
        "lon" : -73.9828252378,
        "time" : "20151027T224239-0400"
      }, {
        "lat" : 40.7306311181,
        "lon" : -73.9830329237,
        "time" : "20151027T224314-0400"
      }, {
        "lat" : 40.7304412665,
        "lon" : -73.9832040703,
        "time" : "20151027T224334-0400"
      }, {
        "lat" : 40.7302265835,
        "lon" : -73.983331779,
        "time" : "20151027T224353-0400"
      }, {
        "lat" : 40.7300284724,
        "lon" : -73.9833806467,
        "time" : "20151027T224409-0400"
      }, {
        "lat" : 40.7300043687,
        "lon" : -73.9830609855,
        "time" : "20151027T224434-0400"
      }, {
        "lat" : 40.7299217866,
        "lon" : -73.9831694703,
        "time" : "20151027T224450-0400"
      }, {
        "lat" : 40.7295374756,
        "lon" : -73.9837599877,
        "time" : "20151027T224511-0400"
      }, {
        "lat" : 40.7292560071,
        "lon" : -73.9840818271,
        "time" : "20151027T224531-0400"
      }, {
        "lat" : 40.7290371417,
        "lon" : -73.9842649877,
        "time" : "20151027T224551-0400"
      }, {
        "lat" : 40.7287359616,
        "lon" : -73.9841979238,
        "time" : "20151027T224627-0400"
      }, {
        "lat" : 40.7286080779,
        "lon" : -73.983976085,
        "time" : "20151027T224647-0400"
      }, {
        "lat" : 40.7284715271,
        "lon" : -73.9836782321,
        "time" : "20151027T224709-0400"
      }, {
        "lat" : 40.7281856849,
        "lon" : -73.9830540272,
        "time" : "20151027T224744-0400"
      }, {
        "lat" : 40.72787464,
        "lon" : -73.9825756975,
        "time" : "20151027T224815-0400"
      }, {
        "lat" : 40.7276973344,
        "lon" : -73.9821091857,
        "time" : "20151027T224846-0400"
      }, {
        "lat" : 40.7274312886,
        "lon" : -73.9815732782,
        "time" : "20151027T224914-0400"
      }, {
        "lat" : 40.7272287373,
        "lon" : -73.9811180548,
        "time" : "20151027T224941-0400"
      }, {
        "lat" : 40.7271742994,
        "lon" : -73.980918415,
        "time" : "20151027T225001-0400"
      }, {
        "lat" : 40.727066774,
        "lon" : -73.9806987734,
        "time" : "20151027T225022-0400"
      }, {
        "lat" : 40.7269659014,
        "lon" : -73.9804881299,
        "time" : "20151027T225042-0400"
      }, {
        "lat" : 40.7268752572,
        "lon" : -73.980300398,
        "time" : "20151027T225109-0400"
      }, {
        "lat" : 40.7268240197,
        "lon" : -73.9803697145,
        "time" : "20151027T225129-0400"
      }, {
        "lat" : 40.7267689571,
        "lon" : -73.9805125183,
        "time" : "20151027T225146-0400"
      }, {
        "lat" : 40.7268145631,
        "lon" : -73.9804167232,
        "time" : "20151027T225203-0400"
      }, {
        "lat" : 40.7269892671,
        "lon" : -73.9802666949,
        "time" : "20151027T225221-0400"
      }, {
        "lat" : 40.7269186953,
        "lon" : -73.980280853,
        "time" : "20151027T225238-0400"
      }, {
        "lat" : 40.7268993281,
        "lon" : -73.9802721316,
        "time" : "20151027T225311-0400"
      } ]
    } ],
    "lastUpdate" : "20151028T144529Z"
  }, {
    "type" : "place",
    "startTime" : "20151027T225311-0400",
    "endTime" : "20151028T014510-0400",
    "place" : {
      "id" : 231598892,
      "name" : "The Blind Barber",
      "type" : "foursquare",
      "foursquareId" : "4be367f82fc7d13aa08a083a",
      "foursquareCategoryIds" : [ "4bf58dd8d48988d1d4941735" ],
      "location" : {
        "lat" : 40.72705648280683,
        "lon" : -73.98041169261889
      }
    },
    "activities" : [ {
      "activity" : "walking",
      "group" : "walking",
      "manual" : false,
      "startTime" : "20151027T232939-0400",
      "endTime" : "20151027T233039-0400",
      "duration" : 60.0,
      "distance" : 40.0,
      "steps" : 80,
      "trackPoints" : [ ]
    } ],
    "lastUpdate" : "20151028T203200Z"
  } ],
  "lastUpdate" : "20151105T152209Z"
} ]