[ {
  "date" : "20151104",
  "summary" : [ {
    "activity" : "walking",
    "group" : "walking",
    "duration" : 3086.0,
    "distance" : 3105.0,
    "steps" : 4721
  } ],
  "segments" : [ {
    "type" : "place",
    "startTime" : "20151103T090110-0500",
    "endTime" : "20151104T010042-0500",
    "place" : {
      "id" : 230084909,
      "name" : "Cornell Tech",
      "type" : "foursquare",
      "foursquareId" : "4fdf4038e4b044d93c4fae68",
      "foursquareCategoryIds" : [ "4bf58dd8d48988d1ae941735" ],
      "location" : {
        "lat" : 40.74090046467149,
        "lon" : -74.00221109390259
      }
    },
    "activities" : [ {
      "activity" : "walking",
      "group" : "walking",
      "manual" : false,
      "startTime" : "20151104T005610-0500",
      "endTime" : "20151104T005640-0500",
      "duration" : 30.0,
      "distance" : 20.0,
      "steps" : 40,
      "trackPoints" : [ ]
    } ],
    "lastUpdate" : "20151104T160606Z"
  }, {
    "type" : "move",
    "startTime" : "20151104T010042-0500",
    "endTime" : "20151104T011028-0500",
    "activities" : [ {
      "activity" : "walking",
      "group" : "walking",
      "manual" : false,
      "startTime" : "20151104T010042-0500",
      "endTime" : "20151104T011028-0500",
      "duration" : 586.0,
      "distance" : 516.0,
      "steps" : 746,
      "trackPoints" : [ {
        "lat" : 40.7412186206,
        "lon" : -74.0014792254,
        "time" : "20151104T010042-0500"
      }, {
        "lat" : 40.7410441434,
        "lon" : -74.0016903769,
        "time" : "20151104T010148-0500"
      }, {
        "lat" : 40.7410217257,
        "lon" : -74.0016596879,
        "time" : "20151104T010246-0500"
      }, {
        "lat" : 40.7410124003,
        "lon" : -74.0016782757,
        "time" : "20151104T010305-0500"
      }, {
        "lat" : 40.7408795198,
        "lon" : -74.0017614768,
        "time" : "20151104T010334-0500"
      }, {
        "lat" : 40.7408808989,
        "lon" : -74.0016372783,
        "time" : "20151104T010356-0500"
      }, {
        "lat" : 40.7413039954,
        "lon" : -74.0011371792,
        "time" : "20151104T010422-0500"
      }, {
        "lat" : 40.7408332406,
        "lon" : -74.0015024285,
        "time" : "20151104T010438-0500"
      }, {
        "lat" : 40.7404421243,
        "lon" : -74.0016434193,
        "time" : "20151104T010459-0500"
      }, {
        "lat" : 40.7402666031,
        "lon" : -74.0014993236,
        "time" : "20151104T010522-0500"
      }, {
        "lat" : 40.7401529767,
        "lon" : -74.0012786381,
        "time" : "20151104T010540-0500"
      }, {
        "lat" : 40.7400151345,
        "lon" : -74.0009467028,
        "time" : "20151104T010602-0500"
      }, {
        "lat" : 40.7398743237,
        "lon" : -74.0006228112,
        "time" : "20151104T010624-0500"
      }, {
        "lat" : 40.7396452319,
        "lon" : -74.0000820436,
        "time" : "20151104T010653-0500"
      }, {
        "lat" : 40.7394897696,
        "lon" : -73.9997570449,
        "time" : "20151104T010714-0500"
      }, {
        "lat" : 40.7393628795,
        "lon" : -73.999489601,
        "time" : "20151104T010734-0500"
      }, {
        "lat" : 40.7393012959,
        "lon" : -73.9994001517,
        "time" : "20151104T010757-0500"
      }, {
        "lat" : 40.7392639378,
        "lon" : -73.9993959281,
        "time" : "20151104T010812-0500"
      }, {
        "lat" : 40.739191772,
        "lon" : -73.9994538271,
        "time" : "20151104T010833-0500"
      }, {
        "lat" : 40.7391325525,
        "lon" : -73.9995418023,
        "time" : "20151104T010852-0500"
      }, {
        "lat" : 40.7391263391,
        "lon" : -73.9996727371,
        "time" : "20151104T010911-0500"
      }, {
        "lat" : 40.7391429769,
        "lon" : -73.9997394101,
        "time" : "20151104T010934-0500"
      }, {
        "lat" : 40.7391639462,
        "lon" : -73.9998261925,
        "time" : "20151104T010957-0500"
      }, {
        "lat" : 40.7391180253,
        "lon" : -73.9998431172,
        "time" : "20151104T011028-0500"
      } ]
    } ],
    "lastUpdate" : "20151104T160538Z"
  }, {
    "type" : "place",
    "startTime" : "20151104T094854-0500",
    "endTime" : "20151104T213932-0500",
    "place" : {
      "id" : 230084909,
      "name" : "Cornell Tech",
      "type" : "foursquare",
      "foursquareId" : "4fdf4038e4b044d93c4fae68",
      "foursquareCategoryIds" : [ "4bf58dd8d48988d1ae941735" ],
      "location" : {
        "lat" : 40.74090046467149,
        "lon" : -74.00221109390259
      }
    },
    "activities" : [ {
      "activity" : "walking",
      "group" : "walking",
      "manual" : false,
      "startTime" : "20151104T112335-0500",
      "endTime" : "20151104T112605-0500",
      "duration" : 150.0,
      "distance" : 196.0,
      "steps" : 262,
      "trackPoints" : [ ]
    }, {
      "activity" : "walking",
      "group" : "walking",
      "manual" : false,
      "startTime" : "20151104T121815-0500",
      "endTime" : "20151104T121945-0500",
      "duration" : 90.0,
      "distance" : 75.0,
      "steps" : 151,
      "trackPoints" : [ ]
    }, {
      "activity" : "walking",
      "group" : "walking",
      "manual" : false,
      "startTime" : "20151104T135204-0500",
      "endTime" : "20151104T135307-0500",
      "duration" : 63.0,
      "distance" : 42.0,
      "steps" : 85,
      "trackPoints" : [ ]
    }, {
      "activity" : "walking",
      "group" : "walking",
      "manual" : false,
      "startTime" : "20151104T140614-0500",
      "endTime" : "20151104T141014-0500",
      "duration" : 240.0,
      "distance" : 294.0,
      "steps" : 392,
      "trackPoints" : [ ]
    }, {
      "activity" : "walking",
      "group" : "walking",
      "manual" : false,
      "startTime" : "20151104T164817-0500",
      "endTime" : "20151104T164958-0500",
      "duration" : 101.0,
      "distance" : 93.0,
      "steps" : 186,
      "trackPoints" : [ ]
    }, {
      "activity" : "walking",
      "group" : "walking",
      "manual" : false,
      "startTime" : "20151104T170000-0500",
      "endTime" : "20151104T170549-0500",
      "duration" : 349.0,
      "distance" : 373.0,
      "steps" : 498,
      "trackPoints" : [ ]
    }, {
      "activity" : "walking",
      "group" : "walking",
      "manual" : false,
      "startTime" : "20151104T183347-0500",
      "endTime" : "20151104T183517-0500",
      "duration" : 90.0,
      "distance" : 65.0,
      "steps" : 131,
      "trackPoints" : [ ]
    }, {
      "activity" : "walking",
      "group" : "walking",
      "manual" : false,
      "startTime" : "20151104T200841-0500",
      "endTime" : "20151104T200911-0500",
      "duration" : 30.0,
      "distance" : 15.0,
      "steps" : 20,
      "trackPoints" : [ ]
    }, {
      "activity" : "walking",
      "group" : "walking",
      "manual" : false,
      "startTime" : "20151104T210626-0500",
      "endTime" : "20151104T210656-0500",
      "duration" : 30.0,
      "distance" : 25.0,
      "steps" : 50,
      "trackPoints" : [ ]
    } ],
    "lastUpdate" : "20151105T152209Z"
  }, {
    "type" : "move",
    "startTime" : "20151104T213932-0500",
    "endTime" : "20151104T214836-0500",
    "activities" : [ {
      "activity" : "walking",
      "group" : "walking",
      "manual" : false,
      "startTime" : "20151104T213932-0500",
      "endTime" : "20151104T214836-0500",
      "duration" : 544.0,
      "distance" : 552.0,
      "steps" : 860,
      "trackPoints" : [ {
        "lat" : 40.7409004647,
        "lon" : -74.0022110939,
        "time" : "20151104T213932-0500"
      }, {
        "lat" : 40.7409547814,
        "lon" : -74.0019824998,
        "time" : "20151104T213956-0500"
      }, {
        "lat" : 40.7408497754,
        "lon" : -74.001932042,
        "time" : "20151104T214016-0500"
      }, {
        "lat" : 40.7407028732,
        "lon" : -74.0018506894,
        "time" : "20151104T214042-0500"
      }, {
        "lat" : 40.7407313634,
        "lon" : -74.0018773142,
        "time" : "20151104T214058-0500"
      }, {
        "lat" : 40.7409025639,
        "lon" : -74.0019633638,
        "time" : "20151104T214118-0500"
      }, {
        "lat" : 40.7410618257,
        "lon" : -74.0021318393,
        "time" : "20151104T214143-0500"
      }, {
        "lat" : 40.7411758828,
        "lon" : -74.0017761508,
        "time" : "20151104T214202-0500"
      }, {
        "lat" : 40.741274104,
        "lon" : -74.001531026,
        "time" : "20151104T214222-0500"
      }, {
        "lat" : 40.7413984438,
        "lon" : -74.0013752534,
        "time" : "20151104T214242-0500"
      }, {
        "lat" : 40.7415086737,
        "lon" : -74.0012582244,
        "time" : "20151104T214259-0500"
      }, {
        "lat" : 40.7416686097,
        "lon" : -74.0011580365,
        "time" : "20151104T214319-0500"
      }, {
        "lat" : 40.7419619768,
        "lon" : -74.0009513471,
        "time" : "20151104T214347-0500"
      }, {
        "lat" : 40.7421192899,
        "lon" : -74.0008308179,
        "time" : "20151104T214407-0500"
      }, {
        "lat" : 40.7422393515,
        "lon" : -74.0007745735,
        "time" : "20151104T214427-0500"
      }, {
        "lat" : 40.7423681476,
        "lon" : -74.0005849636,
        "time" : "20151104T214447-0500"
      }, {
        "lat" : 40.7424673298,
        "lon" : -74.0003292643,
        "time" : "20151104T214508-0500"
      }, {
        "lat" : 40.7426620635,
        "lon" : -73.9999512526,
        "time" : "20151104T214528-0500"
      }, {
        "lat" : 40.7428642767,
        "lon" : -73.9998680167,
        "time" : "20151104T214546-0500"
      }, {
        "lat" : 40.7427933821,
        "lon" : -74.0001722143,
        "time" : "20151104T214604-0500"
      }, {
        "lat" : 40.7429413224,
        "lon" : -74.0001673109,
        "time" : "20151104T214624-0500"
      }, {
        "lat" : 40.7431112271,
        "lon" : -74.0000726009,
        "time" : "20151104T214644-0500"
      }, {
        "lat" : 40.7434067854,
        "lon" : -73.9998597134,
        "time" : "20151104T214713-0500"
      }, {
        "lat" : 40.7436091604,
        "lon" : -73.9996976994,
        "time" : "20151104T214735-0500"
      }, {
        "lat" : 40.7437454233,
        "lon" : -73.9995968539,
        "time" : "20151104T214755-0500"
      }, {
        "lat" : 40.7438344264,
        "lon" : -73.9995446147,
        "time" : "20151104T214816-0500"
      }, {
        "lat" : 40.7437626047,
        "lon" : -73.9995954129,
        "time" : "20151104T214836-0500"
      } ]
    } ],
    "lastUpdate" : "20151105T033612Z"
  }, {
    "type" : "place",
    "startTime" : "20151104T214836-0500",
    "endTime" : "20151104T215134-0500",
    "place" : {
      "id" : 233802877,
      "type" : "unknown",
      "location" : {
        "lat" : 40.7437626047,
        "lon" : -73.9995954129
      }
    },
    "lastUpdate" : "20151105T033612Z"
  }, {
    "type" : "move",
    "startTime" : "20151104T215134-0500",
    "endTime" : "20151104T215806-0500",
    "activities" : [ {
      "activity" : "walking",
      "group" : "walking",
      "manual" : false,
      "startTime" : "20151104T215134-0500",
      "endTime" : "20151104T215806-0500",
      "duration" : 392.0,
      "distance" : 389.0,
      "steps" : 687,
      "trackPoints" : [ {
        "lat" : 40.7437626047,
        "lon" : -73.9995954129,
        "time" : "20151104T215134-0500"
      }, {
        "lat" : 40.7436623652,
        "lon" : -73.9996535375,
        "time" : "20151104T215155-0500"
      }, {
        "lat" : 40.7434691735,
        "lon" : -73.9997452011,
        "time" : "20151104T215222-0500"
      }, {
        "lat" : 40.7434344327,
        "lon" : -73.9998442551,
        "time" : "20151104T215237-0500"
      }, {
        "lat" : 40.7434542091,
        "lon" : -73.9999691753,
        "time" : "20151104T215253-0500"
      }, {
        "lat" : 40.7432534988,
        "lon" : -74.0001055262,
        "time" : "20151104T215309-0500"
      }, {
        "lat" : 40.7430163868,
        "lon" : -74.0001921113,
        "time" : "20151104T215329-0500"
      }, {
        "lat" : 40.7428526081,
        "lon" : -74.000363832,
        "time" : "20151104T215349-0500"
      }, {
        "lat" : 40.7426318431,
        "lon" : -74.0004814134,
        "time" : "20151104T215409-0500"
      }, {
        "lat" : 40.7424500918,
        "lon" : -74.0005915288,
        "time" : "20151104T215429-0500"
      }, {
        "lat" : 40.7423287745,
        "lon" : -74.000733862,
        "time" : "20151104T215450-0500"
      }, {
        "lat" : 40.7422460204,
        "lon" : -74.0009010491,
        "time" : "20151104T215508-0500"
      }, {
        "lat" : 40.7419897168,
        "lon" : -74.0009649852,
        "time" : "20151104T215528-0500"
      }, {
        "lat" : 40.7417842306,
        "lon" : -74.0010885923,
        "time" : "20151104T215549-0500"
      }, {
        "lat" : 40.741577741,
        "lon" : -74.0012960696,
        "time" : "20151104T215609-0500"
      }, {
        "lat" : 40.7413390589,
        "lon" : -74.001341069,
        "time" : "20151104T215630-0500"
      }, {
        "lat" : 40.7411328256,
        "lon" : -74.0012476195,
        "time" : "20151104T215658-0500"
      }, {
        "lat" : 40.7410909726,
        "lon" : -74.001498192,
        "time" : "20151104T215714-0500"
      }, {
        "lat" : 40.7411212959,
        "lon" : -74.0015618023,
        "time" : "20151104T215739-0500"
      }, {
        "lat" : 40.7412186206,
        "lon" : -74.0014792254,
        "time" : "20151104T215806-0500"
      } ]
    } ],
    "lastUpdate" : "20151105T033612Z"
  }, {
    "type" : "place",
    "startTime" : "20151104T215806-0500",
    "endTime" : "20151105T024518-0500",
    "place" : {
      "id" : 230084909,
      "name" : "Cornell Tech",
      "type" : "foursquare",
      "foursquareId" : "4fdf4038e4b044d93c4fae68",
      "foursquareCategoryIds" : [ "4bf58dd8d48988d1ae941735" ],
      "location" : {
        "lat" : 40.74090046467149,
        "lon" : -74.00221109390259
      }
    },
    "activities" : [ {
      "activity" : "walking",
      "group" : "walking",
      "manual" : false,
      "startTime" : "20151104T215935-0500",
      "endTime" : "20151104T220336-0500",
      "duration" : 241.0,
      "distance" : 269.0,
      "steps" : 372,
      "trackPoints" : [ ]
    }, {
      "activity" : "walking",
      "group" : "walking",
      "manual" : false,
      "startTime" : "20151104T230540-0500",
      "endTime" : "20151104T230810-0500",
      "duration" : 150.0,
      "distance" : 181.0,
      "steps" : 241,
      "trackPoints" : [ ]
    } ],
    "lastUpdate" : "20151105T152209Z"
  } ],
  "lastUpdate" : "20151105T152209Z"
} ]