[ {
  "date" : "20151101",
  "summary" : [ {
    "activity" : "walking",
    "group" : "walking",
    "duration" : 6205.0,
    "distance" : 7765.0,
    "steps" : 10352
  } ],
  "segments" : [ {
    "type" : "place",
    "startTime" : "20151031T170617-0400",
    "endTime" : "20151101T010655-0400",
    "place" : {
      "id" : 230084909,
      "name" : "Cornell Tech",
      "type" : "foursquare",
      "foursquareId" : "4fdf4038e4b044d93c4fae68",
      "foursquareCategoryIds" : [ "4bf58dd8d48988d1ae941735" ],
      "location" : {
        "lat" : 40.74090046467149,
        "lon" : -74.00221109390259
      }
    },
    "activities" : [ {
      "activity" : "walking",
      "group" : "walking",
      "manual" : false,
      "startTime" : "20151101T010255-0400",
      "endTime" : "20151101T010525-0400",
      "duration" : 150.0,
      "distance" : 159.0,
      "steps" : 212,
      "trackPoints" : [ ]
    } ],
    "lastUpdate" : "20151105T152209Z"
  }, {
    "type" : "move",
    "startTime" : "20151101T010655-0400",
    "endTime" : "20151101T011004-0400",
    "activities" : [ {
      "activity" : "walking",
      "group" : "walking",
      "manual" : false,
      "startTime" : "20151101T010655-0400",
      "endTime" : "20151101T011004-0400",
      "duration" : 189.0,
      "distance" : 344.0,
      "steps" : 369,
      "trackPoints" : [ {
        "lat" : 40.7409004647,
        "lon" : -74.0022110939,
        "time" : "20151101T010655-0400"
      }, {
        "lat" : 40.7403174171,
        "lon" : -74.0016896046,
        "time" : "20151101T010713-0400"
      }, {
        "lat" : 40.7402571531,
        "lon" : -74.0015275466,
        "time" : "20151101T010728-0400"
      }, {
        "lat" : 40.7401036269,
        "lon" : -74.0010871378,
        "time" : "20151101T010750-0400"
      }, {
        "lat" : 40.7399696714,
        "lon" : -74.0008347212,
        "time" : "20151101T010808-0400"
      }, {
        "lat" : 40.739821256,
        "lon" : -74.0004932166,
        "time" : "20151101T010829-0400"
      }, {
        "lat" : 40.7395605931,
        "lon" : -73.9999225362,
        "time" : "20151101T010905-0400"
      }, {
        "lat" : 40.7393276909,
        "lon" : -73.9995139974,
        "time" : "20151101T010931-0400"
      }, {
        "lat" : 40.7391834348,
        "lon" : -73.9999108065,
        "time" : "20151101T011004-0400"
      } ]
    } ],
    "lastUpdate" : "20151101T154541Z"
  }, {
    "type" : "place",
    "startTime" : "20151101T011004-0400",
    "endTime" : "20151101T092336-0500",
    "place" : {
      "id" : 230455257,
      "name" : "Home",
      "type" : "home",
      "location" : {
        "lat" : 40.7391834348,
        "lon" : -73.9999108065
      }
    },
    "lastUpdate" : "20151101T191336Z"
  }, {
    "type" : "move",
    "startTime" : "20151101T092336-0500",
    "endTime" : "20151101T094108-0500",
    "activities" : [ {
      "activity" : "walking",
      "group" : "walking",
      "manual" : false,
      "startTime" : "20151101T092336-0500",
      "endTime" : "20151101T094109-0500",
      "duration" : 1053.0,
      "distance" : 1512.0,
      "steps" : 1827,
      "trackPoints" : [ {
        "lat" : 40.7391834348,
        "lon" : -73.9999108065,
        "time" : "20151101T092336-0500"
      }, {
        "lat" : 40.7391252206,
        "lon" : -73.9995916689,
        "time" : "20151101T092423-0500"
      }, {
        "lat" : 40.7391361383,
        "lon" : -73.9995992826,
        "time" : "20151101T092443-0500"
      }, {
        "lat" : 40.7391799156,
        "lon" : -73.999388947,
        "time" : "20151101T092512-0500"
      }, {
        "lat" : 40.7392585516,
        "lon" : -73.9992711637,
        "time" : "20151101T092529-0500"
      }, {
        "lat" : 40.7393733244,
        "lon" : -73.999104667,
        "time" : "20151101T092546-0500"
      }, {
        "lat" : 40.7397428931,
        "lon" : -73.9988502165,
        "time" : "20151101T092607-0500"
      }, {
        "lat" : 40.7400884557,
        "lon" : -73.9986114385,
        "time" : "20151101T092631-0500"
      }, {
        "lat" : 40.7403934553,
        "lon" : -73.9983643323,
        "time" : "20151101T092652-0500"
      }, {
        "lat" : 40.7407425593,
        "lon" : -73.9980994347,
        "time" : "20151101T092719-0500"
      }, {
        "lat" : 40.7409885019,
        "lon" : -73.9978976301,
        "time" : "20151101T092740-0500"
      }, {
        "lat" : 40.7412535605,
        "lon" : -73.9976944114,
        "time" : "20151101T092800-0500"
      }, {
        "lat" : 40.7414591883,
        "lon" : -73.9975133228,
        "time" : "20151101T092821-0500"
      }, {
        "lat" : 40.7417209818,
        "lon" : -73.997354197,
        "time" : "20151101T092842-0500"
      }, {
        "lat" : 40.7419105001,
        "lon" : -73.9971717367,
        "time" : "20151101T092858-0500"
      }, {
        "lat" : 40.7421555685,
        "lon" : -73.9968759691,
        "time" : "20151101T092917-0500"
      }, {
        "lat" : 40.7424964462,
        "lon" : -73.9965892932,
        "time" : "20151101T092943-0500"
      }, {
        "lat" : 40.7428509984,
        "lon" : -73.9964806602,
        "time" : "20151101T093003-0500"
      }, {
        "lat" : 40.7431758515,
        "lon" : -73.9963203958,
        "time" : "20151101T093023-0500"
      }, {
        "lat" : 40.7435218721,
        "lon" : -73.9960855776,
        "time" : "20151101T093043-0500"
      }, {
        "lat" : 40.7438279384,
        "lon" : -73.9958971986,
        "time" : "20151101T093103-0500"
      }, {
        "lat" : 40.7441218642,
        "lon" : -73.9957053312,
        "time" : "20151101T093124-0500"
      }, {
        "lat" : 40.7442722445,
        "lon" : -73.9956960183,
        "time" : "20151101T093144-0500"
      }, {
        "lat" : 40.7444019528,
        "lon" : -73.9955440347,
        "time" : "20151101T093204-0500"
      }, {
        "lat" : 40.7447139848,
        "lon" : -73.995253913,
        "time" : "20151101T093231-0500"
      }, {
        "lat" : 40.7450326453,
        "lon" : -73.99503168,
        "time" : "20151101T093250-0500"
      }, {
        "lat" : 40.7452351547,
        "lon" : -73.9949239074,
        "time" : "20151101T093306-0500"
      }, {
        "lat" : 40.7454479487,
        "lon" : -73.9947054887,
        "time" : "20151101T093324-0500"
      }, {
        "lat" : 40.7454462661,
        "lon" : -73.9946853736,
        "time" : "20151101T093342-0500"
      }, {
        "lat" : 40.7456824127,
        "lon" : -73.9944611042,
        "time" : "20151101T093357-0500"
      }, {
        "lat" : 40.7460701851,
        "lon" : -73.9942000566,
        "time" : "20151101T093417-0500"
      }, {
        "lat" : 40.7463577247,
        "lon" : -73.9939861061,
        "time" : "20151101T093437-0500"
      }, {
        "lat" : 40.7466038446,
        "lon" : -73.9937982897,
        "time" : "20151101T093457-0500"
      }, {
        "lat" : 40.7470326575,
        "lon" : -73.9935117603,
        "time" : "20151101T093531-0500"
      }, {
        "lat" : 40.7473716598,
        "lon" : -73.9932988069,
        "time" : "20151101T093552-0500"
      }, {
        "lat" : 40.747672149,
        "lon" : -73.9930552453,
        "time" : "20151101T093612-0500"
      }, {
        "lat" : 40.7479983062,
        "lon" : -73.9928118176,
        "time" : "20151101T093633-0500"
      }, {
        "lat" : 40.7485483457,
        "lon" : -73.9925418656,
        "time" : "20151101T093707-0500"
      }, {
        "lat" : 40.7488112661,
        "lon" : -73.9924184679,
        "time" : "20151101T093727-0500"
      }, {
        "lat" : 40.7490653449,
        "lon" : -73.9921934027,
        "time" : "20151101T093747-0500"
      }, {
        "lat" : 40.7491622131,
        "lon" : -73.9920372375,
        "time" : "20151101T093807-0500"
      }, {
        "lat" : 40.7491200653,
        "lon" : -73.991812472,
        "time" : "20151101T093827-0500"
      }, {
        "lat" : 40.7490052326,
        "lon" : -73.9915124992,
        "time" : "20151101T093847-0500"
      }, {
        "lat" : 40.7488732412,
        "lon" : -73.991108843,
        "time" : "20151101T093908-0500"
      }, {
        "lat" : 40.748782289,
        "lon" : -73.9907321779,
        "time" : "20151101T093928-0500"
      }, {
        "lat" : 40.7488826626,
        "lon" : -73.9904855043,
        "time" : "20151101T094009-0500"
      }, {
        "lat" : 40.7489279151,
        "lon" : -73.9903547436,
        "time" : "20151101T094108-0500"
      } ]
    } ],
    "lastUpdate" : "20151101T191336Z"
  }, {
    "type" : "place",
    "startTime" : "20151101T094109-0500",
    "endTime" : "20151101T102531-0500",
    "place" : {
      "id" : 232899185,
      "name" : "Church of St. Francis of Assisi",
      "type" : "foursquare",
      "foursquareId" : "4b524706f964a5205c7427e3",
      "foursquareCategoryIds" : [ "4bf58dd8d48988d132941735" ],
      "location" : {
        "lat" : 40.7487687770178,
        "lon" : -73.99062395095825
      }
    },
    "activities" : [ {
      "activity" : "walking",
      "group" : "walking",
      "manual" : false,
      "startTime" : "20151101T101654-0500",
      "endTime" : "20151101T101724-0500",
      "duration" : 30.0,
      "distance" : 25.0,
      "steps" : 50,
      "trackPoints" : [ ]
    } ],
    "lastUpdate" : "20151102T000032Z"
  }, {
    "type" : "move",
    "startTime" : "20151101T102531-0500",
    "endTime" : "20151101T104742-0500",
    "activities" : [ {
      "activity" : "walking",
      "group" : "walking",
      "manual" : false,
      "startTime" : "20151101T102531-0500",
      "endTime" : "20151101T104742-0500",
      "duration" : 1331.0,
      "distance" : 1796.0,
      "steps" : 2240,
      "trackPoints" : [ {
        "lat" : 40.7489279151,
        "lon" : -73.9903547436,
        "time" : "20151101T102531-0500"
      }, {
        "lat" : 40.7488567899,
        "lon" : -73.9908193538,
        "time" : "20151101T102623-0500"
      }, {
        "lat" : 40.7489222616,
        "lon" : -73.9911668114,
        "time" : "20151101T102643-0500"
      }, {
        "lat" : 40.748997288,
        "lon" : -73.9914868882,
        "time" : "20151101T102704-0500"
      }, {
        "lat" : 40.7490933233,
        "lon" : -73.9918634524,
        "time" : "20151101T102731-0500"
      }, {
        "lat" : 40.7490910579,
        "lon" : -73.9920521646,
        "time" : "20151101T102751-0500"
      }, {
        "lat" : 40.7490513871,
        "lon" : -73.9920740981,
        "time" : "20151101T102811-0500"
      }, {
        "lat" : 40.7488867868,
        "lon" : -73.9920853848,
        "time" : "20151101T102830-0500"
      }, {
        "lat" : 40.7485788365,
        "lon" : -73.9921415208,
        "time" : "20151101T102848-0500"
      }, {
        "lat" : 40.7484299575,
        "lon" : -73.9925635414,
        "time" : "20151101T102909-0500"
      }, {
        "lat" : 40.7482119597,
        "lon" : -73.9927162852,
        "time" : "20151101T102929-0500"
      }, {
        "lat" : 40.7479058864,
        "lon" : -73.9929059778,
        "time" : "20151101T102950-0500"
      }, {
        "lat" : 40.7475677773,
        "lon" : -73.9931043112,
        "time" : "20151101T103010-0500"
      }, {
        "lat" : 40.7472275923,
        "lon" : -73.9933467943,
        "time" : "20151101T103037-0500"
      }, {
        "lat" : 40.7468498789,
        "lon" : -73.993611002,
        "time" : "20151101T103111-0500"
      }, {
        "lat" : 40.7465673341,
        "lon" : -73.9937860709,
        "time" : "20151101T103131-0500"
      }, {
        "lat" : 40.7463193155,
        "lon" : -73.9939945532,
        "time" : "20151101T103151-0500"
      }, {
        "lat" : 40.7459427806,
        "lon" : -73.9942890205,
        "time" : "20151101T103211-0500"
      }, {
        "lat" : 40.7456575286,
        "lon" : -73.9946725844,
        "time" : "20151101T103227-0500"
      }, {
        "lat" : 40.7455905751,
        "lon" : -73.9947256729,
        "time" : "20151101T103244-0500"
      }, {
        "lat" : 40.745209077,
        "lon" : -73.9947865599,
        "time" : "20151101T103304-0500"
      }, {
        "lat" : 40.7454847431,
        "lon" : -73.9951476876,
        "time" : "20151101T103325-0500"
      }, {
        "lat" : 40.7457239457,
        "lon" : -73.9954997045,
        "time" : "20151101T103346-0500"
      }, {
        "lat" : 40.745922313,
        "lon" : -73.9959311391,
        "time" : "20151101T103407-0500"
      }, {
        "lat" : 40.7460937866,
        "lon" : -73.9963244623,
        "time" : "20151101T103428-0500"
      }, {
        "lat" : 40.7462350357,
        "lon" : -73.9966405192,
        "time" : "20151101T103448-0500"
      }, {
        "lat" : 40.7463475644,
        "lon" : -73.996952105,
        "time" : "20151101T103509-0500"
      }, {
        "lat" : 40.7463586759,
        "lon" : -73.9975620095,
        "time" : "20151101T103543-0500"
      }, {
        "lat" : 40.7461687931,
        "lon" : -73.9978829412,
        "time" : "20151101T103603-0500"
      }, {
        "lat" : 40.7457551088,
        "lon" : -73.9983332203,
        "time" : "20151101T103628-0500"
      }, {
        "lat" : 40.7454078252,
        "lon" : -73.9983893875,
        "time" : "20151101T103650-0500"
      }, {
        "lat" : 40.7452144562,
        "lon" : -73.9986801173,
        "time" : "20151101T103706-0500"
      }, {
        "lat" : 40.7452030688,
        "lon" : -73.9985988922,
        "time" : "20151101T103724-0500"
      }, {
        "lat" : 40.7450630647,
        "lon" : -73.998666998,
        "time" : "20151101T103744-0500"
      }, {
        "lat" : 40.7447839463,
        "lon" : -73.9988753397,
        "time" : "20151101T103804-0500"
      }, {
        "lat" : 40.7444284524,
        "lon" : -73.9991305224,
        "time" : "20151101T103838-0500"
      }, {
        "lat" : 40.7441336294,
        "lon" : -73.9993639571,
        "time" : "20151101T103859-0500"
      }, {
        "lat" : 40.7437680028,
        "lon" : -73.9996442368,
        "time" : "20151101T103926-0500"
      }, {
        "lat" : 40.7435761971,
        "lon" : -73.9997634055,
        "time" : "20151101T103947-0500"
      }, {
        "lat" : 40.74336755,
        "lon" : -73.9998469267,
        "time" : "20151101T104007-0500"
      }, {
        "lat" : 40.743124765,
        "lon" : -74.0001059525,
        "time" : "20151101T104028-0500"
      }, {
        "lat" : 40.7427898344,
        "lon" : -74.0003631062,
        "time" : "20151101T104049-0500"
      }, {
        "lat" : 40.7425336978,
        "lon" : -74.000350999,
        "time" : "20151101T104109-0500"
      }, {
        "lat" : 40.7422945442,
        "lon" : -74.0005694451,
        "time" : "20151101T104127-0500"
      }, {
        "lat" : 40.7420353971,
        "lon" : -74.0007406593,
        "time" : "20151101T104148-0500"
      }, {
        "lat" : 40.7418018343,
        "lon" : -74.0010230652,
        "time" : "20151101T104208-0500"
      }, {
        "lat" : 40.7415442333,
        "lon" : -74.0012086743,
        "time" : "20151101T104228-0500"
      }, {
        "lat" : 40.7413332505,
        "lon" : -74.0014166418,
        "time" : "20151101T104248-0500"
      }, {
        "lat" : 40.7411435065,
        "lon" : -74.0015670894,
        "time" : "20151101T104308-0500"
      }, {
        "lat" : 40.740996117,
        "lon" : -74.0017285784,
        "time" : "20151101T104329-0500"
      }, {
        "lat" : 40.740850217,
        "lon" : -74.0018065201,
        "time" : "20151101T104349-0500"
      }, {
        "lat" : 40.7407514781,
        "lon" : -74.0018391775,
        "time" : "20151101T104410-0500"
      }, {
        "lat" : 40.7407884035,
        "lon" : -74.0018501968,
        "time" : "20151101T104431-0500"
      }, {
        "lat" : 40.7408287754,
        "lon" : -74.0018346151,
        "time" : "20151101T104451-0500"
      }, {
        "lat" : 40.7409420203,
        "lon" : -74.0018128352,
        "time" : "20151101T104511-0500"
      }, {
        "lat" : 40.7410635586,
        "lon" : -74.0018096881,
        "time" : "20151101T104531-0500"
      }, {
        "lat" : 40.7410978776,
        "lon" : -74.0018274975,
        "time" : "20151101T104550-0500"
      }, {
        "lat" : 40.7411789471,
        "lon" : -74.0019091181,
        "time" : "20151101T104655-0500"
      }, {
        "lat" : 40.7412186206,
        "lon" : -74.0014792254,
        "time" : "20151101T104742-0500"
      } ]
    } ],
    "lastUpdate" : "20151101T191336Z"
  }, {
    "type" : "place",
    "startTime" : "20151101T104742-0500",
    "endTime" : "20151101T120029-0500",
    "place" : {
      "id" : 230084909,
      "name" : "Cornell Tech",
      "type" : "foursquare",
      "foursquareId" : "4fdf4038e4b044d93c4fae68",
      "foursquareCategoryIds" : [ "4bf58dd8d48988d1ae941735" ],
      "location" : {
        "lat" : 40.74090046467149,
        "lon" : -74.00221109390259
      }
    },
    "activities" : [ {
      "activity" : "walking",
      "group" : "walking",
      "manual" : false,
      "startTime" : "20151101T104856-0500",
      "endTime" : "20151101T104926-0500",
      "duration" : 30.0,
      "distance" : 30.0,
      "steps" : 60,
      "trackPoints" : [ ]
    }, {
      "activity" : "walking",
      "group" : "walking",
      "manual" : false,
      "startTime" : "20151101T110032-0500",
      "endTime" : "20151101T110202-0500",
      "duration" : 90.0,
      "distance" : 81.0,
      "steps" : 161,
      "trackPoints" : [ ]
    } ],
    "lastUpdate" : "20151102T000158Z"
  }, {
    "type" : "move",
    "startTime" : "20151101T120029-0500",
    "endTime" : "20151101T122515-0500",
    "activities" : [ {
      "activity" : "walking",
      "group" : "walking",
      "manual" : false,
      "startTime" : "20151101T120029-0500",
      "endTime" : "20151101T122515-0500",
      "duration" : 1486.0,
      "distance" : 2118.0,
      "steps" : 2642,
      "trackPoints" : [ {
        "lat" : 40.7412186206,
        "lon" : -74.0014792254,
        "time" : "20151101T120029-0500"
      }, {
        "lat" : 40.7410636797,
        "lon" : -74.0017032224,
        "time" : "20151101T120114-0500"
      }, {
        "lat" : 40.7410606791,
        "lon" : -74.0016834495,
        "time" : "20151101T120202-0500"
      }, {
        "lat" : 40.7408282587,
        "lon" : -74.0017747253,
        "time" : "20151101T120228-0500"
      }, {
        "lat" : 40.7409342857,
        "lon" : -74.0017195159,
        "time" : "20151101T120244-0500"
      }, {
        "lat" : 40.7410864531,
        "lon" : -74.0016339439,
        "time" : "20151101T120300-0500"
      }, {
        "lat" : 40.741295477,
        "lon" : -74.0014091103,
        "time" : "20151101T120320-0500"
      }, {
        "lat" : 40.741375102,
        "lon" : -74.0009992274,
        "time" : "20151101T120344-0500"
      }, {
        "lat" : 40.7418482925,
        "lon" : -74.0013195448,
        "time" : "20151101T120411-0500"
      }, {
        "lat" : 40.741899614,
        "lon" : -74.0016415704,
        "time" : "20151101T120428-0500"
      }, {
        "lat" : 40.7416912701,
        "lon" : -74.0014911596,
        "time" : "20151101T120449-0500"
      }, {
        "lat" : 40.7414890602,
        "lon" : -74.0014223806,
        "time" : "20151101T120510-0500"
      }, {
        "lat" : 40.741297785,
        "lon" : -74.0014912913,
        "time" : "20151101T120531-0500"
      }, {
        "lat" : 40.7411035414,
        "lon" : -74.001617074,
        "time" : "20151101T120552-0500"
      }, {
        "lat" : 40.7408633209,
        "lon" : -74.0017495714,
        "time" : "20151101T120612-0500"
      }, {
        "lat" : 40.7406289135,
        "lon" : -74.0018226437,
        "time" : "20151101T120633-0500"
      }, {
        "lat" : 40.7404383021,
        "lon" : -74.0017419464,
        "time" : "20151101T120653-0500"
      }, {
        "lat" : 40.7401738033,
        "lon" : -74.0013181112,
        "time" : "20151101T120727-0500"
      }, {
        "lat" : 40.7400272175,
        "lon" : -74.0009754703,
        "time" : "20151101T120748-0500"
      }, {
        "lat" : 40.7398702707,
        "lon" : -74.000634314,
        "time" : "20151101T120809-0500"
      }, {
        "lat" : 40.7397554484,
        "lon" : -74.0003923818,
        "time" : "20151101T120824-0500"
      }, {
        "lat" : 40.7395807642,
        "lon" : -73.9999655338,
        "time" : "20151101T120843-0500"
      }, {
        "lat" : 40.7393178523,
        "lon" : -73.999300063,
        "time" : "20151101T120917-0500"
      }, {
        "lat" : 40.7392600629,
        "lon" : -73.9990023121,
        "time" : "20151101T120938-0500"
      }, {
        "lat" : 40.739049683,
        "lon" : -73.9987492927,
        "time" : "20151101T120959-0500"
      }, {
        "lat" : 40.7389061012,
        "lon" : -73.9984077596,
        "time" : "20151101T121020-0500"
      }, {
        "lat" : 40.7387496718,
        "lon" : -73.9980258315,
        "time" : "20151101T121041-0500"
      }, {
        "lat" : 40.7386013437,
        "lon" : -73.9976714408,
        "time" : "20151101T121059-0500"
      }, {
        "lat" : 40.7383997327,
        "lon" : -73.997274504,
        "time" : "20151101T121120-0500"
      }, {
        "lat" : 40.7379891512,
        "lon" : -73.9968820979,
        "time" : "20151101T121147-0500"
      }, {
        "lat" : 40.7373599426,
        "lon" : -73.9967424398,
        "time" : "20151101T121206-0500"
      }, {
        "lat" : 40.7377391608,
        "lon" : -73.9963614314,
        "time" : "20151101T121224-0500"
      }, {
        "lat" : 40.7377531935,
        "lon" : -73.9964563114,
        "time" : "20151101T121242-0500"
      }, {
        "lat" : 40.7378543266,
        "lon" : -73.9965117566,
        "time" : "20151101T121308-0500"
      }, {
        "lat" : 40.7378751041,
        "lon" : -73.996514379,
        "time" : "20151101T121327-0500"
      }, {
        "lat" : 40.7378888976,
        "lon" : -73.9965159927,
        "time" : "20151101T121347-0500"
      }, {
        "lat" : 40.7378888976,
        "lon" : -73.9965159927,
        "time" : "20151101T121407-0500"
      }, {
        "lat" : 40.7378436927,
        "lon" : -73.9965249329,
        "time" : "20151101T121427-0500"
      }, {
        "lat" : 40.7380206572,
        "lon" : -73.9965233369,
        "time" : "20151101T121447-0500"
      }, {
        "lat" : 40.7382259041,
        "lon" : -73.9967907914,
        "time" : "20151101T121507-0500"
      }, {
        "lat" : 40.7384091669,
        "lon" : -73.9971354036,
        "time" : "20151101T121528-0500"
      }, {
        "lat" : 40.7385977231,
        "lon" : -73.9974328276,
        "time" : "20151101T121549-0500"
      }, {
        "lat" : 40.738680886,
        "lon" : -73.9974707978,
        "time" : "20151101T121604-0500"
      }, {
        "lat" : 40.7388247906,
        "lon" : -73.9976857454,
        "time" : "20151101T121623-0500"
      }, {
        "lat" : 40.7389621909,
        "lon" : -73.9984096345,
        "time" : "20151101T121643-0500"
      }, {
        "lat" : 40.7390759173,
        "lon" : -73.9989548376,
        "time" : "20151101T121704-0500"
      }, {
        "lat" : 40.7392000973,
        "lon" : -73.9994109131,
        "time" : "20151101T121731-0500"
      }, {
        "lat" : 40.7394838766,
        "lon" : -73.9998044307,
        "time" : "20151101T121752-0500"
      }, {
        "lat" : 40.7396915316,
        "lon" : -74.0002085479,
        "time" : "20151101T121813-0500"
      }, {
        "lat" : 40.7398603285,
        "lon" : -74.0005833382,
        "time" : "20151101T121834-0500"
      }, {
        "lat" : 40.7400557853,
        "lon" : -74.0010375189,
        "time" : "20151101T121900-0500"
      }, {
        "lat" : 40.7402352006,
        "lon" : -74.0014224116,
        "time" : "20151101T121922-0500"
      }, {
        "lat" : 40.740472661,
        "lon" : -74.0017539044,
        "time" : "20151101T121944-0500"
      }, {
        "lat" : 40.7407175922,
        "lon" : -74.0023586136,
        "time" : "20151101T122002-0500"
      }, {
        "lat" : 40.7404924099,
        "lon" : -74.0023177353,
        "time" : "20151101T122022-0500"
      }, {
        "lat" : 40.7406401166,
        "lon" : -74.0025812156,
        "time" : "20151101T122037-0500"
      }, {
        "lat" : 40.7408983488,
        "lon" : -74.0030267782,
        "time" : "20151101T122055-0500"
      }, {
        "lat" : 40.7410902975,
        "lon" : -74.0034273319,
        "time" : "20151101T122116-0500"
      }, {
        "lat" : 40.741317607,
        "lon" : -74.0039297836,
        "time" : "20151101T122144-0500"
      }, {
        "lat" : 40.7414868214,
        "lon" : -74.0042984316,
        "time" : "20151101T122205-0500"
      }, {
        "lat" : 40.7416480652,
        "lon" : -74.004572002,
        "time" : "20151101T122226-0500"
      }, {
        "lat" : 40.7417928397,
        "lon" : -74.0047272425,
        "time" : "20151101T122259-0500"
      }, {
        "lat" : 40.7418226998,
        "lon" : -74.0048320689,
        "time" : "20151101T122320-0500"
      }, {
        "lat" : 40.7418617625,
        "lon" : -74.0050059621,
        "time" : "20151101T122339-0500"
      }, {
        "lat" : 40.7419854584,
        "lon" : -74.0053885056,
        "time" : "20151101T122359-0500"
      }, {
        "lat" : 40.7421968448,
        "lon" : -74.0059679726,
        "time" : "20151101T122421-0500"
      }, {
        "lat" : 40.7423379685,
        "lon" : -74.0062426383,
        "time" : "20151101T122441-0500"
      }, {
        "lat" : 40.7422936111,
        "lon" : -74.0062100112,
        "time" : "20151101T122515-0500"
      } ]
    } ],
    "lastUpdate" : "20151101T191336Z"
  }, {
    "type" : "place",
    "startTime" : "20151101T122515-0500",
    "endTime" : "20151101T122841-0500",
    "place" : {
      "id" : 231930450,
      "type" : "unknown",
      "location" : {
        "lat" : 40.7422936111,
        "lon" : -74.0062100112
      }
    },
    "activities" : [ {
      "activity" : "walking",
      "group" : "walking",
      "manual" : false,
      "startTime" : "20151101T122643-0500",
      "endTime" : "20151101T122713-0500",
      "duration" : 30.0,
      "distance" : 25.0,
      "steps" : 50,
      "trackPoints" : [ ]
    } ],
    "lastUpdate" : "20151101T191336Z"
  }, {
    "type" : "move",
    "startTime" : "20151101T122841-0500",
    "endTime" : "20151101T124016-0500",
    "activities" : [ {
      "activity" : "walking",
      "group" : "walking",
      "manual" : false,
      "startTime" : "20151101T122841-0500",
      "endTime" : "20151101T124015-0500",
      "duration" : 694.0,
      "distance" : 521.0,
      "steps" : 1042,
      "trackPoints" : [ {
        "lat" : 40.7422936111,
        "lon" : -74.0062100112,
        "time" : "20151101T122841-0500"
      }, {
        "lat" : 40.7422622855,
        "lon" : -74.006104129,
        "time" : "20151101T122901-0500"
      }, {
        "lat" : 40.7422310948,
        "lon" : -74.0060653033,
        "time" : "20151101T122922-0500"
      }, {
        "lat" : 40.7420763874,
        "lon" : -74.0056957673,
        "time" : "20151101T122942-0500"
      }, {
        "lat" : 40.7418709821,
        "lon" : -74.0050279662,
        "time" : "20151101T123009-0500"
      }, {
        "lat" : 40.7418069784,
        "lon" : -74.0048798114,
        "time" : "20151101T123029-0500"
      }, {
        "lat" : 40.7417381368,
        "lon" : -74.0047578212,
        "time" : "20151101T123049-0500"
      }, {
        "lat" : 40.7417489572,
        "lon" : -74.0047554577,
        "time" : "20151101T123115-0500"
      }, {
        "lat" : 40.741679292,
        "lon" : -74.0046486493,
        "time" : "20151101T123136-0500"
      }, {
        "lat" : 40.7414662578,
        "lon" : -74.0042775419,
        "time" : "20151101T123157-0500"
      }, {
        "lat" : 40.7413292611,
        "lon" : -74.0039604174,
        "time" : "20151101T123217-0500"
      }, {
        "lat" : 40.7411667634,
        "lon" : -74.0035874554,
        "time" : "20151101T123238-0500"
      }, {
        "lat" : 40.7410095138,
        "lon" : -74.003239617,
        "time" : "20151101T123259-0500"
      }, {
        "lat" : 40.7408364049,
        "lon" : -74.0028523034,
        "time" : "20151101T123321-0500"
      }, {
        "lat" : 40.7406850998,
        "lon" : -74.0025162856,
        "time" : "20151101T123342-0500"
      }, {
        "lat" : 40.740570648,
        "lon" : -74.0021711125,
        "time" : "20151101T123403-0500"
      }, {
        "lat" : 40.7406043464,
        "lon" : -74.0019254695,
        "time" : "20151101T123424-0500"
      }, {
        "lat" : 40.7407358938,
        "lon" : -74.0018674361,
        "time" : "20151101T123445-0500"
      }, {
        "lat" : 40.7408317983,
        "lon" : -74.0018408643,
        "time" : "20151101T123503-0500"
      }, {
        "lat" : 40.7408540241,
        "lon" : -74.0018277632,
        "time" : "20151101T123522-0500"
      }, {
        "lat" : 40.7409931343,
        "lon" : -74.001796206,
        "time" : "20151101T123544-0500"
      }, {
        "lat" : 40.7410547686,
        "lon" : -74.0017790556,
        "time" : "20151101T123606-0500"
      }, {
        "lat" : 40.7410664106,
        "lon" : -74.0017717082,
        "time" : "20151101T123627-0500"
      }, {
        "lat" : 40.7410723878,
        "lon" : -74.0017730026,
        "time" : "20151101T123649-0500"
      }, {
        "lat" : 40.7410800972,
        "lon" : -74.0017741464,
        "time" : "20151101T123726-0500"
      }, {
        "lat" : 40.7410821566,
        "lon" : -74.0017761567,
        "time" : "20151101T123755-0500"
      }, {
        "lat" : 40.7410814804,
        "lon" : -74.0017771883,
        "time" : "20151101T123825-0500"
      }, {
        "lat" : 40.741088246,
        "lon" : -74.0017869047,
        "time" : "20151101T123840-0500"
      }, {
        "lat" : 40.7410861987,
        "lon" : -74.0017842851,
        "time" : "20151101T123901-0500"
      }, {
        "lat" : 40.7410979307,
        "lon" : -74.0017973387,
        "time" : "20151101T123923-0500"
      }, {
        "lat" : 40.7411140661,
        "lon" : -74.0018119277,
        "time" : "20151101T123945-0500"
      }, {
        "lat" : 40.7412186206,
        "lon" : -74.0014792254,
        "time" : "20151101T124016-0500"
      } ]
    } ],
    "lastUpdate" : "20151101T191336Z"
  }, {
    "type" : "place",
    "startTime" : "20151101T124016-0500",
    "endTime" : "20151101T202125-0500",
    "place" : {
      "id" : 230084909,
      "name" : "Cornell Tech",
      "type" : "foursquare",
      "foursquareId" : "4fdf4038e4b044d93c4fae68",
      "foursquareCategoryIds" : [ "4bf58dd8d48988d1ae941735" ],
      "location" : {
        "lat" : 40.74090046467149,
        "lon" : -74.00221109390259
      }
    },
    "lastUpdate" : "20151102T160341Z"
  }, {
    "type" : "move",
    "startTime" : "20151101T202125-0500",
    "endTime" : "20151101T203037-0500",
    "activities" : [ {
      "activity" : "walking",
      "group" : "walking",
      "manual" : false,
      "startTime" : "20151101T202125-0500",
      "endTime" : "20151101T203037-0500",
      "duration" : 552.0,
      "distance" : 550.0,
      "steps" : 884,
      "trackPoints" : [ {
        "lat" : 40.741200748,
        "lon" : -74.0019471554,
        "time" : "20151101T202125-0500"
      }, {
        "lat" : 40.7410580883,
        "lon" : -74.0018507633,
        "time" : "20151101T202208-0500"
      }, {
        "lat" : 40.7410391074,
        "lon" : -74.0018386533,
        "time" : "20151101T202237-0500"
      }, {
        "lat" : 40.7409988776,
        "lon" : -74.0018368647,
        "time" : "20151101T202321-0500"
      }, {
        "lat" : 40.7409263857,
        "lon" : -74.0018442819,
        "time" : "20151101T202340-0500"
      }, {
        "lat" : 40.7406487121,
        "lon" : -74.0019355331,
        "time" : "20151101T202410-0500"
      }, {
        "lat" : 40.7404491404,
        "lon" : -74.0019634748,
        "time" : "20151101T202427-0500"
      }, {
        "lat" : 40.7403056384,
        "lon" : -74.0017887188,
        "time" : "20151101T202450-0500"
      }, {
        "lat" : 40.7401487183,
        "lon" : -74.0013142806,
        "time" : "20151101T202513-0500"
      }, {
        "lat" : 40.7400373234,
        "lon" : -74.0010278605,
        "time" : "20151101T202529-0500"
      }, {
        "lat" : 40.7398295987,
        "lon" : -74.0005338276,
        "time" : "20151101T202557-0500"
      }, {
        "lat" : 40.7396692972,
        "lon" : -74.0001740628,
        "time" : "20151101T202616-0500"
      }, {
        "lat" : 40.7394488499,
        "lon" : -73.9997377556,
        "time" : "20151101T202637-0500"
      }, {
        "lat" : 40.7391972665,
        "lon" : -73.9994353917,
        "time" : "20151101T202659-0500"
      }, {
        "lat" : 40.7390447936,
        "lon" : -73.9993780788,
        "time" : "20151101T202719-0500"
      }, {
        "lat" : 40.7390318592,
        "lon" : -73.9993079316,
        "time" : "20151101T202739-0500"
      }, {
        "lat" : 40.7390137514,
        "lon" : -73.9991993577,
        "time" : "20151101T202759-0500"
      }, {
        "lat" : 40.7389780105,
        "lon" : -73.9992479036,
        "time" : "20151101T202820-0500"
      }, {
        "lat" : 40.739042725,
        "lon" : -73.9991639627,
        "time" : "20151101T202840-0500"
      }, {
        "lat" : 40.739040577,
        "lon" : -73.9991899837,
        "time" : "20151101T202859-0500"
      }, {
        "lat" : 40.7389774599,
        "lon" : -73.999138751,
        "time" : "20151101T202918-0500"
      }, {
        "lat" : 40.7388933418,
        "lon" : -73.9990925639,
        "time" : "20151101T202939-0500"
      }, {
        "lat" : 40.7387528942,
        "lon" : -73.9991097138,
        "time" : "20151101T202958-0500"
      }, {
        "lat" : 40.7385485732,
        "lon" : -73.9991741682,
        "time" : "20151101T203017-0500"
      }, {
        "lat" : 40.7391834348,
        "lon" : -73.9999108065,
        "time" : "20151101T203037-0500"
      } ]
    } ],
    "lastUpdate" : "20151102T152737Z"
  }, {
    "type" : "place",
    "startTime" : "20151101T203037-0500",
    "endTime" : "20151102T000106-0500",
    "place" : {
      "id" : 230455257,
      "name" : "Home",
      "type" : "home",
      "location" : {
        "lat" : 40.7391834348,
        "lon" : -73.9999108065
      }
    },
    "activities" : [ {
      "activity" : "walking",
      "group" : "walking",
      "manual" : false,
      "startTime" : "20151101T203106-0500",
      "endTime" : "20151101T203606-0500",
      "duration" : 300.0,
      "distance" : 370.0,
      "steps" : 493,
      "trackPoints" : [ ]
    }, {
      "activity" : "walking",
      "group" : "walking",
      "manual" : false,
      "startTime" : "20151101T210207-0500",
      "endTime" : "20151101T210607-0500",
      "duration" : 240.0,
      "distance" : 219.0,
      "steps" : 292,
      "trackPoints" : [ ]
    }, {
      "activity" : "walking",
      "group" : "walking",
      "manual" : false,
      "startTime" : "20151101T221233-0500",
      "endTime" : "20151101T221303-0500",
      "duration" : 30.0,
      "distance" : 15.0,
      "steps" : 30,
      "trackPoints" : [ ]
    } ],
    "lastUpdate" : "20151102T160306Z"
  } ],
  "lastUpdate" : "20151105T152209Z"
} ]