[ {
  "date" : "20151025",
  "summary" : [ {
    "activity" : "walking",
    "group" : "walking",
    "duration" : 4855.0,
    "distance" : 5832.0,
    "steps" : 8025
  }, {
    "activity" : "train",
    "group" : "transport",
    "duration" : 360.0,
    "distance" : 2363.0
  } ],
  "segments" : [ {
    "type" : "place",
    "startTime" : "20151024T235325-0400",
    "endTime" : "20151025T001824-0400",
    "place" : {
      "id" : 230793611,
      "type" : "unknown",
      "location" : {
        "lat" : 40.7570204024,
        "lon" : -73.9829117837
      }
    },
    "activities" : [ {
      "activity" : "walking",
      "group" : "walking",
      "manual" : false,
      "startTime" : "20151025T000000-0400",
      "endTime" : "20151025T000118-0400",
      "duration" : 78.0,
      "distance" : 70.0,
      "steps" : 139,
      "trackPoints" : [ ]
    } ],
    "lastUpdate" : "20151025T150323Z"
  }, {
    "type" : "move",
    "startTime" : "20151025T001824-0400",
    "endTime" : "20151025T002230-0400",
    "activities" : [ {
      "activity" : "walking",
      "group" : "walking",
      "manual" : false,
      "startTime" : "20151025T001824-0400",
      "endTime" : "20151025T002230-0400",
      "duration" : 246.0,
      "distance" : 374.0,
      "steps" : 485,
      "trackPoints" : [ {
        "lat" : 40.7570204024,
        "lon" : -73.9829117837,
        "time" : "20151025T001824-0400"
      }, {
        "lat" : 40.7569694652,
        "lon" : -73.9832168844,
        "time" : "20151025T001844-0400"
      }, {
        "lat" : 40.7569744173,
        "lon" : -73.9832107969,
        "time" : "20151025T001904-0400"
      }, {
        "lat" : 40.757109983,
        "lon" : -73.9835227752,
        "time" : "20151025T001939-0400"
      }, {
        "lat" : 40.7572143721,
        "lon" : -73.9838062312,
        "time" : "20151025T001958-0400"
      }, {
        "lat" : 40.7573099151,
        "lon" : -73.9840501461,
        "time" : "20151025T002018-0400"
      }, {
        "lat" : 40.7572427943,
        "lon" : -73.9839376237,
        "time" : "20151025T002040-0400"
      }, {
        "lat" : 40.7571070695,
        "lon" : -73.9839282808,
        "time" : "20151025T002103-0400"
      }, {
        "lat" : 40.7576826909,
        "lon" : -73.9848314129,
        "time" : "20151025T002123-0400"
      }, {
        "lat" : 40.7581009052,
        "lon" : -73.9852893659,
        "time" : "20151025T002143-0400"
      }, {
        "lat" : 40.7585219281,
        "lon" : -73.9853829831,
        "time" : "20151025T002212-0400"
      }, {
        "lat" : 40.7582897014,
        "lon" : -73.9855137376,
        "time" : "20151025T002230-0400"
      } ]
    } ],
    "lastUpdate" : "20151025T150323Z"
  }, {
    "type" : "place",
    "startTime" : "20151025T002230-0400",
    "endTime" : "20151025T002438-0400",
    "place" : {
      "id" : 230793618,
      "type" : "unknown",
      "location" : {
        "lat" : 40.7582897014,
        "lon" : -73.9855137376
      }
    },
    "lastUpdate" : "20151025T150323Z"
  }, {
    "type" : "move",
    "startTime" : "20151025T002438-0400",
    "endTime" : "20151025T004408-0400",
    "activities" : [ {
      "activity" : "walking",
      "group" : "walking",
      "manual" : false,
      "startTime" : "20151025T002438-0400",
      "endTime" : "20151025T003330-0400",
      "duration" : 532.0,
      "distance" : 636.0,
      "steps" : 954,
      "trackPoints" : [ {
        "lat" : 40.7582897014,
        "lon" : -73.9855137376,
        "time" : "20151025T002438-0400"
      }, {
        "lat" : 40.7577414061,
        "lon" : -73.9857510356,
        "time" : "20151025T002457-0400"
      }, {
        "lat" : 40.7575217206,
        "lon" : -73.9859034687,
        "time" : "20151025T002517-0400"
      }, {
        "lat" : 40.7571631136,
        "lon" : -73.9862769344,
        "time" : "20151025T002541-0400"
      }, {
        "lat" : 40.756655373,
        "lon" : -73.9863945928,
        "time" : "20151025T002611-0400"
      }, {
        "lat" : 40.7566761552,
        "lon" : -73.9863311804,
        "time" : "20151025T002629-0400"
      }, {
        "lat" : 40.7566344042,
        "lon" : -73.9863813815,
        "time" : "20151025T002648-0400"
      }, {
        "lat" : 40.7565427031,
        "lon" : -73.9864585386,
        "time" : "20151025T002714-0400"
      }, {
        "lat" : 40.7564567537,
        "lon" : -73.9866853525,
        "time" : "20151025T002734-0400"
      }, {
        "lat" : 40.7564124517,
        "lon" : -73.987106339,
        "time" : "20151025T002753-0400"
      }, {
        "lat" : 40.7564604139,
        "lon" : -73.9873876626,
        "time" : "20151025T002819-0400"
      }, {
        "lat" : 40.7566644089,
        "lon" : -73.9880642193,
        "time" : "20151025T002852-0400"
      }, {
        "lat" : 40.7567641389,
        "lon" : -73.9883997547,
        "time" : "20151025T002911-0400"
      }, {
        "lat" : 40.7568890024,
        "lon" : -73.9888281386,
        "time" : "20151025T002933-0400"
      }, {
        "lat" : 40.757268252,
        "lon" : -73.9895647019,
        "time" : "20151025T003013-0400"
      }, {
        "lat" : 40.7571386995,
        "lon" : -73.9894895458,
        "time" : "20151025T003031-0400"
      }, {
        "lat" : 40.7571090144,
        "lon" : -73.9895195891,
        "time" : "20151025T003051-0400"
      }, {
        "lat" : 40.7571670397,
        "lon" : -73.9896311597,
        "time" : "20151025T003110-0400"
      }, {
        "lat" : 40.7571200772,
        "lon" : -73.9895433439,
        "time" : "20151025T003131-0400"
      }, {
        "lat" : 40.7570998382,
        "lon" : -73.989436505,
        "time" : "20151025T003151-0400"
      }, {
        "lat" : 40.7571601895,
        "lon" : -73.9894405006,
        "time" : "20151025T003211-0400"
      }, {
        "lat" : 40.7573276837,
        "lon" : -73.989520187,
        "time" : "20151025T003240-0400"
      }, {
        "lat" : 40.7573935109,
        "lon" : -73.9895388593,
        "time" : "20151025T003256-0400"
      }, {
        "lat" : 40.757351178,
        "lon" : -73.9895859955,
        "time" : "20151025T003312-0400"
      }, {
        "lat" : 40.7573104652,
        "lon" : -73.9896175575,
        "time" : "20151025T003330-0400"
      } ]
    }, {
      "activity" : "train",
      "group" : "transport",
      "manual" : false,
      "startTime" : "20151025T003330-0400",
      "endTime" : "20151025T003930-0400",
      "duration" : 360.0,
      "distance" : 2363.0,
      "trackPoints" : [ {
        "lat" : 40.7573104652,
        "lon" : -73.9896175575,
        "time" : "20151025T003330-0400"
      }, {
        "lat" : 40.7571329964,
        "lon" : -73.9897746905,
        "time" : "20151025T003349-0400"
      }, {
        "lat" : 40.7569996961,
        "lon" : -73.9899468166,
        "time" : "20151025T003407-0400"
      }, {
        "lat" : 40.7466148025,
        "lon" : -73.9976226031,
        "time" : "20151025T003758-0400"
      }, {
        "lat" : 40.7466168811,
        "lon" : -73.9975940682,
        "time" : "20151025T003824-0400"
      }, {
        "lat" : 40.741157281,
        "lon" : -74.0013430284,
        "time" : "20151025T003930-0400"
      } ]
    }, {
      "activity" : "walking",
      "group" : "walking",
      "manual" : false,
      "startTime" : "20151025T003930-0400",
      "endTime" : "20151025T004408-0400",
      "duration" : 278.0,
      "distance" : 401.0,
      "steps" : 475,
      "trackPoints" : [ {
        "lat" : 40.741157281,
        "lon" : -74.0013430284,
        "time" : "20151025T003930-0400"
      }, {
        "lat" : 40.7404299184,
        "lon" : -74.0018402889,
        "time" : "20151025T004030-0400"
      }, {
        "lat" : 40.740376328,
        "lon" : -74.0019831744,
        "time" : "20151025T004052-0400"
      }, {
        "lat" : 40.7403789407,
        "lon" : -74.0021152383,
        "time" : "20151025T004109-0400"
      }, {
        "lat" : 40.7402777477,
        "lon" : -74.0017664904,
        "time" : "20151025T004144-0400"
      }, {
        "lat" : 40.7401875331,
        "lon" : -74.0014427203,
        "time" : "20151025T004205-0400"
      }, {
        "lat" : 40.7400337863,
        "lon" : -74.0010477126,
        "time" : "20151025T004227-0400"
      }, {
        "lat" : 40.739857626,
        "lon" : -74.0006238314,
        "time" : "20151025T004249-0400"
      }, {
        "lat" : 40.7396730018,
        "lon" : -74.0001946755,
        "time" : "20151025T004310-0400"
      }, {
        "lat" : 40.7395074233,
        "lon" : -73.9997628917,
        "time" : "20151025T004331-0400"
      }, {
        "lat" : 40.7391834348,
        "lon" : -73.9999108065,
        "time" : "20151025T004408-0400"
      } ]
    } ],
    "lastUpdate" : "20151025T150411Z"
  }, {
    "type" : "place",
    "startTime" : "20151025T004408-0400",
    "endTime" : "20151025T004714-0400",
    "place" : {
      "id" : 230455257,
      "name" : "Home",
      "type" : "home",
      "location" : {
        "lat" : 40.7391834348,
        "lon" : -73.9999108065
      }
    },
    "activities" : [ {
      "activity" : "walking",
      "group" : "walking",
      "manual" : false,
      "startTime" : "20151025T004600-0400",
      "endTime" : "20151025T004630-0400",
      "duration" : 30.0,
      "distance" : 30.0,
      "steps" : 60,
      "trackPoints" : [ ]
    } ],
    "lastUpdate" : "20151026T145957Z"
  }, {
    "type" : "move",
    "startTime" : "20151025T101246-0400",
    "endTime" : "20151025T102941-0400",
    "activities" : [ {
      "activity" : "walking",
      "group" : "walking",
      "manual" : false,
      "startTime" : "20151025T101246-0400",
      "endTime" : "20151025T102941-0400",
      "duration" : 1015.0,
      "distance" : 1435.0,
      "steps" : 1797,
      "trackPoints" : [ {
        "lat" : 40.7474306415,
        "lon" : -73.9931674619,
        "time" : "20151025T101246-0400"
      }, {
        "lat" : 40.7475158345,
        "lon" : -73.9932059393,
        "time" : "20151025T101314-0400"
      }, {
        "lat" : 40.7475066903,
        "lon" : -73.9931268168,
        "time" : "20151025T101331-0400"
      }, {
        "lat" : 40.7471915805,
        "lon" : -73.993332876,
        "time" : "20151025T101348-0400"
      }, {
        "lat" : 40.7465570355,
        "lon" : -73.9937704428,
        "time" : "20151025T101420-0400"
      }, {
        "lat" : 40.7463181246,
        "lon" : -73.993969748,
        "time" : "20151025T101441-0400"
      }, {
        "lat" : 40.7460181718,
        "lon" : -73.9942044995,
        "time" : "20151025T101501-0400"
      }, {
        "lat" : 40.7456930456,
        "lon" : -73.9944411981,
        "time" : "20151025T101521-0400"
      }, {
        "lat" : 40.7453909279,
        "lon" : -73.9946421356,
        "time" : "20151025T101541-0400"
      }, {
        "lat" : 40.7451718806,
        "lon" : -73.9948117327,
        "time" : "20151025T101601-0400"
      }, {
        "lat" : 40.744771719,
        "lon" : -73.9951073304,
        "time" : "20151025T101628-0400"
      }, {
        "lat" : 40.7444892052,
        "lon" : -73.9952249231,
        "time" : "20151025T101648-0400"
      }, {
        "lat" : 40.7442323718,
        "lon" : -73.9951160614,
        "time" : "20151025T101712-0400"
      }, {
        "lat" : 40.7441380466,
        "lon" : -73.9953880043,
        "time" : "20151025T101729-0400"
      }, {
        "lat" : 40.7438841145,
        "lon" : -73.9957328503,
        "time" : "20151025T101748-0400"
      }, {
        "lat" : 40.7436121868,
        "lon" : -73.9961248646,
        "time" : "20151025T101810-0400"
      }, {
        "lat" : 40.7436658732,
        "lon" : -73.9965472392,
        "time" : "20151025T101834-0400"
      }, {
        "lat" : 40.7438871079,
        "lon" : -73.9971073658,
        "time" : "20151025T101904-0400"
      }, {
        "lat" : 40.7441253975,
        "lon" : -73.9976707294,
        "time" : "20151025T101936-0400"
      }, {
        "lat" : 40.7442826385,
        "lon" : -73.9980685442,
        "time" : "20151025T101958-0400"
      }, {
        "lat" : 40.7444364826,
        "lon" : -73.9984854205,
        "time" : "20151025T102019-0400"
      }, {
        "lat" : 40.7445329091,
        "lon" : -73.9989498713,
        "time" : "20151025T102045-0400"
      }, {
        "lat" : 40.744611936,
        "lon" : -73.9991068086,
        "time" : "20151025T102102-0400"
      }, {
        "lat" : 40.744516096,
        "lon" : -73.9992649331,
        "time" : "20151025T102118-0400"
      }, {
        "lat" : 40.7441235142,
        "lon" : -73.9993936694,
        "time" : "20151025T102139-0400"
      }, {
        "lat" : 40.7438645387,
        "lon" : -73.999486578,
        "time" : "20151025T102159-0400"
      }, {
        "lat" : 40.7434844766,
        "lon" : -73.9997612226,
        "time" : "20151025T102230-0400"
      }, {
        "lat" : 40.7432865366,
        "lon" : -73.9998633236,
        "time" : "20151025T102246-0400"
      }, {
        "lat" : 40.7431222384,
        "lon" : -74.0000042903,
        "time" : "20151025T102302-0400"
      }, {
        "lat" : 40.7426499141,
        "lon" : -74.0002837705,
        "time" : "20151025T102333-0400"
      }, {
        "lat" : 40.7424332693,
        "lon" : -74.0005329078,
        "time" : "20151025T102352-0400"
      }, {
        "lat" : 40.7420792698,
        "lon" : -74.000734583,
        "time" : "20151025T102421-0400"
      }, {
        "lat" : 40.7418207551,
        "lon" : -74.0008865321,
        "time" : "20151025T102439-0400"
      }, {
        "lat" : 40.7416638349,
        "lon" : -74.0009411217,
        "time" : "20151025T102458-0400"
      }, {
        "lat" : 40.7415158869,
        "lon" : -74.0009983409,
        "time" : "20151025T102528-0400"
      }, {
        "lat" : 40.7412540923,
        "lon" : -74.0013148963,
        "time" : "20151025T102544-0400"
      }, {
        "lat" : 40.7410824682,
        "lon" : -74.0016087252,
        "time" : "20151025T102606-0400"
      }, {
        "lat" : 40.7409390829,
        "lon" : -74.0017232106,
        "time" : "20151025T102621-0400"
      }, {
        "lat" : 40.7407842715,
        "lon" : -74.001816677,
        "time" : "20151025T102641-0400"
      }, {
        "lat" : 40.7407697468,
        "lon" : -74.0018662974,
        "time" : "20151025T102704-0400"
      }, {
        "lat" : 40.740827533,
        "lon" : -74.0018760056,
        "time" : "20151025T102720-0400"
      }, {
        "lat" : 40.740859755,
        "lon" : -74.0018749165,
        "time" : "20151025T102740-0400"
      }, {
        "lat" : 40.7409905677,
        "lon" : -74.0018568994,
        "time" : "20151025T102759-0400"
      }, {
        "lat" : 40.7411137106,
        "lon" : -74.0018785574,
        "time" : "20151025T102825-0400"
      }, {
        "lat" : 40.7411298498,
        "lon" : -74.0019016058,
        "time" : "20151025T102855-0400"
      }, {
        "lat" : 40.7410820121,
        "lon" : -74.0018958015,
        "time" : "20151025T102917-0400"
      }, {
        "lat" : 40.7409004647,
        "lon" : -74.0022110939,
        "time" : "20151025T102941-0400"
      } ]
    } ],
    "lastUpdate" : "20151025T150323Z"
  }, {
    "type" : "place",
    "startTime" : "20151025T102941-0400",
    "endTime" : "20151025T202911-0400",
    "place" : {
      "id" : 230084909,
      "name" : "Cornell Tech",
      "type" : "foursquare",
      "foursquareId" : "4fdf4038e4b044d93c4fae68",
      "foursquareCategoryIds" : [ "4bf58dd8d48988d1ae941735" ],
      "location" : {
        "lat" : 40.74090046467149,
        "lon" : -74.00221109390259
      }
    },
    "activities" : [ {
      "activity" : "walking",
      "group" : "walking",
      "manual" : false,
      "startTime" : "20151025T103102-0400",
      "endTime" : "20151025T103132-0400",
      "duration" : 30.0,
      "distance" : 25.0,
      "steps" : 50,
      "trackPoints" : [ ]
    }, {
      "activity" : "walking",
      "group" : "walking",
      "manual" : false,
      "startTime" : "20151025T111514-0400",
      "endTime" : "20151025T111544-0400",
      "duration" : 30.0,
      "distance" : 25.0,
      "steps" : 50,
      "trackPoints" : [ ]
    }, {
      "activity" : "walking",
      "group" : "walking",
      "manual" : false,
      "startTime" : "20151025T120746-0400",
      "endTime" : "20151025T120916-0400",
      "duration" : 90.0,
      "distance" : 88.0,
      "steps" : 177,
      "trackPoints" : [ ]
    }, {
      "activity" : "walking",
      "group" : "walking",
      "manual" : false,
      "startTime" : "20151025T131528-0400",
      "endTime" : "20151025T131756-0400",
      "duration" : 148.0,
      "distance" : 249.0,
      "steps" : 331,
      "trackPoints" : [ ]
    }, {
      "activity" : "walking",
      "group" : "walking",
      "manual" : false,
      "startTime" : "20151025T140906-0400",
      "endTime" : "20151025T141538-0400",
      "duration" : 392.0,
      "distance" : 471.0,
      "steps" : 628,
      "trackPoints" : [ ]
    }, {
      "activity" : "walking",
      "group" : "walking",
      "manual" : false,
      "startTime" : "20151025T160913-0400",
      "endTime" : "20151025T161345-0400",
      "duration" : 272.0,
      "distance" : 246.0,
      "steps" : 328,
      "trackPoints" : [ ]
    }, {
      "activity" : "walking",
      "group" : "walking",
      "manual" : false,
      "startTime" : "20151025T172622-0400",
      "endTime" : "20151025T172943-0400",
      "duration" : 201.0,
      "distance" : 204.0,
      "steps" : 271,
      "trackPoints" : [ ]
    }, {
      "activity" : "walking",
      "group" : "walking",
      "manual" : false,
      "startTime" : "20151025T180055-0400",
      "endTime" : "20151025T180425-0400",
      "duration" : 210.0,
      "distance" : 226.0,
      "steps" : 302,
      "trackPoints" : [ ]
    }, {
      "activity" : "walking",
      "group" : "walking",
      "manual" : false,
      "startTime" : "20151025T193238-0400",
      "endTime" : "20151025T193341-0400",
      "duration" : 63.0,
      "distance" : 58.0,
      "steps" : 116,
      "trackPoints" : [ ]
    }, {
      "activity" : "walking",
      "group" : "walking",
      "manual" : false,
      "startTime" : "20151025T200038-0400",
      "endTime" : "20151025T200611-0400",
      "duration" : 333.0,
      "distance" : 398.0,
      "steps" : 530,
      "trackPoints" : [ ]
    } ],
    "lastUpdate" : "20151105T152209Z"
  }, {
    "type" : "move",
    "startTime" : "20151025T202911-0400",
    "endTime" : "20151025T203842-0400",
    "activities" : [ {
      "activity" : "walking",
      "group" : "walking",
      "manual" : false,
      "startTime" : "20151025T202911-0400",
      "endTime" : "20151025T203842-0400",
      "duration" : 571.0,
      "distance" : 538.0,
      "steps" : 835,
      "trackPoints" : [ {
        "lat" : 40.7409004647,
        "lon" : -74.0022110939,
        "time" : "20151025T202911-0400"
      }, {
        "lat" : 40.7409385472,
        "lon" : -74.001891597,
        "time" : "20151025T203025-0400"
      }, {
        "lat" : 40.7409263432,
        "lon" : -74.0018890944,
        "time" : "20151025T203055-0400"
      }, {
        "lat" : 40.7409062199,
        "lon" : -74.001886965,
        "time" : "20151025T203118-0400"
      }, {
        "lat" : 40.740830443,
        "lon" : -74.0018930639,
        "time" : "20151025T203144-0400"
      }, {
        "lat" : 40.7406571557,
        "lon" : -74.0019110706,
        "time" : "20151025T203202-0400"
      }, {
        "lat" : 40.7405227732,
        "lon" : -74.0019487533,
        "time" : "20151025T203217-0400"
      }, {
        "lat" : 40.7404037512,
        "lon" : -74.0019912158,
        "time" : "20151025T203234-0400"
      }, {
        "lat" : 40.7403492012,
        "lon" : -74.001956916,
        "time" : "20151025T203254-0400"
      }, {
        "lat" : 40.7403187608,
        "lon" : -74.0018345159,
        "time" : "20151025T203313-0400"
      }, {
        "lat" : 40.7400705494,
        "lon" : -74.001375108,
        "time" : "20151025T203352-0400"
      }, {
        "lat" : 40.7397548517,
        "lon" : -74.0011364005,
        "time" : "20151025T203411-0400"
      }, {
        "lat" : 40.7396481301,
        "lon" : -74.0008812444,
        "time" : "20151025T203428-0400"
      }, {
        "lat" : 40.7396455003,
        "lon" : -74.0004165283,
        "time" : "20151025T203452-0400"
      }, {
        "lat" : 40.7394942019,
        "lon" : -73.9999932492,
        "time" : "20151025T203512-0400"
      }, {
        "lat" : 40.7392833676,
        "lon" : -73.9996385657,
        "time" : "20151025T203532-0400"
      }, {
        "lat" : 40.7389877956,
        "lon" : -73.999440288,
        "time" : "20151025T203606-0400"
      }, {
        "lat" : 40.7389312274,
        "lon" : -73.9994123077,
        "time" : "20151025T203626-0400"
      }, {
        "lat" : 40.7389022175,
        "lon" : -73.999386866,
        "time" : "20151025T203648-0400"
      }, {
        "lat" : 40.7388181359,
        "lon" : -73.9994690743,
        "time" : "20151025T203708-0400"
      }, {
        "lat" : 40.7386845747,
        "lon" : -73.9995628114,
        "time" : "20151025T203728-0400"
      }, {
        "lat" : 40.7385669374,
        "lon" : -73.9995504804,
        "time" : "20151025T203749-0400"
      }, {
        "lat" : 40.7384993227,
        "lon" : -73.9994584147,
        "time" : "20151025T203822-0400"
      }, {
        "lat" : 40.7391834348,
        "lon" : -73.9999108065,
        "time" : "20151025T203842-0400"
      } ]
    } ],
    "lastUpdate" : "20151026T145641Z"
  }, {
    "type" : "place",
    "startTime" : "20151025T203842-0400",
    "endTime" : "20151026T001801-0400",
    "place" : {
      "id" : 230455257,
      "name" : "Home",
      "type" : "home",
      "location" : {
        "lat" : 40.7391834348,
        "lon" : -73.9999108065
      }
    },
    "activities" : [ {
      "activity" : "walking",
      "group" : "walking",
      "manual" : false,
      "startTime" : "20151025T204138-0400",
      "endTime" : "20151025T204644-0400",
      "duration" : 306.0,
      "distance" : 328.0,
      "steps" : 437,
      "trackPoints" : [ ]
    }, {
      "activity" : "walking",
      "group" : "walking",
      "manual" : false,
      "startTime" : "20151025T233208-0400",
      "endTime" : "20151025T233238-0400",
      "duration" : 30.0,
      "distance" : 30.0,
      "steps" : 60,
      "trackPoints" : [ ]
    } ],
    "lastUpdate" : "20151026T145957Z"
  } ],
  "lastUpdate" : "20151105T152209Z"
} ]