[ {
  "date" : "20151105",
  "summary" : [ {
    "activity" : "walking",
    "group" : "walking",
    "duration" : 812.0,
    "distance" : 971.0,
    "steps" : 1514
  } ],
  "segments" : [ {
    "type" : "place",
    "startTime" : "20151104T215806-0500",
    "endTime" : "20151105T024518-0500",
    "place" : {
      "id" : 230084909,
      "name" : "Cornell Tech",
      "type" : "foursquare",
      "foursquareId" : "4fdf4038e4b044d93c4fae68",
      "foursquareCategoryIds" : [ "4bf58dd8d48988d1ae941735" ],
      "location" : {
        "lat" : 40.74090046467149,
        "lon" : -74.00221109390259
      }
    },
    "activities" : [ {
      "activity" : "walking",
      "group" : "walking",
      "manual" : false,
      "startTime" : "20151105T001922-0500",
      "endTime" : "20151105T001952-0500",
      "duration" : 30.0,
      "distance" : 35.0,
      "steps" : 70,
      "trackPoints" : [ ]
    }, {
      "activity" : "walking",
      "group" : "walking",
      "manual" : false,
      "startTime" : "20151105T021928-0500",
      "endTime" : "20151105T022131-0500",
      "duration" : 123.0,
      "distance" : 163.0,
      "steps" : 217,
      "trackPoints" : [ ]
    } ],
    "lastUpdate" : "20151105T152209Z"
  }, {
    "type" : "move",
    "startTime" : "20151105T024518-0500",
    "endTime" : "20151105T024924-0500",
    "activities" : [ {
      "activity" : "walking",
      "group" : "walking",
      "manual" : false,
      "startTime" : "20151105T024518-0500",
      "endTime" : "20151105T024924-0500",
      "duration" : 246.0,
      "distance" : 354.0,
      "steps" : 463,
      "trackPoints" : [ {
        "lat" : 40.7412186206,
        "lon" : -74.0014792254,
        "time" : "20151105T024518-0500"
      }, {
        "lat" : 40.7408801934,
        "lon" : -74.0018921676,
        "time" : "20151105T024534-0500"
      }, {
        "lat" : 40.740660425,
        "lon" : -74.0018897151,
        "time" : "20151105T024552-0500"
      }, {
        "lat" : 40.7405109247,
        "lon" : -74.0018619009,
        "time" : "20151105T024608-0500"
      }, {
        "lat" : 40.7402994746,
        "lon" : -74.0017682713,
        "time" : "20151105T024628-0500"
      }, {
        "lat" : 40.7402828008,
        "lon" : -74.0017266427,
        "time" : "20151105T024645-0500"
      }, {
        "lat" : 40.7401318512,
        "lon" : -74.0012771642,
        "time" : "20151105T024719-0500"
      }, {
        "lat" : 40.7400083239,
        "lon" : -74.0009548176,
        "time" : "20151105T024740-0500"
      }, {
        "lat" : 40.7398935813,
        "lon" : -74.0006782683,
        "time" : "20151105T024759-0500"
      }, {
        "lat" : 40.7397642,
        "lon" : -74.0003552387,
        "time" : "20151105T024820-0500"
      }, {
        "lat" : 40.7396492423,
        "lon" : -74.0000918412,
        "time" : "20151105T024835-0500"
      }, {
        "lat" : 40.739477565,
        "lon" : -73.999731083,
        "time" : "20151105T024856-0500"
      }, {
        "lat" : 40.7391834348,
        "lon" : -73.9999108065,
        "time" : "20151105T024924-0500"
      } ]
    } ],
    "lastUpdate" : "20151105T152146Z"
  }, {
    "type" : "place",
    "startTime" : "20151105T024924-0500",
    "endTime" : "20151105T025421-0500",
    "place" : {
      "id" : 230455257,
      "name" : "Home",
      "type" : "home",
      "location" : {
        "lat" : 40.7391834348,
        "lon" : -73.9999108065
      }
    },
    "activities" : [ {
      "activity" : "walking",
      "group" : "walking",
      "manual" : false,
      "startTime" : "20151105T025152-0500",
      "endTime" : "20151105T025222-0500",
      "duration" : 30.0,
      "distance" : 15.0,
      "steps" : 30,
      "trackPoints" : [ ]
    } ],
    "lastUpdate" : "20151105T152146Z"
  }, {
    "type" : "move",
    "startTime" : "20151105T095315-0500",
    "endTime" : "20151105T095937-0500",
    "activities" : [ {
      "activity" : "walking",
      "group" : "walking",
      "manual" : false,
      "startTime" : "20151105T095315-0500",
      "endTime" : "20151105T095938-0500",
      "duration" : 383.0,
      "distance" : 404.0,
      "steps" : 734,
      "trackPoints" : [ {
        "lat" : 40.7392806727,
        "lon" : -73.9997279651,
        "time" : "20151105T095315-0500"
      }, {
        "lat" : 40.7392863717,
        "lon" : -73.9997244703,
        "time" : "20151105T095332-0500"
      }, {
        "lat" : 40.7392888958,
        "lon" : -73.9997250664,
        "time" : "20151105T095349-0500"
      }, {
        "lat" : 40.7391710893,
        "lon" : -73.9997111496,
        "time" : "20151105T095419-0500"
      }, {
        "lat" : 40.7393480993,
        "lon" : -73.9996866726,
        "time" : "20151105T095442-0500"
      }, {
        "lat" : 40.739703665,
        "lon" : -74.0002655092,
        "time" : "20151105T095514-0500"
      }, {
        "lat" : 40.7398767915,
        "lon" : -74.0006407467,
        "time" : "20151105T095535-0500"
      }, {
        "lat" : 40.7400179768,
        "lon" : -74.0009794618,
        "time" : "20151105T095554-0500"
      }, {
        "lat" : 40.7401619073,
        "lon" : -74.0013384134,
        "time" : "20151105T095615-0500"
      }, {
        "lat" : 40.7402874531,
        "lon" : -74.0016787694,
        "time" : "20151105T095635-0500"
      }, {
        "lat" : 40.7403931149,
        "lon" : -74.0019989749,
        "time" : "20151105T095657-0500"
      }, {
        "lat" : 40.7404230354,
        "lon" : -74.0020465388,
        "time" : "20151105T095715-0500"
      }, {
        "lat" : 40.7405947188,
        "lon" : -74.0020753606,
        "time" : "20151105T095734-0500"
      }, {
        "lat" : 40.7408323199,
        "lon" : -74.0019040622,
        "time" : "20151105T095753-0500"
      }, {
        "lat" : 40.7409819434,
        "lon" : -74.0018593147,
        "time" : "20151105T095809-0500"
      }, {
        "lat" : 40.7410929362,
        "lon" : -74.0019088431,
        "time" : "20151105T095830-0500"
      }, {
        "lat" : 40.7410944447,
        "lon" : -74.001914418,
        "time" : "20151105T095850-0500"
      }, {
        "lat" : 40.7411780937,
        "lon" : -74.0019597967,
        "time" : "20151105T095917-0500"
      }, {
        "lat" : 40.7409004647,
        "lon" : -74.0022110939,
        "time" : "20151105T095937-0500"
      } ]
    } ],
    "lastUpdate" : "20151105T152146Z"
  }, {
    "type" : "place",
    "startTime" : "20151105T095937-0500",
    "endTime" : "20151105T102139-0500",
    "place" : {
      "id" : 230084909,
      "name" : "Cornell Tech",
      "type" : "foursquare",
      "foursquareId" : "4fdf4038e4b044d93c4fae68",
      "foursquareCategoryIds" : [ "4bf58dd8d48988d1ae941735" ],
      "location" : {
        "lat" : 40.74090046467149,
        "lon" : -74.00221109390259
      }
    },
    "lastUpdate" : "20151105T152209Z"
  } ],
  "lastUpdate" : "20151105T152209Z"
} ]