[ {
  "date" : "20151028",
  "summary" : [ {
    "activity" : "walking",
    "group" : "walking",
    "duration" : 3182.0,
    "distance" : 3680.0,
    "steps" : 5286
  }, {
    "activity" : "transport",
    "group" : "transport",
    "duration" : 545.0,
    "distance" : 3446.0
  } ],
  "segments" : [ {
    "type" : "place",
    "startTime" : "20151027T225311-0400",
    "endTime" : "20151028T014510-0400",
    "place" : {
      "id" : 231598892,
      "name" : "The Blind Barber",
      "type" : "foursquare",
      "foursquareId" : "4be367f82fc7d13aa08a083a",
      "foursquareCategoryIds" : [ "4bf58dd8d48988d1d4941735" ],
      "location" : {
        "lat" : 40.72705648280683,
        "lon" : -73.98041169261889
      }
    },
    "activities" : [ {
      "activity" : "walking",
      "group" : "walking",
      "manual" : false,
      "startTime" : "20151028T000224-0400",
      "endTime" : "20151028T000527-0400",
      "duration" : 183.0,
      "distance" : 163.0,
      "steps" : 217,
      "trackPoints" : [ ]
    }, {
      "activity" : "walking",
      "group" : "walking",
      "manual" : false,
      "startTime" : "20151028T010238-0400",
      "endTime" : "20151028T010246-0400",
      "duration" : 8.0,
      "distance" : 5.0,
      "steps" : 10,
      "trackPoints" : [ ]
    } ],
    "lastUpdate" : "20151028T203200Z"
  }, {
    "type" : "move",
    "startTime" : "20151028T014510-0400",
    "endTime" : "20151028T015547-0400",
    "activities" : [ {
      "activity" : "walking",
      "group" : "walking",
      "manual" : false,
      "startTime" : "20151028T014510-0400",
      "endTime" : "20151028T015547-0400",
      "duration" : 637.0,
      "distance" : 794.0,
      "steps" : 1261,
      "trackPoints" : [ {
        "lat" : 40.7268993281,
        "lon" : -73.9802721316,
        "time" : "20151028T014510-0400"
      }, {
        "lat" : 40.7271538664,
        "lon" : -73.9808377911,
        "time" : "20151028T014530-0400"
      }, {
        "lat" : 40.7271993693,
        "lon" : -73.98091452,
        "time" : "20151028T014551-0400"
      }, {
        "lat" : 40.7272733148,
        "lon" : -73.9810940968,
        "time" : "20151028T014611-0400"
      }, {
        "lat" : 40.7273308874,
        "lon" : -73.9813876439,
        "time" : "20151028T014638-0400"
      }, {
        "lat" : 40.7274513645,
        "lon" : -73.9816765428,
        "time" : "20151028T014658-0400"
      }, {
        "lat" : 40.7277417831,
        "lon" : -73.9820717711,
        "time" : "20151028T014733-0400"
      }, {
        "lat" : 40.7278813879,
        "lon" : -73.9822623097,
        "time" : "20151028T014752-0400"
      }, {
        "lat" : 40.7277171175,
        "lon" : -73.982415995,
        "time" : "20151028T014812-0400"
      }, {
        "lat" : 40.72760015,
        "lon" : -73.9823632667,
        "time" : "20151028T014831-0400"
      }, {
        "lat" : 40.7275696574,
        "lon" : -73.9822601485,
        "time" : "20151028T014848-0400"
      }, {
        "lat" : 40.7274891621,
        "lon" : -73.9823877017,
        "time" : "20151028T014905-0400"
      }, {
        "lat" : 40.727317934,
        "lon" : -73.9826381699,
        "time" : "20151028T014926-0400"
      }, {
        "lat" : 40.72712534,
        "lon" : -73.982781808,
        "time" : "20151028T014946-0400"
      }, {
        "lat" : 40.7267643239,
        "lon" : -73.9830455621,
        "time" : "20151028T015007-0400"
      }, {
        "lat" : 40.7264516934,
        "lon" : -73.9832628547,
        "time" : "20151028T015028-0400"
      }, {
        "lat" : 40.7261928941,
        "lon" : -73.98340823,
        "time" : "20151028T015055-0400"
      }, {
        "lat" : 40.7260458945,
        "lon" : -73.9835459939,
        "time" : "20151028T015123-0400"
      }, {
        "lat" : 40.7258840657,
        "lon" : -73.9836859359,
        "time" : "20151028T015143-0400"
      }, {
        "lat" : 40.7255990737,
        "lon" : -73.9839233069,
        "time" : "20151028T015203-0400"
      }, {
        "lat" : 40.7253978807,
        "lon" : -73.9840340387,
        "time" : "20151028T015223-0400"
      }, {
        "lat" : 40.7252193019,
        "lon" : -73.9837468714,
        "time" : "20151028T015243-0400"
      }, {
        "lat" : 40.7252273053,
        "lon" : -73.9832821174,
        "time" : "20151028T015305-0400"
      }, {
        "lat" : 40.7250968787,
        "lon" : -73.9830524808,
        "time" : "20151028T015321-0400"
      }, {
        "lat" : 40.7248237661,
        "lon" : -73.982460058,
        "time" : "20151028T015357-0400"
      }, {
        "lat" : 40.7246635665,
        "lon" : -73.9821463109,
        "time" : "20151028T015417-0400"
      }, {
        "lat" : 40.7245141497,
        "lon" : -73.9818590857,
        "time" : "20151028T015445-0400"
      }, {
        "lat" : 40.7245048776,
        "lon" : -73.9817060629,
        "time" : "20151028T015506-0400"
      }, {
        "lat" : 40.7244295339,
        "lon" : -73.9817530162,
        "time" : "20151028T015526-0400"
      }, {
        "lat" : 40.7243836367,
        "lon" : -73.9817092672,
        "time" : "20151028T015547-0400"
      } ]
    } ],
    "lastUpdate" : "20151028T144529Z"
  }, {
    "type" : "place",
    "startTime" : "20151028T015547-0400",
    "endTime" : "20151028T021744-0400",
    "place" : {
      "id" : 231598939,
      "name" : "Horus Café & Kebab House",
      "type" : "foursquare",
      "foursquareId" : "40fb0f00f964a520d80a1fe3",
      "foursquareCategoryIds" : [ "4bf58dd8d48988d119941735" ],
      "location" : {
        "lat" : 40.72439748364204,
        "lon" : -73.98165136086156
      }
    },
    "activities" : [ {
      "activity" : "walking",
      "group" : "walking",
      "manual" : false,
      "startTime" : "20151028T015842-0400",
      "endTime" : "20151028T015912-0400",
      "duration" : 30.0,
      "distance" : 25.0,
      "steps" : 50,
      "trackPoints" : [ ]
    }, {
      "activity" : "walking",
      "group" : "walking",
      "manual" : false,
      "startTime" : "20151028T020012-0400",
      "endTime" : "20151028T020042-0400",
      "duration" : 30.0,
      "distance" : 25.0,
      "steps" : 50,
      "trackPoints" : [ ]
    } ],
    "lastUpdate" : "20151028T203237Z"
  }, {
    "type" : "move",
    "startTime" : "20151028T021744-0400",
    "endTime" : "20151028T023154-0400",
    "activities" : [ {
      "activity" : "transport",
      "group" : "transport",
      "manual" : false,
      "startTime" : "20151028T021744-0400",
      "endTime" : "20151028T022649-0400",
      "duration" : 545.0,
      "distance" : 3446.0,
      "trackPoints" : [ {
        "lat" : 40.7243836367,
        "lon" : -73.9817092672,
        "time" : "20151028T021744-0400"
      }, {
        "lat" : 40.7253183071,
        "lon" : -73.9810719214,
        "time" : "20151028T021804-0400"
      }, {
        "lat" : 40.7267659102,
        "lon" : -73.9801695171,
        "time" : "20151028T021824-0400"
      }, {
        "lat" : 40.7282778168,
        "lon" : -73.9789018646,
        "time" : "20151028T021844-0400"
      }, {
        "lat" : 40.7289367554,
        "lon" : -73.97862487,
        "time" : "20151028T021905-0400"
      }, {
        "lat" : 40.7290938515,
        "lon" : -73.9784491804,
        "time" : "20151028T021936-0400"
      }, {
        "lat" : 40.7309577126,
        "lon" : -73.9814803341,
        "time" : "20151028T021956-0400"
      }, {
        "lat" : 40.7309577126,
        "lon" : -73.9814803341,
        "time" : "20151028T022013-0400"
      }, {
        "lat" : 40.7320036352,
        "lon" : -73.9840333907,
        "time" : "20151028T022043-0400"
      }, {
        "lat" : 40.7330393985,
        "lon" : -73.9866359211,
        "time" : "20151028T022103-0400"
      }, {
        "lat" : 40.7346165027,
        "lon" : -73.9903342377,
        "time" : "20151028T022135-0400"
      }, {
        "lat" : 40.7354681098,
        "lon" : -73.9921262252,
        "time" : "20151028T022233-0400"
      }, {
        "lat" : 40.7371921565,
        "lon" : -73.9964115152,
        "time" : "20151028T022305-0400"
      }, {
        "lat" : 40.7380975941,
        "lon" : -73.9984386376,
        "time" : "20151028T022335-0400"
      }, {
        "lat" : 40.7386699809,
        "lon" : -73.9999246861,
        "time" : "20151028T022402-0400"
      }, {
        "lat" : 40.7392916518,
        "lon" : -74.0013096658,
        "time" : "20151028T022420-0400"
      }, {
        "lat" : 40.7401577215,
        "lon" : -74.0021647713,
        "time" : "20151028T022444-0400"
      }, {
        "lat" : 40.7405958842,
        "lon" : -74.0019463472,
        "time" : "20151028T022504-0400"
      }, {
        "lat" : 40.7409717506,
        "lon" : -74.001803322,
        "time" : "20151028T022531-0400"
      }, {
        "lat" : 40.7410168479,
        "lon" : -74.0019304764,
        "time" : "20151028T022551-0400"
      }, {
        "lat" : 40.7410168479,
        "lon" : -74.0019304764,
        "time" : "20151028T022611-0400"
      }, {
        "lat" : 40.7410168797,
        "lon" : -74.0019304603,
        "time" : "20151028T022632-0400"
      }, {
        "lat" : 40.7410166067,
        "lon" : -74.0019256919,
        "time" : "20151028T022649-0400"
      } ]
    }, {
      "activity" : "walking",
      "group" : "walking",
      "manual" : false,
      "startTime" : "20151028T022649-0400",
      "endTime" : "20151028T023154-0400",
      "duration" : 305.0,
      "distance" : 388.0,
      "steps" : 500,
      "trackPoints" : [ {
        "lat" : 40.7410166067,
        "lon" : -74.0019256919,
        "time" : "20151028T022649-0400"
      }, {
        "lat" : 40.7410378441,
        "lon" : -74.0019124681,
        "time" : "20151028T022723-0400"
      }, {
        "lat" : 40.741101919,
        "lon" : -74.0018552565,
        "time" : "20151028T022747-0400"
      }, {
        "lat" : 40.7410134565,
        "lon" : -74.0018646186,
        "time" : "20151028T022805-0400"
      }, {
        "lat" : 40.7404647711,
        "lon" : -74.0017695882,
        "time" : "20151028T022839-0400"
      }, {
        "lat" : 40.7402996093,
        "lon" : -74.001596871,
        "time" : "20151028T022855-0400"
      }, {
        "lat" : 40.7401703929,
        "lon" : -74.0013298863,
        "time" : "20151028T022912-0400"
      }, {
        "lat" : 40.7400422498,
        "lon" : -74.0010450653,
        "time" : "20151028T022929-0400"
      }, {
        "lat" : 40.7398591075,
        "lon" : -74.0006261834,
        "time" : "20151028T022953-0400"
      }, {
        "lat" : 40.7395985018,
        "lon" : -74.0000413267,
        "time" : "20151028T023024-0400"
      }, {
        "lat" : 40.7393765279,
        "lon" : -73.9995869526,
        "time" : "20151028T023048-0400"
      }, {
        "lat" : 40.7392929817,
        "lon" : -73.9994224595,
        "time" : "20151028T023109-0400"
      }, {
        "lat" : 40.7392303981,
        "lon" : -73.999420108,
        "time" : "20151028T023129-0400"
      }, {
        "lat" : 40.7391834348,
        "lon" : -73.9999108065,
        "time" : "20151028T023154-0400"
      } ]
    } ],
    "lastUpdate" : "20151028T191545Z"
  }, {
    "type" : "place",
    "startTime" : "20151028T023154-0400",
    "endTime" : "20151028T023333-0400",
    "place" : {
      "id" : 230455257,
      "name" : "Home",
      "type" : "home",
      "location" : {
        "lat" : 40.7391834348,
        "lon" : -73.9999108065
      }
    },
    "lastUpdate" : "20151028T191545Z"
  }, {
    "type" : "place",
    "startTime" : "20151028T104016-0400",
    "endTime" : "20151029T002400-0400",
    "place" : {
      "id" : 230084909,
      "name" : "Cornell Tech",
      "type" : "foursquare",
      "foursquareId" : "4fdf4038e4b044d93c4fae68",
      "foursquareCategoryIds" : [ "4bf58dd8d48988d1ae941735" ],
      "location" : {
        "lat" : 40.74090046467149,
        "lon" : -74.00221109390259
      }
    },
    "activities" : [ {
      "activity" : "walking",
      "group" : "walking",
      "manual" : false,
      "startTime" : "20151028T104016-0400",
      "endTime" : "20151028T104453-0400",
      "duration" : 277.0,
      "distance" : 380.0,
      "steps" : 506,
      "trackPoints" : [ ]
    }, {
      "activity" : "walking",
      "group" : "walking",
      "manual" : false,
      "startTime" : "20151028T110000-0400",
      "endTime" : "20151028T110033-0400",
      "duration" : 33.0,
      "distance" : 33.0,
      "steps" : 65,
      "trackPoints" : [ ]
    }, {
      "activity" : "walking",
      "group" : "walking",
      "manual" : false,
      "startTime" : "20151028T123502-0400",
      "endTime" : "20151028T123735-0400",
      "duration" : 153.0,
      "distance" : 216.0,
      "steps" : 288,
      "trackPoints" : [ ]
    }, {
      "activity" : "walking",
      "group" : "walking",
      "manual" : false,
      "startTime" : "20151028T130540-0400",
      "endTime" : "20151028T131040-0400",
      "duration" : 300.0,
      "distance" : 294.0,
      "steps" : 392,
      "trackPoints" : [ ]
    }, {
      "activity" : "walking",
      "group" : "walking",
      "manual" : false,
      "startTime" : "20151028T140212-0400",
      "endTime" : "20151028T140412-0400",
      "duration" : 120.0,
      "distance" : 143.0,
      "steps" : 191,
      "trackPoints" : [ ]
    }, {
      "activity" : "walking",
      "group" : "walking",
      "manual" : false,
      "startTime" : "20151028T155946-0400",
      "endTime" : "20151028T160247-0400",
      "duration" : 181.0,
      "distance" : 134.0,
      "steps" : 181,
      "trackPoints" : [ ]
    }, {
      "activity" : "walking",
      "group" : "walking",
      "manual" : false,
      "startTime" : "20151028T172835-0400",
      "endTime" : "20151028T172938-0400",
      "duration" : 63.0,
      "distance" : 54.0,
      "steps" : 109,
      "trackPoints" : [ ]
    }, {
      "activity" : "walking",
      "group" : "walking",
      "manual" : false,
      "startTime" : "20151028T184009-0400",
      "endTime" : "20151028T184139-0400",
      "duration" : 90.0,
      "distance" : 70.0,
      "steps" : 141,
      "trackPoints" : [ ]
    }, {
      "activity" : "walking",
      "group" : "walking",
      "manual" : false,
      "startTime" : "20151028T192542-0400",
      "endTime" : "20151028T193401-0400",
      "duration" : 499.0,
      "distance" : 642.0,
      "steps" : 856,
      "trackPoints" : [ ]
    }, {
      "activity" : "walking",
      "group" : "walking",
      "manual" : false,
      "startTime" : "20151028T200526-0400",
      "endTime" : "20151028T200656-0400",
      "duration" : 90.0,
      "distance" : 75.0,
      "steps" : 151,
      "trackPoints" : [ ]
    }, {
      "activity" : "walking",
      "group" : "walking",
      "manual" : false,
      "startTime" : "20151028T211021-0400",
      "endTime" : "20151028T211324-0400",
      "duration" : 183.0,
      "distance" : 239.0,
      "steps" : 318,
      "trackPoints" : [ ]
    } ],
    "lastUpdate" : "20151105T152209Z"
  } ],
  "lastUpdate" : "20151105T152209Z"
} ]