[ {
  "date" : "20151103",
  "summary" : [ {
    "activity" : "walking",
    "group" : "walking",
    "duration" : 654.0,
    "distance" : 723.0,
    "steps" : 1068
  } ],
  "segments" : [ {
    "type" : "place",
    "startTime" : "20151102T235247-0500",
    "endTime" : "20151103T074147-0500",
    "place" : {
      "id" : 230455257,
      "name" : "Home",
      "type" : "home",
      "location" : {
        "lat" : 40.7391834348,
        "lon" : -73.9999108065
      }
    },
    "lastUpdate" : "20151103T143742Z"
  }, {
    "type" : "place",
    "startTime" : "20151103T090110-0500",
    "endTime" : "20151104T010042-0500",
    "place" : {
      "id" : 230084909,
      "name" : "Cornell Tech",
      "type" : "foursquare",
      "foursquareId" : "4fdf4038e4b044d93c4fae68",
      "foursquareCategoryIds" : [ "4bf58dd8d48988d1ae941735" ],
      "location" : {
        "lat" : 40.74090046467149,
        "lon" : -74.00221109390259
      }
    },
    "activities" : [ {
      "activity" : "walking",
      "group" : "walking",
      "manual" : false,
      "startTime" : "20151103T093753-0500",
      "endTime" : "20151103T094247-0500",
      "duration" : 294.0,
      "distance" : 372.0,
      "steps" : 497,
      "trackPoints" : [ ]
    }, {
      "activity" : "walking",
      "group" : "walking",
      "manual" : false,
      "startTime" : "20151103T100413-0500",
      "endTime" : "20151103T100443-0500",
      "duration" : 30.0,
      "distance" : 25.0,
      "steps" : 50,
      "trackPoints" : [ ]
    }, {
      "activity" : "walking",
      "group" : "walking",
      "manual" : false,
      "startTime" : "20151103T133251-0500",
      "endTime" : "20151103T133321-0500",
      "duration" : 30.0,
      "distance" : 30.0,
      "steps" : 60,
      "trackPoints" : [ ]
    }, {
      "activity" : "walking",
      "group" : "walking",
      "manual" : false,
      "startTime" : "20151103T190030-0500",
      "endTime" : "20151103T190330-0500",
      "duration" : 180.0,
      "distance" : 196.0,
      "steps" : 261,
      "trackPoints" : [ ]
    }, {
      "activity" : "walking",
      "group" : "walking",
      "manual" : false,
      "startTime" : "20151103T201329-0500",
      "endTime" : "20151103T201359-0500",
      "duration" : 30.0,
      "distance" : 25.0,
      "steps" : 50,
      "trackPoints" : [ ]
    }, {
      "activity" : "walking",
      "group" : "walking",
      "manual" : false,
      "startTime" : "20151103T210720-0500",
      "endTime" : "20151103T210750-0500",
      "duration" : 30.0,
      "distance" : 20.0,
      "steps" : 40,
      "trackPoints" : [ ]
    }, {
      "activity" : "walking",
      "group" : "walking",
      "manual" : false,
      "startTime" : "20151103T234135-0500",
      "endTime" : "20151103T234235-0500",
      "duration" : 60.0,
      "distance" : 55.0,
      "steps" : 110,
      "trackPoints" : [ ]
    } ],
    "lastUpdate" : "20151104T160606Z"
  } ],
  "lastUpdate" : "20151104T160606Z"
} ]