[ {
  "date" : "20151031",
  "summary" : [ {
    "activity" : "walking",
    "group" : "walking",
    "duration" : 3690.0,
    "distance" : 4367.0,
    "steps" : 6025
  }, {
    "activity" : "transport",
    "group" : "transport",
    "duration" : 1533.0,
    "distance" : 11148.0
  } ],
  "segments" : [ {
    "type" : "place",
    "startTime" : "20151030T190310-0400",
    "endTime" : "20151031T021833-0400",
    "place" : {
      "id" : 230455257,
      "name" : "Home",
      "type" : "home",
      "location" : {
        "lat" : 40.7391834348,
        "lon" : -73.9999108065
      }
    },
    "lastUpdate" : "20151031T211046Z"
  }, {
    "type" : "place",
    "startTime" : "20151031T121151-0400",
    "endTime" : "20151031T121830-0400",
    "place" : {
      "id" : 232206907,
      "type" : "unknown",
      "location" : {
        "lat" : 40.7404524793,
        "lon" : -74.0011420381
      }
    },
    "activities" : [ {
      "activity" : "walking",
      "group" : "walking",
      "manual" : false,
      "startTime" : "20151031T121151-0400",
      "endTime" : "20151031T121532-0400",
      "duration" : 221.0,
      "distance" : 326.0,
      "steps" : 435,
      "trackPoints" : [ ]
    } ],
    "lastUpdate" : "20151031T211046Z"
  }, {
    "type" : "move",
    "startTime" : "20151031T121830-0400",
    "endTime" : "20151031T124408-0400",
    "activities" : [ {
      "activity" : "walking",
      "group" : "walking",
      "manual" : false,
      "startTime" : "20151031T121830-0400",
      "endTime" : "20151031T122407-0400",
      "duration" : 337.0,
      "distance" : 486.0,
      "steps" : 636,
      "trackPoints" : [ {
        "lat" : 40.7404524793,
        "lon" : -74.0011420381,
        "time" : "20151031T121830-0400"
      }, {
        "lat" : 40.7406961999,
        "lon" : -74.0019563954,
        "time" : "20151031T121901-0400"
      }, {
        "lat" : 40.7404777383,
        "lon" : -74.002117484,
        "time" : "20151031T121922-0400"
      }, {
        "lat" : 40.7404269407,
        "lon" : -74.0019716137,
        "time" : "20151031T121940-0400"
      }, {
        "lat" : 40.740372493,
        "lon" : -74.0018761049,
        "time" : "20151031T121956-0400"
      }, {
        "lat" : 40.7403133633,
        "lon" : -74.0018755785,
        "time" : "20151031T122013-0400"
      }, {
        "lat" : 40.7401620824,
        "lon" : -74.0013822945,
        "time" : "20151031T122032-0400"
      }, {
        "lat" : 40.7399455668,
        "lon" : -74.0008151916,
        "time" : "20151031T122100-0400"
      }, {
        "lat" : 40.7397816433,
        "lon" : -74.0004244035,
        "time" : "20151031T122121-0400"
      }, {
        "lat" : 40.7395739441,
        "lon" : -73.999976261,
        "time" : "20151031T122141-0400"
      }, {
        "lat" : 40.7392551914,
        "lon" : -73.9994439192,
        "time" : "20151031T122218-0400"
      }, {
        "lat" : 40.7390490331,
        "lon" : -73.9994018188,
        "time" : "20151031T122238-0400"
      }, {
        "lat" : 40.7387595033,
        "lon" : -73.9995557781,
        "time" : "20151031T122304-0400"
      }, {
        "lat" : 40.7386230417,
        "lon" : -73.9996867132,
        "time" : "20151031T122324-0400"
      }, {
        "lat" : 40.738547298,
        "lon" : -73.9997625565,
        "time" : "20151031T122344-0400"
      }, {
        "lat" : 40.7384769734,
        "lon" : -73.9998266424,
        "time" : "20151031T122407-0400"
      } ]
    }, {
      "activity" : "transport",
      "group" : "transport",
      "manual" : false,
      "startTime" : "20151031T122407-0400",
      "endTime" : "20151031T123738-0400",
      "duration" : 811.0,
      "distance" : 5547.0,
      "trackPoints" : [ {
        "lat" : 40.7384769734,
        "lon" : -73.9998266424,
        "time" : "20151031T122407-0400"
      }, {
        "lat" : 40.7384595302,
        "lon" : -73.9998441662,
        "time" : "20151031T122423-0400"
      }, {
        "lat" : 40.7384861512,
        "lon" : -73.9998243773,
        "time" : "20151031T122443-0400"
      }, {
        "lat" : 40.7384906082,
        "lon" : -73.9998212737,
        "time" : "20151031T122502-0400"
      }, {
        "lat" : 40.738496632,
        "lon" : -73.999816922,
        "time" : "20151031T122522-0400"
      }, {
        "lat" : 40.7385057443,
        "lon" : -73.9998102776,
        "time" : "20151031T122541-0400"
      }, {
        "lat" : 40.7385226873,
        "lon" : -73.9997978522,
        "time" : "20151031T122604-0400"
      }, {
        "lat" : 40.7385236072,
        "lon" : -73.9997971664,
        "time" : "20151031T122637-0400"
      }, {
        "lat" : 40.7385236072,
        "lon" : -73.9997971664,
        "time" : "20151031T122656-0400"
      }, {
        "lat" : 40.7385236072,
        "lon" : -73.9997971664,
        "time" : "20151031T122715-0400"
      }, {
        "lat" : 40.7411350514,
        "lon" : -73.9976948715,
        "time" : "20151031T122757-0400"
      }, {
        "lat" : 40.7411435613,
        "lon" : -73.9976884192,
        "time" : "20151031T122823-0400"
      }, {
        "lat" : 40.7440138431,
        "lon" : -73.9957721826,
        "time" : "20151031T122851-0400"
      }, {
        "lat" : 40.7441552006,
        "lon" : -73.9956639055,
        "time" : "20151031T122910-0400"
      }, {
        "lat" : 40.7441452104,
        "lon" : -73.9956732394,
        "time" : "20151031T122932-0400"
      }, {
        "lat" : 40.7550170393,
        "lon" : -73.9878211737,
        "time" : "20151031T123352-0400"
      }, {
        "lat" : 40.755675237,
        "lon" : -73.9871582446,
        "time" : "20151031T123412-0400"
      }, {
        "lat" : 40.7557456595,
        "lon" : -73.9870956684,
        "time" : "20151031T123433-0400"
      }, {
        "lat" : 40.7615963706,
        "lon" : -73.9841519256,
        "time" : "20151031T123553-0400"
      }, {
        "lat" : 40.7688257309,
        "lon" : -73.981766694,
        "time" : "20151031T123636-0400"
      }, {
        "lat" : 40.7737341594,
        "lon" : -73.9821078543,
        "time" : "20151031T123711-0400"
      }, {
        "lat" : 40.778626988,
        "lon" : -73.9819862131,
        "time" : "20151031T123738-0400"
      } ]
    }, {
      "activity" : "walking",
      "group" : "walking",
      "manual" : false,
      "startTime" : "20151031T123738-0400",
      "endTime" : "20151031T124408-0400",
      "duration" : 390.0,
      "distance" : 398.0,
      "steps" : 603,
      "trackPoints" : [ {
        "lat" : 40.778626988,
        "lon" : -73.9819862131,
        "time" : "20151031T123738-0400"
      }, {
        "lat" : 40.7788289967,
        "lon" : -73.9819398561,
        "time" : "20151031T123758-0400"
      }, {
        "lat" : 40.7788147675,
        "lon" : -73.9818751165,
        "time" : "20151031T123818-0400"
      }, {
        "lat" : 40.7787575738,
        "lon" : -73.981830991,
        "time" : "20151031T123837-0400"
      }, {
        "lat" : 40.7787257529,
        "lon" : -73.9819253525,
        "time" : "20151031T123853-0400"
      }, {
        "lat" : 40.7789257587,
        "lon" : -73.9823436099,
        "time" : "20151031T123914-0400"
      }, {
        "lat" : 40.7790616547,
        "lon" : -73.9826453896,
        "time" : "20151031T123934-0400"
      }, {
        "lat" : 40.7792221651,
        "lon" : -73.9830158411,
        "time" : "20151031T123954-0400"
      }, {
        "lat" : 40.7794071039,
        "lon" : -73.9834587245,
        "time" : "20151031T124014-0400"
      }, {
        "lat" : 40.7795805712,
        "lon" : -73.9838575891,
        "time" : "20151031T124035-0400"
      }, {
        "lat" : 40.7798358137,
        "lon" : -73.9843730078,
        "time" : "20151031T124108-0400"
      }, {
        "lat" : 40.7799558198,
        "lon" : -73.9844243027,
        "time" : "20151031T124128-0400"
      }, {
        "lat" : 40.7801793663,
        "lon" : -73.9842501247,
        "time" : "20151031T124148-0400"
      }, {
        "lat" : 40.7804089952,
        "lon" : -73.9841135683,
        "time" : "20151031T124208-0400"
      }, {
        "lat" : 40.7805386622,
        "lon" : -73.9840923542,
        "time" : "20151031T124236-0400"
      }, {
        "lat" : 40.7805659839,
        "lon" : -73.9841044012,
        "time" : "20151031T124255-0400"
      }, {
        "lat" : 40.7805703326,
        "lon" : -73.9840981853,
        "time" : "20151031T124315-0400"
      }, {
        "lat" : 40.7805585753,
        "lon" : -73.9840745188,
        "time" : "20151031T124348-0400"
      }, {
        "lat" : 40.7806020967,
        "lon" : -73.9841772962,
        "time" : "20151031T124408-0400"
      } ]
    } ],
    "lastUpdate" : "20151031T211046Z"
  }, {
    "type" : "place",
    "startTime" : "20151031T124408-0400",
    "endTime" : "20151031T163839-0400",
    "place" : {
      "id" : 232639307,
      "name" : "277 West End Avenue",
      "type" : "foursquare",
      "foursquareId" : "4e3b860b7d8b0e9610502a2e",
      "foursquareCategoryIds" : [ "4d954b06a243a5684965b473" ],
      "location" : {
        "lat" : 40.78037117226599,
        "lon" : -73.98418232535889
      }
    },
    "activities" : [ {
      "activity" : "walking",
      "group" : "walking",
      "manual" : false,
      "startTime" : "20151031T124408-0400",
      "endTime" : "20151031T125230-0400",
      "duration" : 502.0,
      "distance" : 538.0,
      "steps" : 718,
      "trackPoints" : [ ]
    }, {
      "activity" : "walking",
      "group" : "walking",
      "manual" : false,
      "startTime" : "20151031T130000-0400",
      "endTime" : "20151031T130409-0400",
      "duration" : 249.0,
      "distance" : 262.0,
      "steps" : 349,
      "trackPoints" : [ ]
    }, {
      "activity" : "walking",
      "group" : "walking",
      "manual" : false,
      "startTime" : "20151031T140436-0400",
      "endTime" : "20151031T141106-0400",
      "duration" : 390.0,
      "distance" : 543.0,
      "steps" : 724,
      "trackPoints" : [ ]
    }, {
      "activity" : "walking",
      "group" : "walking",
      "manual" : false,
      "startTime" : "20151031T162744-0400",
      "endTime" : "20151031T162944-0400",
      "duration" : 120.0,
      "distance" : 116.0,
      "steps" : 231,
      "trackPoints" : [ ]
    } ],
    "lastUpdate" : "20151101T015303Z"
  }, {
    "type" : "move",
    "startTime" : "20151031T163839-0400",
    "endTime" : "20151031T164247-0400",
    "activities" : [ {
      "activity" : "walking",
      "group" : "walking",
      "manual" : false,
      "startTime" : "20151031T163839-0400",
      "endTime" : "20151031T164247-0400",
      "duration" : 248.0,
      "distance" : 361.0,
      "steps" : 416,
      "trackPoints" : [ {
        "lat" : 40.7806020967,
        "lon" : -73.9841772962,
        "time" : "20151031T163839-0400"
      }, {
        "lat" : 40.7804376234,
        "lon" : -73.9837699137,
        "time" : "20151031T163859-0400"
      }, {
        "lat" : 40.7804367216,
        "lon" : -73.9837434328,
        "time" : "20151031T163919-0400"
      }, {
        "lat" : 40.7804460653,
        "lon" : -73.9837647936,
        "time" : "20151031T163939-0400"
      }, {
        "lat" : 40.7804033719,
        "lon" : -73.9836989035,
        "time" : "20151031T163959-0400"
      }, {
        "lat" : 40.7802894601,
        "lon" : -73.9834159276,
        "time" : "20151031T164020-0400"
      }, {
        "lat" : 40.7800291418,
        "lon" : -73.9828707744,
        "time" : "20151031T164049-0400"
      }, {
        "lat" : 40.7799069525,
        "lon" : -73.9825337655,
        "time" : "20151031T164110-0400"
      }, {
        "lat" : 40.7798293265,
        "lon" : -73.9821313073,
        "time" : "20151031T164130-0400"
      }, {
        "lat" : 40.7798436595,
        "lon" : -73.9818008286,
        "time" : "20151031T164149-0400"
      }, {
        "lat" : 40.7797189026,
        "lon" : -73.9815335355,
        "time" : "20151031T164209-0400"
      }, {
        "lat" : 40.7793916325,
        "lon" : -73.9815130455,
        "time" : "20151031T164227-0400"
      }, {
        "lat" : 40.77881314,
        "lon" : -73.9819035413,
        "time" : "20151031T164247-0400"
      } ]
    } ],
    "lastUpdate" : "20151101T012003Z"
  }, {
    "type" : "place",
    "startTime" : "20151031T164247-0400",
    "endTime" : "20151031T164713-0400",
    "place" : {
      "id" : 232703645,
      "type" : "unknown",
      "location" : {
        "lat" : 40.77881314,
        "lon" : -73.9819035413
      }
    },
    "activities" : [ {
      "activity" : "walking",
      "group" : "walking",
      "manual" : false,
      "startTime" : "20151031T164445-0400",
      "endTime" : "20151031T164515-0400",
      "duration" : 30.0,
      "distance" : 30.0,
      "steps" : 60,
      "trackPoints" : [ ]
    } ],
    "lastUpdate" : "20151101T012003Z"
  }, {
    "type" : "move",
    "startTime" : "20151031T164713-0400",
    "endTime" : "20151031T170617-0400",
    "activities" : [ {
      "activity" : "transport",
      "group" : "transport",
      "manual" : false,
      "startTime" : "20151031T164713-0400",
      "endTime" : "20151031T165915-0400",
      "duration" : 722.0,
      "distance" : 5601.0,
      "trackPoints" : [ {
        "lat" : 40.77881314,
        "lon" : -73.9819035413,
        "time" : "20151031T164713-0400"
      }, {
        "lat" : 40.7787801873,
        "lon" : -73.9819285061,
        "time" : "20151031T164732-0400"
      }, {
        "lat" : 40.7787841991,
        "lon" : -73.981926627,
        "time" : "20151031T164752-0400"
      }, {
        "lat" : 40.7689894832,
        "lon" : -73.9819304307,
        "time" : "20151031T164910-0400"
      }, {
        "lat" : 40.7615809837,
        "lon" : -73.9841556279,
        "time" : "20151031T164957-0400"
      }, {
        "lat" : 40.7549647294,
        "lon" : -73.9878851462,
        "time" : "20151031T165208-0400"
      }, {
        "lat" : 40.7547996749,
        "lon" : -73.9878837945,
        "time" : "20151031T165230-0400"
      }, {
        "lat" : 40.7472845976,
        "lon" : -73.9933283899,
        "time" : "20151031T165545-0400"
      }, {
        "lat" : 40.7472205271,
        "lon" : -73.9933768097,
        "time" : "20151031T165604-0400"
      }, {
        "lat" : 40.7440594289,
        "lon" : -73.9957408225,
        "time" : "20151031T165652-0400"
      }, {
        "lat" : 40.7440769711,
        "lon" : -73.9957288319,
        "time" : "20151031T165720-0400"
      }, {
        "lat" : 40.7410359633,
        "lon" : -73.9978050418,
        "time" : "20151031T165815-0400"
      }, {
        "lat" : 40.7410265797,
        "lon" : -73.9978227332,
        "time" : "20151031T165834-0400"
      }, {
        "lat" : 40.7382135501,
        "lon" : -74.000027982,
        "time" : "20151031T165915-0400"
      } ]
    }, {
      "activity" : "walking",
      "group" : "walking",
      "manual" : false,
      "startTime" : "20151031T165915-0400",
      "endTime" : "20151031T170618-0400",
      "duration" : 423.0,
      "distance" : 520.0,
      "steps" : 737,
      "trackPoints" : [ {
        "lat" : 40.7382135501,
        "lon" : -74.000027982,
        "time" : "20151031T165915-0400"
      }, {
        "lat" : 40.7381957705,
        "lon" : -74.000044664,
        "time" : "20151031T165935-0400"
      }, {
        "lat" : 40.7383448842,
        "lon" : -73.9999300383,
        "time" : "20151031T165955-0400"
      }, {
        "lat" : 40.7383715159,
        "lon" : -73.9999084132,
        "time" : "20151031T165959-0400"
      }, {
        "lat" : 40.738371572,
        "lon" : -73.9999083677,
        "time" : "20151031T170000-0400"
      }, {
        "lat" : 40.7384536446,
        "lon" : -73.9998417244,
        "time" : "20151031T170014-0400"
      }, {
        "lat" : 40.7385439976,
        "lon" : -73.9997613805,
        "time" : "20151031T170034-0400"
      }, {
        "lat" : 40.7386614068,
        "lon" : -73.9996696481,
        "time" : "20151031T170053-0400"
      }, {
        "lat" : 40.7388697116,
        "lon" : -73.999508318,
        "time" : "20151031T170113-0400"
      }, {
        "lat" : 40.7391048311,
        "lon" : -73.9994538575,
        "time" : "20151031T170133-0400"
      }, {
        "lat" : 40.7394521095,
        "lon" : -73.9997973877,
        "time" : "20151031T170201-0400"
      }, {
        "lat" : 40.7396663174,
        "lon" : -74.0001904865,
        "time" : "20151031T170221-0400"
      }, {
        "lat" : 40.7398920787,
        "lon" : -74.0006923906,
        "time" : "20151031T170249-0400"
      }, {
        "lat" : 40.7401369467,
        "lon" : -74.0012883719,
        "time" : "20151031T170324-0400"
      }, {
        "lat" : 40.7402673566,
        "lon" : -74.0016820153,
        "time" : "20151031T170345-0400"
      }, {
        "lat" : 40.7404222568,
        "lon" : -74.001984152,
        "time" : "20151031T170405-0400"
      }, {
        "lat" : 40.7405367983,
        "lon" : -74.0020645439,
        "time" : "20151031T170427-0400"
      }, {
        "lat" : 40.7405876713,
        "lon" : -74.0021021423,
        "time" : "20151031T170444-0400"
      }, {
        "lat" : 40.7406786395,
        "lon" : -74.0019772846,
        "time" : "20151031T170502-0400"
      }, {
        "lat" : 40.7407794248,
        "lon" : -74.0019001654,
        "time" : "20151031T170522-0400"
      }, {
        "lat" : 40.7408656559,
        "lon" : -74.0018531005,
        "time" : "20151031T170542-0400"
      }, {
        "lat" : 40.7412186206,
        "lon" : -74.0014792254,
        "time" : "20151031T170617-0400"
      } ]
    } ],
    "lastUpdate" : "20151101T012003Z"
  }, {
    "type" : "place",
    "startTime" : "20151031T170617-0400",
    "endTime" : "20151101T010655-0400",
    "place" : {
      "id" : 230084909,
      "name" : "Cornell Tech",
      "type" : "foursquare",
      "foursquareId" : "4fdf4038e4b044d93c4fae68",
      "foursquareCategoryIds" : [ "4bf58dd8d48988d1ae941735" ],
      "location" : {
        "lat" : 40.74090046467149,
        "lon" : -74.00221109390259
      }
    },
    "activities" : [ {
      "activity" : "walking",
      "group" : "walking",
      "manual" : false,
      "startTime" : "20151031T171315-0400",
      "endTime" : "20151031T171545-0400",
      "duration" : 150.0,
      "distance" : 166.0,
      "steps" : 221,
      "trackPoints" : [ ]
    }, {
      "activity" : "walking",
      "group" : "walking",
      "manual" : false,
      "startTime" : "20151031T182453-0400",
      "endTime" : "20151031T182623-0400",
      "duration" : 90.0,
      "distance" : 85.0,
      "steps" : 171,
      "trackPoints" : [ ]
    }, {
      "activity" : "walking",
      "group" : "walking",
      "manual" : false,
      "startTime" : "20151031T192629-0400",
      "endTime" : "20151031T193459-0400",
      "duration" : 510.0,
      "distance" : 521.0,
      "steps" : 694,
      "trackPoints" : [ ]
    }, {
      "activity" : "walking",
      "group" : "walking",
      "manual" : false,
      "startTime" : "20151031T213053-0400",
      "endTime" : "20151031T213123-0400",
      "duration" : 30.0,
      "distance" : 15.0,
      "steps" : 30,
      "trackPoints" : [ ]
    } ],
    "lastUpdate" : "20151105T152209Z"
  } ],
  "lastUpdate" : "20151105T152209Z"
} ]