[ {
  "date" : "20151030",
  "summary" : [ {
    "activity" : "walking",
    "group" : "walking",
    "duration" : 9290.0,
    "distance" : 10931.0,
    "steps" : 15239
  }, {
    "activity" : "transport",
    "group" : "transport",
    "duration" : 3265.0,
    "distance" : 13729.0
  } ],
  "segments" : [ {
    "type" : "place",
    "startTime" : "20151030T071316-0400",
    "endTime" : "20151030T072510-0400",
    "place" : {
      "id" : 232206907,
      "type" : "unknown",
      "location" : {
        "lat" : 40.7404524793,
        "lon" : -74.0011420381
      }
    },
    "activities" : [ {
      "activity" : "walking",
      "group" : "walking",
      "manual" : false,
      "startTime" : "20151030T071316-0400",
      "endTime" : "20151030T071657-0400",
      "duration" : 221.0,
      "distance" : 302.0,
      "steps" : 402,
      "trackPoints" : [ ]
    } ],
    "lastUpdate" : "20151030T173523Z"
  }, {
    "type" : "move",
    "startTime" : "20151030T072510-0400",
    "endTime" : "20151030T080047-0400",
    "activities" : [ {
      "activity" : "walking",
      "group" : "walking",
      "manual" : false,
      "startTime" : "20151030T072510-0400",
      "endTime" : "20151030T073904-0400",
      "duration" : 834.0,
      "distance" : 866.0,
      "steps" : 1541,
      "trackPoints" : [ {
        "lat" : 40.7404524793,
        "lon" : -74.0011420381,
        "time" : "20151030T072510-0400"
      }, {
        "lat" : 40.7410398591,
        "lon" : -74.0016567199,
        "time" : "20151030T072621-0400"
      }, {
        "lat" : 40.7410664413,
        "lon" : -74.0017799194,
        "time" : "20151030T072640-0400"
      }, {
        "lat" : 40.7410442661,
        "lon" : -74.0017451697,
        "time" : "20151030T072659-0400"
      }, {
        "lat" : 40.7410838461,
        "lon" : -74.0016271059,
        "time" : "20151030T072715-0400"
      }, {
        "lat" : 40.7410916312,
        "lon" : -74.0014695828,
        "time" : "20151030T072737-0400"
      }, {
        "lat" : 40.7409974782,
        "lon" : -74.001275873,
        "time" : "20151030T072755-0400"
      }, {
        "lat" : 40.7408311158,
        "lon" : -74.0008912449,
        "time" : "20151030T072816-0400"
      }, {
        "lat" : 40.74061507,
        "lon" : -74.0003410416,
        "time" : "20151030T072848-0400"
      }, {
        "lat" : 40.740503773,
        "lon" : -74.0000504509,
        "time" : "20151030T072909-0400"
      }, {
        "lat" : 40.740385878,
        "lon" : -73.9997250036,
        "time" : "20151030T072928-0400"
      }, {
        "lat" : 40.7403208318,
        "lon" : -73.9990804117,
        "time" : "20151030T073003-0400"
      }, {
        "lat" : 40.7403472098,
        "lon" : -73.9986937294,
        "time" : "20151030T073021-0400"
      }, {
        "lat" : 40.74005068,
        "lon" : -73.9985383271,
        "time" : "20151030T073041-0400"
      }, {
        "lat" : 40.7398886487,
        "lon" : -73.998485119,
        "time" : "20151030T073057-0400"
      }, {
        "lat" : 40.7396907521,
        "lon" : -73.9981715546,
        "time" : "20151030T073115-0400"
      }, {
        "lat" : 40.7395210006,
        "lon" : -73.9978054727,
        "time" : "20151030T073136-0400"
      }, {
        "lat" : 40.7394134995,
        "lon" : -73.9975574646,
        "time" : "20151030T073151-0400"
      }, {
        "lat" : 40.7392498788,
        "lon" : -73.9971869304,
        "time" : "20151030T073212-0400"
      }, {
        "lat" : 40.7390381466,
        "lon" : -73.9966969515,
        "time" : "20151030T073240-0400"
      }, {
        "lat" : 40.7387904162,
        "lon" : -73.9962056353,
        "time" : "20151030T073315-0400"
      }, {
        "lat" : 40.7386527328,
        "lon" : -73.9960611663,
        "time" : "20151030T073335-0400"
      }, {
        "lat" : 40.7386032895,
        "lon" : -73.9960727366,
        "time" : "20151030T073355-0400"
      }, {
        "lat" : 40.7385690124,
        "lon" : -73.9960868299,
        "time" : "20151030T073414-0400"
      }, {
        "lat" : 40.7385407331,
        "lon" : -73.9961044567,
        "time" : "20151030T073440-0400"
      }, {
        "lat" : 40.7384830842,
        "lon" : -73.9961597782,
        "time" : "20151030T073505-0400"
      }, {
        "lat" : 40.7384126836,
        "lon" : -73.9962189754,
        "time" : "20151030T073525-0400"
      }, {
        "lat" : 40.7383765486,
        "lon" : -73.996247125,
        "time" : "20151030T073543-0400"
      }, {
        "lat" : 40.7383095042,
        "lon" : -73.9962932707,
        "time" : "20151030T073602-0400"
      }, {
        "lat" : 40.73821753,
        "lon" : -73.9963554072,
        "time" : "20151030T073621-0400"
      }, {
        "lat" : 40.7382634368,
        "lon" : -73.9963201696,
        "time" : "20151030T073700-0400"
      }, {
        "lat" : 40.7382075477,
        "lon" : -73.9963498562,
        "time" : "20151030T073719-0400"
      }, {
        "lat" : 40.7383118722,
        "lon" : -73.9962588619,
        "time" : "20151030T073737-0400"
      }, {
        "lat" : 40.7388142075,
        "lon" : -73.9958494365,
        "time" : "20151030T073903-0400"
      } ]
    }, {
      "activity" : "transport",
      "group" : "transport",
      "manual" : false,
      "startTime" : "20151030T073903-0400",
      "endTime" : "20151030T075446-0400",
      "duration" : 943.0,
      "distance" : 6262.0,
      "trackPoints" : [ {
        "lat" : 40.7388142075,
        "lon" : -73.9958494365,
        "time" : "20151030T073903-0400"
      }, {
        "lat" : 40.7427960589,
        "lon" : -73.9926040521,
        "time" : "20151030T074035-0400"
      }, {
        "lat" : 40.7428403574,
        "lon" : -73.9925740465,
        "time" : "20151030T074054-0400"
      }, {
        "lat" : 40.7536357508,
        "lon" : -73.9848955145,
        "time" : "20151030T074327-0400"
      }, {
        "lat" : 40.7537252681,
        "lon" : -73.984822365,
        "time" : "20151030T074343-0400"
      }, {
        "lat" : 40.7586688824,
        "lon" : -73.9813154714,
        "time" : "20151030T074534-0400"
      }, {
        "lat" : 40.7595659127,
        "lon" : -73.9809769006,
        "time" : "20151030T074553-0400"
      }, {
        "lat" : 40.7638145076,
        "lon" : -73.9776095468,
        "time" : "20151030T074654-0400"
      }, {
        "lat" : 40.7640301842,
        "lon" : -73.9774374013,
        "time" : "20151030T074721-0400"
      }, {
        "lat" : 40.7660032189,
        "lon" : -73.9510032185,
        "time" : "20151030T075446-0400"
      } ]
    }, {
      "activity" : "walking",
      "group" : "walking",
      "manual" : false,
      "startTime" : "20151030T075446-0400",
      "endTime" : "20151030T080047-0400",
      "duration" : 361.0,
      "distance" : 761.0,
      "steps" : 664,
      "trackPoints" : [ {
        "lat" : 40.7660032189,
        "lon" : -73.9510032185,
        "time" : "20151030T075446-0400"
      }, {
        "lat" : 40.7594957899,
        "lon" : -73.9540319332,
        "time" : "20151030T075504-0400"
      }, {
        "lat" : 40.759380748,
        "lon" : -73.9537711185,
        "time" : "20151030T075523-0400"
      }, {
        "lat" : 40.7595281378,
        "lon" : -73.9534929152,
        "time" : "20151030T075543-0400"
      }, {
        "lat" : 40.7594361353,
        "lon" : -73.9532805876,
        "time" : "20151030T075609-0400"
      }, {
        "lat" : 40.7595715795,
        "lon" : -73.9529921705,
        "time" : "20151030T075627-0400"
      }, {
        "lat" : 40.7598194289,
        "lon" : -73.952750208,
        "time" : "20151030T075654-0400"
      }, {
        "lat" : 40.7602128896,
        "lon" : -73.9528169689,
        "time" : "20151030T075712-0400"
      }, {
        "lat" : 40.7605092891,
        "lon" : -73.9528122352,
        "time" : "20151030T075732-0400"
      }, {
        "lat" : 40.7607358523,
        "lon" : -73.9523265916,
        "time" : "20151030T075752-0400"
      }, {
        "lat" : 40.7608553834,
        "lon" : -73.9519654391,
        "time" : "20151030T075812-0400"
      }, {
        "lat" : 40.760944623,
        "lon" : -73.9518025357,
        "time" : "20151030T075832-0400"
      }, {
        "lat" : 40.7609286338,
        "lon" : -73.9511331665,
        "time" : "20151030T075907-0400"
      }, {
        "lat" : 40.7611729585,
        "lon" : -73.9507780772,
        "time" : "20151030T075935-0400"
      }, {
        "lat" : 40.7613836301,
        "lon" : -73.9507422104,
        "time" : "20151030T075956-0400"
      }, {
        "lat" : 40.7613982237,
        "lon" : -73.9507676504,
        "time" : "20151030T075959-0400"
      }, {
        "lat" : 40.7613982648,
        "lon" : -73.9507677221,
        "time" : "20151030T080000-0400"
      }, {
        "lat" : 40.7614596534,
        "lon" : -73.9508747369,
        "time" : "20151030T080014-0400"
      }, {
        "lat" : 40.7616507531,
        "lon" : -73.9507803497,
        "time" : "20151030T080031-0400"
      }, {
        "lat" : 40.7614542255,
        "lon" : -73.9504967955,
        "time" : "20151030T080047-0400"
      } ]
    } ],
    "lastUpdate" : "20151030T173523Z"
  }, {
    "type" : "place",
    "startTime" : "20151030T080047-0400",
    "endTime" : "20151030T083814-0400",
    "place" : {
      "id" : 232206912,
      "name" : "Gallery Rivaa",
      "type" : "foursquare",
      "foursquareId" : "4bd0d2119854d13a9e86f84d",
      "foursquareCategoryIds" : [ "4bf58dd8d48988d1e2931735" ],
      "location" : {
        "lat" : 40.76147480213481,
        "lon" : -73.95037025468532
      }
    },
    "activities" : [ {
      "activity" : "walking",
      "group" : "walking",
      "manual" : false,
      "startTime" : "20151030T080246-0400",
      "endTime" : "20151030T080446-0400",
      "duration" : 120.0,
      "distance" : 158.0,
      "steps" : 211,
      "trackPoints" : [ ]
    } ],
    "lastUpdate" : "20151030T200401Z"
  }, {
    "type" : "move",
    "startTime" : "20151030T083814-0400",
    "endTime" : "20151030T084249-0400",
    "activities" : [ {
      "activity" : "walking",
      "group" : "walking",
      "manual" : false,
      "startTime" : "20151030T083814-0400",
      "endTime" : "20151030T084248-0400",
      "duration" : 274.0,
      "distance" : 382.0,
      "steps" : 551,
      "trackPoints" : [ {
        "lat" : 40.7614542255,
        "lon" : -73.9504967955,
        "time" : "20151030T083814-0400"
      }, {
        "lat" : 40.7619347288,
        "lon" : -73.9501977027,
        "time" : "20151030T083835-0400"
      }, {
        "lat" : 40.7619884844,
        "lon" : -73.949998994,
        "time" : "20151030T083855-0400"
      }, {
        "lat" : 40.7621599669,
        "lon" : -73.9498009318,
        "time" : "20151030T083928-0400"
      }, {
        "lat" : 40.7624918103,
        "lon" : -73.9496178137,
        "time" : "20151030T084002-0400"
      }, {
        "lat" : 40.7625314755,
        "lon" : -73.9496648599,
        "time" : "20151030T084018-0400"
      }, {
        "lat" : 40.7628082683,
        "lon" : -73.9493780698,
        "time" : "20151030T084038-0400"
      }, {
        "lat" : 40.7630118834,
        "lon" : -73.9492980256,
        "time" : "20151030T084100-0400"
      }, {
        "lat" : 40.7630991184,
        "lon" : -73.9490846283,
        "time" : "20151030T084120-0400"
      }, {
        "lat" : 40.7632114364,
        "lon" : -73.9489171346,
        "time" : "20151030T084140-0400"
      }, {
        "lat" : 40.7633105413,
        "lon" : -73.9487746622,
        "time" : "20151030T084200-0400"
      }, {
        "lat" : 40.7635020676,
        "lon" : -73.9485077922,
        "time" : "20151030T084227-0400"
      }, {
        "lat" : 40.7641191342,
        "lon" : -73.9481669941,
        "time" : "20151030T084249-0400"
      } ]
    } ],
    "lastUpdate" : "20151030T173523Z"
  }, {
    "type" : "place",
    "startTime" : "20151030T084249-0400",
    "endTime" : "20151030T114023-0400",
    "place" : {
      "id" : 232206913,
      "name" : "PS 217",
      "type" : "foursquare",
      "foursquareId" : "4eb9ce585c5c0e067d14c79e",
      "foursquareCategoryIds" : [ "4bf58dd8d48988d13b941735" ],
      "location" : {
        "lat" : 40.76382906147592,
        "lon" : -73.94797087053819
      }
    },
    "activities" : [ {
      "activity" : "walking",
      "group" : "walking",
      "manual" : false,
      "startTime" : "20151030T084249-0400",
      "endTime" : "20151030T084519-0400",
      "duration" : 150.0,
      "distance" : 181.0,
      "steps" : 242,
      "trackPoints" : [ ]
    }, {
      "activity" : "walking",
      "group" : "walking",
      "manual" : false,
      "startTime" : "20151030T092351-0400",
      "endTime" : "20151030T092521-0400",
      "duration" : 90.0,
      "distance" : 85.0,
      "steps" : 171,
      "trackPoints" : [ ]
    }, {
      "activity" : "walking",
      "group" : "walking",
      "manual" : false,
      "startTime" : "20151030T111923-0400",
      "endTime" : "20151030T112153-0400",
      "duration" : 150.0,
      "distance" : 203.0,
      "steps" : 271,
      "trackPoints" : [ ]
    } ],
    "lastUpdate" : "20151030T200431Z"
  }, {
    "type" : "move",
    "startTime" : "20151030T114023-0400",
    "endTime" : "20151030T114554-0400",
    "activities" : [ {
      "activity" : "walking",
      "group" : "walking",
      "manual" : false,
      "startTime" : "20151030T114023-0400",
      "endTime" : "20151030T114555-0400",
      "duration" : 332.0,
      "distance" : 391.0,
      "steps" : 687,
      "trackPoints" : [ {
        "lat" : 40.7641191342,
        "lon" : -73.9481669941,
        "time" : "20151030T114023-0400"
      }, {
        "lat" : 40.7639173619,
        "lon" : -73.9484602596,
        "time" : "20151030T114052-0400"
      }, {
        "lat" : 40.7637690412,
        "lon" : -73.9482958497,
        "time" : "20151030T114114-0400"
      }, {
        "lat" : 40.7633918349,
        "lon" : -73.94859562,
        "time" : "20151030T114145-0400"
      }, {
        "lat" : 40.763252675,
        "lon" : -73.9487875274,
        "time" : "20151030T114205-0400"
      }, {
        "lat" : 40.7631828319,
        "lon" : -73.9489131967,
        "time" : "20151030T114226-0400"
      }, {
        "lat" : 40.7630550747,
        "lon" : -73.9491306326,
        "time" : "20151030T114253-0400"
      }, {
        "lat" : 40.7629336664,
        "lon" : -73.9493345721,
        "time" : "20151030T114313-0400"
      }, {
        "lat" : 40.7627833553,
        "lon" : -73.9494422342,
        "time" : "20151030T114334-0400"
      }, {
        "lat" : 40.762520146,
        "lon" : -73.9495799701,
        "time" : "20151030T114355-0400"
      }, {
        "lat" : 40.7622366034,
        "lon" : -73.9497486359,
        "time" : "20151030T114416-0400"
      }, {
        "lat" : 40.7620003668,
        "lon" : -73.9498959793,
        "time" : "20151030T114436-0400"
      }, {
        "lat" : 40.7619048048,
        "lon" : -73.9499745058,
        "time" : "20151030T114452-0400"
      }, {
        "lat" : 40.7616937974,
        "lon" : -73.9501600296,
        "time" : "20151030T114520-0400"
      }, {
        "lat" : 40.7614542255,
        "lon" : -73.9504967955,
        "time" : "20151030T114554-0400"
      } ]
    } ],
    "lastUpdate" : "20151030T173547Z"
  }, {
    "type" : "place",
    "startTime" : "20151030T114554-0400",
    "endTime" : "20151030T120734-0400",
    "place" : {
      "id" : 232206912,
      "name" : "Gallery Rivaa",
      "type" : "foursquare",
      "foursquareId" : "4bd0d2119854d13a9e86f84d",
      "foursquareCategoryIds" : [ "4bf58dd8d48988d1e2931735" ],
      "location" : {
        "lat" : 40.76147480213481,
        "lon" : -73.95037025468532
      }
    },
    "activities" : [ {
      "activity" : "walking",
      "group" : "walking",
      "manual" : false,
      "startTime" : "20151030T120508-0400",
      "endTime" : "20151030T120538-0400",
      "duration" : 30.0,
      "distance" : 25.0,
      "steps" : 50,
      "trackPoints" : [ ]
    } ],
    "lastUpdate" : "20151030T200401Z"
  }, {
    "type" : "move",
    "startTime" : "20151030T120734-0400",
    "endTime" : "20151030T133352-0400",
    "activities" : [ {
      "activity" : "walking",
      "group" : "walking",
      "manual" : false,
      "startTime" : "20151030T120734-0400",
      "endTime" : "20151030T121738-0400",
      "duration" : 604.0,
      "distance" : 1170.0,
      "steps" : 1093,
      "trackPoints" : [ {
        "lat" : 40.7614542255,
        "lon" : -73.9504967955,
        "time" : "20151030T120734-0400"
      }, {
        "lat" : 40.7612373946,
        "lon" : -73.9505791321,
        "time" : "20151030T120755-0400"
      }, {
        "lat" : 40.7612000963,
        "lon" : -73.9506147973,
        "time" : "20151030T120823-0400"
      }, {
        "lat" : 40.7610197476,
        "lon" : -73.9507996524,
        "time" : "20151030T120843-0400"
      }, {
        "lat" : 40.7606452032,
        "lon" : -73.9512485681,
        "time" : "20151030T120921-0400"
      }, {
        "lat" : 40.7605195616,
        "lon" : -73.9514802353,
        "time" : "20151030T120937-0400"
      }, {
        "lat" : 40.760424335,
        "lon" : -73.9517410323,
        "time" : "20151030T120958-0400"
      }, {
        "lat" : 40.7604010799,
        "lon" : -73.9518115177,
        "time" : "20151030T121014-0400"
      }, {
        "lat" : 40.7601358837,
        "lon" : -73.9522522269,
        "time" : "20151030T121033-0400"
      }, {
        "lat" : 40.7599051391,
        "lon" : -73.9523743932,
        "time" : "20151030T121054-0400"
      }, {
        "lat" : 40.7598386316,
        "lon" : -73.952529639,
        "time" : "20151030T121114-0400"
      }, {
        "lat" : 40.7598271812,
        "lon" : -73.9526210147,
        "time" : "20151030T121134-0400"
      }, {
        "lat" : 40.7597875481,
        "lon" : -73.9527167181,
        "time" : "20151030T121154-0400"
      }, {
        "lat" : 40.7596933592,
        "lon" : -73.9528875743,
        "time" : "20151030T121215-0400"
      }, {
        "lat" : 40.7596524064,
        "lon" : -73.9531622323,
        "time" : "20151030T121234-0400"
      }, {
        "lat" : 40.7610438327,
        "lon" : -73.9539358767,
        "time" : "20151030T121301-0400"
      }, {
        "lat" : 40.759078428,
        "lon" : -73.9537881941,
        "time" : "20151030T121320-0400"
      }, {
        "lat" : 40.7588166574,
        "lon" : -73.9538225342,
        "time" : "20151030T121340-0400"
      }, {
        "lat" : 40.7587555574,
        "lon" : -73.9537738392,
        "time" : "20151030T121356-0400"
      }, {
        "lat" : 40.7587075767,
        "lon" : -73.9537947071,
        "time" : "20151030T121413-0400"
      }, {
        "lat" : 40.7584732041,
        "lon" : -73.9539335056,
        "time" : "20151030T121435-0400"
      }, {
        "lat" : 40.7584819015,
        "lon" : -73.9540270377,
        "time" : "20151030T121453-0400"
      }, {
        "lat" : 40.7582804332,
        "lon" : -73.954517285,
        "time" : "20151030T121520-0400"
      }, {
        "lat" : 40.7582838803,
        "lon" : -73.9550109449,
        "time" : "20151030T121540-0400"
      }, {
        "lat" : 40.75811362,
        "lon" : -73.9550989591,
        "time" : "20151030T121559-0400"
      }, {
        "lat" : 40.7579369263,
        "lon" : -73.955420621,
        "time" : "20151030T121627-0400"
      }, {
        "lat" : 40.7579466093,
        "lon" : -73.9559037528,
        "time" : "20151030T121642-0400"
      }, {
        "lat" : 40.7575058491,
        "lon" : -73.9559724349,
        "time" : "20151030T121711-0400"
      }, {
        "lat" : 40.7569171739,
        "lon" : -73.9555491467,
        "time" : "20151030T121738-0400"
      } ]
    }, {
      "activity" : "walking",
      "group" : "walking",
      "manual" : false,
      "startTime" : "20151030T123208-0400",
      "endTime" : "20151030T123507-0400",
      "duration" : 179.0,
      "distance" : 336.0,
      "steps" : 280,
      "trackPoints" : [ {
        "lat" : 40.7571202215,
        "lon" : -73.9566142674,
        "time" : "20151030T123208-0400"
      }, {
        "lat" : 40.7572398901,
        "lon" : -73.9566481249,
        "time" : "20151030T123224-0400"
      }, {
        "lat" : 40.7575959831,
        "lon" : -73.956913459,
        "time" : "20151030T123243-0400"
      }, {
        "lat" : 40.7581283405,
        "lon" : -73.9574863439,
        "time" : "20151030T123303-0400"
      }, {
        "lat" : 40.7588576354,
        "lon" : -73.9591096655,
        "time" : "20151030T123336-0400"
      }, {
        "lat" : 40.756934381,
        "lon" : -73.9554973461,
        "time" : "20151030T123359-0400"
      }, {
        "lat" : 40.7572108835,
        "lon" : -73.9552858795,
        "time" : "20151030T123426-0400"
      }, {
        "lat" : 40.7599158994,
        "lon" : -73.9560955337,
        "time" : "20151030T123452-0400"
      }, {
        "lat" : 40.7591823356,
        "lon" : -73.9577255106,
        "time" : "20151030T123507-0400"
      } ]
    }, {
      "activity" : "transport",
      "group" : "transport",
      "manual" : false,
      "startTime" : "20151030T123507-0400",
      "endTime" : "20151030T125218-0400",
      "duration" : 1031.0,
      "distance" : 2563.0,
      "trackPoints" : [ {
        "lat" : 40.7591823356,
        "lon" : -73.9577255106,
        "time" : "20151030T123507-0400"
      }, {
        "lat" : 40.7603048617,
        "lon" : -73.9566081899,
        "time" : "20151030T123526-0400"
      }, {
        "lat" : 40.7602301165,
        "lon" : -73.9557049925,
        "time" : "20151030T123606-0400"
      }, {
        "lat" : 40.7598956707,
        "lon" : -73.9547421306,
        "time" : "20151030T123632-0400"
      }, {
        "lat" : 40.7600375529,
        "lon" : -73.953608113,
        "time" : "20151030T123659-0400"
      }, {
        "lat" : 40.7580737823,
        "lon" : -73.9553593785,
        "time" : "20151030T123751-0400"
      }, {
        "lat" : 40.7577557809,
        "lon" : -73.9548655191,
        "time" : "20151030T123807-0400"
      }, {
        "lat" : 40.7578782899,
        "lon" : -73.9545813313,
        "time" : "20151030T123839-0400"
      }, {
        "lat" : 40.7578655965,
        "lon" : -73.9546251677,
        "time" : "20151030T123859-0400"
      }, {
        "lat" : 40.7578462888,
        "lon" : -73.9547018379,
        "time" : "20151030T123928-0400"
      }, {
        "lat" : 40.7578306009,
        "lon" : -73.9547483681,
        "time" : "20151030T123949-0400"
      }, {
        "lat" : 40.7578306009,
        "lon" : -73.9547483681,
        "time" : "20151030T124018-0400"
      }, {
        "lat" : 40.7578306009,
        "lon" : -73.9547483681,
        "time" : "20151030T124048-0400"
      }, {
        "lat" : 40.7578306009,
        "lon" : -73.9547483681,
        "time" : "20151030T124126-0400"
      }, {
        "lat" : 40.7578110767,
        "lon" : -73.9547525372,
        "time" : "20151030T124202-0400"
      }, {
        "lat" : 40.7578594038,
        "lon" : -73.9547583576,
        "time" : "20151030T124220-0400"
      }, {
        "lat" : 40.7578601245,
        "lon" : -73.9548210389,
        "time" : "20151030T124238-0400"
      }, {
        "lat" : 40.7579247731,
        "lon" : -73.9549401214,
        "time" : "20151030T124304-0400"
      }, {
        "lat" : 40.7583007502,
        "lon" : -73.9555099259,
        "time" : "20151030T124329-0400"
      }, {
        "lat" : 40.7590661263,
        "lon" : -73.9566446199,
        "time" : "20151030T124400-0400"
      }, {
        "lat" : 40.7590661263,
        "lon" : -73.9566446199,
        "time" : "20151030T124424-0400"
      }, {
        "lat" : 40.7585731047,
        "lon" : -73.955348984,
        "time" : "20151030T124454-0400"
      }, {
        "lat" : 40.7585731047,
        "lon" : -73.955348984,
        "time" : "20151030T124516-0400"
      }, {
        "lat" : 40.7585731047,
        "lon" : -73.955348984,
        "time" : "20151030T124531-0400"
      }, {
        "lat" : 40.758245578,
        "lon" : -73.9535441859,
        "time" : "20151030T124612-0400"
      }, {
        "lat" : 40.758245578,
        "lon" : -73.9535441859,
        "time" : "20151030T124638-0400"
      }, {
        "lat" : 40.7597552856,
        "lon" : -73.9605649267,
        "time" : "20151030T124906-0400"
      }, {
        "lat" : 40.7596517178,
        "lon" : -73.9607507589,
        "time" : "20151030T124925-0400"
      }, {
        "lat" : 40.7599516641,
        "lon" : -73.9611766613,
        "time" : "20151030T124940-0400"
      }, {
        "lat" : 40.7603230418,
        "lon" : -73.9621347067,
        "time" : "20151030T125002-0400"
      }, {
        "lat" : 40.7608102846,
        "lon" : -73.9635564111,
        "time" : "20151030T125024-0400"
      }, {
        "lat" : 40.7610909395,
        "lon" : -73.9640194909,
        "time" : "20151030T125058-0400"
      }, {
        "lat" : 40.7611624409,
        "lon" : -73.964021143,
        "time" : "20151030T125116-0400"
      }, {
        "lat" : 40.7611721114,
        "lon" : -73.9639913934,
        "time" : "20151030T125136-0400"
      }, {
        "lat" : 40.7611759897,
        "lon" : -73.9639903816,
        "time" : "20151030T125201-0400"
      }, {
        "lat" : 40.7611884244,
        "lon" : -73.9640000373,
        "time" : "20151030T125218-0400"
      } ]
    }, {
      "activity" : "walking",
      "group" : "walking",
      "manual" : false,
      "startTime" : "20151030T125218-0400",
      "endTime" : "20151030T130119-0400",
      "duration" : 541.0,
      "distance" : 471.0,
      "steps" : 825,
      "trackPoints" : [ {
        "lat" : 40.7611884244,
        "lon" : -73.9640000373,
        "time" : "20151030T125218-0400"
      }, {
        "lat" : 40.7611944384,
        "lon" : -73.9640054075,
        "time" : "20151030T125234-0400"
      }, {
        "lat" : 40.7611674742,
        "lon" : -73.9639711354,
        "time" : "20151030T125254-0400"
      }, {
        "lat" : 40.7613529454,
        "lon" : -73.9639979077,
        "time" : "20151030T125326-0400"
      }, {
        "lat" : 40.7613374195,
        "lon" : -73.963872966,
        "time" : "20151030T125349-0400"
      }, {
        "lat" : 40.7614454341,
        "lon" : -73.9643574347,
        "time" : "20151030T125408-0400"
      }, {
        "lat" : 40.7615751356,
        "lon" : -73.9646904848,
        "time" : "20151030T125428-0400"
      }, {
        "lat" : 40.7617807105,
        "lon" : -73.9651169522,
        "time" : "20151030T125448-0400"
      }, {
        "lat" : 40.7619535625,
        "lon" : -73.9654917493,
        "time" : "20151030T125522-0400"
      }, {
        "lat" : 40.7620190705,
        "lon" : -73.9656369146,
        "time" : "20151030T125542-0400"
      }, {
        "lat" : 40.762121804,
        "lon" : -73.9658181554,
        "time" : "20151030T125602-0400"
      }, {
        "lat" : 40.7622248889,
        "lon" : -73.9659660768,
        "time" : "20151030T125621-0400"
      }, {
        "lat" : 40.7623292239,
        "lon" : -73.9661238646,
        "time" : "20151030T125641-0400"
      }, {
        "lat" : 40.762363372,
        "lon" : -73.966018955,
        "time" : "20151030T125701-0400"
      }, {
        "lat" : 40.7622845432,
        "lon" : -73.9660323818,
        "time" : "20151030T125723-0400"
      }, {
        "lat" : 40.762260682,
        "lon" : -73.9660393213,
        "time" : "20151030T125744-0400"
      }, {
        "lat" : 40.7622573867,
        "lon" : -73.9660504924,
        "time" : "20151030T125804-0400"
      }, {
        "lat" : 40.7622608164,
        "lon" : -73.9660685614,
        "time" : "20151030T125823-0400"
      }, {
        "lat" : 40.7622653898,
        "lon" : -73.9660861496,
        "time" : "20151030T125842-0400"
      }, {
        "lat" : 40.7622894077,
        "lon" : -73.9661674534,
        "time" : "20151030T125902-0400"
      }, {
        "lat" : 40.7623927614,
        "lon" : -73.9665149426,
        "time" : "20151030T125936-0400"
      }, {
        "lat" : 40.7625397443,
        "lon" : -73.9670563712,
        "time" : "20151030T125956-0400"
      }, {
        "lat" : 40.762555588,
        "lon" : -73.9671169097,
        "time" : "20151030T125959-0400"
      }, {
        "lat" : 40.7625556318,
        "lon" : -73.9671170772,
        "time" : "20151030T130000-0400"
      }, {
        "lat" : 40.7626813049,
        "lon" : -73.9675972717,
        "time" : "20151030T130028-0400"
      }, {
        "lat" : 40.7625986585,
        "lon" : -73.9675142721,
        "time" : "20151030T130051-0400"
      }, {
        "lat" : 40.7625487621,
        "lon" : -73.9677137762,
        "time" : "20151030T130119-0400"
      } ]
    }, {
      "activity" : "transport",
      "group" : "transport",
      "manual" : false,
      "startTime" : "20151030T130119-0400",
      "endTime" : "20151030T131450-0400",
      "duration" : 811.0,
      "distance" : 3555.0,
      "trackPoints" : [ {
        "lat" : 40.7625487621,
        "lon" : -73.9677137762,
        "time" : "20151030T130119-0400"
      }, {
        "lat" : 40.7459767184,
        "lon" : -73.9821237219,
        "time" : "20151030T131241-0400"
      }, {
        "lat" : 40.7403262693,
        "lon" : -73.9864175011,
        "time" : "20151030T131327-0400"
      }, {
        "lat" : 40.740083013,
        "lon" : -73.9882810963,
        "time" : "20151030T131449-0400"
      } ]
    }, {
      "activity" : "walking",
      "group" : "walking",
      "manual" : false,
      "startTime" : "20151030T131449-0400",
      "endTime" : "20151030T131819-0400",
      "duration" : 210.0,
      "distance" : 216.0,
      "steps" : 432,
      "trackPoints" : [ {
        "lat" : 40.740083013,
        "lon" : -73.9882810963,
        "time" : "20151030T131449-0400"
      }, {
        "lat" : 40.7400002968,
        "lon" : -73.9889147877,
        "time" : "20151030T131820-0400"
      } ]
    }, {
      "activity" : "transport",
      "group" : "transport",
      "manual" : false,
      "startTime" : "20151030T131820-0400",
      "endTime" : "20151030T132620-0400",
      "duration" : 480.0,
      "distance" : 1349.0,
      "trackPoints" : [ {
        "lat" : 40.7400002968,
        "lon" : -73.9889147877,
        "time" : "20151030T131820-0400"
      }, {
        "lat" : 40.7386005485,
        "lon" : -73.9997250718,
        "time" : "20151030T132503-0400"
      }, {
        "lat" : 40.7397105471,
        "lon" : -74.0022972427,
        "time" : "20151030T132620-0400"
      } ]
    }, {
      "activity" : "walking",
      "group" : "walking",
      "manual" : false,
      "startTime" : "20151030T132620-0400",
      "endTime" : "20151030T133352-0400",
      "duration" : 452.0,
      "distance" : 358.0,
      "steps" : 717,
      "trackPoints" : [ {
        "lat" : 40.7397105471,
        "lon" : -74.0022972427,
        "time" : "20151030T132620-0400"
      }, {
        "lat" : 40.7397105471,
        "lon" : -74.0022972427,
        "time" : "20151030T132657-0400"
      }, {
        "lat" : 40.7398204972,
        "lon" : -74.0025367835,
        "time" : "20151030T132717-0400"
      }, {
        "lat" : 40.7399116316,
        "lon" : -74.0025545088,
        "time" : "20151030T132736-0400"
      }, {
        "lat" : 40.7401030909,
        "lon" : -74.0023527892,
        "time" : "20151030T132756-0400"
      }, {
        "lat" : 40.7402939728,
        "lon" : -74.0021827022,
        "time" : "20151030T132816-0400"
      }, {
        "lat" : 40.7404731899,
        "lon" : -74.0021235871,
        "time" : "20151030T132837-0400"
      }, {
        "lat" : 40.7406109796,
        "lon" : -74.0019656051,
        "time" : "20151030T132858-0400"
      }, {
        "lat" : 40.7407433261,
        "lon" : -74.0018824791,
        "time" : "20151030T132918-0400"
      }, {
        "lat" : 40.7408342307,
        "lon" : -74.0018690503,
        "time" : "20151030T132938-0400"
      }, {
        "lat" : 40.7409151972,
        "lon" : -74.0018464523,
        "time" : "20151030T132959-0400"
      }, {
        "lat" : 40.7410570945,
        "lon" : -74.0018139552,
        "time" : "20151030T133020-0400"
      }, {
        "lat" : 40.7411137856,
        "lon" : -74.0018098286,
        "time" : "20151030T133042-0400"
      }, {
        "lat" : 40.7411158231,
        "lon" : -74.0018122048,
        "time" : "20151030T133104-0400"
      }, {
        "lat" : 40.7410538338,
        "lon" : -74.0018049473,
        "time" : "20151030T133125-0400"
      }, {
        "lat" : 40.7410252406,
        "lon" : -74.0018758232,
        "time" : "20151030T133228-0400"
      }, {
        "lat" : 40.7410412375,
        "lon" : -74.0018440004,
        "time" : "20151030T133248-0400"
      }, {
        "lat" : 40.7410944042,
        "lon" : -74.0018153166,
        "time" : "20151030T133309-0400"
      }, {
        "lat" : 40.7411166902,
        "lon" : -74.0018014724,
        "time" : "20151030T133331-0400"
      }, {
        "lat" : 40.7412186206,
        "lon" : -74.0014792254,
        "time" : "20151030T133352-0400"
      } ]
    } ],
    "lastUpdate" : "20151030T200319Z"
  }, {
    "type" : "place",
    "startTime" : "20151030T133352-0400",
    "endTime" : "20151030T171016-0400",
    "place" : {
      "id" : 230084909,
      "name" : "Cornell Tech",
      "type" : "foursquare",
      "foursquareId" : "4fdf4038e4b044d93c4fae68",
      "foursquareCategoryIds" : [ "4bf58dd8d48988d1ae941735" ],
      "location" : {
        "lat" : 40.74090046467149,
        "lon" : -74.00221109390259
      }
    },
    "activities" : [ {
      "activity" : "walking",
      "group" : "walking",
      "manual" : false,
      "startTime" : "20151030T170659-0400",
      "endTime" : "20151030T170729-0400",
      "duration" : 30.0,
      "distance" : 25.0,
      "steps" : 51,
      "trackPoints" : [ ]
    } ],
    "lastUpdate" : "20151105T152209Z"
  }, {
    "type" : "move",
    "startTime" : "20151030T171016-0400",
    "endTime" : "20151030T174633-0400",
    "activities" : [ {
      "activity" : "walking",
      "group" : "walking",
      "manual" : false,
      "startTime" : "20151030T171016-0400",
      "endTime" : "20151030T174634-0400",
      "duration" : 2178.0,
      "distance" : 2430.0,
      "steps" : 3222,
      "trackPoints" : [ {
        "lat" : 40.7409004647,
        "lon" : -74.0022110939,
        "time" : "20151030T171016-0400"
      }, {
        "lat" : 40.7411754714,
        "lon" : -74.0016872799,
        "time" : "20151030T171043-0400"
      }, {
        "lat" : 40.7410992717,
        "lon" : -74.0017150551,
        "time" : "20151030T171108-0400"
      }, {
        "lat" : 40.7411244266,
        "lon" : -74.0016769528,
        "time" : "20151030T171123-0400"
      }, {
        "lat" : 40.7411905948,
        "lon" : -74.0016047534,
        "time" : "20151030T171146-0400"
      }, {
        "lat" : 40.7413870669,
        "lon" : -74.0014230988,
        "time" : "20151030T171210-0400"
      }, {
        "lat" : 40.7415596419,
        "lon" : -74.0012862272,
        "time" : "20151030T171228-0400"
      }, {
        "lat" : 40.7417923414,
        "lon" : -74.0010583709,
        "time" : "20151030T171249-0400"
      }, {
        "lat" : 40.7420993521,
        "lon" : -74.00074133,
        "time" : "20151030T171308-0400"
      }, {
        "lat" : 40.7423314722,
        "lon" : -74.0005346829,
        "time" : "20151030T171330-0400"
      }, {
        "lat" : 40.7425803462,
        "lon" : -74.0003377852,
        "time" : "20151030T171354-0400"
      }, {
        "lat" : 40.7427386321,
        "lon" : -74.0002553717,
        "time" : "20151030T171415-0400"
      }, {
        "lat" : 40.7428612164,
        "lon" : -74.0002515726,
        "time" : "20151030T171441-0400"
      }, {
        "lat" : 40.7430911529,
        "lon" : -74.0000900146,
        "time" : "20151030T171501-0400"
      }, {
        "lat" : 40.7433677458,
        "lon" : -73.9999031058,
        "time" : "20151030T171522-0400"
      }, {
        "lat" : 40.7436461618,
        "lon" : -73.9996768219,
        "time" : "20151030T171552-0400"
      }, {
        "lat" : 40.7438015218,
        "lon" : -73.9995619325,
        "time" : "20151030T171612-0400"
      }, {
        "lat" : 40.7438216297,
        "lon" : -73.9995113444,
        "time" : "20151030T171639-0400"
      }, {
        "lat" : 40.7438334671,
        "lon" : -73.9994967012,
        "time" : "20151030T171658-0400"
      }, {
        "lat" : 40.7438255971,
        "lon" : -73.9995053245,
        "time" : "20151030T171719-0400"
      }, {
        "lat" : 40.7438798422,
        "lon" : -73.9992595834,
        "time" : "20151030T171746-0400"
      }, {
        "lat" : 40.7438814562,
        "lon" : -73.9991651521,
        "time" : "20151030T171806-0400"
      }, {
        "lat" : 40.743863198,
        "lon" : -73.9992593519,
        "time" : "20151030T171832-0400"
      }, {
        "lat" : 40.7439266072,
        "lon" : -73.9993986684,
        "time" : "20151030T171906-0400"
      }, {
        "lat" : 40.7439852381,
        "lon" : -73.9994014051,
        "time" : "20151030T171926-0400"
      }, {
        "lat" : 40.7440564905,
        "lon" : -73.9993954555,
        "time" : "20151030T171945-0400"
      }, {
        "lat" : 40.744338854,
        "lon" : -73.9991781483,
        "time" : "20151030T172006-0400"
      }, {
        "lat" : 40.7446251667,
        "lon" : -73.9989958879,
        "time" : "20151030T172026-0400"
      }, {
        "lat" : 40.7447914142,
        "lon" : -73.9989055968,
        "time" : "20151030T172046-0400"
      }, {
        "lat" : 40.7449211527,
        "lon" : -73.998939429,
        "time" : "20151030T172104-0400"
      }, {
        "lat" : 40.7451347316,
        "lon" : -73.9989268528,
        "time" : "20151030T172129-0400"
      }, {
        "lat" : 40.7453221642,
        "lon" : -73.9985517261,
        "time" : "20151030T172154-0400"
      }, {
        "lat" : 40.7454207036,
        "lon" : -73.9983510271,
        "time" : "20151030T172212-0400"
      }, {
        "lat" : 40.7456289001,
        "lon" : -73.9982254982,
        "time" : "20151030T172232-0400"
      }, {
        "lat" : 40.7458379528,
        "lon" : -73.9980738065,
        "time" : "20151030T172252-0400"
      }, {
        "lat" : 40.7460780374,
        "lon" : -73.9978945082,
        "time" : "20151030T172312-0400"
      }, {
        "lat" : 40.7463433655,
        "lon" : -73.9975484017,
        "time" : "20151030T172339-0400"
      }, {
        "lat" : 40.7463848669,
        "lon" : -73.9971591528,
        "time" : "20151030T172359-0400"
      }, {
        "lat" : 40.7462804029,
        "lon" : -73.9967802181,
        "time" : "20151030T172419-0400"
      }, {
        "lat" : 40.7461397972,
        "lon" : -73.9964352621,
        "time" : "20151030T172439-0400"
      }, {
        "lat" : 40.7459786977,
        "lon" : -73.9960541918,
        "time" : "20151030T172500-0400"
      }, {
        "lat" : 40.7457199223,
        "lon" : -73.9954636576,
        "time" : "20151030T172527-0400"
      }, {
        "lat" : 40.745516378,
        "lon" : -73.9950946984,
        "time" : "20151030T172548-0400"
      }, {
        "lat" : 40.7452979622,
        "lon" : -73.9948525919,
        "time" : "20151030T172608-0400"
      }, {
        "lat" : 40.7452405154,
        "lon" : -73.9947537198,
        "time" : "20151030T172628-0400"
      }, {
        "lat" : 40.7452063351,
        "lon" : -73.9945604635,
        "time" : "20151030T172648-0400"
      }, {
        "lat" : 40.7451350794,
        "lon" : -73.9940978946,
        "time" : "20151030T172708-0400"
      }, {
        "lat" : 40.7450504905,
        "lon" : -73.9937912449,
        "time" : "20151030T172728-0400"
      }, {
        "lat" : 40.7449712573,
        "lon" : -73.9935853734,
        "time" : "20151030T172746-0400"
      }, {
        "lat" : 40.7448774852,
        "lon" : -73.9933573856,
        "time" : "20151030T172806-0400"
      }, {
        "lat" : 40.7447439531,
        "lon" : -73.9930560044,
        "time" : "20151030T172826-0400"
      }, {
        "lat" : 40.7446035484,
        "lon" : -73.9926918164,
        "time" : "20151030T172847-0400"
      }, {
        "lat" : 40.7445425116,
        "lon" : -73.9924587937,
        "time" : "20151030T172904-0400"
      }, {
        "lat" : 40.7444384855,
        "lon" : -73.9923526003,
        "time" : "20151030T172924-0400"
      }, {
        "lat" : 40.7443837878,
        "lon" : -73.9922948934,
        "time" : "20151030T172945-0400"
      }, {
        "lat" : 40.7443536969,
        "lon" : -73.9921842052,
        "time" : "20151030T173005-0400"
      }, {
        "lat" : 40.7443378899,
        "lon" : -73.992139685,
        "time" : "20151030T173031-0400"
      }, {
        "lat" : 40.7443261798,
        "lon" : -73.9920932779,
        "time" : "20151030T173103-0400"
      }, {
        "lat" : 40.7443186361,
        "lon" : -73.9920383995,
        "time" : "20151030T173122-0400"
      }, {
        "lat" : 40.7443225274,
        "lon" : -73.9920674897,
        "time" : "20151030T173141-0400"
      }, {
        "lat" : 40.7443293026,
        "lon" : -73.9920839925,
        "time" : "20151030T173201-0400"
      }, {
        "lat" : 40.7443391609,
        "lon" : -73.9921509959,
        "time" : "20151030T173220-0400"
      }, {
        "lat" : 40.7443482548,
        "lon" : -73.9921837185,
        "time" : "20151030T173235-0400"
      }, {
        "lat" : 40.7443641701,
        "lon" : -73.992239303,
        "time" : "20151030T173251-0400"
      }, {
        "lat" : 40.7444338112,
        "lon" : -73.9923996938,
        "time" : "20151030T173311-0400"
      }, {
        "lat" : 40.7444491449,
        "lon" : -73.9924360762,
        "time" : "20151030T173331-0400"
      }, {
        "lat" : 40.7444620248,
        "lon" : -73.9924679147,
        "time" : "20151030T173351-0400"
      }, {
        "lat" : 40.7444769341,
        "lon" : -73.9925047518,
        "time" : "20151030T173410-0400"
      }, {
        "lat" : 40.7444733093,
        "lon" : -73.9925064841,
        "time" : "20151030T173430-0400"
      }, {
        "lat" : 40.7445111156,
        "lon" : -73.9926016667,
        "time" : "20151030T173457-0400"
      }, {
        "lat" : 40.7446832227,
        "lon" : -73.9929578383,
        "time" : "20151030T173517-0400"
      }, {
        "lat" : 40.7449064596,
        "lon" : -73.9934478421,
        "time" : "20151030T173547-0400"
      }, {
        "lat" : 40.7450342569,
        "lon" : -73.9937655975,
        "time" : "20151030T173608-0400"
      }, {
        "lat" : 40.7451352724,
        "lon" : -73.9940685678,
        "time" : "20151030T173628-0400"
      }, {
        "lat" : 40.7451408721,
        "lon" : -73.9942757793,
        "time" : "20151030T173647-0400"
      }, {
        "lat" : 40.7451487907,
        "lon" : -73.9945813319,
        "time" : "20151030T173705-0400"
      }, {
        "lat" : 40.7450738477,
        "lon" : -73.994854454,
        "time" : "20151030T173725-0400"
      }, {
        "lat" : 40.7448155593,
        "lon" : -73.9951184417,
        "time" : "20151030T173752-0400"
      }, {
        "lat" : 40.7445817989,
        "lon" : -73.9953343712,
        "time" : "20151030T173811-0400"
      }, {
        "lat" : 40.7443481171,
        "lon" : -73.9955023248,
        "time" : "20151030T173831-0400"
      }, {
        "lat" : 40.7441897541,
        "lon" : -73.9955941984,
        "time" : "20151030T173904-0400"
      }, {
        "lat" : 40.7441493919,
        "lon" : -73.9956319092,
        "time" : "20151030T173924-0400"
      }, {
        "lat" : 40.7440688703,
        "lon" : -73.9957808892,
        "time" : "20151030T173952-0400"
      }, {
        "lat" : 40.7438858457,
        "lon" : -73.9959699718,
        "time" : "20151030T174011-0400"
      }, {
        "lat" : 40.7436375442,
        "lon" : -73.9961497648,
        "time" : "20151030T174027-0400"
      }, {
        "lat" : 40.7431562594,
        "lon" : -73.9963867137,
        "time" : "20151030T174052-0400"
      }, {
        "lat" : 40.7427986895,
        "lon" : -73.996584023,
        "time" : "20151030T174119-0400"
      }, {
        "lat" : 40.7424331896,
        "lon" : -73.9968499285,
        "time" : "20151030T174147-0400"
      }, {
        "lat" : 40.7421452475,
        "lon" : -73.9970895929,
        "time" : "20151030T174207-0400"
      }, {
        "lat" : 40.7418322553,
        "lon" : -73.99732489,
        "time" : "20151030T174227-0400"
      }, {
        "lat" : 40.7415722854,
        "lon" : -73.9975174542,
        "time" : "20151030T174247-0400"
      }, {
        "lat" : 40.7413243616,
        "lon" : -73.9976607919,
        "time" : "20151030T174307-0400"
      }, {
        "lat" : 40.7411350508,
        "lon" : -73.9977737938,
        "time" : "20151030T174325-0400"
      }, {
        "lat" : 40.7409720315,
        "lon" : -73.9978293629,
        "time" : "20151030T174345-0400"
      }, {
        "lat" : 40.7406791576,
        "lon" : -73.9979970826,
        "time" : "20151030T174404-0400"
      }, {
        "lat" : 40.7405231932,
        "lon" : -73.9982190687,
        "time" : "20151030T174425-0400"
      }, {
        "lat" : 40.74028057,
        "lon" : -73.9984591321,
        "time" : "20151030T174445-0400"
      }, {
        "lat" : 40.7398689201,
        "lon" : -73.9988298038,
        "time" : "20151030T174519-0400"
      }, {
        "lat" : 40.739566186,
        "lon" : -73.9990070838,
        "time" : "20151030T174539-0400"
      }, {
        "lat" : 40.7393236074,
        "lon" : -73.9992077925,
        "time" : "20151030T174600-0400"
      }, {
        "lat" : 40.7391834348,
        "lon" : -73.9999108065,
        "time" : "20151030T174633-0400"
      } ]
    } ],
    "lastUpdate" : "20151031T161654Z"
  }, {
    "type" : "place",
    "startTime" : "20151030T174633-0400",
    "endTime" : "20151030T175527-0400",
    "place" : {
      "id" : 230455257,
      "name" : "Home",
      "type" : "home",
      "location" : {
        "lat" : 40.7391834348,
        "lon" : -73.9999108065
      }
    },
    "activities" : [ {
      "activity" : "walking",
      "group" : "walking",
      "manual" : false,
      "startTime" : "20151030T174759-0400",
      "endTime" : "20151030T174859-0400",
      "duration" : 60.0,
      "distance" : 65.0,
      "steps" : 131,
      "trackPoints" : [ ]
    } ],
    "lastUpdate" : "20151031T161654Z"
  }, {
    "type" : "move",
    "startTime" : "20151030T175527-0400",
    "endTime" : "20151030T181406-0400",
    "activities" : [ {
      "activity" : "walking",
      "group" : "walking",
      "manual" : false,
      "startTime" : "20151030T175527-0400",
      "endTime" : "20151030T181407-0400",
      "duration" : 1120.0,
      "distance" : 1120.0,
      "steps" : 1672,
      "trackPoints" : [ {
        "lat" : 40.7391834348,
        "lon" : -73.9999108065,
        "time" : "20151030T175527-0400"
      }, {
        "lat" : 40.7390737047,
        "lon" : -73.9994787606,
        "time" : "20151030T175547-0400"
      }, {
        "lat" : 40.7390668502,
        "lon" : -73.9994599884,
        "time" : "20151030T175607-0400"
      }, {
        "lat" : 40.7390641427,
        "lon" : -73.9994756717,
        "time" : "20151030T175627-0400"
      }, {
        "lat" : 40.7390870454,
        "lon" : -73.9995242984,
        "time" : "20151030T175647-0400"
      }, {
        "lat" : 40.7390932278,
        "lon" : -73.9994491356,
        "time" : "20151030T175707-0400"
      }, {
        "lat" : 40.7391143215,
        "lon" : -73.9994200838,
        "time" : "20151030T175726-0400"
      }, {
        "lat" : 40.7391143777,
        "lon" : -73.9993684096,
        "time" : "20151030T175752-0400"
      }, {
        "lat" : 40.7391223156,
        "lon" : -73.9992530397,
        "time" : "20151030T175813-0400"
      }, {
        "lat" : 40.7389988642,
        "lon" : -73.9990951464,
        "time" : "20151030T175832-0400"
      }, {
        "lat" : 40.7387355326,
        "lon" : -73.9992446859,
        "time" : "20151030T175849-0400"
      }, {
        "lat" : 40.7386023604,
        "lon" : -73.9995517055,
        "time" : "20151030T175908-0400"
      }, {
        "lat" : 40.7385009646,
        "lon" : -73.9995646113,
        "time" : "20151030T175928-0400"
      }, {
        "lat" : 40.7384013242,
        "lon" : -73.9991813487,
        "time" : "20151030T175950-0400"
      }, {
        "lat" : 40.7383192537,
        "lon" : -73.9989841487,
        "time" : "20151030T175959-0400"
      }, {
        "lat" : 40.738319167,
        "lon" : -73.9989839403,
        "time" : "20151030T180000-0400"
      }, {
        "lat" : 40.7382252572,
        "lon" : -73.9987582929,
        "time" : "20151030T180010-0400"
      }, {
        "lat" : 40.7379701438,
        "lon" : -73.9981726729,
        "time" : "20151030T180037-0400"
      }, {
        "lat" : 40.7377392452,
        "lon" : -73.997625814,
        "time" : "20151030T180111-0400"
      }, {
        "lat" : 40.737602008,
        "lon" : -73.997328084,
        "time" : "20151030T180131-0400"
      }, {
        "lat" : 40.7374616054,
        "lon" : -73.9970754942,
        "time" : "20151030T180151-0400"
      }, {
        "lat" : 40.7373209695,
        "lon" : -73.9968797516,
        "time" : "20151030T180209-0400"
      }, {
        "lat" : 40.7372520244,
        "lon" : -73.9966906811,
        "time" : "20151030T180228-0400"
      }, {
        "lat" : 40.7368974727,
        "lon" : -73.9964791141,
        "time" : "20151030T180254-0400"
      }, {
        "lat" : 40.7369509232,
        "lon" : -73.9961287439,
        "time" : "20151030T180312-0400"
      }, {
        "lat" : 40.7368802605,
        "lon" : -73.9956963216,
        "time" : "20151030T180331-0400"
      }, {
        "lat" : 40.7367694576,
        "lon" : -73.9953295825,
        "time" : "20151030T180352-0400"
      }, {
        "lat" : 40.7365927871,
        "lon" : -73.9948638049,
        "time" : "20151030T180418-0400"
      }, {
        "lat" : 40.7363125846,
        "lon" : -73.9941726933,
        "time" : "20151030T180452-0400"
      }, {
        "lat" : 40.7361374833,
        "lon" : -73.9938022373,
        "time" : "20151030T180518-0400"
      }, {
        "lat" : 40.7361126287,
        "lon" : -73.9938022963,
        "time" : "20151030T180538-0400"
      }, {
        "lat" : 40.7361779141,
        "lon" : -73.993939221,
        "time" : "20151030T180558-0400"
      }, {
        "lat" : 40.7362573557,
        "lon" : -73.9940745095,
        "time" : "20151030T180619-0400"
      }, {
        "lat" : 40.7362762214,
        "lon" : -73.9941049256,
        "time" : "20151030T180635-0400"
      }, {
        "lat" : 40.736218077,
        "lon" : -73.9939843944,
        "time" : "20151030T180709-0400"
      }, {
        "lat" : 40.7361441274,
        "lon" : -73.9937859681,
        "time" : "20151030T180729-0400"
      }, {
        "lat" : 40.7360619193,
        "lon" : -73.9935444741,
        "time" : "20151030T180751-0400"
      }, {
        "lat" : 40.7359538735,
        "lon" : -73.9933736419,
        "time" : "20151030T180811-0400"
      }, {
        "lat" : 40.7358292323,
        "lon" : -73.9931274894,
        "time" : "20151030T180830-0400"
      }, {
        "lat" : 40.7356625022,
        "lon" : -73.9927093399,
        "time" : "20151030T180850-0400"
      }, {
        "lat" : 40.7354839504,
        "lon" : -73.9923262632,
        "time" : "20151030T180911-0400"
      }, {
        "lat" : 40.7353178045,
        "lon" : -73.9921064409,
        "time" : "20151030T180931-0400"
      }, {
        "lat" : 40.7351648605,
        "lon" : -73.9921500245,
        "time" : "20151030T180951-0400"
      }, {
        "lat" : 40.7351300363,
        "lon" : -73.991827377,
        "time" : "20151030T181009-0400"
      }, {
        "lat" : 40.7350740445,
        "lon" : -73.9915648994,
        "time" : "20151030T181034-0400"
      }, {
        "lat" : 40.7350521177,
        "lon" : -73.9914056676,
        "time" : "20151030T181055-0400"
      }, {
        "lat" : 40.7350458736,
        "lon" : -73.9913423451,
        "time" : "20151030T181115-0400"
      }, {
        "lat" : 40.7350583165,
        "lon" : -73.9912781907,
        "time" : "20151030T181135-0400"
      }, {
        "lat" : 40.7350749893,
        "lon" : -73.9912174088,
        "time" : "20151030T181155-0400"
      }, {
        "lat" : 40.7350742119,
        "lon" : -73.9911983707,
        "time" : "20151030T181214-0400"
      }, {
        "lat" : 40.7350744156,
        "lon" : -73.9912093013,
        "time" : "20151030T181234-0400"
      }, {
        "lat" : 40.7350641207,
        "lon" : -73.9912397825,
        "time" : "20151030T181308-0400"
      }, {
        "lat" : 40.7350636772,
        "lon" : -73.9912464398,
        "time" : "20151030T181328-0400"
      }, {
        "lat" : 40.7350596242,
        "lon" : -73.9912682125,
        "time" : "20151030T181347-0400"
      }, {
        "lat" : 40.7352262486,
        "lon" : -73.9911603928,
        "time" : "20151030T181406-0400"
      } ]
    } ],
    "lastUpdate" : "20151031T161654Z"
  }, {
    "type" : "place",
    "startTime" : "20151030T181406-0400",
    "endTime" : "20151030T184406-0400",
    "place" : {
      "id" : 230455145,
      "name" : "Burlington Coat Factory",
      "type" : "foursquare",
      "foursquareId" : "505a0a7ee4b0fbd8289d86fc",
      "foursquareCategoryIds" : [ "4bf58dd8d48988d103951735" ],
      "location" : {
        "lat" : 40.73522624860998,
        "lon" : -73.99116039276123
      }
    },
    "activities" : [ {
      "activity" : "walking",
      "group" : "walking",
      "manual" : false,
      "startTime" : "20151030T182201-0400",
      "endTime" : "20151030T182331-0400",
      "duration" : 90.0,
      "distance" : 80.0,
      "steps" : 161,
      "trackPoints" : [ ]
    } ],
    "lastUpdate" : "20151031T161656Z"
  }, {
    "type" : "move",
    "startTime" : "20151030T184406-0400",
    "endTime" : "20151030T190310-0400",
    "activities" : [ {
      "activity" : "walking",
      "group" : "walking",
      "manual" : false,
      "startTime" : "20151030T184406-0400",
      "endTime" : "20151030T190310-0400",
      "duration" : 1144.0,
      "distance" : 1215.0,
      "steps" : 1684,
      "trackPoints" : [ {
        "lat" : 40.7352262486,
        "lon" : -73.9911603928,
        "time" : "20151030T184406-0400"
      }, {
        "lat" : 40.7351022358,
        "lon" : -73.9913418772,
        "time" : "20151030T184422-0400"
      }, {
        "lat" : 40.7350688037,
        "lon" : -73.9912275178,
        "time" : "20151030T184441-0400"
      }, {
        "lat" : 40.7350664529,
        "lon" : -73.9912556524,
        "time" : "20151030T184501-0400"
      }, {
        "lat" : 40.7350600483,
        "lon" : -73.9913195111,
        "time" : "20151030T184520-0400"
      }, {
        "lat" : 40.7350425157,
        "lon" : -73.9913373797,
        "time" : "20151030T184540-0400"
      }, {
        "lat" : 40.735055249,
        "lon" : -73.9913729454,
        "time" : "20151030T184559-0400"
      }, {
        "lat" : 40.7351211695,
        "lon" : -73.991488708,
        "time" : "20151030T184631-0400"
      }, {
        "lat" : 40.7352057363,
        "lon" : -73.9916941156,
        "time" : "20151030T184657-0400"
      }, {
        "lat" : 40.7354373567,
        "lon" : -73.9920859298,
        "time" : "20151030T184717-0400"
      }, {
        "lat" : 40.7356509285,
        "lon" : -73.9922802822,
        "time" : "20151030T184733-0400"
      }, {
        "lat" : 40.7356862273,
        "lon" : -73.99260894,
        "time" : "20151030T184749-0400"
      }, {
        "lat" : 40.7358550839,
        "lon" : -73.9930444804,
        "time" : "20151030T184809-0400"
      }, {
        "lat" : 40.7360197802,
        "lon" : -73.9934323654,
        "time" : "20151030T184842-0400"
      }, {
        "lat" : 40.736053191,
        "lon" : -73.9935303163,
        "time" : "20151030T184902-0400"
      }, {
        "lat" : 40.7361138508,
        "lon" : -73.9936453307,
        "time" : "20151030T184922-0400"
      }, {
        "lat" : 40.7362991802,
        "lon" : -73.9941046183,
        "time" : "20151030T184955-0400"
      }, {
        "lat" : 40.7365296147,
        "lon" : -73.9945902221,
        "time" : "20151030T185015-0400"
      }, {
        "lat" : 40.7367065111,
        "lon" : -73.9948980777,
        "time" : "20151030T185035-0400"
      }, {
        "lat" : 40.7369230761,
        "lon" : -73.9949635411,
        "time" : "20151030T185055-0400"
      }, {
        "lat" : 40.7369607123,
        "lon" : -73.9951638838,
        "time" : "20151030T185113-0400"
      }, {
        "lat" : 40.7370930703,
        "lon" : -73.9959319552,
        "time" : "20151030T185137-0400"
      }, {
        "lat" : 40.7371918326,
        "lon" : -73.9963871864,
        "time" : "20151030T185158-0400"
      }, {
        "lat" : 40.7372638465,
        "lon" : -73.9966660067,
        "time" : "20151030T185225-0400"
      }, {
        "lat" : 40.7372826183,
        "lon" : -73.9968819598,
        "time" : "20151030T185251-0400"
      }, {
        "lat" : 40.7373908508,
        "lon" : -73.9968579206,
        "time" : "20151030T185311-0400"
      }, {
        "lat" : 40.7375226898,
        "lon" : -73.9967635548,
        "time" : "20151030T185331-0400"
      }, {
        "lat" : 40.7376953764,
        "lon" : -73.9966038066,
        "time" : "20151030T185357-0400"
      }, {
        "lat" : 40.7377442982,
        "lon" : -73.9965436716,
        "time" : "20151030T185417-0400"
      }, {
        "lat" : 40.7377655357,
        "lon" : -73.9965188397,
        "time" : "20151030T185437-0400"
      }, {
        "lat" : 40.7378045435,
        "lon" : -73.9964680717,
        "time" : "20151030T185456-0400"
      }, {
        "lat" : 40.7380576437,
        "lon" : -73.9963837769,
        "time" : "20151030T185519-0400"
      }, {
        "lat" : 40.7382814933,
        "lon" : -73.996849374,
        "time" : "20151030T185541-0400"
      }, {
        "lat" : 40.7385161141,
        "lon" : -73.9974336378,
        "time" : "20151030T185611-0400"
      }, {
        "lat" : 40.7386795513,
        "lon" : -73.9978572009,
        "time" : "20151030T185632-0400"
      }, {
        "lat" : 40.73883226,
        "lon" : -73.9982765432,
        "time" : "20151030T185653-0400"
      }, {
        "lat" : 40.7389617248,
        "lon" : -73.9986911668,
        "time" : "20151030T185713-0400"
      }, {
        "lat" : 40.7390010244,
        "lon" : -73.9990880592,
        "time" : "20151030T185734-0400"
      }, {
        "lat" : 40.7388727691,
        "lon" : -73.9993762886,
        "time" : "20151030T185754-0400"
      }, {
        "lat" : 40.7387284365,
        "lon" : -73.9995093714,
        "time" : "20151030T185814-0400"
      }, {
        "lat" : 40.7385436244,
        "lon" : -73.9995082493,
        "time" : "20151030T185835-0400"
      }, {
        "lat" : 40.7385131525,
        "lon" : -73.9994501443,
        "time" : "20151030T185855-0400"
      }, {
        "lat" : 40.7385832825,
        "lon" : -73.9995220797,
        "time" : "20151030T185915-0400"
      }, {
        "lat" : 40.7386806602,
        "lon" : -73.9995582916,
        "time" : "20151030T185935-0400"
      }, {
        "lat" : 40.7387949521,
        "lon" : -73.999492773,
        "time" : "20151030T185959-0400"
      }, {
        "lat" : 40.7387949984,
        "lon" : -73.9994927464,
        "time" : "20151030T190000-0400"
      }, {
        "lat" : 40.738838545,
        "lon" : -73.999467783,
        "time" : "20151030T190009-0400"
      }, {
        "lat" : 40.7389875319,
        "lon" : -73.9993768289,
        "time" : "20151030T190029-0400"
      }, {
        "lat" : 40.7391811036,
        "lon" : -73.9993084879,
        "time" : "20151030T190056-0400"
      }, {
        "lat" : 40.7391677057,
        "lon" : -73.9994792583,
        "time" : "20151030T190129-0400"
      }, {
        "lat" : 40.7390998206,
        "lon" : -73.9995796772,
        "time" : "20151030T190150-0400"
      }, {
        "lat" : 40.7390747561,
        "lon" : -73.9996387207,
        "time" : "20151030T190210-0400"
      }, {
        "lat" : 40.7390543559,
        "lon" : -73.9996392162,
        "time" : "20151030T190230-0400"
      }, {
        "lat" : 40.7390703353,
        "lon" : -73.9996623939,
        "time" : "20151030T190250-0400"
      }, {
        "lat" : 40.7391834348,
        "lon" : -73.9999108065,
        "time" : "20151030T190310-0400"
      } ]
    } ],
    "lastUpdate" : "20151031T161656Z"
  }, {
    "type" : "place",
    "startTime" : "20151030T190310-0400",
    "endTime" : "20151031T021833-0400",
    "place" : {
      "id" : 230455257,
      "name" : "Home",
      "type" : "home",
      "location" : {
        "lat" : 40.7391834348,
        "lon" : -73.9999108065
      }
    },
    "activities" : [ {
      "activity" : "walking",
      "group" : "walking",
      "manual" : false,
      "startTime" : "20151030T190409-0400",
      "endTime" : "20151030T190609-0400",
      "duration" : 120.0,
      "distance" : 91.0,
      "steps" : 181,
      "trackPoints" : [ ]
    } ],
    "lastUpdate" : "20151031T211046Z"
  } ],
  "lastUpdate" : "20151105T152209Z"
} ]