[ {
  "date" : "20151102",
  "summary" : [ {
    "activity" : "walking",
    "group" : "walking",
    "duration" : 4643.0,
    "distance" : 4926.0,
    "steps" : 7344
  }, {
    "activity" : "running",
    "group" : "running",
    "duration" : 841.0,
    "distance" : 1893.0,
    "steps" : 2103
  } ],
  "segments" : [ {
    "type" : "place",
    "startTime" : "20151101T203037-0500",
    "endTime" : "20151102T000106-0500",
    "place" : {
      "id" : 230455257,
      "name" : "Home",
      "type" : "home",
      "location" : {
        "lat" : 40.7391834348,
        "lon" : -73.9999108065
      }
    },
    "lastUpdate" : "20151102T160306Z"
  }, {
    "type" : "place",
    "startTime" : "20151102T081359-0500",
    "endTime" : "20151102T085906-0500",
    "place" : {
      "id" : 233405815,
      "type" : "unknown",
      "location" : {
        "lat" : 40.741208814,
        "lon" : -74.0014312226
      }
    },
    "activities" : [ {
      "activity" : "walking",
      "group" : "walking",
      "manual" : false,
      "startTime" : "20151102T081359-0500",
      "endTime" : "20151102T082309-0500",
      "duration" : 550.0,
      "distance" : 883.0,
      "steps" : 1177,
      "trackPoints" : [ ]
    }, {
      "activity" : "running",
      "group" : "running",
      "manual" : false,
      "startTime" : "20151102T081739-0500",
      "endTime" : "20151102T083140-0500",
      "duration" : 841.0,
      "distance" : 1893.0,
      "steps" : 2103,
      "trackPoints" : [ ]
    } ],
    "lastUpdate" : "20151103T143803Z"
  }, {
    "type" : "move",
    "startTime" : "20151102T085906-0500",
    "endTime" : "20151102T090442-0500",
    "activities" : [ {
      "activity" : "walking",
      "group" : "walking",
      "manual" : false,
      "startTime" : "20151102T085906-0500",
      "endTime" : "20151102T090443-0500",
      "duration" : 337.0,
      "distance" : 484.0,
      "steps" : 738,
      "trackPoints" : [ {
        "lat" : 40.7412186206,
        "lon" : -74.0014792254,
        "time" : "20151102T085906-0500"
      }, {
        "lat" : 40.7411308137,
        "lon" : -74.0016718247,
        "time" : "20151102T085926-0500"
      }, {
        "lat" : 40.7411402082,
        "lon" : -74.001642365,
        "time" : "20151102T085946-0500"
      }, {
        "lat" : 40.7411588029,
        "lon" : -74.0015944506,
        "time" : "20151102T085959-0500"
      }, {
        "lat" : 40.7411588168,
        "lon" : -74.0015944148,
        "time" : "20151102T090000-0500"
      }, {
        "lat" : 40.7411775427,
        "lon" : -74.0015461626,
        "time" : "20151102T090013-0500"
      }, {
        "lat" : 40.7411255769,
        "lon" : -74.0015586255,
        "time" : "20151102T090033-0500"
      }, {
        "lat" : 40.7411107561,
        "lon" : -74.0018378846,
        "time" : "20151102T090050-0500"
      }, {
        "lat" : 40.7409388038,
        "lon" : -74.0020830273,
        "time" : "20151102T090106-0500"
      }, {
        "lat" : 40.740591919,
        "lon" : -74.0021563885,
        "time" : "20151102T090124-0500"
      }, {
        "lat" : 40.7403737367,
        "lon" : -74.0018114176,
        "time" : "20151102T090140-0500"
      }, {
        "lat" : 40.7402032026,
        "lon" : -74.0014264332,
        "time" : "20151102T090202-0500"
      }, {
        "lat" : 40.7400566686,
        "lon" : -74.0010598595,
        "time" : "20151102T090223-0500"
      }, {
        "lat" : 40.739915555,
        "lon" : -74.0007288777,
        "time" : "20151102T090243-0500"
      }, {
        "lat" : 40.7397661059,
        "lon" : -74.0003683023,
        "time" : "20151102T090304-0500"
      }, {
        "lat" : 40.7394918397,
        "lon" : -73.9997983489,
        "time" : "20151102T090341-0500"
      }, {
        "lat" : 40.7393175713,
        "lon" : -73.9995182835,
        "time" : "20151102T090402-0500"
      }, {
        "lat" : 40.7391930122,
        "lon" : -73.999480592,
        "time" : "20151102T090422-0500"
      }, {
        "lat" : 40.7391834348,
        "lon" : -73.9999108065,
        "time" : "20151102T090442-0500"
      } ]
    } ],
    "lastUpdate" : "20151102T160306Z"
  }, {
    "type" : "place",
    "startTime" : "20151102T090442-0500",
    "endTime" : "20151102T101445-0500",
    "place" : {
      "id" : 230455257,
      "name" : "Home",
      "type" : "home",
      "location" : {
        "lat" : 40.7391834348,
        "lon" : -73.9999108065
      }
    },
    "activities" : [ {
      "activity" : "walking",
      "group" : "walking",
      "manual" : false,
      "startTime" : "20151102T100949-0500",
      "endTime" : "20151102T101019-0500",
      "duration" : 30.0,
      "distance" : 35.0,
      "steps" : 70,
      "trackPoints" : [ ]
    } ],
    "lastUpdate" : "20151102T160306Z"
  }, {
    "type" : "move",
    "startTime" : "20151102T101445-0500",
    "endTime" : "20151102T102356-0500",
    "activities" : [ {
      "activity" : "walking",
      "group" : "walking",
      "manual" : false,
      "startTime" : "20151102T101445-0500",
      "endTime" : "20151102T102356-0500",
      "duration" : 551.0,
      "distance" : 513.0,
      "steps" : 1026,
      "trackPoints" : [ {
        "lat" : 40.7391834348,
        "lon" : -73.9999108065,
        "time" : "20151102T101445-0500"
      }, {
        "lat" : 40.739201197,
        "lon" : -73.9995731071,
        "time" : "20151102T101509-0500"
      }, {
        "lat" : 40.7391722941,
        "lon" : -73.9995184461,
        "time" : "20151102T101531-0500"
      }, {
        "lat" : 40.7392403681,
        "lon" : -73.9995087652,
        "time" : "20151102T101550-0500"
      }, {
        "lat" : 40.7394860513,
        "lon" : -73.9997864853,
        "time" : "20151102T101612-0500"
      }, {
        "lat" : 40.7397220773,
        "lon" : -74.000225679,
        "time" : "20151102T101640-0500"
      }, {
        "lat" : 40.7399087748,
        "lon" : -74.0005320131,
        "time" : "20151102T101701-0500"
      }, {
        "lat" : 40.7401253772,
        "lon" : -74.0006863092,
        "time" : "20151102T101720-0500"
      }, {
        "lat" : 40.7401854805,
        "lon" : -74.0010956991,
        "time" : "20151102T101743-0500"
      }, {
        "lat" : 40.7402733705,
        "lon" : -74.0015296764,
        "time" : "20151102T101806-0500"
      }, {
        "lat" : 40.7403883183,
        "lon" : -74.001827856,
        "time" : "20151102T101826-0500"
      }, {
        "lat" : 40.740516463,
        "lon" : -74.0019386288,
        "time" : "20151102T101847-0500"
      }, {
        "lat" : 40.7407522931,
        "lon" : -74.0018464054,
        "time" : "20151102T101910-0500"
      }, {
        "lat" : 40.7409434025,
        "lon" : -74.0017641904,
        "time" : "20151102T101931-0500"
      }, {
        "lat" : 40.7410308831,
        "lon" : -74.0017970457,
        "time" : "20151102T101951-0500"
      }, {
        "lat" : 40.7410778143,
        "lon" : -74.0018261159,
        "time" : "20151102T102011-0500"
      }, {
        "lat" : 40.7410775093,
        "lon" : -74.0018031925,
        "time" : "20151102T102031-0500"
      }, {
        "lat" : 40.7410804025,
        "lon" : -74.0017788484,
        "time" : "20151102T102052-0500"
      }, {
        "lat" : 40.7411135474,
        "lon" : -74.0018136976,
        "time" : "20151102T102121-0500"
      }, {
        "lat" : 40.7411606298,
        "lon" : -74.00186403,
        "time" : "20151102T102137-0500"
      }, {
        "lat" : 40.7411932293,
        "lon" : -74.0019022681,
        "time" : "20151102T102159-0500"
      }, {
        "lat" : 40.7411830409,
        "lon" : -74.0018891824,
        "time" : "20151102T102221-0500"
      }, {
        "lat" : 40.7411695287,
        "lon" : -74.0018807962,
        "time" : "20151102T102243-0500"
      }, {
        "lat" : 40.7411557068,
        "lon" : -74.001862724,
        "time" : "20151102T102305-0500"
      }, {
        "lat" : 40.7411666474,
        "lon" : -74.0018663957,
        "time" : "20151102T102335-0500"
      }, {
        "lat" : 40.7412186206,
        "lon" : -74.0014792254,
        "time" : "20151102T102356-0500"
      } ]
    } ],
    "lastUpdate" : "20151102T160306Z"
  }, {
    "type" : "place",
    "startTime" : "20151102T102356-0500",
    "endTime" : "20151102T234144-0500",
    "place" : {
      "id" : 230084909,
      "name" : "Cornell Tech",
      "type" : "foursquare",
      "foursquareId" : "4fdf4038e4b044d93c4fae68",
      "foursquareCategoryIds" : [ "4bf58dd8d48988d1ae941735" ],
      "location" : {
        "lat" : 40.74090046467149,
        "lon" : -74.00221109390259
      }
    },
    "activities" : [ {
      "activity" : "walking",
      "group" : "walking",
      "manual" : false,
      "startTime" : "20151102T102550-0500",
      "endTime" : "20151102T102620-0500",
      "duration" : 30.0,
      "distance" : 25.0,
      "steps" : 50,
      "trackPoints" : [ ]
    }, {
      "activity" : "walking",
      "group" : "walking",
      "manual" : false,
      "startTime" : "20151102T110033-0500",
      "endTime" : "20151102T110103-0500",
      "duration" : 30.0,
      "distance" : 30.0,
      "steps" : 60,
      "trackPoints" : [ ]
    }, {
      "activity" : "walking",
      "group" : "walking",
      "manual" : false,
      "startTime" : "20151102T120313-0500",
      "endTime" : "20151102T120713-0500",
      "duration" : 240.0,
      "distance" : 317.0,
      "steps" : 423,
      "trackPoints" : [ ]
    }, {
      "activity" : "walking",
      "group" : "walking",
      "manual" : false,
      "startTime" : "20151102T131309-0500",
      "endTime" : "20151102T131439-0500",
      "duration" : 90.0,
      "distance" : 75.0,
      "steps" : 151,
      "trackPoints" : [ ]
    }, {
      "activity" : "walking",
      "group" : "walking",
      "manual" : false,
      "startTime" : "20151102T140453-0500",
      "endTime" : "20151102T141224-0500",
      "duration" : 451.0,
      "distance" : 514.0,
      "steps" : 685,
      "trackPoints" : [ ]
    }, {
      "activity" : "walking",
      "group" : "walking",
      "manual" : false,
      "startTime" : "20151102T154435-0500",
      "endTime" : "20151102T155205-0500",
      "duration" : 450.0,
      "distance" : 377.0,
      "steps" : 503,
      "trackPoints" : [ ]
    }, {
      "activity" : "walking",
      "group" : "walking",
      "manual" : false,
      "startTime" : "20151102T162907-0500",
      "endTime" : "20151102T163109-0500",
      "duration" : 122.0,
      "distance" : 122.0,
      "steps" : 163,
      "trackPoints" : [ ]
    }, {
      "activity" : "walking",
      "group" : "walking",
      "manual" : false,
      "startTime" : "20151102T173849-0500",
      "endTime" : "20151102T174249-0500",
      "duration" : 240.0,
      "distance" : 332.0,
      "steps" : 442,
      "trackPoints" : [ ]
    }, {
      "activity" : "walking",
      "group" : "walking",
      "manual" : false,
      "startTime" : "20151102T180050-0500",
      "endTime" : "20151102T180538-0500",
      "duration" : 288.0,
      "distance" : 273.0,
      "steps" : 364,
      "trackPoints" : [ ]
    }, {
      "activity" : "walking",
      "group" : "walking",
      "manual" : false,
      "startTime" : "20151102T201846-0500",
      "endTime" : "20151102T202748-0500",
      "duration" : 542.0,
      "distance" : 506.0,
      "steps" : 675,
      "trackPoints" : [ ]
    }, {
      "activity" : "walking",
      "group" : "walking",
      "manual" : false,
      "startTime" : "20151102T231838-0500",
      "endTime" : "20151102T231908-0500",
      "duration" : 30.0,
      "distance" : 20.0,
      "steps" : 40,
      "trackPoints" : [ ]
    } ],
    "lastUpdate" : "20151105T152209Z"
  }, {
    "type" : "move",
    "startTime" : "20151102T234144-0500",
    "endTime" : "20151102T235247-0500",
    "activities" : [ {
      "activity" : "walking",
      "group" : "walking",
      "manual" : false,
      "startTime" : "20151102T234144-0500",
      "endTime" : "20151102T235246-0500",
      "duration" : 662.0,
      "distance" : 420.0,
      "steps" : 777,
      "trackPoints" : [ {
        "lat" : 40.7409004647,
        "lon" : -74.0022110939,
        "time" : "20151102T234144-0500"
      }, {
        "lat" : 40.741078149,
        "lon" : -74.0019135446,
        "time" : "20151102T234240-0500"
      }, {
        "lat" : 40.7410709479,
        "lon" : -74.0019100403,
        "time" : "20151102T234300-0500"
      }, {
        "lat" : 40.7410430256,
        "lon" : -74.0018860732,
        "time" : "20151102T234432-0500"
      }, {
        "lat" : 40.7410679606,
        "lon" : -74.0018731984,
        "time" : "20151102T234512-0500"
      }, {
        "lat" : 40.7410392593,
        "lon" : -74.0018647669,
        "time" : "20151102T234530-0500"
      }, {
        "lat" : 40.740984308,
        "lon" : -74.0018598799,
        "time" : "20151102T234549-0500"
      }, {
        "lat" : 40.7407894153,
        "lon" : -74.0018597792,
        "time" : "20151102T234612-0500"
      }, {
        "lat" : 40.7407172803,
        "lon" : -74.0018461103,
        "time" : "20151102T234635-0500"
      }, {
        "lat" : 40.7406548946,
        "lon" : -74.0018222966,
        "time" : "20151102T234710-0500"
      }, {
        "lat" : 40.7404636424,
        "lon" : -74.0017537228,
        "time" : "20151102T234744-0500"
      }, {
        "lat" : 40.7403126793,
        "lon" : -74.0016000809,
        "time" : "20151102T234804-0500"
      }, {
        "lat" : 40.7402083632,
        "lon" : -74.0013537983,
        "time" : "20151102T234829-0500"
      }, {
        "lat" : 40.7400785167,
        "lon" : -74.0011782638,
        "time" : "20151102T234852-0500"
      }, {
        "lat" : 40.739929449,
        "lon" : -74.000700138,
        "time" : "20151102T234911-0500"
      }, {
        "lat" : 40.739728263,
        "lon" : -74.0002590553,
        "time" : "20151102T234932-0500"
      }, {
        "lat" : 40.7394640835,
        "lon" : -73.9997050402,
        "time" : "20151102T235000-0500"
      }, {
        "lat" : 40.7393311092,
        "lon" : -73.9994384118,
        "time" : "20151102T235020-0500"
      }, {
        "lat" : 40.7392226383,
        "lon" : -73.9994274597,
        "time" : "20151102T235047-0500"
      }, {
        "lat" : 40.7391403532,
        "lon" : -73.9994914213,
        "time" : "20151102T235106-0500"
      }, {
        "lat" : 40.7390834925,
        "lon" : -73.9996216693,
        "time" : "20151102T235126-0500"
      }, {
        "lat" : 40.7391145984,
        "lon" : -73.9997598086,
        "time" : "20151102T235146-0500"
      }, {
        "lat" : 40.7390927996,
        "lon" : -73.9997484206,
        "time" : "20151102T235206-0500"
      }, {
        "lat" : 40.7391013689,
        "lon" : -73.9997582255,
        "time" : "20151102T235226-0500"
      }, {
        "lat" : 40.7391834348,
        "lon" : -73.9999108065,
        "time" : "20151102T235247-0500"
      } ]
    } ],
    "lastUpdate" : "20151103T140053Z"
  }, {
    "type" : "place",
    "startTime" : "20151102T235247-0500",
    "endTime" : "20151103T074147-0500",
    "place" : {
      "id" : 230455257,
      "name" : "Home",
      "type" : "home",
      "location" : {
        "lat" : 40.7391834348,
        "lon" : -73.9999108065
      }
    },
    "lastUpdate" : "20151103T143742Z"
  } ],
  "lastUpdate" : "20151105T152209Z"
} ]